8.231122459313481785e-03,-1.759050725391701070e-02,9.165807957573721687e-01,-2.281089932480426241e-03,8.276386510219032114e-03,9.534572752582667343e-01,3.014059095507829467e-01,-3.794114775464960121e-02,-1.910023659293873938e-02,3.187697555479705042e-02,2.744714827912866917e-02,-1.266312755902345710e-01,3.790765794549794815e-02,-1.245624496231493711e-01,-9.229344995590779699e-02,-5.054439862300488112e-02,1.955588823566760392e-01,-1.472961817418805275e-01,1.147271539590978273e-01,3.475281454074954923e-02,-8.001607864881341015e-02,2.262403067429763492e-01,-4.437417523936099117e-01,1.220486397749366736e+00,0.000000000000000000e+00,-1.179559194633410246e-01,-2.574457219175199651e-01,5.352607736423923290e-01,1.268641587658401404e+00,0.000000000000000000e+00,0.000000000000000000e+00,0.000000000000000000e+00,0.000000000000000000e+00,0.000000000000000000e+00,0.000000000000000000e+00,0.000000000000000000e+00
9.604239655862387495e-03,-1.979958666940313805e-02,9.161875361401523588e-01,-8.592315190179767442e-03,1.125765451306346213e-02,9.553388379495647564e-01,2.951730713322477939e-01,-7.052557183921553952e-02,-2.535534154675974164e-02,2.030121495263392806e-02,5.273756879917412821e-02,-1.355429906949110197e-01,3.981937978358164598e-02,-1.464958473075547718e-01,-1.008381848743589299e-01,-6.483332691670481984e-02,2.087605861770654991e-01,-1.527842616529553055e-01,1.165446998875240697e-01,1.699173283972514950e-02,-1.214083686694908404e-01,2.015700230284327432e-01,-4.385619195979744145e-01,1.276237879777655015e+00,0.000000000000000000e+00,-1.622077707348567599e-01,-2.441417308082827475e-01,5.397279297449921742e-01,1.315114710017935451e+00,0.000000000000000000e+00,0.000000000000000000e+00,0.000000000000000000e+00,0.000000000000000000e+00,0.000000000000000000e+00,0.000000000000000000e+00,0.000000000000000000e+00
1.091438684805963108e-02,-2.228770873100977684e-02,9.160247154404913550e-01,-1.232618949636042974e-02,1.141363599813526898e-02,9.549007665768759479e-01,2.964495234549998637e-01,-8.923229562921362878e-02,-2.435362942432141645e-02,2.291992730179328447e-02,6.868353960709952521e-02,-1.422883343344418516e-01,4.356015218617338008e-02,-1.576948779050826588e-01,-1.001617271661175979e-01,-6.478249261216494082e-02,2.069482873323433003e-01,-1.470753854584855302e-01,1.191461954656814204e-01,1.454790720052464084e-02,-1.210973264320769210e-01,1.956567523172920431e-01,-4.396434661726359439e-01,1.288415758375281772e+00,0.000000000000000000e+00,-1.719132062537266359e-01,-2.460525138402462342e-01,5.423830489114576103e-01,1.314499669885687894e+00,0.000000000000000000e+00,0.000000000000000000e+00,0.000000000000000000e+00,0.000000000000000000e+00,0.000000000000000000e+00,0.000000000000000000e+00,0.000000000000000000e+00
1.253789959681663423e-02,-2.530178128434103224e-02,9.158664321041052325e-01,-1.625795438730261167e-02,1.143746470451363628e-02,9.541939367517227044e-01,2.985277112539516109e-01,-1.056288712903480503e-01,-2.262681588542501607e-02,2.806342966574671555e-02,7.807129385727475113e-02,-1.457275732712545180e-01,4.755164970780094424e-02,-1.690224509721534596e-01,-9.911665627999716177e-02,-6.476396594552362440e-02,2.027085872256186860e-01,-1.400905054757762558e-01,1.219703265862916025e-01,1.271538565169117417e-02,-1.145560831021856796e-01,1.903946553306447853e-01,-4.359446389334610816e-01,1.295939535257130570e+00,0.000000000000000000e+00,-1.793249467807574715e-01,-2.492203746830083111e-01,5.432850654930143630e-01,1.307634762931910499e+00,0.000000000000000000e+00,0.000000000000000000e+00,0.000000000000000000e+00,0.000000000000000000e+00,0.000000000000000000e+00,0.000000000000000000e+00,0.000000000000000000e+00
1.441256873915200062e-02,-2.883409566238855776e-02,9.156638987637785165e-01,-2.192915272166366669e-02,1.193737375680059033e-02,9.531506682313621859e-01,3.014637872428600485e-01,-1.287860973555763899e-01,-2.009531409181927741e-02,3.629185811828662678e-02,9.165859047909846735e-02,-1.476284444778625526e-01,4.998875233790044115e-02,-1.866183119945406532e-01,-9.777959062124465250e-02,-6.331162359569472708e-02,2.008784318410297698e-01,-1.319690121001523275e-01,1.255328123219583147e-01,1.178361735011198598e-02,-1.104400513486410579e-01,1.846261879522974325e-01,-4.344771527361236396e-01,1.305660187941187989e+00,0.000000000000000000e+00,-1.876068727823044235e-01,-2.538971233343771949e-01,5.459086125187274652e-01,1.297656817985272770e+00,0.000000000000000000e+00,0.000000000000000000e+00,0.000000000000000000e+00,0.000000000000000000e+00,0.000000000000000000e+00,0.000000000000000000e+00,0.000000000000000000e+00
1.647843446907468201e-02,-3.286086041946715414e-02,9.154915760935873337e-01,-2.900408910370080168e-02,1.241284234651168772e-02,9.517075984992900972e-01,3.053806331758111559e-01,-1.542178147722415016e-01,-1.578197710881829030e-02,4.744491221658884983e-02,1.027658562876053172e-01,-1.463497273265278731e-01,5.123487095469286823e-02,-2.069662257839997299e-01,-9.525046707117128253e-02,-6.197944933966414993e-02,1.967646487227042162e-01,-1.212789253986948645e-01,1.294381502366683256e-01,1.187346587120387091e-02,-1.069945261345082582e-01,1.791534947472943895e-01,-4.311488729304844281e-01,1.314455422888580971e+00,0.000000000000000000e+00,-1.972953585799497034e-01,-2.580590332800720144e-01,5.517105631881872307e-01,1.287997227303598669e+00,0.000000000000000000e+00,0.000000000000000000e+00,0.000000000000000000e+00,0.000000000000000000e+00,0.000000000000000000e+00,0.000000000000000000e+00,0.000000000000000000e+00
1.863875574156273127e-02,-3.740986227981313306e-02,9.153481328606702938e-01,-3.862832600972825048e-02,1.299522549799419537e-02,9.502622201487180842e-01,3.087728768884530628e-01,-1.848668943065116810e-01,-1.040797347476504070e-02,5.754569725937420943e-02,1.120027720976288499e-01,-1.428118729865256731e-01,5.298085803061095000e-02,-2.328531787265805952e-01,-9.136507515076283670e-02,-6.043484859577568508e-02,1.927309745142711250e-01,-1.086101855707330283e-01,1.355993635248511076e-01,1.071551183713642490e-02,-1.051862069458124604e-01,1.738013403329705664e-01,-4.314320591635740776e-01,1.323285423987168308e+00,0.000000000000000000e+00,-2.060478147718894093e-01,-2.622921837973974934e-01,5.633814072845476639e-01,1.274692580719054336e+00,0.000000000000000000e+00,0.000000000000000000e+00,0.000000000000000000e+00,0.000000000000000000e+00,0.000000000000000000e+00,0.000000000000000000e+00,0.000000000000000000e+00
2.112502493314882129e-02,-4.248315369870064862e-02,9.153374917302480318e-01,-4.833544304369780803e-02,1.268876390068596552e-02,9.483007013424231690e-01,3.134141988645543497e-01,-2.135123612462643261e-01,-2.550988146672194049e-03,6.815353105843659220e-02,1.169364920283949699e-01,-1.368480657866860128e-01,5.437594534036445382e-02,-2.591227519671737145e-01,-8.554854499395238288e-02,-6.181579104295402416e-02,1.933261909552988767e-01,-1.048162207542998881e-01,1.397387290481187927e-01,1.002745404265751802e-02,-1.042273081763852860e-01,1.700554590312312042e-01,-4.273582215668328410e-01,1.325079889691552326e+00,0.000000000000000000e+00,-2.126146769657245583e-01,-2.608838322836468104e-01,5.701458653215724093e-01,1.257586142988918132e+00,0.000000000000000000e+00,0.000000000000000000e+00,0.000000000000000000e+00,0.000000000000000000e+00,0.000000000000000000e+00,0.000000000000000000e+00,0.000000000000000000e+00
2.392125996764746937e-02,-4.809539435646816713e-02,9.157425199190115661e-01,-5.955267352055888114e-02,1.029236474848297181e-02,9.460492498337459422e-01,3.183368706157746475e-01,-2.465324786764055143e-01,1.050699216835740586e-02,7.400706866658474103e-02,1.257146822164536548e-01,-1.322283103469468757e-01,5.566630592722936893e-02,-2.910277674455273855e-01,-7.524767610543750540e-02,-6.447211418458227705e-02,2.156820282647121112e-01,-1.267498093187543473e-01,1.359485017945413210e-01,1.149796041181485456e-02,-1.082806084848364075e-01,1.713065198908302056e-01,-4.260822767043484505e-01,1.324709069148121365e+00,0.000000000000000000e+00,-2.169808224336125801e-01,-2.537461285329285499e-01,5.765766618079922745e-01,1.240205338662832224e+00,0.000000000000000000e+00,0.000000000000000000e+00,0.000000000000000000e+00,0.000000000000000000e+00,0.000000000000000000e+00,0.000000000000000000e+00,0.000000000000000000e+00
2.727673745668979244e-02,-5.425009240621122414e-02,9.157508959846998309e-01,-6.724751119916799746e-02,8.579606120404335845e-03,9.443685300237996127e-01,3.218264160957335362e-01,-2.734891550207669275e-01,1.807535959217401386e-02,7.443883918340744865e-02,1.332615806161916716e-01,-1.270968151358867482e-01,5.581945227954220046e-02,-3.195116208170879490e-01,-7.097462370753349070e-02,-6.200343359109303926e-02,2.598094434706972322e-01,-1.516316492843527153e-01,1.316812526325455424e-01,1.116342770444351054e-02,-1.114246568386243197e-01,1.720274634329113650e-01,-4.244545831874124153e-01,1.320945953691299968e+00,0.000000000000000000e+00,-2.185662276259190129e-01,-2.518446368471458086e-01,5.792895169396382604e-01,1.224357207526576063e+00,0.000000000000000000e+00,0.000000000000000000e+00,0.000000000000000000e+00,0.000000000000000000e+00,0.000000000000000000e+00,0.000000000000000000e+00,0.000000000000000000e+00
3.113897447766377641e-02,-6.090610865986380990e-02,9.152971327595638140e-01,-7.237265249333263428e-02,8.532632460242786654e-03,9.432803485323917325e-01,3.239005671915180518e-01,-2.918321337760747536e-01,1.911504419745617758e-02,7.463035799451418761e-02,1.297803838923628494e-01,-1.192744599493182206e-01,5.392626620650083774e-02,-3.401333022501352721e-01,-7.895688044328581789e-02,-6.448776653124922709e-02,3.206505264220819162e-01,-1.722603978445263195e-01,1.282303999804788042e-01,9.816282075548597719e-03,-1.144368265384994587e-01,1.700439961397176292e-01,-4.201969748197166288e-01,1.314891452140173111e+00,0.000000000000000000e+00,-2.195685497096701300e-01,-2.528035769165013491e-01,5.767937918066153857e-01,1.219305434697546930e+00,0.000000000000000000e+00,0.000000000000000000e+00,0.000000000000000000e+00,0.000000000000000000e+00,0.000000000000000000e+00,0.000000000000000000e+00,0.000000000000000000e+00
3.531532752168402289e-02,-6.825871145218828651e-02,9.146684757561609480e-01,-7.639558502756982339e-02,8.811511968425876987e-03,9.416340748501909053e-01,3.277366945066583215e-01,-3.074824018146178894e-01,1.990989283215514188e-02,8.072045889380594086e-02,1.246097170300314166e-01,-1.112832076636511847e-01,5.407060789124931710e-02,-3.592113639841897355e-01,-9.848067032629803652e-02,-7.138283723761068567e-02,4.052820464533372635e-01,-1.874929929519517369e-01,1.255426358477213233e-01,5.368710953479708878e-03,-1.117993839294876279e-01,1.694953281212656093e-01,-4.135090318319070146e-01,1.304649260711329806e+00,0.000000000000000000e+00,-2.234563055492887196e-01,-2.561014117681896796e-01,5.726899251301194038e-01,1.218414213993013417e+00,0.000000000000000000e+00,0.000000000000000000e+00,0.000000000000000000e+00,0.000000000000000000e+00,0.000000000000000000e+00,0.000000000000000000e+00,0.000000000000000000e+00
3.983530789064702871e-02,-7.628018996468290125e-02,9.140071590385000500e-01,-7.987132885228144519e-02,7.134126669145247207e-03,9.411779146279010133e-01,3.282587517199113680e-01,-3.267321809337726535e-01,2.297969395337167570e-02,8.658366619799007236e-02,1.287840449747515437e-01,-1.054758914157619826e-01,5.924108677854070942e-02,-3.717033395244104255e-01,-1.254808793823238011e-01,-7.390723899955198295e-02,4.953522687013157677e-01,-1.848224510890371097e-01,1.207397660235741965e-01,-4.668577042911542518e-04,-1.129756572258160396e-01,1.698608881739738508e-01,-4.089695545331327731e-01,1.295461748021919268e+00,0.000000000000000000e+00,-2.252542582673372484e-01,-2.583719775710133781e-01,5.672568200723138165e-01,1.211655380775642277e+00,0.000000000000000000e+00,0.000000000000000000e+00,0.000000000000000000e+00,0.000000000000000000e+00,0.000000000000000000e+00,0.000000000000000000e+00,0.000000000000000000e+00
4.493477213587576680e-02,-8.447689763762865345e-02,9.129254667019627290e-01,-8.155920746389688780e-02,5.903261510628554989e-03,9.412466914663429884e-01,3.276704334923442041e-01,-3.404245546170489578e-01,2.406038228081912311e-02,9.572275306752255075e-02,1.268818485905390814e-01,-9.896563915292538871e-02,6.296469377639367371e-02,-3.680004025395004486e-01,-1.509170232180471749e-01,-7.175380547952223131e-02,5.717813766054755664e-01,-1.782804922805853454e-01,1.160701906773728559e-01,-5.430489799385973364e-03,-1.187959257068386953e-01,1.732747738784287950e-01,-4.096067931229246395e-01,1.290569020476676432e+00,0.000000000000000000e+00,-2.246733219108623114e-01,-2.582497768228104729e-01,5.586919934798050269e-01,1.216474766463415458e+00,0.000000000000000000e+00,0.000000000000000000e+00,0.000000000000000000e+00,0.000000000000000000e+00,0.000000000000000000e+00,0.000000000000000000e+00,0.000000000000000000e+00
5.028941702103045808e-02,-9.270871506292947817e-02,9.115221910158183283e-01,-8.256373496536181800e-02,4.708403319759992683e-03,9.414530089976520522e-01,3.268444468795738689e-01,-3.538564871520055721e-01,2.515361859741487016e-02,1.072651238098899368e-01,1.268810754648485584e-01,-9.440981217595049990e-02,6.631073932349934585e-02,-3.519433214193622428e-01,-1.765071625725823379e-01,-6.237736471681906703e-02,6.295677239202130959e-01,-1.512240630777722805e-01,1.155592042337295899e-01,-8.031818927931219307e-03,-1.281597610722046976e-01,1.774911990151143704e-01,-4.123467116492411932e-01,1.280219181990579269e+00,0.000000000000000000e+00,-2.250412573635671987e-01,-2.597517145311510900e-01,5.558330655635100870e-01,1.223031256771251130e+00,0.000000000000000000e+00,0.000000000000000000e+00,0.000000000000000000e+00,0.000000000000000000e+00,0.000000000000000000e+00,0.000000000000000000e+00,0.000000000000000000e+00
5.584694457758793140e-02,-1.004197171684453743e-01,9.101334728396709428e-01,-8.390460084755310688e-02,3.942458347274037031e-03,9.415423921672761987e-01,3.262551129572002773e-01,-3.692924237690556888e-01,2.613721222963998059e-02,1.169729497594444584e-01,1.293818275816212560e-01,-8.869204396914927291e-02,6.786681126417448695e-02,-3.289140683970756540e-01,-1.959060562613426371e-01,-5.211602088201260086e-02,6.701363260525854404e-01,-1.213651572048195099e-01,1.165088585343632410e-01,-7.552991852153459126e-03,-1.407943979343902474e-01,1.807999961721177828e-01,-4.122099857430394643e-01,1.268835958119870710e+00,0.000000000000000000e+00,-2.237358346619780503e-01,-2.598486903163066408e-01,5.479478226604849178e-01,1.232693370469444716e+00,0.000000000000000000e+00,0.000000000000000000e+00,0.000000000000000000e+00,0.000000000000000000e+00,0.000000000000000000e+00,0.000000000000000000e+00,0.000000000000000000e+00
6.148210775721565241e-02,-1.074778848969634715e-01,9.088020746625432578e-01,-8.532981961554361727e-02,2.953842329445963491e-03,9.412862743168886048e-01,3.266347294494297837e-01,-3.840758911471770509e-01,2.825457271064992296e-02,1.235647372920981868e-01,1.308722489345777729e-01,-7.934190196528781436e-02,7.013029266063500189e-02,-2.984771874221113230e-01,-2.122412801235470103e-01,-3.645363111272063861e-02,6.932780066182228085e-01,-8.168116930034681478e-02,1.196315851549420994e-01,-6.197364395867550890e-03,-1.545528641408076553e-01,1.852043827798977582e-01,-4.148168815353932004e-01,1.256121387501093922e+00,0.000000000000000000e+00,-2.272793135415208388e-01,-2.577362756139356392e-01,5.428825074761793879e-01,1.246821104302779259e+00,0.000000000000000000e+00,0.000000000000000000e+00,0.000000000000000000e+00,0.000000000000000000e+00,0.000000000000000000e+00,0.000000000000000000e+00,0.000000000000000000e+00
6.709000833684246323e-02,-1.136387491905074126e-01,9.079959087788932459e-01,-8.780468986992351343e-02,1.572676783450381675e-03,9.399756066708218061e-01,3.297479673756932295e-01,-3.978284891468963913e-01,3.461011726870157068e-02,1.310075873676839198e-01,1.286533713979202964e-01,-6.661088805278109204e-02,7.180162182864316400e-02,-2.704851151413449339e-01,-2.214821133149230403e-01,-2.323840853860281025e-02,7.002851578162827550e-01,-5.354149699719409211e-02,1.253785264199784866e-01,-1.355599085706579721e-03,-1.681303993592076496e-01,1.906436934536860361e-01,-4.116695611734101368e-01,1.240012257526984296e+00,0.000000000000000000e+00,-2.314584664855570961e-01,-2.543591860017950790e-01,5.330954423564985278e-01,1.256994471122262480e+00,0.000000000000000000e+00,0.000000000000000000e+00,0.000000000000000000e+00,0.000000000000000000e+00,0.000000000000000000e+00,0.000000000000000000e+00,0.000000000000000000e+00
7.304781073057314833e-02,-1.187519673264709891e-01,9.070785397013871876e-01,-8.961437130642969928e-02,7.751559206735912123e-04,9.386904567032260394e-01,3.329097326347496000e-01,-4.128790058826042886e-01,4.086607696646665788e-02,1.369750073827269710e-01,1.320591296976269258e-01,-5.542324774232389867e-02,7.211259124734652193e-02,-2.410596355722706974e-01,-2.255961214402404935e-01,-7.079182932264123373e-03,6.951663412085392624e-01,-2.969011909400728205e-02,1.334230902233959626e-01,5.447279506201196594e-03,-1.824111355195949247e-01,1.981621505982155695e-01,-4.075146940173323129e-01,1.222361235052542794e+00,0.000000000000000000e+00,-2.351473619141272731e-01,-2.508247300724177897e-01,5.244472323587531237e-01,1.260294638111102872e+00,0.000000000000000000e+00,0.000000000000000000e+00,0.000000000000000000e+00,0.000000000000000000e+00,0.000000000000000000e+00,0.000000000000000000e+00,0.000000000000000000e+00
7.935251132817527919e-02,-1.227205177049471574e-01,9.066076310822317463e-01,-9.079566870336484852e-02,4.285594371673819535e-04,9.371954675411441338e-01,3.367797774538332511e-01,-4.215697298666741810e-01,4.751957022613053500e-02,1.429935543979214962e-01,1.264686564384982781e-01,-3.867333779916234254e-02,6.419935135578665186e-02,-2.052903055129209342e-01,-2.289723680913407222e-01,5.261078099038453415e-03,6.771743866089783292e-01,-1.356187009789669093e-02,1.378500239856879084e-01,1.422682223366406214e-02,-1.953731737148149128e-01,2.070633260509432694e-01,-4.036190650593541873e-01,1.202520953532691506e+00,0.000000000000000000e+00,-2.386495550459885040e-01,-2.465461673396968090e-01,5.181264594165047033e-01,1.263231956458048533e+00,0.000000000000000000e+00,0.000000000000000000e+00,0.000000000000000000e+00,0.000000000000000000e+00,0.000000000000000000e+00,0.000000000000000000e+00,0.000000000000000000e+00
8.625194240581338101e-02,-1.258753968718671346e-01,9.059007856976920570e-01,-9.230592116313957041e-02,3.440747729159935632e-04,9.356842745688708218e-01,3.405501972621668427e-01,-4.314915224404299310e-01,5.506749855056400356e-02,1.490677778462988767e-01,1.220737930456104042e-01,-2.565482347932563495e-02,6.029217452069017547e-02,-1.709372234887543140e-01,-2.289003428147443620e-01,1.845944681171231283e-02,6.545247996669563140e-01,-3.263560932971750622e-03,1.462709104364280921e-01,2.233913486352215316e-02,-2.092491364123185704e-01,2.161533672469469480e-01,-3.978962254287947142e-01,1.181662091824755567e+00,0.000000000000000000e+00,-2.448528176310214022e-01,-2.432671077660653602e-01,5.141013244326151366e-01,1.261198539242976535e+00,0.000000000000000000e+00,0.000000000000000000e+00,0.000000000000000000e+00,0.000000000000000000e+00,0.000000000000000000e+00,0.000000000000000000e+00,0.000000000000000000e+00
9.391503452900479276e-02,-1.283531811805256329e-01,9.051356628101875357e-01,-9.390715079613115579e-02,1.306578563605885132e-05,9.337632463159681873e-01,3.453514828230832556e-01,-4.442681489198350708e-01,6.611089159636386603e-02,1.557656141833971830e-01,1.232814578698732538e-01,-1.269298344241430801e-02,5.618864985734571549e-02,-1.410401036621246329e-01,-2.329290313099284249e-01,2.904642670288454936e-02,6.267997229755670752e-01,8.345941552816458359e-03,1.542782169481456689e-01,3.183873283158088208e-02,-2.214940873068565463e-01,2.259713087085257477e-01,-3.909391223079212718e-01,1.161203390759376841e+00,0.000000000000000000e+00,-2.488342760797883357e-01,-2.424877386985055949e-01,5.149851332756618660e-01,1.250545710793307785e+00,0.000000000000000000e+00,0.000000000000000000e+00,0.000000000000000000e+00,0.000000000000000000e+00,0.000000000000000000e+00,0.000000000000000000e+00,0.000000000000000000e+00
1.027226382763682666e-01,-1.302095062898425970e-01,9.042498518683468323e-01,-9.431448595836278148e-02,6.324650350699343934e-04,9.318241214114245663e-01,3.504399869909475274e-01,-4.536010450633827240e-01,7.622648337782374217e-02,1.633818971346663318e-01,1.208177458390590764e-01,1.850500164520346713e-03,4.806241804245172528e-02,-1.138598677880762605e-01,-2.352831999840661881e-01,3.625051558550228259e-02,5.992782690909772558e-01,2.016263746628058073e-02,1.633677426850548842e-01,4.199969129920057276e-02,-2.312050470245696765e-01,2.346557549773634344e-01,-3.849434907091720537e-01,1.140397765948994113e+00,0.000000000000000000e+00,-2.567323938098051150e-01,-2.368999272430458158e-01,5.146598705282779962e-01,1.242554972948760605e+00,0.000000000000000000e+00,0.000000000000000000e+00,0.000000000000000000e+00,0.000000000000000000e+00,0.000000000000000000e+00,0.000000000000000000e+00,0.000000000000000000e+00
1.126742039668335443e-01,-1.317756052817880552e-01,9.029625224986730370e-01,-9.352787884421942532e-02,1.348236260039071058e-03,9.293206819614256986e-01,3.572307212665760678e-01,-4.647670660166530188e-01,8.885054464057831614e-02,1.725647773253992656e-01,1.264257086005694530e-01,1.249856912583562074e-02,4.334318013954168575e-02,-9.220803272489472291e-02,-2.371693742044894415e-01,4.356506383353859341e-02,5.668800423977535807e-01,2.684229026367374038e-02,1.727618372302971439e-01,5.138732177103462473e-02,-2.388701859276919637e-01,2.445511395370633112e-01,-3.854281093818357484e-01,1.125261878247708403e+00,0.000000000000000000e+00,-2.663718923430188346e-01,-2.328803938218798608e-01,5.164045458619240803e-01,1.231009399871599408e+00,0.000000000000000000e+00,0.000000000000000000e+00,0.000000000000000000e+00,0.000000000000000000e+00,0.000000000000000000e+00,0.000000000000000000e+00,0.000000000000000000e+00
1.239308578172082509e-01,-1.330301461045935996e-01,9.014741270874626622e-01,-9.160586222996468242e-02,2.557968995174294841e-03,9.272908154201274789e-01,3.629511901581247701e-01,-4.735475421475258129e-01,1.005734587564566518e-01,1.821444507470305063e-01,1.296620139835706620e-01,2.436707597661898206e-02,3.395142286670244092e-02,-7.703837943896481300e-02,-2.350234201525792099e-01,4.943884288182307657e-02,5.424619552461710237e-01,1.950680886894483670e-02,1.788322042178070170e-01,5.788225285747738286e-02,-2.437387721984562439e-01,2.530548691729851973e-01,-3.834043721487016554e-01,1.113324084809613090e+00,0.000000000000000000e+00,-2.737841127298166755e-01,-2.291181861344256665e-01,5.241096080710427874e-01,1.211491060894580585e+00,0.000000000000000000e+00,0.000000000000000000e+00,0.000000000000000000e+00,0.000000000000000000e+00,0.000000000000000000e+00,0.000000000000000000e+00,0.000000000000000000e+00
1.366675997242947915e-01,-1.343887834187625918e-01,8.991866055824262460e-01,-8.856561427847814416e-02,4.311554507836703673e-03,9.246107486834114209e-01,3.704490597697653320e-01,-4.828401175525618982e-01,1.137516245682414773e-01,1.934411514538700860e-01,1.354238023670470414e-01,3.666183107899742555e-02,2.797512939134681742e-02,-6.352036437061284180e-02,-2.340835737963083141e-01,6.104076429449033225e-02,5.155323116232600755e-01,2.107501495680719206e-02,1.911801941308809982e-01,6.342681831879451448e-02,-2.461076627265923189e-01,2.623906020538641637e-01,-3.835122270530009758e-01,1.103935755082606773e+00,0.000000000000000000e+00,-2.839909445713489911e-01,-2.269376870582427708e-01,5.284864154391508695e-01,1.192640937582831517e+00,0.000000000000000000e+00,0.000000000000000000e+00,0.000000000000000000e+00,0.000000000000000000e+00,0.000000000000000000e+00,0.000000000000000000e+00,0.000000000000000000e+00
1.506998337806396693e-01,-1.357444704185379880e-01,8.968468344149890248e-01,-8.669437092483672780e-02,5.848843278405567968e-03,9.220831117904911833e-01,3.771108749864103826e-01,-4.918896793473165885e-01,1.285186570345508150e-01,2.047223270451657140e-01,1.339024726886692274e-01,5.339512818964209373e-02,1.992137863454017735e-02,-5.051256498509390513e-02,-2.301426872968240223e-01,6.255353821786693858e-02,4.846475273451012478e-01,1.806156165779196007e-02,2.009358185317625112e-01,7.014723664637621814e-02,-2.450766144871905361e-01,2.707676401985231740e-01,-3.875756116660097339e-01,1.094842769412796013e+00,0.000000000000000000e+00,-2.929709164801923560e-01,-2.249329394482300626e-01,5.346999396228937496e-01,1.174504037934911649e+00,0.000000000000000000e+00,0.000000000000000000e+00,0.000000000000000000e+00,0.000000000000000000e+00,0.000000000000000000e+00,0.000000000000000000e+00,0.000000000000000000e+00
1.662053122952766582e-01,-1.372317853937342902e-01,8.943821374616520714e-01,-8.445528392207587998e-02,7.107796262894068920e-03,9.193390696349365010e-01,3.842296960057827171e-01,-4.986837867757852871e-01,1.449925845417325831e-01,2.163083874402876861e-01,1.276190833918157685e-01,7.480684058499278977e-02,1.115186899679656771e-02,-4.480380853672637220e-02,-2.218365998392313188e-01,6.855985775469317089e-02,4.626102678913773802e-01,9.724459133895461960e-03,2.095425982327828174e-01,7.577824139122180114e-02,-2.412553539092755217e-01,2.749611617736760771e-01,-3.913834043406291818e-01,1.094383519162456908e+00,0.000000000000000000e+00,-3.007740647557862745e-01,-2.217440536057938560e-01,5.374622245070537208e-01,1.158792331301397027e+00,0.000000000000000000e+00,0.000000000000000000e+00,0.000000000000000000e+00,0.000000000000000000e+00,0.000000000000000000e+00,0.000000000000000000e+00,0.000000000000000000e+00
1.833072884011653636e-01,-1.388361824790113330e-01,8.910963141088791284e-01,-8.063648399773787334e-02,8.794399456890479930e-03,9.166812138984070657e-01,3.913003553185432914e-01,-5.015579235020339866e-01,1.605415402733459673e-01,2.278242016929927227e-01,1.164217523534839954e-01,9.833260670488672139e-02,-1.664462919644385183e-03,-4.116174440350383462e-02,-2.078642301463560771e-01,7.704708680614602567e-02,4.432238864646827481e-01,-1.061807210262166387e-02,2.162381733233434411e-01,8.147532624863923489e-02,-2.354635595193914355e-01,2.799999267015015336e-01,-3.920429056482861996e-01,1.094447473631702694e+00,0.000000000000000000e+00,-3.048691761551741153e-01,-2.195243281909551869e-01,5.400126849023124675e-01,1.137152922617842510e+00,0.000000000000000000e+00,0.000000000000000000e+00,0.000000000000000000e+00,0.000000000000000000e+00,0.000000000000000000e+00,0.000000000000000000e+00,0.000000000000000000e+00
2.018772991594074417e-01,-1.407621688633662604e-01,8.873176445286677927e-01,-7.703839659166290821e-02,9.094654026457578075e-03,9.146354099717215469e-01,3.967674880135538817e-01,-5.042930900582148768e-01,1.775698984227259136e-01,2.339606172626021718e-01,1.009177946699479078e-01,1.252274556557815277e-01,-1.522772018965345107e-02,-3.850328421481181290e-02,-1.888292166339775591e-01,8.562186307504417171e-02,4.285954559017232102e-01,-3.726211632984415684e-02,2.189834513826786622e-01,8.775900578413707576e-02,-2.294756951344019136e-01,2.854528095564248247e-01,-3.922755574578458693e-01,1.097994953083055503e+00,0.000000000000000000e+00,-3.068343418758961993e-01,-2.151727624546956874e-01,5.421077624905841219e-01,1.122596294387174787e+00,0.000000000000000000e+00,0.000000000000000000e+00,0.000000000000000000e+00,0.000000000000000000e+00,0.000000000000000000e+00,0.000000000000000000e+00,0.000000000000000000e+00
2.219339459647914070e-01,-1.429031268298752433e-01,8.825058809168765395e-01,-7.211856429520152600e-02,8.557888637361892037e-03,9.128909367860129631e-01,4.016911907921623115e-01,-5.063873642083910331e-01,1.964143917796452032e-01,2.397853457192689330e-01,8.733567651528427456e-02,1.500802690255246263e-01,-2.892897644807855204e-02,-3.743834609520734630e-02,-1.674994557476700563e-01,9.667193717315671064e-02,4.226876431605521289e-01,-8.200338924759185966e-02,2.134686572747855615e-01,9.299192540041488486e-02,-2.169436396094771013e-01,2.923250091499325909e-01,-3.832395738556341191e-01,1.096339729913919481e+00,0.000000000000000000e+00,-3.041337996470617755e-01,-2.090863645449785313e-01,5.423885336791928191e-01,1.109803926938846441e+00,0.000000000000000000e+00,0.000000000000000000e+00,0.000000000000000000e+00,0.000000000000000000e+00,0.000000000000000000e+00,0.000000000000000000e+00,0.000000000000000000e+00
2.433945252535765491e-01,-1.452866238588085834e-01,8.763045884076826608e-01,-6.615882532319193599e-02,7.872861258398918677e-03,9.117839232758337964e-01,4.052296943008863450e-01,-5.104647154628250139e-01,2.139711939657775175e-01,2.390847569172889209e-01,7.630373095267231620e-02,1.729040377365369530e-01,-4.210220687055128697e-02,-3.803978124002142802e-02,-1.404635071993987627e-01,1.117380064247200794e-01,4.273022150763426397e-01,-1.385872294130088000e-01,2.054076398330751674e-01,9.800134639463768671e-02,-2.052584941076253666e-01,2.997572213481569103e-01,-3.726614906281618955e-01,1.100946223113179911e+00,0.000000000000000000e+00,-2.984390688572009509e-01,-2.060998584425169367e-01,5.371836245732297677e-01,1.097111168138086734e+00,0.000000000000000000e+00,0.000000000000000000e+00,0.000000000000000000e+00,0.000000000000000000e+00,0.000000000000000000e+00,0.000000000000000000e+00,0.000000000000000000e+00
2.660984135220358926e-01,-1.477994342471228573e-01,8.698960847854328993e-01,-5.999512621836173426e-02,6.829863438611134645e-03,9.113658646720376177e-01,4.071439530510580496e-01,-5.099834491501428202e-01,2.303260596032934981e-01,2.372610184130779509e-01,5.411409898958497583e-02,1.988831728659898046e-01,-6.354781750055714384e-02,-3.761200459590817446e-02,-1.136546503613725390e-01,1.105782230465516547e-01,4.412824453160665295e-01,-2.073719254977612336e-01,1.892642066325465056e-01,1.063795367277869941e-01,-1.931278299093731610e-01,3.105263122323632108e-01,-3.679126077562980268e-01,1.102581724098511851e+00,0.000000000000000000e+00,-2.904793433691859605e-01,-1.988460561348215361e-01,5.267171197085074308e-01,1.092906289430425337e+00,0.000000000000000000e+00,0.000000000000000000e+00,0.000000000000000000e+00,0.000000000000000000e+00,0.000000000000000000e+00,0.000000000000000000e+00,0.000000000000000000e+00
2.897704433276276914e-01,-1.507589471620095489e-01,8.631152583726561245e-01,-5.280376517596334363e-02,3.926174145981627117e-03,9.108312112374129521e-01,4.093688461224236352e-01,-5.092031362435640585e-01,2.514446122052958477e-01,2.417389909294276329e-01,3.538709035744768555e-02,2.112665187356836949e-01,-7.631447301161266294e-02,-4.691851487870313947e-02,-9.003520432940402551e-02,9.789553419837362935e-02,4.742733284947652228e-01,-3.096397940074864241e-01,1.588825818084939057e-01,1.123964588913978074e-01,-1.817620454690154763e-01,3.195242063999254589e-01,-3.578485847368134132e-01,1.109674906630099711e+00,0.000000000000000000e+00,-2.834185746193645938e-01,-1.923087810151237198e-01,5.170794704931843677e-01,1.098269125544992786e+00,0.000000000000000000e+00,0.000000000000000000e+00,0.000000000000000000e+00,0.000000000000000000e+00,0.000000000000000000e+00,0.000000000000000000e+00,0.000000000000000000e+00
3.146086090426452042e-01,-1.542779186922823564e-01,8.590122769443724327e-01,-4.632862450336827642e-02,3.988856802408048685e-03,9.110427933636511266e-01,4.096813105734646854e-01,-5.195733374869420107e-01,2.644346949022201576e-01,2.447984642665845811e-01,1.725408958463426484e-02,1.940860994836208220e-01,-8.374977446772013945e-02,-6.607180756563738044e-02,-7.465141416845808009e-02,6.990976853237731992e-02,5.196025417449942063e-01,-4.291549041395011366e-01,1.158503805995261537e-01,1.183543073819335184e-01,-1.704380831440209521e-01,3.239084526170249445e-01,-3.407453955851248439e-01,1.106617789035664101e+00,0.000000000000000000e+00,-2.755069833522021394e-01,-1.858547859371966482e-01,5.041526269731795296e-01,1.103097622453032667e+00,0.000000000000000000e+00,0.000000000000000000e+00,0.000000000000000000e+00,0.000000000000000000e+00,0.000000000000000000e+00,0.000000000000000000e+00,0.000000000000000000e+00
3.397833275780807183e-01,-1.586563338344761653e-01,8.599991722396364002e-01,-4.134981361572929309e-02,5.782416958422654032e-03,9.118988254790691972e-01,4.082857928681302706e-01,-5.374102110409942901e-01,2.674314195615384304e-01,2.518080926486737092e-01,-6.753717137147667582e-03,1.740787968139384800e-01,-8.014591372806445513e-02,-8.591863584603787185e-02,-6.342118621372230813e-02,4.954892852198260200e-02,5.498905340874132852e-01,-5.141430276621499207e-01,8.422719594395110254e-02,1.196132198309308309e-01,-1.592069029925601287e-01,3.163892585483746855e-01,-3.132946160511586586e-01,1.116502257962548983e+00,0.000000000000000000e+00,-2.717054151176265253e-01,-1.812958633796518670e-01,4.896446550050954638e-01,1.128502495638895375e+00,0.000000000000000000e+00,0.000000000000000000e+00,0.000000000000000000e+00,0.000000000000000000e+00,0.000000000000000000e+00,0.000000000000000000e+00,0.000000000000000000e+00
3.650006570822292296e-01,-1.635007056883091281e-01,8.619690584867232275e-01,-3.392050040814559297e-02,6.839745549792944183e-03,9.138062411906138216e-01,4.046736599952572844e-01,-5.465550974040163101e-01,2.704287438540783906e-01,2.624011162967797572e-01,-2.428175875560348307e-02,1.612561992991392579e-01,-8.492112642502296083e-02,-9.973625196501599566e-02,-5.590075783802393727e-02,2.737036731643065907e-02,5.649744424031180046e-01,-5.667343718196096169e-01,5.797971961722479806e-02,1.222171975187667098e-01,-1.382499017031421640e-01,3.079344317674732601e-01,-2.990798074893268321e-01,1.128052360722541891e+00,0.000000000000000000e+00,-2.606415956172790649e-01,-1.729374841648715355e-01,4.732940786172537551e-01,1.157320158696002910e+00,0.000000000000000000e+00,0.000000000000000000e+00,0.000000000000000000e+00,0.000000000000000000e+00,0.000000000000000000e+00,0.000000000000000000e+00,0.000000000000000000e+00
3.898689264654328634e-01,-1.687525133987805015e-01,8.646265471415347514e-01,-3.031708371449076678e-02,9.506159911471762786e-03,9.154016980608622456e-01,4.012857317997692297e-01,-5.592886734418245354e-01,2.720080268485751129e-01,2.717870812377675138e-01,-3.381308535770959078e-02,1.447221326671805364e-01,-8.618725514426413270e-02,-1.212623660234588840e-01,-5.458631112345641023e-02,-8.820897952207300274e-03,5.762136126179302487e-01,-6.028681633818755436e-01,3.540093233707592574e-02,1.227585743127067863e-01,-1.181284756871412017e-01,3.002742731924469277e-01,-2.860242375659640679e-01,1.148456143705984367e+00,0.000000000000000000e+00,-2.474192166683948646e-01,-1.704954519327904483e-01,4.523367099844030070e-01,1.190762460321123317e+00,0.000000000000000000e+00,0.000000000000000000e+00,0.000000000000000000e+00,0.000000000000000000e+00,0.000000000000000000e+00,0.000000000000000000e+00,0.000000000000000000e+00
4.140057057991647915e-01,-1.748314489627185442e-01,8.689606034050645356e-01,-2.515331872348972736e-02,1.027781127144004013e-02,9.174415953125504286e-01,3.969415528047242625e-01,-5.716642493302186434e-01,2.683999621520133938e-01,2.821967018229331048e-01,-3.483616295678933217e-02,1.193638910349510973e-01,-8.372679625344452148e-02,-1.320549535632642435e-01,-4.792949769680276279e-02,-3.016533703559215462e-02,5.642941509015362289e-01,-6.013886243015020838e-01,2.437170076789280104e-02,1.200734180435543696e-01,-9.277273586788369053e-02,2.865887333587999741e-01,-2.741015620944408648e-01,1.179698605201688011e+00,0.000000000000000000e+00,-2.351850647064151756e-01,-1.694874884089385692e-01,4.424547180228308729e-01,1.234519388949888441e+00,0.000000000000000000e+00,0.000000000000000000e+00,0.000000000000000000e+00,0.000000000000000000e+00,0.000000000000000000e+00,0.000000000000000000e+00,0.000000000000000000e+00
4.370875361078767618e-01,-1.811947707639814942e-01,8.734456460939643563e-01,-2.070611742215202472e-02,1.050653055519923731e-02,9.206194430430951758e-01,3.897700740282841747e-01,-5.783081140314562107e-01,2.645474784958896097e-01,2.973843507911535511e-01,-2.836971776905137382e-02,9.339802894516706366e-02,-8.047493230813092258e-02,-1.366047304490931313e-01,-4.235748496344142466e-02,-5.768875946082779177e-02,5.416834789328632827e-01,-5.920202255058473195e-01,1.402446293136233244e-02,1.181677132581104572e-01,-6.893189054971271545e-02,2.706389303057079032e-01,-2.696530214221579680e-01,1.224553074868394376e+00,0.000000000000000000e+00,-2.145251820454587843e-01,-1.691991379040108656e-01,4.295160130761301320e-01,1.271350352750342472e+00,0.000000000000000000e+00,0.000000000000000000e+00,0.000000000000000000e+00,0.000000000000000000e+00,0.000000000000000000e+00,0.000000000000000000e+00,0.000000000000000000e+00
4.587029676271304202e-01,-1.878205026140341016e-01,8.781298928017948757e-01,-1.706440575780361971e-02,1.127852475083660974e-02,9.224085498960518104e-01,3.856735251663520603e-01,-5.844709339538943782e-01,2.634093817740964516e-01,3.042989786806218344e-01,8.208372690931903942e-03,6.354388036682936947e-02,-7.163974845072736131e-02,-1.421051548754700689e-01,-3.668170094713150975e-02,-7.549046275950710427e-02,5.139796342784684891e-01,-5.702408217696611770e-01,9.224166304551062109e-03,1.173233656231727207e-01,-4.694692542599636365e-02,2.557356457151018225e-01,-2.709332387492877636e-01,1.272598577532592090e+00,0.000000000000000000e+00,-1.956585325470545644e-01,-1.696621573691199369e-01,4.237197305153033722e-01,1.308138865936246731e+00,0.000000000000000000e+00,0.000000000000000000e+00,0.000000000000000000e+00,0.000000000000000000e+00,0.000000000000000000e+00,0.000000000000000000e+00,0.000000000000000000e+00
4.788084369203109980e-01,-1.945061731113997272e-01,8.826387581718831976e-01,-1.280568594889364142e-02,1.193577436201408333e-02,9.237619265033081284e-01,3.825669285767574479e-01,-5.931593028885716601e-01,2.668945314938664937e-01,3.125643348736438787e-01,7.211270518460281831e-02,2.848140800926594191e-02,-5.982738531795728232e-02,-1.426352066627495085e-01,-3.388358860846620024e-02,-9.519886739637531403e-02,4.812416024432421002e-01,-5.431915838498824201e-01,7.948431391290413858e-03,1.209215480345001981e-01,-2.094125052872044396e-02,2.431074096974625287e-01,-2.727304173117697794e-01,1.310864527921703271e+00,0.000000000000000000e+00,-1.714830631836718466e-01,-1.736943536479288175e-01,4.264459569766944624e-01,1.341636156650447775e+00,0.000000000000000000e+00,0.000000000000000000e+00,0.000000000000000000e+00,0.000000000000000000e+00,0.000000000000000000e+00,0.000000000000000000e+00,0.000000000000000000e+00
4.969556501788198188e-01,-2.010831869460932564e-01,8.869735130231349851e-01,-8.786211899234822389e-03,1.136229805081253631e-02,9.251933249281987237e-01,3.792242241362893673e-01,-5.966514769597304202e-01,2.730565992089584171e-01,3.275548956153486735e-01,1.606130298483732510e-01,-1.069910790626250538e-03,-4.533078522118205722e-02,-1.394452167834706324e-01,-2.869002579207668990e-02,-1.116971511053684862e-01,4.440039755714740854e-01,-5.048821073313097818e-01,7.814877999699170255e-03,1.236645631455442901e-01,-1.256650249661039019e-03,2.362920855751534099e-01,-2.795674503856610538e-01,1.342617431343689383e+00,0.000000000000000000e+00,-1.475187266318102042e-01,-1.732066206618353421e-01,4.228172718150739473e-01,1.368220167046377167e+00,0.000000000000000000e+00,0.000000000000000000e+00,0.000000000000000000e+00,0.000000000000000000e+00,0.000000000000000000e+00,0.000000000000000000e+00,0.000000000000000000e+00
5.133238233643431236e-01,-2.076244885768535331e-01,8.908417266843261517e-01,-4.436247276718117971e-03,8.887805609474119101e-03,9.256752993448418287e-01,3.781885334120870801e-01,-5.916571661103472435e-01,2.861636814116100269e-01,3.360231432747199376e-01,2.663106256352479329e-01,-2.581095080090134442e-02,-2.861779911729260550e-02,-1.297965777416927591e-01,-1.924867825176523189e-02,-1.233129291938860339e-01,3.998453625066477612e-01,-4.600009539949170834e-01,8.136366475312730925e-03,1.323950951548977240e-01,1.281674481548022299e-02,2.364049483698725529e-01,-2.807122976709139350e-01,1.361658422462823648e+00,0.000000000000000000e+00,-1.201257899137980062e-01,-1.682128403422351592e-01,4.232737749247698633e-01,1.383248012647667169e+00,0.000000000000000000e+00,0.000000000000000000e+00,0.000000000000000000e+00,0.000000000000000000e+00,0.000000000000000000e+00,0.000000000000000000e+00,0.000000000000000000e+00
5.281241866138102203e-01,-2.142902805961715007e-01,8.943558522296159996e-01,-7.575935523282135292e-04,5.179994566387692220e-03,9.273605628367228570e-01,3.741323030740037470e-01,-5.766857644096416990e-01,2.977246597966014541e-01,3.426096165768529045e-01,3.724588641224018670e-01,-4.429921712392406730e-02,-1.101630498962843582e-02,-1.154986392200788581e-01,-7.815578335697879325e-03,-1.354376535698330608e-01,3.488765418909418048e-01,-4.090896437138155650e-01,1.254165906007665907e-02,1.351863740810672343e-01,2.154508683520110421e-02,2.387464912486216839e-01,-2.784454893800366038e-01,1.370264382670572489e+00,0.000000000000000000e+00,-9.596081212984765296e-02,-1.603417466031795968e-01,4.214197361863820102e-01,1.394656440463292180e+00,0.000000000000000000e+00,0.000000000000000000e+00,0.000000000000000000e+00,0.000000000000000000e+00,0.000000000000000000e+00,0.000000000000000000e+00,0.000000000000000000e+00
5.415077916982896644e-01,-2.211123124853646149e-01,8.971015152773036405e-01,7.108770261800775869e-04,2.989857291954619179e-03,9.282717873555739185e-01,3.718898280498078024e-01,-5.485630267164095519e-01,2.998262671040382576e-01,3.372704693256992070e-01,4.615479188082913797e-01,-5.586146481753355431e-02,1.453954804365352460e-03,-1.098234741671994807e-01,1.090638561690154135e-03,-1.448890696742585749e-01,3.056266862098511172e-01,-3.621362143828654179e-01,1.746911960820138332e-02,1.341446771573772956e-01,3.105563100970489682e-02,2.380342962339284663e-01,-2.752083714440437534e-01,1.376289005336228888e+00,0.000000000000000000e+00,-7.778064205057644287e-02,-1.566245339847533724e-01,4.236147285456718370e-01,1.401720547018064256e+00,0.000000000000000000e+00,0.000000000000000000e+00,0.000000000000000000e+00,0.000000000000000000e+00,0.000000000000000000e+00,0.000000000000000000e+00,0.000000000000000000e+00
5.540515887732923028e-01,-2.279755316214861216e-01,8.988885511891919755e-01,2.445007067234328257e-03,1.118126074061456723e-03,9.307195209372440825e-01,3.657238645219513806e-01,-5.130464831517858038e-01,2.991075888157728735e-01,3.356943377759662450e-01,5.437761511378701451e-01,-6.831272512680994224e-02,1.000047568081862195e-02,-1.057830733197577533e-01,6.915793208604430545e-03,-1.581704005222634990e-01,2.711948591209293880e-01,-3.272230817627155841e-01,1.855460115005120453e-02,1.300188613751619426e-01,3.755738945069372892e-02,2.420175063079776645e-01,-2.715252293866090016e-01,1.372320267180541675e+00,0.000000000000000000e+00,-6.173822119692097543e-02,-1.535009101381900054e-01,4.179801279693695082e-01,1.404661416942257768e+00,0.000000000000000000e+00,0.000000000000000000e+00,0.000000000000000000e+00,0.000000000000000000e+00,0.000000000000000000e+00,0.000000000000000000e+00,0.000000000000000000e+00
5.659911132517208010e-01,-2.350468296656098022e-01,9.003579268789035916e-01,4.844919635330480548e-03,-5.307222381955613300e-05,9.339301825147556801e-01,3.574226323626149560e-01,-4.713685762780602251e-01,2.957303022611835752e-01,3.317688331728398388e-01,6.207775513048533478e-01,-7.856452288912861570e-02,1.626071570668695399e-02,-1.041138827047660281e-01,8.954755309691895399e-03,-1.714810828455136382e-01,2.442039875104459190e-01,-2.930906363830929617e-01,1.880713524883879939e-02,1.202473277723999784e-01,4.308361984001035649e-02,2.442818635101215718e-01,-2.728812988757293168e-01,1.369707561031228371e+00,0.000000000000000000e+00,-4.897877107241551536e-02,-1.558520700111301338e-01,4.169508210043962881e-01,1.404820252415838633e+00,0.000000000000000000e+00,0.000000000000000000e+00,0.000000000000000000e+00,0.000000000000000000e+00,0.000000000000000000e+00,0.000000000000000000e+00,0.000000000000000000e+00
5.774580213721393074e-01,-2.418658187209990484e-01,9.017420033050558281e-01,4.294621017536363189e-03,5.476754272743023823e-04,9.378996648601671815e-01,3.468796260046527746e-01,-4.266666377450168413e-01,2.939192641555493646e-01,3.261982228506534742e-01,6.872064533543161824e-01,-9.187424457385844068e-02,1.917503168268770014e-02,-1.057042502710301146e-01,8.871688279192716658e-03,-1.877419966208507818e-01,2.117507989249200751e-01,-2.629451409947877738e-01,1.920563162901281137e-02,1.047170655430920694e-01,3.773631271634545620e-02,2.460544880743767149e-01,-2.755659579912985713e-01,1.365009317301328906e+00,0.000000000000000000e+00,-4.182493584453455399e-02,-1.602703966886181719e-01,4.189490271422615097e-01,1.396851035091568161e+00,0.000000000000000000e+00,0.000000000000000000e+00,0.000000000000000000e+00,0.000000000000000000e+00,0.000000000000000000e+00,0.000000000000000000e+00,0.000000000000000000e+00
5.888810061415220565e-01,-2.487415877657264407e-01,9.024868634497101860e-01,5.724960732089483945e-03,2.913998258825873820e-04,9.422405442409698129e-01,3.348878867609848542e-01,-3.750494418518653950e-01,2.864496553328551021e-01,3.161308585446214181e-01,7.422511670402134332e-01,-9.910088301046629522e-02,1.972209011813035040e-02,-1.081681384494257298e-01,7.663405180117804222e-03,-2.022713770494384278e-01,1.906995651048886686e-01,-2.363076025406768421e-01,2.006981058554030764e-02,8.527415217213907273e-02,3.910406639517016031e-02,2.492749374128553630e-01,-2.824397651514857221e-01,1.355210501259741296e+00,0.000000000000000000e+00,-3.325251768247972084e-02,-1.653420419594932023e-01,4.186617057895596905e-01,1.392125686902768500e+00,0.000000000000000000e+00,0.000000000000000000e+00,0.000000000000000000e+00,0.000000000000000000e+00,0.000000000000000000e+00,0.000000000000000000e+00,0.000000000000000000e+00
6.003124682924645406e-01,-2.553628807019924785e-01,9.024064604856043559e-01,6.330395471999880966e-03,-7.999488322631326297e-04,9.463491892377572379e-01,3.230828039436219878e-01,-3.112857461916005986e-01,2.771275120261255109e-01,2.974708759441566652e-01,7.889402187575443870e-01,-8.901463245661862811e-02,1.491877062922514728e-02,-1.126256119232775382e-01,8.739260901731393111e-03,-2.172667066757668075e-01,1.721799352996961074e-01,-2.154361545945078504e-01,1.748649277379916295e-02,6.224178294782114346e-02,3.481371114149760249e-02,2.508267574225871988e-01,-2.939760339312070259e-01,1.351104885381491982e+00,0.000000000000000000e+00,-3.082523586331098811e-02,-1.655287664624689459e-01,4.160252333188884655e-01,1.383691042986649578e+00,0.000000000000000000e+00,0.000000000000000000e+00,0.000000000000000000e+00,0.000000000000000000e+00,0.000000000000000000e+00,0.000000000000000000e+00,0.000000000000000000e+00
6.121104099184777603e-01,-2.618537580329620140e-01,9.018524666014867686e-01,6.472021659048190698e-03,-2.563181309288042539e-03,9.513385797703609592e-01,3.080689041070727718e-01,-2.340267907913438639e-01,2.668266025829844623e-01,2.851616641480165804e-01,8.154842843509697570e-01,-6.388177611252650323e-02,-3.089688804436420411e-03,-1.169073163167433094e-01,8.379094346054379722e-03,-2.441555910984184175e-01,1.544065427354729403e-01,-1.961571339515181533e-01,1.575212229973677394e-02,3.630614710082641361e-02,3.017372492411913090e-02,2.513438496264313593e-01,-3.149935579173098743e-01,1.351536485481731553e+00,0.000000000000000000e+00,-3.302643508710530890e-02,-1.614087136845966663e-01,4.121247504460257560e-01,1.382639378330996927e+00,0.000000000000000000e+00,0.000000000000000000e+00,0.000000000000000000e+00,0.000000000000000000e+00,0.000000000000000000e+00,0.000000000000000000e+00,0.000000000000000000e+00
6.243513647549175927e-01,-2.683238809128791202e-01,9.013081956045948528e-01,4.347112638447744523e-03,-1.666439054697076757e-03,9.548309165002442089e-01,2.971131880073464293e-01,-1.623284587251234701e-01,2.620770638905755012e-01,2.827959984280815631e-01,8.270217738736717061e-01,-3.472815562283221996e-02,-2.075111754152663898e-02,-1.288027844562492086e-01,3.654375993214092205e-03,-2.737967763218575046e-01,1.377769571598102816e-01,-1.762454462165639613e-01,1.603963118824550116e-02,1.271044929201102860e-02,1.964312207264319252e-02,2.476032796479460951e-01,-3.365736027916484963e-01,1.356009671909181202e+00,0.000000000000000000e+00,-4.129750250989635413e-02,-1.592525868438132153e-01,4.098629749243419274e-01,1.384404959996236029e+00,0.000000000000000000e+00,0.000000000000000000e+00,0.000000000000000000e+00,0.000000000000000000e+00,0.000000000000000000e+00,0.000000000000000000e+00,0.000000000000000000e+00
6.372660916666621489e-01,-2.748028356979638209e-01,9.001924286801727959e-01,4.730281214928697478e-03,-1.904962568539700189e-03,9.590241153970654464e-01,2.832785583910580884e-01,-8.268505948835531971e-02,2.476353714151026120e-01,2.687214674879150889e-01,8.017027619617073109e-01,1.103055731964987934e-02,-4.646865789402102737e-02,-1.378368834864236725e-01,-1.940774864801854405e-03,-3.064025108564640831e-01,1.279809442790136864e-01,-1.625429749896901421e-01,9.677948134638826583e-03,-1.277428193507501239e-02,4.598084141061696724e-03,2.447596515933935790e-01,-3.560717184139052804e-01,1.359588728805046998e+00,0.000000000000000000e+00,-4.976660072992833417e-02,-1.546051787044332437e-01,4.091572009285458500e-01,1.380379022947740841e+00,0.000000000000000000e+00,0.000000000000000000e+00,0.000000000000000000e+00,0.000000000000000000e+00,0.000000000000000000e+00,0.000000000000000000e+00,0.000000000000000000e+00
6.506505247406095815e-01,-2.815757633405981397e-01,8.993038232432675194e-01,4.670620376146577754e-03,1.254944784470213206e-03,9.625674527403786929e-01,2.709990947287252983e-01,-1.282560852200706134e-02,2.376773390225911387e-01,2.566480268335331050e-01,7.582637914935770329e-01,4.234799565914953295e-02,-6.737078447126819414e-02,-1.501973307703475813e-01,-1.470186436086143127e-02,-3.383049690825705169e-01,1.187043249744625800e-01,-1.529085280498008181e-01,4.848870199977301128e-03,-3.660389648884940228e-02,-1.699750974446638530e-02,2.420555092222891058e-01,-3.811526480377843140e-01,1.357282269739051417e+00,0.000000000000000000e+00,-6.014412040219667410e-02,-1.524879592760932379e-01,4.097327072768344736e-01,1.375564784503875426e+00,0.000000000000000000e+00,0.000000000000000000e+00,0.000000000000000000e+00,0.000000000000000000e+00,0.000000000000000000e+00,0.000000000000000000e+00,0.000000000000000000e+00
6.642700209542473644e-01,-2.897777271217654160e-01,8.981788528598527721e-01,3.362092622640961911e-03,2.233116371563177195e-03,9.662284174637636447e-01,2.576554963705197099e-01,5.421563567567098257e-02,2.156492431010658684e-01,2.313235793697442921e-01,6.962468929560251540e-01,8.521061131526502797e-02,-9.650110514464962930e-02,-1.659222991357972021e-01,-2.516293193496853264e-02,-3.706894950239391084e-01,1.105053074071718766e-01,-1.323850453991592402e-01,5.463139134810971950e-03,-5.904778264281305283e-02,-3.938714469005791252e-02,2.372560501715928194e-01,-4.031431265374750272e-01,1.355458733680350303e+00,0.000000000000000000e+00,-7.185990971314004661e-02,-1.501284817795268400e-01,4.142527418958754648e-01,1.375117769385573174e+00,0.000000000000000000e+00,0.000000000000000000e+00,0.000000000000000000e+00,0.000000000000000000e+00,0.000000000000000000e+00,0.000000000000000000e+00,0.000000000000000000e+00
6.785824796374728685e-01,-2.996602523108720662e-01,8.963940867026066739e-01,2.452466220589860114e-03,3.579192459975828397e-03,9.697571831420211952e-01,2.440331545819625636e-01,1.145723332954490248e-01,1.912008592301837340e-01,2.016526790663511759e-01,6.248168328301634267e-01,1.154733503968355113e-01,-1.255273322637460442e-01,-1.825422237650378143e-01,-3.989011356421241078e-02,-4.065882961308958654e-01,1.035707803489262918e-01,-1.152470180429944896e-01,6.711010809788306615e-03,-8.005756949427612901e-02,-6.199652679588139870e-02,2.384237685890200908e-01,-4.268081102214194567e-01,1.340728681925535737e+00,0.000000000000000000e+00,-8.554364709513045950e-02,-1.513437534009231533e-01,4.220299977366092081e-01,1.368659689660477241e+00,0.000000000000000000e+00,0.000000000000000000e+00,0.000000000000000000e+00,0.000000000000000000e+00,0.000000000000000000e+00,0.000000000000000000e+00,0.000000000000000000e+00
6.932062720335097072e-01,-3.116740633408242034e-01,8.946755341817473894e-01,6.519257483175843609e-04,5.419838598813252195e-03,9.729983372439124922e-01,2.307475591701095841e-01,1.681935448260034049e-01,1.677117298447194926e-01,1.717901653109451809e-01,5.482859665422289419e-01,1.222994309104408484e-01,-1.429038213519308875e-01,-2.055838191882103094e-01,-5.901299335055114337e-02,-4.348608479827393292e-01,1.009349264241717475e-01,-8.862451696945741753e-02,1.721193834147264137e-02,-1.003089303843868463e-01,-8.811562323519415985e-02,2.407971938617607388e-01,-4.463081120881307595e-01,1.307187613120785574e+00,0.000000000000000000e+00,-9.983330243819221739e-02,-1.584702198496432124e-01,4.295224750091143351e-01,1.359842324859320106e+00,0.000000000000000000e+00,0.000000000000000000e+00,0.000000000000000000e+00,0.000000000000000000e+00,0.000000000000000000e+00,0.000000000000000000e+00,0.000000000000000000e+00
7.085907942363892653e-01,-3.261443215259405282e-01,8.920286116307546420e-01,2.682864268957370346e-04,7.084189363782270217e-03,9.756706070747535042e-01,2.191269238907741501e-01,2.095861358813863318e-01,1.424542598875576660e-01,1.375550902531653963e-01,4.812588135750213159e-01,1.084123182530492002e-01,-1.560157084538650041e-01,-2.314576152530453956e-01,-8.269305158216697094e-02,-4.582244356181726652e-01,1.064235816241289323e-01,-6.309719013953653255e-02,2.970531228862378567e-02,-1.164073160352375041e-01,-1.155760569103475299e-01,2.451384309138184281e-01,-4.683742916507530607e-01,1.257188524951398323e+00,0.000000000000000000e+00,-1.139660195402551479e-01,-1.718351049909303541e-01,4.354312575685508890e-01,1.345514358734456239e+00,0.000000000000000000e+00,0.000000000000000000e+00,0.000000000000000000e+00,0.000000000000000000e+00,0.000000000000000000e+00,0.000000000000000000e+00,0.000000000000000000e+00
7.247132848827786411e-01,-3.426384126017908427e-01,8.893036788763173384e-01,2.951450967808372933e-03,1.067485741046240479e-02,9.780508068048291426e-01,2.080719963495176461e-01,2.326015542249776080e-01,1.118815039334602607e-01,1.056961238643166628e-01,4.303398549357577152e-01,5.642450130984660167e-02,-1.581642035997050111e-01,-2.543148166437045887e-01,-1.151575459204006446e-01,-4.767173559572382979e-01,1.142270254113566808e-01,-3.481761237305336376e-02,4.377609925501653454e-02,-1.260415712608771166e-01,-1.434959004742102917e-01,2.448396767655970363e-01,-4.851572984626426610e-01,1.193850915832815662e+00,0.000000000000000000e+00,-1.262004052194841131e-01,-1.902622814990753697e-01,4.424799877230125578e-01,1.326645414029838266e+00,0.000000000000000000e+00,0.000000000000000000e+00,0.000000000000000000e+00,0.000000000000000000e+00,0.000000000000000000e+00,0.000000000000000000e+00,0.000000000000000000e+00
7.410951028902850179e-01,-3.607390980777095413e-01,8.863497041714609725e-01,6.042778009035354447e-03,1.650689121813697299e-02,9.800922818937555236e-01,1.977628032480759634e-01,2.417634906459626976e-01,7.620575177392462096e-02,8.424134498205324006e-02,3.932340239048683905e-01,-3.583111343018479528e-02,-1.399316953419729448e-01,-2.741447163414874599e-01,-1.524568700553752820e-01,-4.891127230983376428e-01,1.135307740389546183e-01,-1.294989954517556871e-03,6.677417044952983771e-02,-1.300431390688425726e-01,-1.739771790007283714e-01,2.384771898680876356e-01,-4.992409330608609808e-01,1.121531792366262659e+00,0.000000000000000000e+00,-1.349297033390061129e-01,-2.186781372806439472e-01,4.519169059508399977e-01,1.297289012830678878e+00,0.000000000000000000e+00,0.000000000000000000e+00,0.000000000000000000e+00,0.000000000000000000e+00,0.000000000000000000e+00,0.000000000000000000e+00,0.000000000000000000e+00
7.579764536013980925e-01,-3.803100611561675559e-01,8.814256120830454844e-01,8.896503929461925878e-03,2.043331228278525216e-02,9.817372756583571114e-01,1.889318754204657447e-01,2.317619352215439799e-01,4.347927083250840291e-02,7.101551308884843094e-02,3.774387210037358220e-01,-1.411948806055345063e-01,-1.012868960726890782e-01,-2.978139533492201729e-01,-1.866360201520628759e-01,-4.915451542602857216e-01,1.112958824493913840e-01,2.448049260959277856e-02,9.158086812503433982e-02,-1.294239056185063630e-01,-2.055840802928548261e-01,2.269994992967747094e-01,-5.120062249771615281e-01,1.061163318670440336e+00,0.000000000000000000e+00,-1.464442511430492644e-01,-2.474218728782666687e-01,4.549812800723363471e-01,1.269350319184997078e+00,0.000000000000000000e+00,0.000000000000000000e+00,0.000000000000000000e+00,0.000000000000000000e+00,0.000000000000000000e+00,0.000000000000000000e+00,0.000000000000000000e+00
7.755031477173378596e-01,-4.007607874956923277e-01,8.769649827980199319e-01,1.051698937269937399e-02,2.458609397568358584e-02,9.832867806232151731e-01,1.800889335000536995e-01,2.156619413752805525e-01,8.485822262398941621e-03,5.503032646773763081e-02,3.657062619728417285e-01,-2.517553470224873635e-01,-5.985208613349982110e-02,-3.292669678537990530e-01,-2.174578935989594508e-01,-4.616916104141557953e-01,1.045664263513384484e-01,4.001412037858851495e-02,1.204602641321580597e-01,-1.283059855832391627e-01,-2.331749801712305337e-01,2.086719010211521008e-01,-5.147594028834244773e-01,1.006537295018065770e+00,0.000000000000000000e+00,-1.545403236591667007e-01,-2.744005264544578382e-01,4.563328059827511107e-01,1.236461833423070145e+00,0.000000000000000000e+00,0.000000000000000000e+00,0.000000000000000000e+00,0.000000000000000000e+00,0.000000000000000000e+00,0.000000000000000000e+00,0.000000000000000000e+00
7.937960108571855411e-01,-4.214034368696985555e-01,8.772928245893041321e-01,1.253479775511873173e-02,3.075773363929134099e-02,9.843633552156934030e-01,1.729902470520102986e-01,1.935229147998628052e-01,-2.839574433167522602e-02,4.383708991623510437e-02,3.560877666934156305e-01,-3.462343406395704259e-01,-2.055311372112857832e-02,-3.630500995331167324e-01,-2.494790493324237357e-01,-4.242704610168123724e-01,9.347629496983472785e-02,5.922949348394190155e-02,1.573660913600535005e-01,-1.270097750332871978e-01,-2.500201206695198408e-01,1.912407573292109475e-01,-5.164190930885825814e-01,9.590260363860991788e-01,0.000000000000000000e+00,-1.633270298159693046e-01,-3.004683453442917873e-01,4.608686881683975445e-01,1.207434045319816018e+00,0.000000000000000000e+00,0.000000000000000000e+00,0.000000000000000000e+00,0.000000000000000000e+00,0.000000000000000000e+00,0.000000000000000000e+00,0.000000000000000000e+00
8.128136785084698612e-01,-4.418688036189016843e-01,8.815193031235746268e-01,1.170539324962854497e-02,3.508966647411667500e-02,9.852498309843182867e-01,1.670762389479099885e-01,1.703845026064890467e-01,-5.689487235784020797e-02,4.176364762143736781e-02,3.356424696608606983e-01,-4.014810243239177456e-01,6.219250579804027658e-03,-3.984262368056344372e-01,-2.719161818767602545e-01,-4.080731614143739971e-01,7.613978768379488227e-02,7.393922674385512706e-02,1.865245139895121418e-01,-1.288417149429619823e-01,-2.632639617560348921e-01,1.789705261823127391e-01,-5.159922869198350082e-01,9.305972841458635125e-01,0.000000000000000000e+00,-1.740729886314801023e-01,-3.177559562341126798e-01,4.624105559298072876e-01,1.183296872260510613e+00,0.000000000000000000e+00,0.000000000000000000e+00,0.000000000000000000e+00,0.000000000000000000e+00,0.000000000000000000e+00,0.000000000000000000e+00,0.000000000000000000e+00
8.320464368144855349e-01,-4.617229237761842908e-01,8.863711566009694343e-01,8.710173259822366620e-03,3.700779265442065424e-02,9.859531544272434056e-01,1.626374293931119874e-01,1.429724152047514851e-01,-8.034191869928410112e-02,3.289623113318878439e-02,3.137215216454556366e-01,-4.257894916355307591e-01,2.562998428540493034e-02,-4.348696162183938729e-01,-2.859532806309763586e-01,-3.940663650747002200e-01,6.162828039541558278e-02,8.997315229588843943e-02,2.079605203766359545e-01,-1.327070711775055756e-01,-2.647505706537200409e-01,1.665917059425401359e-01,-5.178871511475504619e-01,9.268446358105941751e-01,0.000000000000000000e+00,-1.784517871179511772e-01,-3.311533667030724937e-01,4.661325032817850156e-01,1.159260914183213531e+00,0.000000000000000000e+00,0.000000000000000000e+00,0.000000000000000000e+00,0.000000000000000000e+00,0.000000000000000000e+00,0.000000000000000000e+00,0.000000000000000000e+00
8.513571010115958959e-01,-4.806699870498117866e-01,8.921145967283369282e-01,2.091022935639274064e-03,3.687917945923447488e-02,9.863391677023012338e-01,1.605322397583359983e-01,1.113043059593374906e-01,-9.671041579463218740e-02,2.598073125462237176e-02,2.847386042982140153e-01,-4.256375347934550635e-01,4.055572926596125172e-02,-4.657032683539685247e-01,-2.899045545822354630e-01,-3.820837105299357828e-01,5.019193452657894766e-02,9.357744979995749612e-02,2.209021264114331140e-01,-1.347458080858809637e-01,-2.531471606162877253e-01,1.607571612909515224e-01,-5.136741305767722476e-01,9.374588349242308771e-01,0.000000000000000000e+00,-1.807116330744879817e-01,-3.349168311068811410e-01,4.704761925462531136e-01,1.147380522629068311e+00,0.000000000000000000e+00,0.000000000000000000e+00,0.000000000000000000e+00,0.000000000000000000e+00,0.000000000000000000e+00,0.000000000000000000e+00,0.000000000000000000e+00
8.706284098774415003e-01,-4.984566178005090942e-01,8.983744201992293066e-01,-3.645161223116490622e-03,3.566271600437641992e-02,9.867299860744073170e-01,1.583629314847659064e-01,9.013874073829972189e-02,-1.067221156422418493e-01,2.580433395434763438e-02,2.348934059549906694e-01,-3.961458892683522026e-01,5.017991562848259091e-02,-4.944801114212722948e-01,-2.940870605451645359e-01,-3.666344184922608607e-01,4.840269312286725467e-02,9.321159495401200312e-02,2.302407535944954176e-01,-1.413155795821640359e-01,-2.357451942615436669e-01,1.539008055462614821e-01,-5.077198016005112224e-01,9.701014691213173391e-01,0.000000000000000000e+00,-1.793001163790902686e-01,-3.361503482509603513e-01,4.774421722475435392e-01,1.149600168662777255e+00,0.000000000000000000e+00,0.000000000000000000e+00,0.000000000000000000e+00,0.000000000000000000e+00,0.000000000000000000e+00,0.000000000000000000e+00,0.000000000000000000e+00
8.897252295764088714e-01,-5.146746839958554753e-01,9.046943770142025221e-01,-9.479606886312939504e-03,3.144983381756307622e-02,9.868877382426446410e-01,1.580304942485662723e-01,6.963789219953894771e-02,-1.067222664966265000e-01,3.160824954702350781e-02,1.868151178656231037e-01,-3.562641031159022864e-01,5.672870624701056158e-02,-5.126300721321780385e-01,-2.928516574471977107e-01,-3.515606340400294072e-01,5.733422469999432947e-02,8.892916502417207159e-02,2.267232877990164597e-01,-1.452346980399165099e-01,-2.082261243199923506e-01,1.460128827875858959e-01,-5.015575843248208932e-01,1.033314040438424009e+00,0.000000000000000000e+00,-1.728806623744400528e-01,-3.298705918296496731e-01,4.878090892420516300e-01,1.166562808183759348e+00,0.000000000000000000e+00,0.000000000000000000e+00,0.000000000000000000e+00,0.000000000000000000e+00,0.000000000000000000e+00,0.000000000000000000e+00,0.000000000000000000e+00
9.085507944224471277e-01,-5.289882083353879549e-01,9.100109609605272487e-01,-1.499867914787878301e-02,2.745236956353039326e-02,9.867303833133175273e-01,1.593253202586453754e-01,4.660503454310697957e-02,-1.048044887552268822e-01,3.997452770087110696e-02,1.475143113849234910e-01,-3.147937095751696668e-01,6.329130754339580556e-02,-5.249629350953957108e-01,-2.888575387867730049e-01,-3.262220181563600940e-01,8.121634219721525494e-02,8.044056561540388617e-02,2.178514224506832297e-01,-1.462885727984494233e-01,-1.791219215831679756e-01,1.385776766228824508e-01,-4.895766033769318182e-01,1.115417210070317022e+00,0.000000000000000000e+00,-1.623601703186446088e-01,-3.209658901891989657e-01,4.905041982388388400e-01,1.196526445389329840e+00,0.000000000000000000e+00,0.000000000000000000e+00,0.000000000000000000e+00,0.000000000000000000e+00,0.000000000000000000e+00,0.000000000000000000e+00,0.000000000000000000e+00
9.271861646273595881e-01,-5.412812964453236342e-01,9.143281702060038763e-01,-1.895806316493971883e-02,2.385352396140494324e-02,9.862977818383485973e-01,1.621366299650088272e-01,2.647620488200750494e-02,-1.012275635425737563e-01,5.175731389514832970e-02,1.122477032887348181e-01,-2.751616521824725159e-01,6.684820762500061353e-02,-5.292242570678856728e-01,-2.827937100353728472e-01,-2.991775815876282496e-01,1.157261630594603463e-01,6.356962855550628289e-02,2.036242737555043203e-01,-1.449300158128933036e-01,-1.472302952609855220e-01,1.317713850445978996e-01,-4.729460097717466116e-01,1.202159446564878387e+00,0.000000000000000000e+00,-1.491640818208025410e-01,-3.126642925699076869e-01,4.914038402508179582e-01,1.231185802809964924e+00,0.000000000000000000e+00,0.000000000000000000e+00,0.000000000000000000e+00,0.000000000000000000e+00,0.000000000000000000e+00,0.000000000000000000e+00,0.000000000000000000e+00
9.454347923466676074e-01,-5.515399100782275577e-01,9.175242466763254834e-01,-2.209559115093671922e-02,2.139878259192457000e-02,9.857031174479354840e-01,1.656600169283335977e-01,4.468724740451797406e-03,-9.782451861094422496e-02,6.561857558580022620e-02,8.773096571247773756e-02,-2.428141976421082926e-01,7.152328962631770981e-02,-5.284457986969021137e-01,-2.777883990870981812e-01,-2.683907532205119795e-01,1.626361721038491470e-01,4.130024869337806798e-02,1.894080418653146525e-01,-1.382905148832691833e-01,-1.117822004601739250e-01,1.271953994254221287e-01,-4.532920201901171064e-01,1.282638059300188482e+00,0.000000000000000000e+00,-1.334663624900641332e-01,-3.011654717051474583e-01,4.863826140689939126e-01,1.280967058879986187e+00,0.000000000000000000e+00,0.000000000000000000e+00,0.000000000000000000e+00,0.000000000000000000e+00,0.000000000000000000e+00,0.000000000000000000e+00,0.000000000000000000e+00
9.633872276858599371e-01,-5.599478459183850898e-01,9.203115674467119423e-01,-2.383192446796617708e-02,1.906561707818531237e-02,9.850464196324566490e-01,1.695644207693927930e-01,-1.685205529195766064e-02,-9.321978936425570628e-02,7.390222204973488640e-02,7.004523480325261509e-02,-2.119889673434351418e-01,7.109832931290721580e-02,-5.186721709170993844e-01,-2.690892914950642201e-01,-2.460242843467626006e-01,2.092110414928950446e-01,1.191084628049132212e-02,1.776896583094499382e-01,-1.274083734946414026e-01,-7.263383597547945492e-02,1.282338405562793715e-01,-4.381386653978474599e-01,1.344066662531256284e+00,0.000000000000000000e+00,-1.163754531630791372e-01,-2.899895409570807381e-01,4.708813531385365736e-01,1.324608353780569514e+00,0.000000000000000000e+00,0.000000000000000000e+00,0.000000000000000000e+00,0.000000000000000000e+00,0.000000000000000000e+00,0.000000000000000000e+00,0.000000000000000000e+00
9.805609657890529407e-01,-5.669578673112948275e-01,9.225248768273301980e-01,-2.529640702418714526e-02,1.644637828804785748e-02,9.838843933195572378e-01,1.762416211202109395e-01,-3.657783129989232440e-02,-8.563719730899331528e-02,8.665347060150586922e-02,5.583174612795321901e-02,-1.866908321956819716e-01,7.119933239146286619e-02,-4.976495713182213509e-01,-2.598886276571206744e-01,-2.304566404214368758e-01,2.560187196509910446e-01,-1.608490753276658330e-02,1.627303535484357633e-01,-1.132264105393974707e-01,-2.801794829765619568e-02,1.316832497228249688e-01,-4.224554508051953650e-01,1.383158342560582899e+00,0.000000000000000000e+00,-9.790338110099608415e-02,-2.837691901434345465e-01,4.559294160530881213e-01,1.356272327637120911e+00,0.000000000000000000e+00,0.000000000000000000e+00,0.000000000000000000e+00,0.000000000000000000e+00,0.000000000000000000e+00,0.000000000000000000e+00,0.000000000000000000e+00
9.974678987970773125e-01,-5.726227471033366045e-01,9.243876194753181119e-01,-2.505739881868031954e-02,1.461726912018653651e-02,9.833284467311271815e-01,1.795094093836264448e-01,-5.430782887968537559e-02,-7.823707305952146140e-02,9.844030580737996028e-02,4.559108244974018065e-02,-1.600775141634153131e-01,6.664259918863446597e-02,-4.670907389042873170e-01,-2.513017009545836511e-01,-2.187179367300361443e-01,3.086034287654334518e-01,-5.207688699074881217e-02,1.440218023305467054e-01,-9.746288127156474412e-02,1.304178260752253057e-02,1.389510991707491594e-01,-4.098264135407236886e-01,1.411469015911833269e+00,0.000000000000000000e+00,-7.495184751562065928e-02,-2.754103496136313667e-01,4.366471263928726754e-01,1.382567759187715684e+00,0.000000000000000000e+00,0.000000000000000000e+00,0.000000000000000000e+00,0.000000000000000000e+00,0.000000000000000000e+00,0.000000000000000000e+00,0.000000000000000000e+00
1.013578904092802047e+00,-5.776604015721454877e-01,9.259298527216740515e-01,-2.436882056765723656e-02,1.107669874832833447e-02,9.827865560307321724e-01,1.827951110238802412e-01,-7.024009133581723963e-02,-6.693719684759377730e-02,1.068481195299892106e-01,3.925181078694550685e-02,-1.410141366216976777e-01,6.214998057754180655e-02,-4.269630735650257747e-01,-2.448658660229225681e-01,-2.050436433372451461e-01,3.578110675052003642e-01,-9.339923879273936969e-02,1.263475282190657245e-01,-8.223610530718530875e-02,5.747198706409679253e-02,1.512944449304030603e-01,-3.986770683999308895e-01,1.429620045070799650e+00,0.000000000000000000e+00,-5.521191058898483606e-02,-2.708527976998295617e-01,4.133539169419450099e-01,1.406951489000628941e+00,0.000000000000000000e+00,0.000000000000000000e+00,0.000000000000000000e+00,0.000000000000000000e+00,0.000000000000000000e+00,0.000000000000000000e+00,0.000000000000000000e+00
1.028869505133517270e+00,-5.823914832814218734e-01,9.269303906961475770e-01,-2.257659378353796265e-02,8.222668286506860588e-03,9.805235408754536808e-01,1.949263217947906079e-01,-8.698864096676935109e-02,-5.442852656588057642e-02,1.232866741172698316e-01,4.356517695233831644e-02,-1.262083816435163042e-01,5.692823985390428609e-02,-3.695306360005038981e-01,-2.436361281395753031e-01,-2.018129446502693325e-01,3.946281071683838682e-01,-1.309393330320022808e-01,1.126569033199406183e-01,-5.445733199067231967e-02,9.315566247760917462e-02,1.623244914175897002e-01,-3.815965890726745746e-01,1.433650711913361242e+00,0.000000000000000000e+00,-3.576197614572523137e-02,-2.636401673666369239e-01,3.858744136871219421e-01,1.423283993876143239e+00,0.000000000000000000e+00,0.000000000000000000e+00,0.000000000000000000e+00,0.000000000000000000e+00,0.000000000000000000e+00,0.000000000000000000e+00,0.000000000000000000e+00
1.043352762035564707e+00,-5.871961436487040942e-01,9.273777156076525863e-01,-1.977114495963636781e-02,5.503097693282341454e-03,9.792193062928601366e-01,2.017631480872900951e-01,-1.011250397694273689e-01,-4.506909922564872328e-02,1.310418997355245196e-01,4.953247712303445599e-02,-1.187442556906968816e-01,5.613446146734540204e-02,-3.185410444010450814e-01,-2.429470962837850800e-01,-1.877094370606118279e-01,4.187366033170384916e-01,-1.520998278996926745e-01,1.042600331467902486e-01,-3.351930182151692528e-02,1.193761389822923097e-01,1.746434643106629103e-01,-3.730270982365366250e-01,1.430080221517517458e+00,0.000000000000000000e+00,-2.740189943836627076e-02,-2.595003196604719897e-01,3.691522898609068681e-01,1.432170027350062824e+00,0.000000000000000000e+00,0.000000000000000000e+00,0.000000000000000000e+00,0.000000000000000000e+00,0.000000000000000000e+00,0.000000000000000000e+00,0.000000000000000000e+00
1.057333544923171997e+00,-5.923911249758200270e-01,9.271537438213102167e-01,-1.669131282902714189e-02,3.932300445330765871e-03,9.780299221149865163e-01,2.077580528812424387e-01,-1.134279936298359381e-01,-3.835827296324573893e-02,1.430769564103367419e-01,5.242740205639349893e-02,-1.100685660228070684e-01,5.641862030084511537e-02,-2.682203437574970928e-01,-2.459329900034562810e-01,-1.825572898140388478e-01,4.455821701579564253e-01,-1.615642605313080127e-01,9.811717426343691262e-02,-1.403471390362328805e-02,1.274647762488252956e-01,1.863322223864632421e-01,-3.595373980910444023e-01,1.425526564631598658e+00,0.000000000000000000e+00,-2.921810643734984447e-02,-2.605179611294147768e-01,3.575931931600124791e-01,1.437156096808409167e+00,0.000000000000000000e+00,0.000000000000000000e+00,0.000000000000000000e+00,0.000000000000000000e+00,0.000000000000000000e+00,0.000000000000000000e+00,0.000000000000000000e+00
1.070418284299428757e+00,-5.979728592248361174e-01,9.267962552690758304e-01,-1.300301665588752750e-02,1.180890598570241527e-03,9.757615185143225789e-01,2.184467579110872804e-01,-1.190472524418760281e-01,-2.764165251455448502e-02,1.635520792301643489e-01,4.964499148758502040e-02,-1.001824005807601115e-01,5.467184902798028628e-02,-2.112617734334378272e-01,-2.495732503975072181e-01,-1.767891124033214578e-01,4.693009991125824953e-01,-1.614367481484343392e-01,9.900698293035235797e-02,9.381971755689926667e-03,1.365664300772590212e-01,1.974825008685824890e-01,-3.408047500424613574e-01,1.413888069900529398e+00,0.000000000000000000e+00,-2.979352189109972862e-02,-2.620363862647412390e-01,3.509549740633735593e-01,1.430422616000545766e+00,0.000000000000000000e+00,0.000000000000000000e+00,0.000000000000000000e+00,0.000000000000000000e+00,0.000000000000000000e+00,0.000000000000000000e+00,0.000000000000000000e+00
1.083206598298696033e+00,-6.039275675224481388e-01,9.260373932953941400e-01,-1.101633637989588715e-02,-4.265841175343490954e-04,9.735296857463568987e-01,2.282945670167300656e-01,-1.311039561162509470e-01,-1.976950956922209068e-02,1.788130169743034070e-01,5.056143441360302221e-02,-8.968971574878409347e-02,5.846543483396385299e-02,-1.628967787171459458e-01,-2.519902605899018155e-01,-1.625440563342208100e-01,4.903131207572211103e-01,-1.491658247368617130e-01,1.016003905641465893e-01,2.629692276546403973e-02,1.312889109563444012e-01,2.000287337732977178e-01,-3.265677725042856472e-01,1.408062465765621996e+00,0.000000000000000000e+00,-4.408013265038680795e-02,-2.638688669821303012e-01,3.488537541632653616e-01,1.419509732325355822e+00,0.000000000000000000e+00,0.000000000000000000e+00,0.000000000000000000e+00,0.000000000000000000e+00,0.000000000000000000e+00,0.000000000000000000e+00,0.000000000000000000e+00
1.095764505531781730e+00,-6.098263737265370299e-01,9.249949490391271567e-01,-8.148908083883946510e-03,-1.782832332544364478e-03,9.714841553051584144e-01,2.369577025482361710e-01,-1.405872954003973274e-01,-1.264237795292096414e-02,1.946246544314249038e-01,5.025757242009171177e-02,-7.678635955548435144e-02,6.081333991142409690e-02,-1.089426111271721981e-01,-2.524843240301609115e-01,-1.482729706928242464e-01,5.076401076865921791e-01,-1.199924322126193210e-01,1.056553438093021241e-01,4.391575402903293013e-02,1.213848034790700331e-01,2.038300783841804908e-01,-3.150988489100944867e-01,1.397514728721188870e+00,0.000000000000000000e+00,-5.764926842501492954e-02,-2.661630816082670159e-01,3.466834917453863185e-01,1.404706386475986779e+00,0.000000000000000000e+00,0.000000000000000000e+00,0.000000000000000000e+00,0.000000000000000000e+00,0.000000000000000000e+00,0.000000000000000000e+00,0.000000000000000000e+00
1.108351702382740944e+00,-6.154807295995908811e-01,9.235629285500412955e-01,-5.770233812597006656e-03,-1.565822877340199322e-03,9.692855927888875955e-01,2.458651911360380804e-01,-1.551499149444309777e-01,-7.434181744497888461e-03,2.100109660094380271e-01,5.638687293897142599e-02,-6.362040701690122035e-02,6.587708069754698303e-02,-6.277922507562504195e-02,-2.516662870953465525e-01,-1.339766050833750000e-01,5.175101189386945855e-01,-8.122081132109060242e-02,1.135510729723001461e-01,5.640487735378248157e-02,1.038206225337986316e-01,2.024850162737312220e-01,-3.075700389273809399e-01,1.390787521766689849e+00,0.000000000000000000e+00,-7.638101762530802308e-02,-2.700810875282017576e-01,3.504699314612697014e-01,1.381441431232886874e+00,0.000000000000000000e+00,0.000000000000000000e+00,0.000000000000000000e+00,0.000000000000000000e+00,0.000000000000000000e+00,0.000000000000000000e+00,0.000000000000000000e+00
1.121017092903372481e+00,-6.205233011209547733e-01,9.219380168270546738e-01,-4.725987662455233967e-03,-2.234452028940440808e-04,9.672118263120729198e-01,2.539269543686160646e-01,-1.695715760129365979e-01,-3.431483577095491982e-03,2.246362940407855002e-01,5.561703805584312238e-02,-4.703329413677909132e-02,6.499293428469422873e-02,-1.918580742289344512e-02,-2.455518244220939172e-01,-1.132664167956415197e-01,5.166294998745951661e-01,-4.195675367318867782e-02,1.256279863736947666e-01,6.545505441292380489e-02,7.831197215597902883e-02,2.010936814211678469e-01,-3.072460819393847964e-01,1.377948293826901649e+00,0.000000000000000000e+00,-9.551587421239321474e-02,-2.714169495006947264e-01,3.626207139639542887e-01,1.353876896624318427e+00,0.000000000000000000e+00,0.000000000000000000e+00,0.000000000000000000e+00,0.000000000000000000e+00,0.000000000000000000e+00,0.000000000000000000e+00,0.000000000000000000e+00
1.133902178082734302e+00,-6.251723875516105311e-01,9.204678815031398509e-01,-4.124539210457154291e-03,-3.121054547639554640e-04,9.649076220903245460e-01,2.625569873350989125e-01,-1.833076738375808978e-01,5.546132019035277319e-03,2.417115187120827402e-01,5.424891220239191209e-02,-3.083544555841942481e-02,6.701676193476695242e-02,2.015524574571470398e-02,-2.425257784200403333e-01,-9.823793044075662673e-02,5.097862468575279360e-01,5.743551065928789723e-04,1.375552174429857666e-01,7.220177503927152629e-02,5.361290481304994970e-02,1.989903119580713753e-01,-3.167817617627958215e-01,1.361242167386415902e+00,0.000000000000000000e+00,-1.152571064419126851e-01,-2.741214172099232238e-01,3.796429396483457785e-01,1.320980825110223966e+00,0.000000000000000000e+00,0.000000000000000000e+00,0.000000000000000000e+00,0.000000000000000000e+00,0.000000000000000000e+00,0.000000000000000000e+00,0.000000000000000000e+00
1.147304502731019804e+00,-6.290732667081490037e-01,9.187072559802315075e-01,-3.301461851207011019e-03,-4.117570117654354225e-05,9.625367670571658429e-01,2.711310950764352357e-01,-1.969358020174146184e-01,1.608329077688845643e-02,2.616703798877957343e-01,5.366211000260252828e-02,-1.597219343748020048e-02,6.744441788960811590e-02,5.180404826190229683e-02,-2.390035519586306556e-01,-8.749344548793935861e-02,4.998132767389070197e-01,3.496720893007437825e-02,1.474240684058240047e-01,7.678338149213966013e-02,2.547382002363268380e-02,1.962483307253802267e-01,-3.328937765186011921e-01,1.342988125176587166e+00,0.000000000000000000e+00,-1.401014089491557646e-01,-2.730997695752869214e-01,3.993976480873011603e-01,1.287281758297788459e+00,0.000000000000000000e+00,0.000000000000000000e+00,0.000000000000000000e+00,0.000000000000000000e+00,0.000000000000000000e+00,0.000000000000000000e+00,0.000000000000000000e+00
1.161370752589175659e+00,-6.322889844901322665e-01,9.174264454179169581e-01,-2.337609574803622275e-03,-7.615948830919511137e-04,9.595302413713556744e-01,2.815948711332267873e-01,-2.114986324594408662e-01,3.185775408816235443e-02,2.795582737997761025e-01,5.785579583435547513e-02,9.865196254468591719e-04,6.506658864446948631e-02,7.856852744110595643e-02,-2.312373099767127682e-01,-7.057598844060465615e-02,4.787670335631201146e-01,5.702890191098778511e-02,1.617392234091229453e-01,8.144465967405385698e-02,-1.257274789287710602e-02,1.995744725318593926e-01,-3.474028141588070273e-01,1.313264995846203487e+00,0.000000000000000000e+00,-1.631261643097585701e-01,-2.716482879136243866e-01,4.181634272454550771e-01,1.247729258399689511e+00,0.000000000000000000e+00,0.000000000000000000e+00,0.000000000000000000e+00,0.000000000000000000e+00,0.000000000000000000e+00,0.000000000000000000e+00,0.000000000000000000e+00
1.176235753889935731e+00,-6.346435031121927528e-01,9.156413021975431388e-01,-2.285096540197731514e-03,-9.990106263095079910e-04,9.572797357196597412e-01,2.891527068731498673e-01,-2.285348078972045116e-01,4.785418248967293620e-02,2.945887403943461824e-01,6.091013132458820978e-02,1.864324082697733226e-02,5.779690886308658238e-02,9.645296279769469128e-02,-2.167234645258403203e-01,-6.131070399176055674e-02,4.505989423810101147e-01,5.244652205428879804e-02,1.701435244832220917e-01,8.605352213298504693e-02,-4.621873413160861033e-02,2.020262962969311127e-01,-3.627919466179583829e-01,1.287251596520202268e+00,0.000000000000000000e+00,-1.838427393133477417e-01,-2.646464332940374198e-01,4.400008669169730435e-01,1.216743548607008618e+00,0.000000000000000000e+00,0.000000000000000000e+00,0.000000000000000000e+00,0.000000000000000000e+00,0.000000000000000000e+00,0.000000000000000000e+00,0.000000000000000000e+00
1.192237277324019074e+00,-6.364464663021394131e-01,9.137507121627818085e-01,-3.545442669856244903e-03,-2.745069015049985718e-04,9.557977506848851501e-01,2.940034256058092765e-01,-2.454764565964382417e-01,6.099986929185116646e-02,3.033940101818332624e-01,5.419127122741421165e-02,4.212616094941323830e-02,4.269032457661341845e-02,1.025552251459397185e-01,-1.992563885716559513e-01,-5.464950421301192907e-02,4.237393726306147856e-01,3.981744102080167491e-02,1.742758570653404615e-01,8.477476447841131302e-02,-8.191529113838336151e-02,2.072535957232142512e-01,-3.789334893762136280e-01,1.255994147684017515e+00,0.000000000000000000e+00,-2.003571439416192146e-01,-2.573868286922178505e-01,4.645192773656431906e-01,1.184416465654367867e+00,0.000000000000000000e+00,0.000000000000000000e+00,0.000000000000000000e+00,0.000000000000000000e+00,0.000000000000000000e+00,0.000000000000000000e+00,0.000000000000000000e+00
1.209279372976663991e+00,-6.381422540839749580e-01,9.115354735658074414e-01,-5.297927757937247704e-03,-4.907874318354757057e-04,9.544256026295256934e-01,2.984015082643447503e-01,-2.633802238179573374e-01,7.741191929842552999e-02,3.113517264450511579e-01,4.559751089595524137e-02,7.037597944115783766e-02,2.793126620697546775e-02,1.062661441305688681e-01,-1.773907652535423596e-01,-4.861946776647559781e-02,3.905590027764675454e-01,1.030356082912138940e-02,1.793639992806071448e-01,8.500256287784857534e-02,-1.188461503681657871e-01,2.197205208572569068e-01,-3.964792000170079822e-01,1.217356204116438745e+00,0.000000000000000000e+00,-2.140335960191336873e-01,-2.536422733190643042e-01,4.898973228241753630e-01,1.159875694802945167e+00,0.000000000000000000e+00,0.000000000000000000e+00,0.000000000000000000e+00,0.000000000000000000e+00,0.000000000000000000e+00,0.000000000000000000e+00,0.000000000000000000e+00
1.227549254457782180e+00,-6.401109049721903643e-01,9.087044263345295247e-01,-6.535847854621890628e-03,-2.226425647414437790e-03,9.528603166907831934e-01,3.033307478604821417e-01,-2.802173517590783036e-01,9.773991364409467808e-02,3.178976474364887395e-01,3.557620363976473493e-02,9.859364644726903437e-02,1.487490192518183332e-02,1.012387303873813760e-01,-1.549157499167004293e-01,-3.782638120852670899e-02,3.745212898477452423e-01,-3.053147323048287232e-02,1.778580598124568923e-01,8.567237775306353609e-02,-1.545685162333848006e-01,2.397113431104924974e-01,-4.060430187614295083e-01,1.161221170309852058e+00,0.000000000000000000e+00,-2.278167073196061265e-01,-2.515406154833534913e-01,5.135394797080579110e-01,1.133692958858560473e+00,0.000000000000000000e+00,0.000000000000000000e+00,0.000000000000000000e+00,0.000000000000000000e+00,0.000000000000000000e+00,0.000000000000000000e+00,0.000000000000000000e+00
1.246935925811026635e+00,-6.423327054591237983e-01,9.048482645120763390e-01,-8.372810642031245504e-03,-4.139679465795934217e-03,9.514394083497801358e-01,3.076943472585976780e-01,-3.027524687261690106e-01,1.208715254265705225e-01,3.259214085752766277e-01,3.219615794801547470e-02,1.205899025401650365e-01,1.348667307532032400e-03,8.596366332606072969e-02,-1.275887617854151168e-01,-2.468750359101198888e-02,3.661016268597208634e-01,-8.203755366274642635e-02,1.723814404235094189e-01,8.374611401394702059e-02,-1.871860087580194953e-01,2.625707027139796979e-01,-4.066200676789901713e-01,1.099434082580418970e+00,0.000000000000000000e+00,-2.406689896578800836e-01,-2.473068762342033877e-01,5.282769653349468353e-01,1.114286326882861999e+00,0.000000000000000000e+00,0.000000000000000000e+00,0.000000000000000000e+00,0.000000000000000000e+00,0.000000000000000000e+00,0.000000000000000000e+00,0.000000000000000000e+00
1.267106088437017108e+00,-6.446875169274807194e-01,9.006581599198560939e-01,-1.033405886410771954e-02,-6.408769163280834090e-03,9.496377088419531987e-01,3.131139678305837615e-01,-3.246581575027664424e-01,1.462184697606232764e-01,3.360037367078234083e-01,2.696430780515620546e-02,1.405870574723219191e-01,-1.305881070624346357e-02,7.112456083243295923e-02,-1.025467512672188913e-01,-2.237846479101271435e-02,3.651988126589806871e-01,-1.430877816709432426e-01,1.558077186535985481e-01,8.597068886374156782e-02,-2.140076914828177024e-01,2.897253998583430024e-01,-4.017886274532098678e-01,1.030027029046750586e+00,0.000000000000000000e+00,-2.491884005059409046e-01,-2.443875538904097255e-01,5.401566833546059820e-01,1.089511865356128206e+00,0.000000000000000000e+00,0.000000000000000000e+00,0.000000000000000000e+00,0.000000000000000000e+00,0.000000000000000000e+00,0.000000000000000000e+00,0.000000000000000000e+00
1.287915984849748341e+00,-6.471339003202104534e-01,8.955580610035379641e-01,-1.301056269744307013e-02,-8.821575916483748170e-03,9.482773402385075157e-01,3.170536091055085604e-01,-3.501362756932492881e-01,1.716774155726309425e-01,3.436595957265102252e-01,2.178139682269533348e-02,1.488920765037016203e-01,-2.682826625138984983e-02,4.884810436164061659e-02,-7.111023574749167353e-02,-2.418021149262221739e-02,3.713189587835011296e-01,-2.234753956469635039e-01,1.315200630840936968e-01,8.833939476536374624e-02,-2.288657474101580547e-01,3.193379936629153204e-01,-3.875988208237060029e-01,9.607005680694196137e-01,0.000000000000000000e+00,-2.514792824546139283e-01,-2.367255005472185814e-01,5.373186070483401133e-01,1.080007851590955470e+00,0.000000000000000000e+00,0.000000000000000000e+00,0.000000000000000000e+00,0.000000000000000000e+00,0.000000000000000000e+00,0.000000000000000000e+00,0.000000000000000000e+00
1.309052110190488616e+00,-6.497103849810034193e-01,8.906663175317309777e-01,-1.610144852046781899e-02,-1.173368155291021862e-02,9.466149034785990013e-01,3.217503513361901768e-01,-3.759186543405707570e-01,1.972941610648615285e-01,3.449698185157089592e-01,1.184563553730704627e-02,1.441122742114963051e-01,-4.354986766496285466e-02,2.425532111219324063e-02,-4.412030372031656988e-02,-3.273701605661591407e-02,3.897744650062340832e-01,-3.247967460378100024e-01,1.001012930852790972e-01,9.093313229290855837e-02,-2.362086870829097351e-01,3.456049317183556568e-01,-3.673435584577833812e-01,8.974611541244658097e-01,0.000000000000000000e+00,-2.494710535446079402e-01,-2.264682772518911424e-01,5.294368103373577883e-01,1.074765491472768675e+00,0.000000000000000000e+00,0.000000000000000000e+00,0.000000000000000000e+00,0.000000000000000000e+00,0.000000000000000000e+00,0.000000000000000000e+00,0.000000000000000000e+00
1.330206333159018373e+00,-6.524678436056499109e-01,8.898568892827790622e-01,-2.011300175892751299e-02,-1.332802803312359806e-02,9.438331694204807887e-01,3.295402541885974479e-01,-4.059221256879014250e-01,2.187965151172069078e-01,3.364855714026721567e-01,1.819474225887315541e-03,1.340453170844086439e-01,-6.344705544691633947e-02,-6.120501461442103691e-03,-2.640986755135465644e-02,-4.990198298814450123e-02,4.037234790918574068e-01,-4.035025864542478580e-01,7.149898502394162747e-02,9.758520609602498730e-02,-2.319791626393776784e-01,3.620286777043804083e-01,-3.379777514425980622e-01,8.431066841603229722e-01,0.000000000000000000e+00,-2.468861110602845743e-01,-2.200436077214878161e-01,5.236348977955668227e-01,1.076317477368878173e+00,0.000000000000000000e+00,0.000000000000000000e+00,0.000000000000000000e+00,0.000000000000000000e+00,0.000000000000000000e+00,0.000000000000000000e+00,0.000000000000000000e+00
1.351309865075763783e+00,-6.555746101771278145e-01,8.901444677917550452e-01,-2.343182824287130817e-02,-1.262944438115359141e-02,9.418323718373634579e-01,3.350272077295032847e-01,-4.352686340724181147e-01,2.314351551034344312e-01,3.360328133847927945e-01,-1.071748977891582438e-02,1.186145128098113344e-01,-7.447250447986838995e-02,-3.737241432589313156e-02,-1.344124303114757960e-02,-6.351140138578983962e-02,4.150514210900285161e-01,-4.586798086696394772e-01,5.004275411685256414e-02,1.027820017004649616e-01,-2.235027644275379699e-01,3.693172689679741216e-01,-3.108460242436588139e-01,8.001252090980436327e-01,0.000000000000000000e+00,-2.456769901737014816e-01,-2.130728771998952886e-01,5.142655337470971588e-01,1.094821893665149704e+00,0.000000000000000000e+00,0.000000000000000000e+00,0.000000000000000000e+00,0.000000000000000000e+00,0.000000000000000000e+00,0.000000000000000000e+00,0.000000000000000000e+00
1.372034681633786724e+00,-6.589700719360236381e-01,8.908770081703120125e-01,-2.629728383417503923e-02,-1.046354120878548177e-02,9.396833107657533990e-01,3.408727660530111447e-01,-4.676193677309247732e-01,2.427360651215220988e-01,3.410512719506488821e-01,-2.193565273170254570e-02,1.054293285567238642e-01,-8.275250695543187596e-02,-6.649449368392652826e-02,-6.558935891007793700e-03,-8.354112033423202743e-02,4.190075409327432276e-01,-4.976001249035973406e-01,3.297565231195334623e-02,1.069885013149116104e-01,-2.151944673868191604e-01,3.726547282432319808e-01,-2.897099999554230698e-01,7.762823379245445965e-01,0.000000000000000000e+00,-2.427976148698658965e-01,-2.085838086571494832e-01,5.048534803824874517e-01,1.113552652830236189e+00,0.000000000000000000e+00,0.000000000000000000e+00,0.000000000000000000e+00,0.000000000000000000e+00,0.000000000000000000e+00,0.000000000000000000e+00,0.000000000000000000e+00
1.392118302125094242e+00,-6.628700294523079961e-01,8.922264578530080259e-01,-2.884834964594006762e-02,-8.038413417544154962e-03,9.384055881855065673e-01,3.442355424627865923e-01,-4.976668668614940838e-01,2.482047125611122895e-01,3.451136858488078607e-01,-2.702885931203554554e-02,9.310671990151110633e-02,-8.727909108958883944e-02,-9.315682745004336129e-02,-4.004537646205147405e-05,-9.931765844432460799e-02,4.149892413923930712e-01,-5.142185470588253038e-01,2.175941721852059363e-02,1.113276659867740853e-01,-2.003501909134572101e-01,3.664601283099689355e-01,-2.721480763871219621e-01,7.779130086574014280e-01,0.000000000000000000e+00,-2.327611299455234484e-01,-2.021416571467570811e-01,4.957552707005067893e-01,1.141364206624227773e+00,0.000000000000000000e+00,0.000000000000000000e+00,0.000000000000000000e+00,0.000000000000000000e+00,0.000000000000000000e+00,0.000000000000000000e+00,0.000000000000000000e+00
1.411337944569031722e+00,-6.672699474386371010e-01,8.940299494680168380e-01,-3.191177367934160125e-02,-4.751196092260668788e-03,9.368719085230916566e-01,3.481811193281910688e-01,-5.228741762587035824e-01,2.521957153180582889e-01,3.501569315547004013e-01,-2.695852646685271622e-02,7.807362457870538341e-02,-9.060441817343153903e-02,-1.175132545648461119e-01,4.984092589281015340e-03,-1.121940692975156584e-01,4.025292030588810133e-01,-5.194947387111793491e-01,1.433087271776602167e-02,1.145481843435131736e-01,-1.770944745201282755e-01,3.593951122986033253e-01,-2.621933754904622882e-01,8.091426421993046514e-01,0.000000000000000000e+00,-2.191078459481651253e-01,-1.959787449759346489e-01,4.843435295177063726e-01,1.179469361965821639e+00,0.000000000000000000e+00,0.000000000000000000e+00,0.000000000000000000e+00,0.000000000000000000e+00,0.000000000000000000e+00,0.000000000000000000e+00,0.000000000000000000e+00
1.429710684430375078e+00,-6.725113235009434476e-01,8.968786162109061433e-01,-3.429135456544244592e-02,-4.117078845756192221e-03,9.356423182809087136e-01,3.512557542671330135e-01,-5.461006589709102022e-01,2.603542953269609717e-01,3.563889262057250984e-01,-7.655235013829662059e-03,5.788874167488664013e-02,-8.720829868967180931e-02,-1.296998198255363832e-01,1.484842555185557009e-02,-1.249658341334951572e-01,3.673126567024219136e-01,-4.951813957006796496e-01,1.120956561967098586e-02,1.138897089930634432e-01,-1.502098351837654611e-01,3.452146530295398530e-01,-2.570185038983304193e-01,8.776164496242264690e-01,0.000000000000000000e+00,-2.018323749527847211e-01,-1.901362911523348243e-01,4.771743370380191474e-01,1.220357674528668612e+00,0.000000000000000000e+00,0.000000000000000000e+00,0.000000000000000000e+00,0.000000000000000000e+00,0.000000000000000000e+00,0.000000000000000000e+00,0.000000000000000000e+00
1.447218549062495585e+00,-6.783655383098194935e-01,9.000355272202217316e-01,-3.335508618339617926e-02,-2.644661653011105666e-03,9.350010701161187709e-01,3.530629446319066833e-01,-5.608755187292592259e-01,2.665085634778331380e-01,3.624987652571777241e-01,3.350329137412443731e-02,3.047845690459500753e-02,-7.698794905297881574e-02,-1.353742926721427375e-01,1.927319629136958756e-02,-1.354750092163481412e-01,3.317162039378201976e-01,-4.633393912283301774e-01,1.167173913529818280e-02,1.076903917387144333e-01,-1.251398967586810906e-01,3.237342525468761556e-01,-2.639252416969614656e-01,9.803965223496068360e-01,0.000000000000000000e+00,-1.833285892088182545e-01,-1.865864159182193116e-01,4.735363535368111165e-01,1.272535472959083869e+00,0.000000000000000000e+00,0.000000000000000000e+00,0.000000000000000000e+00,0.000000000000000000e+00,0.000000000000000000e+00,0.000000000000000000e+00,0.000000000000000000e+00
1.463335534011984684e+00,-6.844729164656165876e-01,9.033745411105692513e-01,-3.137144680936241464e-02,-1.104517132137677058e-03,9.341945588326479033e-01,3.553802732489063088e-01,-5.725931366014977986e-01,2.742682873196267135e-01,3.723437190897332938e-01,1.046019642011080525e-01,2.220676593009559413e-03,-6.021547448957801502e-02,-1.374814062239877177e-01,2.139773056866270742e-02,-1.459385615983717355e-01,2.939362459245311032e-01,-4.202850561484979819e-01,1.330234474940871631e-02,1.009674395456572893e-01,-9.608870019014728592e-02,2.970952616781741829e-01,-2.885552339088184870e-01,1.108822252658279384e+00,0.000000000000000000e+00,-1.571219153261532997e-01,-1.860127810020651973e-01,4.701353851451098298e-01,1.318213564784204150e+00,0.000000000000000000e+00,0.000000000000000000e+00,0.000000000000000000e+00,0.000000000000000000e+00,0.000000000000000000e+00,0.000000000000000000e+00,0.000000000000000000e+00
1.477868175150031771e+00,-6.905665029591621096e-01,9.061218933599185510e-01,-3.151688358597604794e-02,1.427578217482595828e-04,9.336421446617311215e-01,3.568178966653386963e-01,-5.869564828782271038e-01,2.832268970759082016e-01,3.746495021011685411e-01,2.031883767906173255e-01,-2.849290059713346576e-02,-3.890203364303839589e-02,-1.412243890196744900e-01,2.562110902995913889e-02,-1.534158244840203578e-01,2.540235432746978939e-01,-3.749078020202474271e-01,1.774874439937485643e-02,9.559779108056797037e-02,-6.466678298770821287e-02,2.691412736504141257e-01,-3.213564465142355053e-01,1.224883062150687207e+00,0.000000000000000000e+00,-1.274105642373769276e-01,-1.848838644332629622e-01,4.585338184804170769e-01,1.354517767758259161e+00,0.000000000000000000e+00,0.000000000000000000e+00,0.000000000000000000e+00,0.000000000000000000e+00,0.000000000000000000e+00,0.000000000000000000e+00,0.000000000000000000e+00
1.491083354518354609e+00,-6.967593317419730203e-01,9.080618333487638916e-01,-3.140208527471877870e-02,1.348923032371671452e-03,9.310521476101872862e-01,3.635298995646863429e-01,-5.967476043537437436e-01,2.994739633527437883e-01,3.716250583943421226e-01,3.117059255742310464e-01,-5.331234539419337642e-02,-2.152196569359447753e-02,-1.470965422906301834e-01,3.081705385069633332e-02,-1.528292291040860285e-01,2.208098874613207974e-01,-3.352896586610474294e-01,2.111597845254994249e-02,1.001588186510450756e-01,-3.336595057236795697e-02,2.473729668623120548e-01,-3.320073816948785339e-01,1.302370171884632333e+00,0.000000000000000000e+00,-9.867508271851326007e-02,-1.868639743156461364e-01,4.548747127808063784e-01,1.379761736199813571e+00,0.000000000000000000e+00,0.000000000000000000e+00,0.000000000000000000e+00,0.000000000000000000e+00,0.000000000000000000e+00,0.000000000000000000e+00,0.000000000000000000e+00
1.503196343146086189e+00,-7.031045034037322061e-01,9.090303794559351225e-01,-2.973828867492823991e-02,8.121922979378247941e-04,9.288237335155579144e-01,3.693256646762838047e-01,-5.940348390455862937e-01,3.169094186700086579e-01,3.692297216557325901e-01,4.124713776350802941e-01,-6.560575575409655080e-02,-1.098625290494497156e-02,-1.528285869676154485e-01,3.704233878714525280e-02,-1.516562411890484408e-01,2.006201515722443041e-01,-3.051699002729164056e-01,2.612089990507497628e-02,1.085340227721659778e-01,-6.378950561287404994e-03,2.372200947631880052e-01,-3.324688197754377961e-01,1.344198388019011148e+00,0.000000000000000000e+00,-7.137417726998242229e-02,-1.853763562331426085e-01,4.556438848706506062e-01,1.399389504261400408e+00,0.000000000000000000e+00,0.000000000000000000e+00,0.000000000000000000e+00,0.000000000000000000e+00,0.000000000000000000e+00,0.000000000000000000e+00,0.000000000000000000e+00
1.514620059378007255e+00,-7.095854691972420802e-01,9.099790058025991613e-01,-3.032806745759228026e-02,2.777497973888755963e-03,9.286895036077899013e-01,3.696056002254441419e-01,-5.815286815849877167e-01,3.240317399423680023e-01,3.789615595515507529e-01,4.897134773796517071e-01,-7.420722781927774347e-02,-3.505529272012294917e-03,-1.661054140247592570e-01,3.670092409058869909e-02,-1.569754258860033558e-01,1.860583329274395070e-01,-2.780698472601568771e-01,2.900809475421598990e-02,1.100484044988201959e-01,1.563761088401571450e-02,2.352726209515203781e-01,-3.336029854811203288e-01,1.362525180990026064e+00,0.000000000000000000e+00,-4.936891467880612228e-02,-1.862962975149759504e-01,4.527149116997956635e-01,1.422320560553152813e+00,0.000000000000000000e+00,0.000000000000000000e+00,0.000000000000000000e+00,0.000000000000000000e+00,0.000000000000000000e+00,0.000000000000000000e+00,0.000000000000000000e+00
1.525365609810459322e+00,-7.158694401315158773e-01,9.108528553780013137e-01,-2.685832634164406207e-02,2.659940839290802616e-03,9.303645347758131567e-01,3.656410636843773765e-01,-5.497847192994294030e-01,3.275766081308353339e-01,3.775981769479920258e-01,5.690079171226927190e-01,-9.274344024056549451e-02,3.686290668814855981e-03,-1.626051804438416459e-01,3.622827741880035174e-02,-1.660580562877353172e-01,1.621259863904280230e-01,-2.524321427530380468e-01,3.193982289676228215e-02,1.111676275996188318e-01,3.531393822161386226e-02,2.399383787250450595e-01,-3.365125165747975822e-01,1.367715883691602130e+00,0.000000000000000000e+00,-2.688935749589126470e-02,-1.875218267301945463e-01,4.494781624840074041e-01,1.445324279266581025e+00,0.000000000000000000e+00,0.000000000000000000e+00,0.000000000000000000e+00,0.000000000000000000e+00,0.000000000000000000e+00,0.000000000000000000e+00,0.000000000000000000e+00
1.535512684852460064e+00,-7.224004098371045179e-01,9.113617710315782272e-01,-2.579603016242217745e-02,2.938443694875773025e-03,9.329625184887004874e-01,3.590360280970883444e-01,-5.110762899260424819e-01,3.231690377290652449e-01,3.795973942717443261e-01,6.315214608304162702e-01,-9.790339998881787686e-02,8.932406778867481301e-03,-1.666799906933671971e-01,3.461809238254816290e-02,-1.763705730271556416e-01,1.438635990432780010e-01,-2.282191398273325511e-01,3.711959330840907539e-02,1.052285076438283090e-01,5.365040380064857450e-02,2.387841869173782106e-01,-3.329475260831151195e-01,1.373375746613620496e+00,0.000000000000000000e+00,-4.560205543882227784e-03,-1.893123296481452889e-01,4.477331244813829714e-01,1.446541036801469282e+00,0.000000000000000000e+00,0.000000000000000000e+00,0.000000000000000000e+00,0.000000000000000000e+00,0.000000000000000000e+00,0.000000000000000000e+00,0.000000000000000000e+00
1.545674124597021581e+00,-7.291396185305440980e-01,9.119437295675751898e-01,-2.299919548363126703e-02,3.936631327955226675e-03,9.362728725327743584e-01,3.504977148286721467e-01,-4.676809115239186632e-01,3.130055629115529037e-01,3.691638354705046310e-01,6.899745301979612888e-01,-1.079298280170922636e-01,1.361862693939598114e-02,-1.699518557574090094e-01,2.787011718726139023e-02,-1.921172808635976115e-01,1.310961560164994599e-01,-2.068096470310574198e-01,3.554908920009951928e-02,9.475331821410676314e-02,7.367368107718802461e-02,2.324283949649542103e-01,-3.247920916399757996e-01,1.381857370740533497e+00,0.000000000000000000e+00,1.624178042527390370e-02,-1.904600635609743908e-01,4.325552034054642725e-01,1.452457839841250431e+00,0.000000000000000000e+00,0.000000000000000000e+00,0.000000000000000000e+00,0.000000000000000000e+00,0.000000000000000000e+00,0.000000000000000000e+00,0.000000000000000000e+00
1.556058462951673160e+00,-7.359249305120659779e-01,9.124348546124995130e-01,-1.889762970342709694e-02,5.426720466167468671e-03,9.407657741096795423e-01,3.384866150387489947e-01,-4.074555833261568338e-01,2.998404078237961179e-01,3.572418053165399288e-01,7.435598741276520096e-01,-1.166801526793752458e-01,1.739135402701406236e-02,-1.743216543923641892e-01,1.637690537001895014e-02,-2.101593861731630986e-01,1.267185380198085909e-01,-1.899811516952930046e-01,3.691475693359214799e-02,7.961223138156378609e-02,8.759867753402533763e-02,2.261032541536148188e-01,-3.236844340470577119e-01,1.381109332278776858e+00,0.000000000000000000e+00,3.104253994529709501e-02,-1.905080322224297074e-01,4.146334996072443269e-01,1.451041578728935022e+00,0.000000000000000000e+00,0.000000000000000000e+00,0.000000000000000000e+00,0.000000000000000000e+00,0.000000000000000000e+00,0.000000000000000000e+00,0.000000000000000000e+00
1.566538262379838287e+00,-7.427940353545147145e-01,9.122550352862437428e-01,-1.659720118546812936e-02,6.325862230748931052e-03,9.451528482182581792e-01,3.261450749049592535e-01,-3.363098518178544993e-01,2.887732412012657957e-01,3.527948405777684981e-01,7.758348250677096214e-01,-1.121195729806295366e-01,1.018239410677041629e-02,-1.825825501119298921e-01,5.812592685842301460e-03,-2.330551849428845468e-01,1.241848455910613824e-01,-1.744682845743470156e-01,3.908893377714684619e-02,5.665093536979746991e-02,9.630273369635521108e-02,2.215934786937720502e-01,-3.261909030686597211e-01,1.385322736482707873e+00,0.000000000000000000e+00,3.674275240194873476e-02,-1.883543915235916522e-01,4.050196608818160682e-01,1.447075417563653543e+00,0.000000000000000000e+00,0.000000000000000000e+00,0.000000000000000000e+00,0.000000000000000000e+00,0.000000000000000000e+00,0.000000000000000000e+00,0.000000000000000000e+00
1.577394302351926347e+00,-7.497329394874914232e-01,9.114674857381857009e-01,-1.647899695902476508e-02,6.520863952184367818e-03,9.495800098505078335e-01,3.130235228938100800e-01,-2.635668682737752344e-01,2.828947327615452534e-01,3.564609747267423190e-01,7.911949901327277601e-01,-9.556694469701146333e-02,-1.607208065312153850e-03,-1.938333614822760897e-01,-2.929750059894783640e-03,-2.612537179724785386e-01,1.195933451283689719e-01,-1.580972689115785479e-01,4.158502277360762167e-02,3.301236656602157815e-02,9.304957115132235501e-02,2.154620057268235855e-01,-3.329659381483199843e-01,1.389355547104023092e+00,0.000000000000000000e+00,3.149061872139385931e-02,-1.815051739522280383e-01,3.944532938368231489e-01,1.441562457054150093e+00,0.000000000000000000e+00,0.000000000000000000e+00,0.000000000000000000e+00,0.000000000000000000e+00,0.000000000000000000e+00,0.000000000000000000e+00,0.000000000000000000e+00
1.588526168629218027e+00,-7.566531682591032260e-01,9.105402075324428024e-01,-1.435705823511756671e-02,6.527220688589590106e-03,9.531621423344484034e-01,3.020483416430577162e-01,-1.866410091889187384e-01,2.651013218992537834e-01,3.481975868868875112e-01,7.817874385940188908e-01,-7.815089444256687057e-02,-1.520680309044805320e-02,-1.994581201679204163e-01,-1.070208357929245541e-02,-2.838290390772789662e-01,1.118507602838487436e-01,-1.433203728796582921e-01,4.439561479961483259e-02,7.711275276715135255e-03,8.146165458433425599e-02,2.084811983862916995e-01,-3.469286186917424630e-01,1.392982931116746759e+00,0.000000000000000000e+00,2.001407564144198209e-02,-1.759952260333156326e-01,3.892163491409036391e-01,1.437134146235453658e+00,0.000000000000000000e+00,0.000000000000000000e+00,0.000000000000000000e+00,0.000000000000000000e+00,0.000000000000000000e+00,0.000000000000000000e+00,0.000000000000000000e+00
1.600283940724127385e+00,-7.635381150431606034e-01,9.095375576057431743e-01,-1.047933503037311483e-02,8.274661911431132819e-03,9.572566707246891182e-01,2.889314449149792408e-01,-1.146146899515267936e-01,2.499197689409351497e-01,3.391335896541476380e-01,7.490303056416577343e-01,-5.644207671475845456e-02,-2.929373944061984189e-02,-2.001755581836808517e-01,-2.442855781820228028e-02,-3.142540923036510336e-01,1.003756956129172317e-01,-1.319390590802162755e-01,3.706063346731006819e-02,-1.381120375207033762e-02,6.250764989818118067e-02,2.034899100356824808e-01,-3.627128498262494616e-01,1.393978424755450751e+00,0.000000000000000000e+00,4.104424540657615646e-03,-1.673502965019856292e-01,3.933457202136937392e-01,1.430466782814694637e+00,0.000000000000000000e+00,0.000000000000000000e+00,0.000000000000000000e+00,0.000000000000000000e+00,0.000000000000000000e+00,0.000000000000000000e+00,0.000000000000000000e+00
1.612216847563755273e+00,-7.712931497753273691e-01,9.084263316852052572e-01,-8.075846794592965450e-03,9.892982140605226932e-03,9.608971746553444104e-01,2.766107903576671689e-01,-4.776052736134949600e-02,2.270226093644576726e-01,3.216817198542598621e-01,7.020857674774476642e-01,-2.544235811753010890e-02,-5.336724835373958531e-02,-2.073389755591759365e-01,-3.779637984117617533e-02,-3.401774139257899288e-01,9.430312926134992724e-02,-1.195265485013475848e-01,3.160349112873269556e-02,-3.754355227810875911e-02,3.498899170217686927e-02,2.016529657807916709e-01,-3.892846909888805773e-01,1.385875555150853256e+00,0.000000000000000000e+00,-2.201578479365591881e-02,-1.604788681698699482e-01,3.983017808136816162e-01,1.419887804663572117e+00,0.000000000000000000e+00,0.000000000000000000e+00,0.000000000000000000e+00,0.000000000000000000e+00,0.000000000000000000e+00,0.000000000000000000e+00,0.000000000000000000e+00
1.624219510318884341e+00,-7.800794615195991710e-01,9.071633243424263027e-01,-7.695931298807445406e-03,1.289446865919007326e-02,9.644551836008583567e-01,2.638194536892169983e-01,7.028641236427243637e-03,2.025253254820441884e-01,2.982748398553418667e-01,6.444719731836971999e-01,-2.967074442031132284e-03,-7.302874998864056222e-02,-2.181507020133697239e-01,-5.500791499394098311e-02,-3.684158081742840984e-01,8.424604669228351328e-02,-1.016028977927307536e-01,3.435289590882394800e-02,-5.596914597881182118e-02,4.819633610852853793e-03,2.003108211166757524e-01,-4.205657615078164935e-01,1.376197882438664477e+00,0.000000000000000000e+00,-4.760722664116292385e-02,-1.530853084700173894e-01,4.053317899825940596e-01,1.411408514091426314e+00,0.000000000000000000e+00,0.000000000000000000e+00,0.000000000000000000e+00,0.000000000000000000e+00,0.000000000000000000e+00,0.000000000000000000e+00,0.000000000000000000e+00
1.636531095732010943e+00,-7.906704211045189057e-01,9.054270975209014471e-01,-7.257661095492454542e-03,1.478706954890372273e-02,9.679332307478365482e-01,2.506669697898689098e-01,6.023826736977722085e-02,1.754436090086247402e-01,2.782419522227290165e-01,5.800823825404550771e-01,1.235098404500126895e-02,-9.074581013757300474e-02,-2.300019033860926654e-01,-7.345671821333116247e-02,-3.992911873178380811e-01,7.607653153973788218e-02,-7.969701128590850336e-02,4.017014785500069157e-02,-7.418072465900089896e-02,-3.171675737616298785e-02,2.004087409159642230e-01,-4.501858556751359153e-01,1.354572206159145198e+00,0.000000000000000000e+00,-7.813754006681301878e-02,-1.492465003872482654e-01,4.151800331905396990e-01,1.396404828992763525e+00,0.000000000000000000e+00,0.000000000000000000e+00,0.000000000000000000e+00,0.000000000000000000e+00,0.000000000000000000e+00,0.000000000000000000e+00,0.000000000000000000e+00
1.649063238299410816e+00,-8.033247264454617120e-01,9.035033353929884381e-01,-7.663442643402874725e-03,1.747123815451753076e-02,9.706797096126500435e-01,2.396182981963221048e-01,1.023742596495341717e-01,1.428012072821030487e-01,2.514337263736124428e-01,5.170760828353434535e-01,1.269497327509715168e-02,-1.014670692580688649e-01,-2.453163281643748195e-01,-9.507165373917920992e-02,-4.268709760968235623e-01,6.714321769517517247e-02,-4.971396032140583399e-02,5.642205659564323433e-02,-8.989162664969713168e-02,-7.347955510932591139e-02,2.038041581097914390e-01,-4.755943411822818878e-01,1.318224423552657676e+00,0.000000000000000000e+00,-1.062910144064432572e-01,-1.564285218264162003e-01,4.275022846665045284e-01,1.367350177063870298e+00,0.000000000000000000e+00,0.000000000000000000e+00,0.000000000000000000e+00,0.000000000000000000e+00,0.000000000000000000e+00,0.000000000000000000e+00,0.000000000000000000e+00
1.661914072658073005e+00,-8.180039300945048941e-01,9.008892023011225714e-01,-5.837450071104827859e-03,2.061690210684394980e-02,9.728980480699573885e-01,2.302395612961678772e-01,1.329678892830548076e-01,1.084225978162037252e-01,2.262507645658769218e-01,4.618386680203910299e-01,-2.018558456347821842e-02,-9.592473655757523254e-02,-2.634562997170284415e-01,-1.226206347698449162e-01,-4.475982827079373338e-01,7.013482567144715962e-02,-2.186956638724656815e-02,7.040278700209309792e-02,-1.020684586501805213e-01,-1.154748706904338146e-01,2.042311585942117869e-01,-4.973851293718266064e-01,1.262290238792406427e+00,0.000000000000000000e+00,-1.336815922442835536e-01,-1.671977868136883816e-01,4.412621113981547993e-01,1.336582459054431737e+00,0.000000000000000000e+00,0.000000000000000000e+00,0.000000000000000000e+00,0.000000000000000000e+00,0.000000000000000000e+00,0.000000000000000000e+00,0.000000000000000000e+00
1.675114531471159518e+00,-8.345535864158019068e-01,8.972387891450257502e-01,-2.938212221863139781e-03,2.410486909290735988e-02,9.749329651454438084e-01,2.211696988008675924e-01,1.492084525431623121e-01,7.184004934374478568e-02,2.022175051801743950e-01,4.223564826849256493e-01,-8.066104420148052789e-02,-7.948508125211983799e-02,-2.836068155564006599e-01,-1.558198710249857066e-01,-4.651840649476344236e-01,7.938538342718698404e-02,5.157789827727378255e-03,8.750923874902070965e-02,-1.120150115533898039e-01,-1.607984492134725552e-01,2.058470870073176862e-01,-5.155090515125887451e-01,1.196267738612200482e+00,0.000000000000000000e+00,-1.609829994780554163e-01,-1.856818995749506263e-01,4.479838125081188616e-01,1.301765170962118523e+00,0.000000000000000000e+00,0.000000000000000000e+00,0.000000000000000000e+00,0.000000000000000000e+00,0.000000000000000000e+00,0.000000000000000000e+00,0.000000000000000000e+00
1.688709418111004279e+00,-8.524935793519223814e-01,8.932128561473769990e-01,1.221566394771153585e-04,2.894373507500377918e-02,9.766943591189065632e-01,2.126743382333007304e-01,1.550467707813003859e-01,3.133405506754374792e-02,1.781006954392591046e-01,3.910222802289963773e-01,-1.654601613858108222e-01,-5.328450286418890541e-02,-3.037451128690943913e-01,-1.913629456452453637e-01,-4.724500629259059115e-01,8.237312289955117661e-02,3.276661986458791198e-02,1.065962064821777827e-01,-1.162333552273626808e-01,-2.108311664401323893e-01,2.073444218358041491e-01,-5.156200244343764894e-01,1.107713927399954335e+00,0.000000000000000000e+00,-1.865501680733160639e-01,-2.119402301503080788e-01,4.560671849887993901e-01,1.253238884953694399e+00,0.000000000000000000e+00,0.000000000000000000e+00,0.000000000000000000e+00,0.000000000000000000e+00,0.000000000000000000e+00,0.000000000000000000e+00,0.000000000000000000e+00
1.702598683181300920e+00,-8.711545461960372716e-01,8.890587460079152349e-01,8.516000621203705795e-04,3.516547782616614992e-02,9.784053415990506819e-01,2.036802677655278893e-01,1.499559357526063508e-01,-8.015070743637532635e-03,1.618759696330933084e-01,3.631564477847040173e-01,-2.502545961175667300e-01,-2.598649789500138280e-02,-3.311163046035109914e-01,-2.278117948430321560e-01,-4.701819132574838189e-01,7.993991596397445609e-02,5.659692631357314541e-02,1.279472282596044452e-01,-1.213084518566540926e-01,-2.550498984395718205e-01,2.016609046492270352e-01,-5.125095797091105965e-01,1.026314361010705056e+00,0.000000000000000000e+00,-2.119210297951338029e-01,-2.396488736216426663e-01,4.661684429846264521e-01,1.205719850579681784e+00,0.000000000000000000e+00,0.000000000000000000e+00,0.000000000000000000e+00,0.000000000000000000e+00,0.000000000000000000e+00,0.000000000000000000e+00,0.000000000000000000e+00
1.716773856239871110e+00,-8.902866783546902196e-01,8.841726578092975464e-01,1.063839153732506343e-03,4.035411200952213756e-02,9.795221067699623196e-01,1.972482097234678211e-01,1.376066851908400168e-01,-4.698743206706921388e-02,1.488901305525353047e-01,3.430999731855990387e-01,-3.320137287291867190e-01,5.724944929680984146e-03,-3.658818859925141997e-01,-2.593879065355179092e-01,-4.497275989380137284e-01,7.856054694802189209e-02,7.247915644984098682e-02,1.521977064053281758e-01,-1.277077059646892498e-01,-2.894331858797624668e-01,1.931276611223254058e-01,-4.943916246267083814e-01,9.485393098327862260e-01,0.000000000000000000e+00,-2.350366152374152307e-01,-2.688709117448776498e-01,4.776844600752086500e-01,1.151933375808173565e+00,0.000000000000000000e+00,0.000000000000000000e+00,0.000000000000000000e+00,0.000000000000000000e+00,0.000000000000000000e+00,0.000000000000000000e+00,0.000000000000000000e+00
1.731537029332906652e+00,-9.091063936818226665e-01,8.830866328004608468e-01,4.149976548923076797e-03,4.618300344385529305e-02,9.803991443544692874e-01,1.914874033365472350e-01,1.244488978510875365e-01,-8.456631684888916978e-02,1.339867653403099546e-01,3.255930745725633679e-01,-3.888099011258949744e-01,2.927784424874127836e-02,-3.983585525850444897e-01,-2.890711993627493870e-01,-4.220116007685661419e-01,7.258987281322498708e-02,9.678610296891808351e-02,1.844351821177313555e-01,-1.351811016262103871e-01,-3.099487033887106113e-01,1.842342273328962665e-01,-4.778018625451277424e-01,8.826270718652001745e-01,0.000000000000000000e+00,-2.533178004669658923e-01,-2.965824573480313475e-01,4.943070034527690115e-01,1.099019584841827601e+00,0.000000000000000000e+00,0.000000000000000000e+00,0.000000000000000000e+00,0.000000000000000000e+00,0.000000000000000000e+00,0.000000000000000000e+00,0.000000000000000000e+00
1.746338429348026411e+00,-9.272989642913325170e-01,8.850826016443374966e-01,4.195421301194284316e-03,4.883963290061617279e-02,9.809663420926616473e-01,1.878885956613191577e-01,1.066593863492300287e-01,-1.123348626455518834e-01,1.207489265260765915e-01,3.060657230091405334e-01,-4.152279508670986830e-01,4.798630372176517639e-02,-4.298540108292658313e-01,-3.067156957532409245e-01,-4.002743984301116997e-01,6.737159999626610163e-02,1.144171006344240626e-01,2.073866078054383000e-01,-1.418813122427632356e-01,-3.177739845915955597e-01,1.766192138583287941e-01,-4.583322159451647115e-01,8.365946412057592152e-01,0.000000000000000000e+00,-2.638725135674261923e-01,-3.195037825573332491e-01,5.108948127350246837e-01,1.050073466313990567e+00,0.000000000000000000e+00,0.000000000000000000e+00,0.000000000000000000e+00,0.000000000000000000e+00,0.000000000000000000e+00,0.000000000000000000e+00,0.000000000000000000e+00
1.761117362984779167e+00,-9.444827839928560120e-01,8.881470620976867902e-01,4.736511852380340462e-03,4.850471110832495908e-02,9.815794509733219986e-01,1.847339705703394397e-01,8.985734636836961720e-02,-1.287408801524058399e-01,1.153261321377426207e-01,2.864704923703922934e-01,-4.184899468885456275e-01,6.046809828105556561e-02,-4.550814950063287179e-01,-3.186114617996043119e-01,-3.849951451263272650e-01,6.419885663172564261e-02,1.268265457700652743e-01,2.263516623986171483e-01,-1.505921183816097686e-01,-3.182838607182696400e-01,1.706592921881463776e-01,-4.531881780323160358e-01,8.208651870981150678e-01,0.000000000000000000e+00,-2.658725044892666922e-01,-3.342063913373972683e-01,5.237936306852852830e-01,1.019211748122172967e+00,0.000000000000000000e+00,0.000000000000000000e+00,0.000000000000000000e+00,0.000000000000000000e+00,0.000000000000000000e+00,0.000000000000000000e+00,0.000000000000000000e+00
1.775415918668153514e+00,-9.604202385659252883e-01,8.914145553956167589e-01,4.029028815175582021e-03,4.566372789889285716e-02,9.818730684169564293e-01,1.839126651393384049e-01,7.131314554864642830e-02,-1.387016216901675036e-01,1.090775237358463656e-01,2.727851224401480201e-01,-4.166644855143317172e-01,6.994002971308378724e-02,-4.769569303234038049e-01,-3.230199299676393410e-01,-3.713226263035032670e-01,6.254362798388429789e-02,1.325699666042000902e-01,2.379209488448319754e-01,-1.592345282251513561e-01,-3.049846624800910400e-01,1.651793267527467690e-01,-4.452122869461201948e-01,8.201536240957806312e-01,0.000000000000000000e+00,-2.606977622630478608e-01,-3.458095171090232456e-01,5.337800783809697469e-01,9.955231669332618161e-01,0.000000000000000000e+00,0.000000000000000000e+00,0.000000000000000000e+00,0.000000000000000000e+00,0.000000000000000000e+00,0.000000000000000000e+00,0.000000000000000000e+00
1.789190890459491534e+00,-9.747062375735296991e-01,8.949532798871031591e-01,1.901153805623983367e-03,4.241293082552993060e-02,9.821795653903787615e-01,1.830869472206153314e-01,5.331609748822863093e-02,-1.428815345787132207e-01,1.094858338761798278e-01,2.538863563035896886e-01,-4.034341132013961606e-01,7.477581953582866647e-02,-4.915421200958522974e-01,-3.238058036631808467e-01,-3.611712338388926025e-01,6.664548852182858307e-02,1.368925108898219611e-01,2.409844030902019429e-01,-1.693468032589040273e-01,-2.807043789256060684e-01,1.580943192025640043e-01,-4.450906597684813892e-01,8.493056887320683535e-01,0.000000000000000000e+00,-2.493341073536952113e-01,-3.536652648222691209e-01,5.432948038775436972e-01,9.889992923206735176e-01,0.000000000000000000e+00,0.000000000000000000e+00,0.000000000000000000e+00,0.000000000000000000e+00,0.000000000000000000e+00,0.000000000000000000e+00,0.000000000000000000e+00
1.802594900827329871e+00,-9.873621449104935666e-01,8.986040912190740304e-01,-1.182721332736915570e-04,3.875657854039409045e-02,9.818832068717640027e-01,1.854812165551192604e-01,4.286051444940404409e-02,-1.442826785239628706e-01,1.129943225138653751e-01,2.224516356101687298e-01,-3.787146603803028255e-01,7.532753078453173490e-02,-5.058994274918783285e-01,-3.223467037813357305e-01,-3.528803786993835456e-01,7.957518778980007812e-02,1.296120447908760409e-01,2.372128657531819007e-01,-1.759439355528433779e-01,-2.494546648445778447e-01,1.488537058737866847e-01,-4.450715607201133905e-01,8.986918318639381953e-01,0.000000000000000000e+00,-2.323102463155286013e-01,-3.574744906382432696e-01,5.543246068698014506e-01,9.989920948763042485e-01,0.000000000000000000e+00,0.000000000000000000e+00,0.000000000000000000e+00,0.000000000000000000e+00,0.000000000000000000e+00,0.000000000000000000e+00,0.000000000000000000e+00
1.815878091494944835e+00,-9.980622478648591978e-01,9.015151181808225278e-01,-1.714244388532144142e-03,3.589005817072628279e-02,9.816986374152772976e-01,1.870207218135680194e-01,3.051560571035081409e-02,-1.449556076303987473e-01,1.139198960806371563e-01,1.979864133984404473e-01,-3.566770654794187978e-01,7.548549939646470586e-02,-5.100544422119660526e-01,-3.208467697706964827e-01,-3.418687750475025156e-01,9.726015001771190494e-02,1.254123535385401333e-01,2.286770283282860694e-01,-1.771401931803817387e-01,-2.196646952607532732e-01,1.377003440417802760e-01,-4.585155177615007349e-01,9.720721778123480039e-01,0.000000000000000000e+00,-2.118138188861966309e-01,-3.545539933123935672e-01,5.599384477755579015e-01,1.035319340847733915e+00,0.000000000000000000e+00,0.000000000000000000e+00,0.000000000000000000e+00,0.000000000000000000e+00,0.000000000000000000e+00,0.000000000000000000e+00,0.000000000000000000e+00
1.829334608586803634e+00,-1.007047874465506254e+00,9.045205805468771176e-01,-1.611038179311206908e-03,3.234026808996361135e-02,9.812486276542293773e-01,1.900069534057825804e-01,2.158163972027356270e-02,-1.409004979830158211e-01,1.210953756471739307e-01,1.751974211208707222e-01,-3.291172351261424933e-01,7.443531626794244738e-02,-5.108644232655124018e-01,-3.191159927135628349e-01,-3.320464412617806227e-01,1.141635890953014709e-01,1.167958843722460005e-01,2.196632722640265434e-01,-1.725545368681644931e-01,-1.886151435970019885e-01,1.233270295257269389e-01,-4.798367109611837433e-01,1.056050258143228948e+00,0.000000000000000000e+00,-1.886678839196927471e-01,-3.469727498547650058e-01,5.600221204114887996e-01,1.094471610285982388e+00,0.000000000000000000e+00,0.000000000000000000e+00,0.000000000000000000e+00,0.000000000000000000e+00,0.000000000000000000e+00,0.000000000000000000e+00,0.000000000000000000e+00
1.842598935574382590e+00,-1.014199722525030767e+00,9.067435869372046930e-01,-1.589688999294094213e-03,3.064584777389231865e-02,9.804360665961747712e-01,1.944310268977861578e-01,1.018388169304035307e-02,-1.371996874082253570e-01,1.348432403293632342e-01,1.580126147745082310e-01,-3.039386869424451909e-01,7.255930751611050500e-02,-5.077962318933998409e-01,-3.149421041693354351e-01,-3.106089307549595446e-01,1.410553675237978255e-01,1.050222187932985246e-01,2.096947162816516774e-01,-1.656646164201329152e-01,-1.574055747975274810e-01,1.112526779618728812e-01,-4.921579910806219149e-01,1.161747017927207803e+00,0.000000000000000000e+00,-1.624700255412734606e-01,-3.340027710960023488e-01,5.545710518736521877e-01,1.171656008493854761e+00,0.000000000000000000e+00,0.000000000000000000e+00,0.000000000000000000e+00,0.000000000000000000e+00,0.000000000000000000e+00,0.000000000000000000e+00,0.000000000000000000e+00
1.855525117896288378e+00,-1.019875067452376882e+00,9.089480434251662189e-01,-2.078883978296346829e-03,2.843694817982124132e-02,9.791678481739164441e-01,2.010406509193763402e-01,1.545284138603081336e-04,-1.300486789422319323e-01,1.516802152827283479e-01,1.394961891387470621e-01,-2.805006944867707297e-01,7.270652017348035179e-02,-5.042806684705979370e-01,-3.117254275693221999e-01,-3.010445543829812221e-01,1.634732690213831496e-01,8.969618066931872580e-02,2.007649212682106332e-01,-1.556315510866247143e-01,-1.219006322712123114e-01,1.011257281104432637e-01,-4.917002108517133374e-01,1.248350492837323689e+00,0.000000000000000000e+00,-1.370886765156850984e-01,-3.198602096415575913e-01,5.398248996322625448e-01,1.245963970982875146e+00,0.000000000000000000e+00,0.000000000000000000e+00,0.000000000000000000e+00,0.000000000000000000e+00,0.000000000000000000e+00,0.000000000000000000e+00,0.000000000000000000e+00
1.867886065033292908e+00,-1.024039947445856580e+00,9.109372911776330017e-01,-4.477360985965902346e-03,2.658461171428970135e-02,9.779493944369150871e-01,2.070946488422013565e-01,-1.440019840391593836e-02,-1.205733478480179449e-01,1.695019048639269110e-01,1.249256661405743207e-01,-2.578563106992899923e-01,7.222982378057149488e-02,-4.964440887446729955e-01,-3.117995944006714537e-01,-2.936137757389424841e-01,1.918069414194635003e-01,7.559341065616870248e-02,1.906481258021671954e-01,-1.439485890382136424e-01,-8.268258333452810360e-02,9.435731813329839568e-02,-4.829441239221076154e-01,1.327591366680729523e+00,0.000000000000000000e+00,-1.078817461770388841e-01,-3.051499072753843800e-01,5.094623640498515682e-01,1.323566306969903295e+00,0.000000000000000000e+00,0.000000000000000000e+00,0.000000000000000000e+00,0.000000000000000000e+00,0.000000000000000000e+00,0.000000000000000000e+00,0.000000000000000000e+00
1.879748826161488973e+00,-1.026882381426115209e+00,9.127172307647484217e-01,-6.762099291528297744e-03,2.496696076560060013e-02,9.770622972696184627e-01,2.113768959406824854e-01,-2.882487724592782893e-02,-1.103354339583108162e-01,1.845350382899669239e-01,1.134561257565437076e-01,-2.385828925364482656e-01,7.119754915526613215e-02,-4.898389187495116315e-01,-3.093357117323111138e-01,-2.870833268745379696e-01,2.324858610653491309e-01,5.304284684604829159e-02,1.755718909132153727e-01,-1.355937614911744971e-01,-3.735005148792103907e-02,9.047665249768094275e-02,-4.692484068171562939e-01,1.381789347474888130e+00,0.000000000000000000e+00,-7.831085785238027508e-02,-2.958655280504590701e-01,4.840348567646757805e-01,1.390178625801170353e+00,0.000000000000000000e+00,0.000000000000000000e+00,0.000000000000000000e+00,0.000000000000000000e+00,0.000000000000000000e+00,0.000000000000000000e+00,0.000000000000000000e+00
1.890748526399509855e+00,-1.028448052688021752e+00,9.143897061209982358e-01,-1.004613104518345228e-02,2.362088483247966331e-02,9.767484895391778110e-01,2.128462290802687062e-01,-4.243525290843849773e-02,-1.003536746552241982e-01,1.922665104561936955e-01,9.855239213241027973e-02,-2.182387121298629828e-01,6.629937583715131422e-02,-4.804266649504485565e-01,-3.070586556761173980e-01,-2.839285857244433497e-01,2.794398003856547463e-01,2.962015243310908014e-02,1.586849667266578834e-01,-1.312966187539474638e-01,9.290684890873413676e-03,9.579152929113121662e-02,-4.564545443296342819e-01,1.419692599239900543e+00,0.000000000000000000e+00,-4.922585033481241545e-02,-2.909889270577427078e-01,4.594709441738519806e-01,1.440892816232500540e+00,0.000000000000000000e+00,0.000000000000000000e+00,0.000000000000000000e+00,0.000000000000000000e+00,0.000000000000000000e+00,0.000000000000000000e+00,0.000000000000000000e+00
1.900910310927609981e+00,-1.028858156642869393e+00,9.162849465514756320e-01,-1.349986584618903356e-02,2.131155978760086028e-02,9.763226761701838674e-01,2.148432057046407717e-01,-5.477776827729051445e-02,-8.790717865218911076e-02,1.966275075373535297e-01,8.449161132422494669e-02,-1.993535933752698941e-01,6.605968894960487225e-02,-4.652420749536794187e-01,-3.030116088169435007e-01,-2.794007921148999873e-01,3.261896250250604368e-01,-7.306625426407852356e-03,1.367311748925892911e-01,-1.245182761701092572e-01,5.399592868110007077e-02,1.018918349201703433e-01,-4.393533140534352510e-01,1.447143657847862253e+00,0.000000000000000000e+00,-1.957621486236757122e-02,-2.896795691663340833e-01,4.419885934232959390e-01,1.472954623413871289e+00,0.000000000000000000e+00,0.000000000000000000e+00,0.000000000000000000e+00,0.000000000000000000e+00,0.000000000000000000e+00,0.000000000000000000e+00,0.000000000000000000e+00
1.910008947729829654e+00,-1.028211802185265311e+00,9.178742527603359624e-01,-1.703361195815878207e-02,1.917405573509796401e-02,9.756289448174877421e-01,2.179228617760050057e-01,-6.914476262448283894e-02,-7.430678807103614780e-02,2.004878681517270334e-01,7.840037722212435389e-02,-1.844553678357301885e-01,6.309213523204136587e-02,-4.485955322226152786e-01,-2.979504199709187562e-01,-2.627976724798656849e-01,3.769271869949514797e-01,-5.200787477041474149e-02,1.206965051307118120e-01,-1.148210722759419461e-01,1.008760508233155634e-01,1.107474607682199103e-01,-4.223667530977963658e-01,1.465758689535651582e+00,0.000000000000000000e+00,1.353123562095560027e-02,-2.861788472479732670e-01,4.238031054099006822e-01,1.500067285416376128e+00,0.000000000000000000e+00,0.000000000000000000e+00,0.000000000000000000e+00,0.000000000000000000e+00,0.000000000000000000e+00,0.000000000000000000e+00,0.000000000000000000e+00
1.917909918249714796e+00,-1.026742003321053032e+00,9.189214688370556106e-01,-1.879555610025560736e-02,1.795772271613631926e-02,9.748597369632251430e-01,2.212978547427111031e-01,-7.817929981638720160e-02,-6.426681713627642456e-02,1.983619248783581868e-01,7.172853980947196950e-02,-1.701891048629794456e-01,5.841209710588121662e-02,-4.243167881277056797e-01,-2.989637862148861180e-01,-2.525794436515225172e-01,4.320261613477941465e-01,-8.421596399334113636e-02,1.027209316442346532e-01,-1.024625414415932939e-01,1.373149428482555168e-01,1.221214747051106164e-01,-4.019307445569850201e-01,1.465768758950139361e+00,0.000000000000000000e+00,3.593119560213556968e-02,-2.838291998854074460e-01,3.968701820614942699e-01,1.513408715693717488e+00,0.000000000000000000e+00,0.000000000000000000e+00,0.000000000000000000e+00,0.000000000000000000e+00,0.000000000000000000e+00,0.000000000000000000e+00,0.000000000000000000e+00
1.924701541306275354e+00,-1.024708384078334644e+00,9.196724803974206663e-01,-2.021819219908125437e-02,1.705502853939180538e-02,9.739373099043245885e-01,2.252697651307225268e-01,-8.736453896623651294e-02,-5.459828929565067185e-02,1.973169743251648733e-01,7.160523819906755572e-02,-1.644620234214207721e-01,5.725280476116986761e-02,-3.920880017970554410e-01,-2.943499021132355287e-01,-2.401830025754458919e-01,4.546259884279533203e-01,-1.087323585676812782e-01,9.364153320633766819e-02,-8.781478103952336522e-02,1.632897633431734663e-01,1.352518193438794758e-01,-3.816653745029136013e-01,1.456643406598466139e+00,0.000000000000000000e+00,4.706580250415426381e-02,-2.797531060547219783e-01,3.789003006879755886e-01,1.518795036003529386e+00,0.000000000000000000e+00,0.000000000000000000e+00,0.000000000000000000e+00,0.000000000000000000e+00,0.000000000000000000e+00,0.000000000000000000e+00,0.000000000000000000e+00
1.930563679598026772e+00,-1.022363051900788466e+00,9.201458701010403196e-01,-2.103164600801941952e-02,1.644424006523015347e-02,9.728600767340580546e-01,2.298489241477436884e-01,-9.453900412859585212e-02,-4.616905905365869395e-02,1.950001216127084103e-01,7.324840750696816338e-02,-1.634259926712821054e-01,5.692578881135959556e-02,-3.567909155446026270e-01,-2.886425220782397605e-01,-2.298719141267408506e-01,4.734579975839122157e-01,-1.291335887048614683e-01,8.791331856242676213e-02,-7.249182977093841795e-02,1.765493060440112005e-01,1.492470970789625817e-01,-3.589724702888064667e-01,1.446558836296103712e+00,0.000000000000000000e+00,5.527065675537477796e-02,-2.774579982390595889e-01,3.654966344954513335e-01,1.516273126430197848e+00,0.000000000000000000e+00,0.000000000000000000e+00,0.000000000000000000e+00,0.000000000000000000e+00,0.000000000000000000e+00,0.000000000000000000e+00,0.000000000000000000e+00
1.935863117674844203e+00,-1.020069516012946931e+00,9.205468189376430077e-01,-2.045721648505701568e-02,1.537365145593014640e-02,9.715519779704704373e-01,2.354398165906971818e-01,-1.013528997547509802e-01,-3.650105346203301460e-02,1.956938039021477449e-01,8.280981596945352630e-02,-1.657303516211398875e-01,5.957808141807827140e-02,-3.267457306324366706e-01,-2.833603106810554384e-01,-2.199815660817614482e-01,4.854678348666301990e-01,-1.375114324198903337e-01,8.447954999434047207e-02,-5.919588361705285795e-02,1.750593577569719284e-01,1.596476883070650776e-01,-3.529665170596096302e-01,1.433302103883824508e+00,0.000000000000000000e+00,5.181820571113673890e-02,-2.773584737802562983e-01,3.700097954043483073e-01,1.513531219481332624e+00,0.000000000000000000e+00,0.000000000000000000e+00,0.000000000000000000e+00,0.000000000000000000e+00,0.000000000000000000e+00,0.000000000000000000e+00,0.000000000000000000e+00
1.940623038477959472e+00,-1.017480797538288462e+00,9.207115390443877390e-01,-1.835483164997974218e-02,1.503816664376574769e-02,9.696964380922242777e-01,2.431579150477066464e-01,-1.031294949860585702e-01,-2.809036938917983117e-02,2.018082578815982853e-01,9.161442224066462803e-02,-1.705187823652539458e-01,6.130980296172403726e-02,-2.918770379968190776e-01,-2.738497541093679599e-01,-2.099179248277727172e-01,4.829004650451208525e-01,-1.487510469776236188e-01,8.809699679200391764e-02,-4.475601717887354308e-02,1.671143777475507519e-01,1.653969699907517354e-01,-3.499771328869911713e-01,1.423826762648317201e+00,0.000000000000000000e+00,4.006606389940546575e-02,-2.776607773450872618e-01,3.776596426039263155e-01,1.503822975690643382e+00,0.000000000000000000e+00,0.000000000000000000e+00,0.000000000000000000e+00,0.000000000000000000e+00,0.000000000000000000e+00,0.000000000000000000e+00,0.000000000000000000e+00
1.945083298012596940e+00,-1.014859027657719182e+00,9.211674332088590766e-01,-1.471917300163858369e-02,1.327318890066024257e-02,9.681160441973782893e-01,2.497168263657353893e-01,-9.567320845206464530e-02,-1.836324494793471068e-02,2.084988141298825259e-01,9.107436846210152648e-02,-1.724840514148128223e-01,6.275842257833505466e-02,-2.583424458572162741e-01,-2.626070108747009524e-01,-2.039741388199010630e-01,4.717165873417015765e-01,-1.616080555753743320e-01,9.045886210797762783e-02,-3.445467248301344737e-02,1.503248403792024346e-01,1.684335949082065020e-01,-3.539952650949482194e-01,1.416823532246366923e+00,0.000000000000000000e+00,1.938211661410432773e-02,-2.755469536603027958e-01,3.867838026653519501e-01,1.489814254068460686e+00,0.000000000000000000e+00,0.000000000000000000e+00,0.000000000000000000e+00,0.000000000000000000e+00,0.000000000000000000e+00,0.000000000000000000e+00,0.000000000000000000e+00
1.949322095838081692e+00,-1.011844486867568893e+00,9.215146401198467396e-01,-1.190627089493770559e-02,1.250147792086114991e-02,9.667575170453790445e-01,2.551114599531427163e-01,-8.855516216333872426e-02,-1.071911148626184494e-02,2.137011522027342236e-01,8.652733811774593331e-02,-1.692669257927349735e-01,6.186703345231807372e-02,-2.220923894339175420e-01,-2.467630667486187812e-01,-1.964782264064080797e-01,4.417283445716364554e-01,-1.681582073662639676e-01,9.785239553234763299e-02,-2.605016082835742014e-02,1.240115940748537510e-01,1.663073334151327076e-01,-3.628367562823283654e-01,1.407984939015148651e+00,0.000000000000000000e+00,-5.663491782084897376e-03,-2.721147012283200439e-01,3.974887860940493067e-01,1.464918277016833859e+00,0.000000000000000000e+00,0.000000000000000000e+00,0.000000000000000000e+00,0.000000000000000000e+00,0.000000000000000000e+00,0.000000000000000000e+00,0.000000000000000000e+00
1.953549579028608374e+00,-1.008725916923362442e+00,9.219960649047360679e-01,-8.614302284638334500e-03,1.088742072886519571e-02,9.648472835859955854e-01,2.624442364060349253e-01,-7.802692152798372527e-02,-4.440096020192404319e-04,2.235179252137882155e-01,7.990758870360409327e-02,-1.662364011169523426e-01,5.969799017671223451e-02,-1.892626415937634643e-01,-2.288767096579489291e-01,-1.928306979769595642e-01,4.047729685577545755e-01,-1.791372826614067160e-01,1.025396765735081400e-01,-1.730830759762496535e-02,9.185688866891147941e-02,1.630204458079103635e-01,-3.802006847869801587e-01,1.400401287423178154e+00,0.000000000000000000e+00,-3.535960581639736866e-02,-2.670161142763693429e-01,4.153063730963857392e-01,1.439582506352236502e+00,0.000000000000000000e+00,0.000000000000000000e+00,0.000000000000000000e+00,0.000000000000000000e+00,0.000000000000000000e+00,0.000000000000000000e+00,0.000000000000000000e+00
1.957870273955963913e+00,-1.005359100029560526e+00,9.225977513715851730e-01,-5.493292822853687411e-03,8.881271967334092646e-03,9.628655033529109897e-01,2.697794825318447498e-01,-6.633812950611965575e-02,1.046904432273553648e-02,2.313249507376748948e-01,7.113191425760766184e-02,-1.635065401810064101e-01,5.725510398158259462e-02,-1.575603549346628052e-01,-2.090523356799408039e-01,-1.946685461374957349e-01,3.605447975585655551e-01,-1.971800285566044919e-01,1.037610927671517580e-01,-7.926337286418899328e-03,5.959242968666247919e-02,1.602160632587277533e-01,-3.961892583686197900e-01,1.397888879884403357e+00,0.000000000000000000e+00,-6.119658645233425065e-02,-2.599919565921648412e-01,4.291087970836627852e-01,1.409202109738164399e+00,0.000000000000000000e+00,0.000000000000000000e+00,0.000000000000000000e+00,0.000000000000000000e+00,0.000000000000000000e+00,0.000000000000000000e+00,0.000000000000000000e+00
1.962414292541678096e+00,-1.001835247224971637e+00,9.236445721400419195e-01,-3.118481614470361950e-03,6.092598021607946619e-03,9.614414666474684346e-01,2.749244651400305495e-01,-5.665772714751007855e-02,2.177083599210632991e-02,2.284053151889866851e-01,6.178007717132018989e-02,-1.560141719337183319e-01,5.529263559951442392e-02,-1.306998614178617180e-01,-1.871198391743141287e-01,-1.937053543233308028e-01,3.192917787631077697e-01,-2.150700091113732504e-01,9.427720200623819491e-02,-1.881687980393433914e-03,1.904767846429622491e-02,1.653204851977623235e-01,-4.152858168389047533e-01,1.385713356744964209e+00,0.000000000000000000e+00,-8.690668558886441297e-02,-2.513478085816721608e-01,4.408136578600131972e-01,1.376067724235159995e+00,0.000000000000000000e+00,0.000000000000000000e+00,0.000000000000000000e+00,0.000000000000000000e+00,0.000000000000000000e+00,0.000000000000000000e+00,0.000000000000000000e+00
1.967223542624126020e+00,-9.983206051006408011e-01,9.244547991425071665e-01,-7.263538965247822582e-04,3.935330067118156423e-03,9.596379653854911762e-01,2.812098166459951476e-01,-5.051852564466132595e-02,3.367855019964265118e-02,2.316994566328808569e-01,5.945026233230654017e-02,-1.495047569545894794e-01,5.568808442687833704e-02,-1.083293039667694163e-01,-1.703745895243861663e-01,-1.977013420758809703e-01,2.791659443320273493e-01,-2.201439657108056891e-01,8.648975185556448397e-02,2.548535317173201975e-03,-1.694128014053923950e-02,1.648036848694616197e-01,-4.346048672446538030e-01,1.382378071155009547e+00,0.000000000000000000e+00,-1.130997141640682907e-01,-2.417934378612833779e-01,4.541380588057722933e-01,1.345360104013971991e+00,0.000000000000000000e+00,0.000000000000000000e+00,0.000000000000000000e+00,0.000000000000000000e+00,0.000000000000000000e+00,0.000000000000000000e+00,0.000000000000000000e+00
1.972250055170615912e+00,-9.950399034071439885e-01,9.249594534602832985e-01,1.256563911967736175e-03,2.444400047258589188e-03,9.577389659378094944e-01,2.876256578956739585e-01,-4.643409665005783504e-02,4.515463249796192180e-02,2.393079983391603327e-01,5.943268208176243766e-02,-1.468207446223856183e-01,5.443535504041416284e-02,-9.351306316592122858e-02,-1.563115318631885797e-01,-1.985412296822192391e-01,2.492620901384360599e-01,-2.208253578736111000e-01,8.077797258820654247e-02,2.400231375092341801e-03,-5.271635375411977409e-02,1.639771013093421215e-01,-4.514378974569212000e-01,1.375419898509094185e+00,0.000000000000000000e+00,-1.373114677935322880e-01,-2.349671864625916262e-01,4.680833781220710144e-01,1.313266288925945657e+00,0.000000000000000000e+00,0.000000000000000000e+00,0.000000000000000000e+00,0.000000000000000000e+00,0.000000000000000000e+00,0.000000000000000000e+00,0.000000000000000000e+00
1.977584709296446697e+00,-9.918516039206571877e-01,9.253341388861268113e-01,3.114383582434235472e-03,1.709369613548742707e-03,9.565588922674180816e-01,2.915175197043150535e-01,-4.350663008787836183e-02,5.453145391014778409e-02,2.450359772974171624e-01,5.763208559679626475e-02,-1.403914433543871909e-01,5.146919313163557386e-02,-8.175373372728791943e-02,-1.452328196577980512e-01,-2.000251476423495212e-01,2.251662676182008549e-01,-2.196522043991776252e-01,7.811233737363421081e-02,1.897226354393829074e-03,-8.845218445209432345e-02,1.645801902980128517e-01,-4.705345484383263166e-01,1.359863580063019661e+00,0.000000000000000000e+00,-1.575187204464807700e-01,-2.281522304025397629e-01,4.790353240084596065e-01,1.284396636327348684e+00,0.000000000000000000e+00,0.000000000000000000e+00,0.000000000000000000e+00,0.000000000000000000e+00,0.000000000000000000e+00,0.000000000000000000e+00,0.000000000000000000e+00
1.982952132604232753e+00,-9.888163719419031938e-01,9.255722008601816597e-01,4.659802266169276938e-03,1.351778738115341078e-03,9.553395228501865288e-01,2.954705653994336156e-01,-4.458394945675116933e-02,6.308997858279979942e-02,2.464056189612636449e-01,6.178482172232235142e-02,-1.371933650903082169e-01,4.968701020300748949e-02,-7.383799436474502986e-02,-1.343520292496508950e-01,-1.967348308082835784e-01,2.064226964998926994e-01,-2.196722514554915184e-01,7.356485622913916389e-02,1.256648018576540880e-03,-1.250778808866048752e-01,1.656477076913457913e-01,-4.868702399543647363e-01,1.335562301617948089e+00,0.000000000000000000e+00,-1.746617213227265597e-01,-2.217245407684998448e-01,4.897876708156749803e-01,1.254246867432490475e+00,0.000000000000000000e+00,0.000000000000000000e+00,0.000000000000000000e+00,0.000000000000000000e+00,0.000000000000000000e+00,0.000000000000000000e+00,0.000000000000000000e+00
1.988214850079678353e+00,-9.860229102744584306e-01,9.257589036651138192e-01,5.662829143332112972e-03,1.041419925094406703e-03,9.543399704545930673e-01,2.986671535394531118e-01,-4.791989437643090488e-02,7.193444705726036170e-02,2.487730322928488058e-01,6.772002752183325924e-02,-1.335848043218200443e-01,4.812336640016061373e-02,-6.898429519908785834e-02,-1.243550151779275886e-01,-1.930502596159958673e-01,1.915278899432829585e-01,-2.169862025280059059e-01,7.206230942137241413e-02,-8.670820170888788453e-05,-1.574245604607092952e-01,1.672425217677750431e-01,-5.034926733232519824e-01,1.300068921910334074e+00,0.000000000000000000e+00,-1.879822965918062638e-01,-2.189554101547187825e-01,4.982349511233614692e-01,1.226820548425809010e+00,0.000000000000000000e+00,0.000000000000000000e+00,0.000000000000000000e+00,0.000000000000000000e+00,0.000000000000000000e+00,0.000000000000000000e+00,0.000000000000000000e+00
1.993224141610948408e+00,-9.833114739977258933e-01,9.257891178866504145e-01,6.118634362640716466e-03,1.125195621617114394e-03,9.533336249676308549e-01,3.018547593701746412e-01,-5.251477841444774503e-02,8.028964210085492992e-02,2.521153709796196130e-01,7.426635819588145448e-02,-1.318477760446989111e-01,4.557048571095494854e-02,-6.748654657044461658e-02,-1.158382587720792056e-01,-1.889701814068043551e-01,1.808707995141718428e-01,-2.152732317322403055e-01,7.305799622023710638e-02,-3.908238876142115098e-04,-1.888584299974364056e-01,1.695160140550024674e-01,-5.192866180430701917e-01,1.260134634103559970e+00,0.000000000000000000e+00,-1.968013385306867369e-01,-2.194511553734974085e-01,5.084676254095080727e-01,1.199498360761216409e+00,0.000000000000000000e+00,0.000000000000000000e+00,0.000000000000000000e+00,0.000000000000000000e+00,0.000000000000000000e+00,0.000000000000000000e+00,0.000000000000000000e+00
1.997981421650865785e+00,-9.806119338864518475e-01,9.257986319866130520e-01,6.051636933797946080e-03,1.912412364505817943e-03,9.520822611110881795e-01,3.057762064761866960e-01,-5.879352734358368748e-02,8.800058996547066581e-02,2.571474822159295348e-01,8.218183086121330638e-02,-1.286545681990633738e-01,4.104446423328699661e-02,-6.763100687754003415e-02,-1.088957176627021184e-01,-1.858955003379872406e-01,1.708632421805589829e-01,-2.143755476745271282e-01,7.301187451935620132e-02,-1.581780966247682205e-04,-2.161782339144284470e-01,1.734014777540664742e-01,-5.318488737489642793e-01,1.216363227716625861e+00,0.000000000000000000e+00,-2.049533646271007314e-01,-2.178174430159019737e-01,5.148344634405265241e-01,1.181552862407971194e+00,0.000000000000000000e+00,0.000000000000000000e+00,0.000000000000000000e+00,0.000000000000000000e+00,0.000000000000000000e+00,0.000000000000000000e+00,0.000000000000000000e+00
2.002320600498207259e+00,-9.779812458358331240e-01,9.257530229980235337e-01,4.793598046452124742e-03,3.155089427838032173e-03,9.507721913545238435e-01,3.098375493309168949e-01,-6.777074613538534853e-02,9.573122561459496138e-02,2.630675546028525824e-01,9.128139989126012044e-02,-1.270326392968390283e-01,3.318300982413525252e-02,-6.956073847645664887e-02,-1.025424566794582715e-01,-1.835737433391841922e-01,1.597562685758640022e-01,-2.135465472396342879e-01,7.387653711437974779e-02,1.884558735578785969e-03,-2.396041591173180274e-01,1.827145248785639886e-01,-5.414003627491562609e-01,1.164204790834497238e+00,0.000000000000000000e+00,-2.118943767438409287e-01,-2.179935711738333337e-01,5.253781456782602444e-01,1.169722616989983255e+00,0.000000000000000000e+00,0.000000000000000000e+00,0.000000000000000000e+00,0.000000000000000000e+00,0.000000000000000000e+00,0.000000000000000000e+00,0.000000000000000000e+00
2.006265022239551055e+00,-9.755086682928346686e-01,9.257259642565243141e-01,3.253789459401438752e-03,4.607131928600871965e-03,9.490302055801942416e-01,3.151346634154371662e-01,-7.913464356154449597e-02,1.038761713949698656e-01,2.703899703171003255e-01,1.055057824963093194e-01,-1.261914627616794182e-01,2.761650294967423619e-02,-7.398714328028922760e-02,-9.673662734720944734e-02,-1.800532324419500951e-01,1.518185831641889472e-01,-2.126224004046095573e-01,7.243325412031297039e-02,4.339718365629218963e-03,-2.574273516062851597e-01,1.951867404904677750e-01,-5.430890564449395441e-01,1.110464782228545388e+00,0.000000000000000000e+00,-2.192835596123649533e-01,-2.204699730022861570e-01,5.401526214836419593e-01,1.161432930466003377e+00,0.000000000000000000e+00,0.000000000000000000e+00,0.000000000000000000e+00,0.000000000000000000e+00,0.000000000000000000e+00,0.000000000000000000e+00,0.000000000000000000e+00
2.009801323564667452e+00,-9.732124813483239434e-01,9.256774860722005727e-01,1.750750675080569273e-03,6.163316351558206438e-03,9.473479250815176611e-01,3.201419329724984331e-01,-9.305844790754840001e-02,1.118152233586523076e-01,2.759079358819145900e-01,1.253498541247630715e-01,-1.265085273713469627e-01,2.327074284373761501e-02,-7.847675235627375734e-02,-9.175111612631284275e-02,-1.761347227108481239e-01,1.444717219171746114e-01,-2.099374580576514049e-01,7.176650994880759415e-02,7.037680265074667228e-03,-2.698956781851762354e-01,2.081488571537688237e-01,-5.424798479945556196e-01,1.066076820169016948e+00,0.000000000000000000e+00,-2.232889442950214409e-01,-2.229129904967850906e-01,5.492070331604940181e-01,1.163837716955711032e+00,0.000000000000000000e+00,0.000000000000000000e+00,0.000000000000000000e+00,0.000000000000000000e+00,0.000000000000000000e+00,0.000000000000000000e+00,0.000000000000000000e+00
2.012904627201792529e+00,-9.711993566240045839e-01,9.256753287417260889e-01,1.008683017630794196e-04,7.505894755087325933e-03,9.456901219146831572e-01,3.249828375199269592e-01,-1.076843966532468611e-01,1.200531100012076496e-01,2.809747775315106777e-01,1.463482103740184614e-01,-1.247322397244584880e-01,1.957362842507556419e-02,-8.316628225298999810e-02,-8.724397271153276623e-02,-1.737479634521073013e-01,1.376414176929538213e-01,-2.045580308597124974e-01,7.196924802486502626e-02,1.029022141113731213e-02,-2.757618609395186549e-01,2.190251068725838357e-01,-5.397125050184267137e-01,1.032214760307121004e+00,0.000000000000000000e+00,-2.211506290367950267e-01,-2.236211347140322769e-01,5.547577915029097140e-01,1.176869553677003966e+00,0.000000000000000000e+00,0.000000000000000000e+00,0.000000000000000000e+00,0.000000000000000000e+00,0.000000000000000000e+00,0.000000000000000000e+00,0.000000000000000000e+00
2.015659842143828762e+00,-9.694333258655793983e-01,9.256384520949834105e-01,-9.840297360935975138e-04,8.665155780204698496e-03,9.441941797373112344e-01,3.292738946697248426e-01,-1.217926997434244513e-01,1.280328120084807120e-01,2.849891314053054070e-01,1.688921498782278707e-01,-1.225958561783920819e-01,1.412455112889899646e-02,-8.517371199279683003e-02,-8.345208824355371258e-02,-1.727478309885753793e-01,1.289895602519630091e-01,-1.987424162153937079e-01,7.278002796537190455e-02,1.307507681883011454e-02,-2.811060954745338569e-01,2.270480236549234088e-01,-5.423283167340131605e-01,1.013700536123031792e+00,0.000000000000000000e+00,-2.163039754545203752e-01,-2.211540517770105851e-01,5.601032326077600709e-01,1.199653300344011519e+00,0.000000000000000000e+00,0.000000000000000000e+00,0.000000000000000000e+00,0.000000000000000000e+00,0.000000000000000000e+00,0.000000000000000000e+00,0.000000000000000000e+00
2.018064079633966390e+00,-9.679320510565184721e-01,9.257164452861368353e-01,-1.539414831864757000e-03,9.753911172566817264e-03,9.427350511351719753e-01,3.333963328832180717e-01,-1.331842882872196210e-01,1.342244214474384301e-01,2.865269976367381677e-01,1.873062322371824573e-01,-1.178222065461831947e-01,9.035680051079025485e-03,-8.641270157582922606e-02,-8.051730771110528206e-02,-1.711986999673462129e-01,1.215146558251716941e-01,-1.918395359658784383e-01,7.450590509305980713e-02,1.450095713010447242e-02,-2.859963402548111877e-01,2.308460168160026416e-01,-5.535379045112012175e-01,1.005505308015130828e+00,0.000000000000000000e+00,-2.069300684952664615e-01,-2.162309365569341224e-01,5.615918110111919326e-01,1.230144905040181369e+00,0.000000000000000000e+00,0.000000000000000000e+00,0.000000000000000000e+00,0.000000000000000000e+00,0.000000000000000000e+00,0.000000000000000000e+00,0.000000000000000000e+00
2.020092514860830857e+00,-9.667250885061561272e-01,9.258509645629809937e-01,-2.542185388978159336e-03,1.087809447291939076e-02,9.415567810295013551e-01,3.366690250846521293e-01,-1.421178353423463991e-01,1.379154128575834637e-01,2.855840465053132160e-01,1.972713461128312862e-01,-1.146556386439369635e-01,5.650268718481713318e-03,-8.910057664328838167e-02,-7.802668364019177405e-02,-1.687871497867753923e-01,1.159204945139758608e-01,-1.858351485777624823e-01,7.695923938664600561e-02,1.500826092623925787e-02,-2.809306016859391963e-01,2.281324977134839282e-01,-5.656819505004682114e-01,1.015488353893276630e+00,0.000000000000000000e+00,-1.924838113110411697e-01,-2.105347754256546300e-01,5.609891374288535904e-01,1.266395833848200869e+00,0.000000000000000000e+00,0.000000000000000000e+00,0.000000000000000000e+00,0.000000000000000000e+00,0.000000000000000000e+00,0.000000000000000000e+00,0.000000000000000000e+00
2.021976269578059870e+00,-9.657553327928679598e-01,9.260510964883958973e-01,-3.354966434041604332e-03,1.225154283844249493e-02,9.407287067918543855e-01,3.389220325030959935e-01,-1.495694516093443449e-01,1.392006646084562038e-01,2.833748596069097792e-01,2.028205257732611233e-01,-1.123331696016854342e-01,1.558610027977657287e-03,-9.357171273207781637e-02,-7.700231560575192258e-02,-1.656146516178431116e-01,1.150017375723093455e-01,-1.810526017505541263e-01,7.951377307306253805e-02,1.374903290790420278e-02,-2.635965474429861621e-01,2.245953361778984525e-01,-5.760731193222063951e-01,1.039734294702027606e+00,0.000000000000000000e+00,-1.741266549159736499e-01,-2.071135016946641372e-01,5.547759585840903451e-01,1.303837202688784114e+00,0.000000000000000000e+00,0.000000000000000000e+00,0.000000000000000000e+00,0.000000000000000000e+00,0.000000000000000000e+00,0.000000000000000000e+00,0.000000000000000000e+00
2.023884239089244197e+00,-9.649199228224395464e-01,9.262278181386183196e-01,-3.363177478004616971e-03,1.401215231071642822e-02,9.401280836162155818e-01,3.405165708463759322e-01,-1.548270639252967429e-01,1.380407467309975045e-01,2.804130631329590506e-01,2.049611718574746722e-01,-1.120915902429900080e-01,-3.739257401823653081e-03,-9.945338740227893659e-02,-7.835000929252711188e-02,-1.638239736339170138e-01,1.204904700719841570e-01,-1.806299607050698419e-01,7.966346519891426281e-02,1.218223702464383759e-02,-2.402622056716213206e-01,2.192919143196685461e-01,-5.879833668091444254e-01,1.081552920360107528e+00,0.000000000000000000e+00,-1.531985575062952409e-01,-2.017593263418749339e-01,5.464206908717529343e-01,1.341832323441119801e+00,0.000000000000000000e+00,0.000000000000000000e+00,0.000000000000000000e+00,0.000000000000000000e+00,0.000000000000000000e+00,0.000000000000000000e+00,0.000000000000000000e+00
2.025795317339917023e+00,-9.642412501051289553e-01,9.265065916580922378e-01,-2.905770326911014112e-03,1.598926189411458906e-02,9.397915933745562000e-01,3.413614814612245252e-01,-1.609319356990683569e-01,1.349495722678315801e-01,2.744492275292207406e-01,2.068469405039775055e-01,-1.125646311998414750e-01,-7.351677437676933796e-03,-1.070570511267812108e-01,-8.106410118145154775e-02,-1.609757244337084447e-01,1.308430387541684725e-01,-1.801514759986302394e-01,7.931743667189378177e-02,9.073967377977054660e-03,-2.113349424264932830e-01,2.129212594160067029e-01,-5.995275516845078867e-01,1.127620869063554299e+00,0.000000000000000000e+00,-1.329548083107586209e-01,-1.976227503365050042e-01,5.400819404850092376e-01,1.373572907907897545e+00,0.000000000000000000e+00,0.000000000000000000e+00,0.000000000000000000e+00,0.000000000000000000e+00,0.000000000000000000e+00,0.000000000000000000e+00,0.000000000000000000e+00
2.027757791035518231e+00,-9.636594265148711314e-01,9.268652745500225443e-01,-2.131009786331137038e-03,1.862319315351188692e-02,9.387466084681806988e-01,3.440980101127383839e-01,-1.651433095581731902e-01,1.298856270090874010e-01,2.679569075147524293e-01,2.050625103996723264e-01,-1.142202491019405908e-01,-1.068001311414601071e-02,-1.140471882763594014e-01,-8.486925878858257721e-02,-1.574450507359975715e-01,1.392470632859402480e-01,-1.809784416419924491e-01,7.921027859416350514e-02,5.771023097377933099e-03,-1.768655083031795416e-01,2.047837263554595499e-01,-5.981081867882184211e-01,1.179230783414312089e+00,0.000000000000000000e+00,-1.137848013797538443e-01,-1.932743755696361421e-01,5.341046224156740241e-01,1.397856010734093823e+00,0.000000000000000000e+00,0.000000000000000000e+00,0.000000000000000000e+00,0.000000000000000000e+00,0.000000000000000000e+00,0.000000000000000000e+00,0.000000000000000000e+00
2.029557345455330619e+00,-9.631601431194239948e-01,9.270680637225762188e-01,-2.002026530649361757e-03,2.076626543036008687e-02,9.379927980850932823e-01,3.460263932857495783e-01,-1.707753270911182009e-01,1.265690887307256707e-01,2.633781344065711516e-01,2.050435149307023031e-01,-1.182215818884310848e-01,-1.154962663973357201e-02,-1.197994070447786358e-01,-8.755242589760349470e-02,-1.561047706482643349e-01,1.442423738157593005e-01,-1.819757379246487172e-01,8.076290794279282481e-02,1.514081112823109816e-03,-1.445528864108096279e-01,1.953956948337380872e-01,-5.910312027785834532e-01,1.229718231076726065e+00,0.000000000000000000e+00,-9.867711440396211009e-02,-1.901874399591869380e-01,5.262641212791550061e-01,1.411438670605849932e+00,0.000000000000000000e+00,0.000000000000000000e+00,0.000000000000000000e+00,0.000000000000000000e+00,0.000000000000000000e+00,0.000000000000000000e+00,0.000000000000000000e+00
2.031176566651597959e+00,-9.626734184346612544e-01,9.271892911137763482e-01,-1.801876290793806568e-03,2.213400000879946899e-02,9.374858725181927088e-01,3.473140914420927983e-01,-1.756601085495963221e-01,1.248405642502222190e-01,2.590606547709592977e-01,2.062624588036061357e-01,-1.213121751399804243e-01,-1.222859978468720903e-02,-1.234179666053763086e-01,-8.851112996643063779e-02,-1.549452723490680750e-01,1.473644204955399384e-01,-1.830270487327857465e-01,7.998108009145057928e-02,-2.490646528253079740e-03,-1.157000755310752249e-01,1.885966642744389132e-01,-5.802908432909890113e-01,1.271401442470385446e+00,0.000000000000000000e+00,-8.709847143612395315e-02,-1.863057631703747274e-01,5.169029277592023242e-01,1.419850143650523755e+00,0.000000000000000000e+00,0.000000000000000000e+00,0.000000000000000000e+00,0.000000000000000000e+00,0.000000000000000000e+00,0.000000000000000000e+00,0.000000000000000000e+00
2.032512841068017995e+00,-9.621958625655026021e-01,9.271507728414231098e-01,-1.772912476077488815e-03,2.269968571480289465e-02,9.375387755679971402e-01,3.471348806390137653e-01,-1.804599277585994255e-01,1.248108705697535958e-01,2.549107524241115419e-01,2.091646063382999743e-01,-1.262251256653829923e-01,-1.421517956097333342e-02,-1.250840657783068299e-01,-8.789956676246166167e-02,-1.547512191376912982e-01,1.487319159340588504e-01,-1.847851474004665873e-01,7.688644914796054219e-02,-5.655903157274748232e-03,-9.002594571251396061e-02,1.856326345932646782e-01,-5.693784014776409608e-01,1.300585837071231543e+00,0.000000000000000000e+00,-7.861815680469549927e-02,-1.834011084443083472e-01,5.069161309185000741e-01,1.422095612226793593e+00,0.000000000000000000e+00,0.000000000000000000e+00,0.000000000000000000e+00,0.000000000000000000e+00,0.000000000000000000e+00,0.000000000000000000e+00,0.000000000000000000e+00
2.033476182550080669e+00,-9.617547324102837525e-01,9.270402412886498134e-01,-2.662028220130785439e-03,2.230144321415419503e-02,9.374910160487861521e-01,3.472839674735014870e-01,-1.900109176467491834e-01,1.292751808234886834e-01,2.519070460952861357e-01,2.234322523124637749e-01,-1.318048835961160570e-01,-1.600846091633191873e-02,-1.281028864690229863e-01,-8.393000967016844838e-02,-1.514115296177897252e-01,1.506571689300507666e-01,-1.855110390757617467e-01,7.297272518103803396e-02,-3.791191763864322668e-03,-6.721837020165707943e-02,1.828361946896236712e-01,-5.558168614098013549e-01,1.318540003325685550e+00,0.000000000000000000e+00,-7.158521616815538557e-02,-1.795975263815362544e-01,5.013851997962327500e-01,1.422756623876557658e+00,0.000000000000000000e+00,0.000000000000000000e+00,0.000000000000000000e+00,0.000000000000000000e+00,0.000000000000000000e+00,0.000000000000000000e+00,0.000000000000000000e+00
