2.541773840209858061e-03,-9.930660893017338037e-03,2.074275194809555245e+00,-6.008957901380959990e-03,2.838734471754814775e-02,6.268657942825296425e-01,7.785867498508814988e-01,-2.821991981417860673e-01,-7.296885435336361581e-02,-2.077089594857402244e-02,2.399700102787125089e-01,-1.489521147254708744e-01,1.095476530772704904e-01,-3.271465948104311239e-01,-8.965909775980372698e-02,-3.775884986654318154e-02,2.852927611829148558e-01,-9.477409314152840381e-02,5.810817385255577505e-02,3.361269403807021217e-02,0.000000000000000000e+00,0.000000000000000000e+00,0.000000000000000000e+00,0.000000000000000000e+00,0.000000000000000000e+00,0.000000000000000000e+00,0.000000000000000000e+00,0.000000000000000000e+00,0.000000000000000000e+00,0.000000000000000000e+00,0.000000000000000000e+00,0.000000000000000000e+00,0.000000000000000000e+00,0.000000000000000000e+00,0.000000000000000000e+00,0.000000000000000000e+00
2.157140378076800435e-03,-9.773674370018184052e-03,2.074279216719622010e+00,-6.549370360358596800e-03,2.878083619846487709e-02,6.267913112599666769e-01,7.786279094308210524e-01,-2.840147850474463720e-01,-7.300723204669176680e-02,-2.054661575521773975e-02,2.407895387221802574e-01,-1.487256152774057982e-01,1.092639370470346455e-01,-3.270931432248862514e-01,-8.967482264015427806e-02,-3.785174289735129816e-02,2.825109726476342509e-01,-9.482715276910175239e-02,5.833623306711679252e-02,3.381820420822278378e-02,0.000000000000000000e+00,0.000000000000000000e+00,0.000000000000000000e+00,0.000000000000000000e+00,0.000000000000000000e+00,0.000000000000000000e+00,0.000000000000000000e+00,0.000000000000000000e+00,0.000000000000000000e+00,0.000000000000000000e+00,0.000000000000000000e+00,0.000000000000000000e+00,0.000000000000000000e+00,0.000000000000000000e+00,0.000000000000000000e+00,0.000000000000000000e+00
1.574623507367316167e-03,-9.566260944477279413e-03,2.074241921636164498e+00,-7.039941117177896807e-03,2.905281893943112079e-02,6.263156273315249045e-01,7.789962181558117704e-01,-2.859494056919249516e-01,-7.295290036701383707e-02,-1.917660298833190335e-02,2.429219998555668947e-01,-1.503596108413002841e-01,1.089841264373081070e-01,-3.277248209790659117e-01,-8.947970500672280947e-02,-3.634532345218002836e-02,2.812123129370451280e-01,-9.570117313459344799e-02,5.921276901374128432e-02,3.388463855220750359e-02,0.000000000000000000e+00,0.000000000000000000e+00,0.000000000000000000e+00,0.000000000000000000e+00,0.000000000000000000e+00,0.000000000000000000e+00,0.000000000000000000e+00,0.000000000000000000e+00,0.000000000000000000e+00,0.000000000000000000e+00,0.000000000000000000e+00,0.000000000000000000e+00,0.000000000000000000e+00,0.000000000000000000e+00,0.000000000000000000e+00,0.000000000000000000e+00
8.037016462987508266e-04,-9.351802281375658221e-03,2.074197201196741336e+00,-7.493630551344107778e-03,2.925677854295689537e-02,6.265801958078622835e-01,7.787715612628831607e-01,-2.874675595597140365e-01,-7.334629268825326731e-02,-1.842823567169185606e-02,2.439620418137601332e-01,-1.510069243255076077e-01,1.092934759245370868e-01,-3.283345437640026732e-01,-9.013335366547603478e-02,-3.658210413002509209e-02,2.807381361871277292e-01,-9.504040264648920544e-02,6.048977414705028477e-02,3.454691463481195796e-02,0.000000000000000000e+00,0.000000000000000000e+00,0.000000000000000000e+00,0.000000000000000000e+00,0.000000000000000000e+00,0.000000000000000000e+00,0.000000000000000000e+00,0.000000000000000000e+00,0.000000000000000000e+00,0.000000000000000000e+00,0.000000000000000000e+00,0.000000000000000000e+00,0.000000000000000000e+00,0.000000000000000000e+00,0.000000000000000000e+00,0.000000000000000000e+00
-1.796734751875390425e-04,-9.152805573516718460e-03,2.074172183000607905e+00,-7.915537174853095811e-03,2.934167638782001972e-02,6.266732642572565570e-01,7.786893027152355096e-01,-2.882684376506072232e-01,-7.390282219358386417e-02,-1.791659053624171383e-02,2.440838713156432693e-01,-1.519588101946839076e-01,1.094438087546719673e-01,-3.285722890616742387e-01,-9.081994435407682309e-02,-3.667025188191590929e-02,2.796921623356821707e-01,-9.409756873216876261e-02,6.137716255390527481e-02,3.491703267492806545e-02,0.000000000000000000e+00,0.000000000000000000e+00,0.000000000000000000e+00,0.000000000000000000e+00,0.000000000000000000e+00,0.000000000000000000e+00,0.000000000000000000e+00,0.000000000000000000e+00,0.000000000000000000e+00,0.000000000000000000e+00,0.000000000000000000e+00,0.000000000000000000e+00,0.000000000000000000e+00,0.000000000000000000e+00,0.000000000000000000e+00,0.000000000000000000e+00
-1.313998885198977952e-03,-8.936733181267631637e-03,2.074108933152469803e+00,-8.487692347252027286e-03,2.969518384839163819e-02,6.272104582828201824e-01,7.782372364231113782e-01,-2.899620989900208445e-01,-7.503441426275597737e-02,-1.811672425026061850e-02,2.442388570174548190e-01,-1.522801459112564093e-01,1.102609560141686318e-01,-3.299619614589873740e-01,-9.198023242131071753e-02,-3.667354734181743625e-02,2.798351076896599121e-01,-9.260888044949525111e-02,6.273886635170554393e-02,3.541420406546902377e-02,0.000000000000000000e+00,0.000000000000000000e+00,0.000000000000000000e+00,0.000000000000000000e+00,0.000000000000000000e+00,0.000000000000000000e+00,0.000000000000000000e+00,0.000000000000000000e+00,0.000000000000000000e+00,0.000000000000000000e+00,0.000000000000000000e+00,0.000000000000000000e+00,0.000000000000000000e+00,0.000000000000000000e+00,0.000000000000000000e+00,0.000000000000000000e+00
-2.615759197100590676e-03,-8.700131870858053909e-03,2.074005663964209933e+00,-9.104793455336081254e-03,3.009733326130015207e-02,6.274592308459780998e-01,7.780142459446781622e-01,-2.917930960735245494e-01,-7.616822149492102900e-02,-1.758888311629869250e-02,2.446204679734965415e-01,-1.536159540959646241e-01,1.107252587229038965e-01,-3.318409025908338195e-01,-9.308007463520789893e-02,-3.575455427840834588e-02,2.802926301572585266e-01,-9.182349041081136476e-02,6.394548094655960746e-02,3.518474260168503315e-02,0.000000000000000000e+00,0.000000000000000000e+00,0.000000000000000000e+00,0.000000000000000000e+00,0.000000000000000000e+00,0.000000000000000000e+00,0.000000000000000000e+00,0.000000000000000000e+00,0.000000000000000000e+00,0.000000000000000000e+00,0.000000000000000000e+00,0.000000000000000000e+00,0.000000000000000000e+00,0.000000000000000000e+00,0.000000000000000000e+00,0.000000000000000000e+00
-4.042482581748608507e-03,-8.426018163524366320e-03,2.073891528808738283e+00,-9.993446573999139465e-03,3.067278556010668428e-02,6.278093533547719485e-01,7.776983522496482282e-01,-2.945553667868532899e-01,-7.742863726442471284e-02,-1.780045707732248739e-02,2.453582771222893311e-01,-1.547076727495329540e-01,1.115012934000334938e-01,-3.342988809484300217e-01,-9.409847498669117460e-02,-3.478541245661198600e-02,2.807351634233266613e-01,-9.121138989296009858e-02,6.514883247765930474e-02,3.476826903082787246e-02,0.000000000000000000e+00,0.000000000000000000e+00,0.000000000000000000e+00,0.000000000000000000e+00,0.000000000000000000e+00,0.000000000000000000e+00,0.000000000000000000e+00,0.000000000000000000e+00,0.000000000000000000e+00,0.000000000000000000e+00,0.000000000000000000e+00,0.000000000000000000e+00,0.000000000000000000e+00,0.000000000000000000e+00,0.000000000000000000e+00,0.000000000000000000e+00
-5.564393859193492338e-03,-8.107014981791770339e-03,2.073747592228918801e+00,-1.069957813434793681e-02,3.104492236691929960e-02,6.285123771450739083e-01,7.771061211947989378e-01,-2.969862983508859688e-01,-7.892452253720640132e-02,-1.817313977270068603e-02,2.466052544572113758e-01,-1.561946616644421804e-01,1.118762335881203218e-01,-3.364117293104066930e-01,-9.554041430993075179e-02,-3.437606354186906882e-02,2.821095780638449013e-01,-9.061362813913798053e-02,6.650390292224982181e-02,3.491155973658311568e-02,0.000000000000000000e+00,0.000000000000000000e+00,0.000000000000000000e+00,0.000000000000000000e+00,0.000000000000000000e+00,0.000000000000000000e+00,0.000000000000000000e+00,0.000000000000000000e+00,0.000000000000000000e+00,0.000000000000000000e+00,0.000000000000000000e+00,0.000000000000000000e+00,0.000000000000000000e+00,0.000000000000000000e+00,0.000000000000000000e+00,0.000000000000000000e+00
-7.129922373485243943e-03,-7.658992315061924350e-03,2.073558251830228016e+00,-1.153105827078275414e-02,3.162987520073052422e-02,6.293132685576956487e-01,7.764221762077444522e-01,-3.005412827024829814e-01,-8.057209094719973430e-02,-1.807013387076501776e-02,2.493581799099345853e-01,-1.586079569476436246e-01,1.129516154974403302e-01,-3.396120641073558932e-01,-9.704644393060685159e-02,-3.331452793881491820e-02,2.848935390066462126e-01,-9.029468759652529986e-02,6.739507121658359912e-02,3.512034779372601168e-02,0.000000000000000000e+00,0.000000000000000000e+00,0.000000000000000000e+00,0.000000000000000000e+00,0.000000000000000000e+00,0.000000000000000000e+00,0.000000000000000000e+00,0.000000000000000000e+00,0.000000000000000000e+00,0.000000000000000000e+00,0.000000000000000000e+00,0.000000000000000000e+00,0.000000000000000000e+00,0.000000000000000000e+00,0.000000000000000000e+00,0.000000000000000000e+00
-8.715953776389487664e-03,-7.073272899900121674e-03,2.073377458597500667e+00,-1.230929078501398488e-02,3.222727774178812260e-02,6.293963788141331284e-01,7.763182867003584064e-01,-3.035765019446716728e-01,-8.250039807770859213e-02,-1.876081813707050627e-02,2.516786873713873773e-01,-1.603943070691143669e-01,1.142497530695907593e-01,-3.425042777939183436e-01,-9.852565346870230389e-02,-3.190990187676340240e-02,2.867806823496328872e-01,-9.010705485246563173e-02,6.872587687459948136e-02,3.591006359315852825e-02,0.000000000000000000e+00,0.000000000000000000e+00,0.000000000000000000e+00,0.000000000000000000e+00,0.000000000000000000e+00,0.000000000000000000e+00,0.000000000000000000e+00,0.000000000000000000e+00,0.000000000000000000e+00,0.000000000000000000e+00,0.000000000000000000e+00,0.000000000000000000e+00,0.000000000000000000e+00,0.000000000000000000e+00,0.000000000000000000e+00,0.000000000000000000e+00
-1.031533810669816795e-02,-6.279389760297609396e-03,2.073155424336745156e+00,-1.311521639171758791e-02,3.289344762257723209e-02,6.301276786972341837e-01,7.756836473344880245e-01,-3.069178329517205928e-01,-8.459506476912496964e-02,-1.881950157267489598e-02,2.548356329762425099e-01,-1.637417282544722796e-01,1.166999587240716840e-01,-3.455340051251720168e-01,-1.004851013056350106e-01,-3.122379457820737697e-02,2.897999915390979120e-01,-9.037228588751224090e-02,6.994986786810468427e-02,3.631369855845414940e-02,0.000000000000000000e+00,0.000000000000000000e+00,0.000000000000000000e+00,0.000000000000000000e+00,0.000000000000000000e+00,0.000000000000000000e+00,0.000000000000000000e+00,0.000000000000000000e+00,0.000000000000000000e+00,0.000000000000000000e+00,0.000000000000000000e+00,0.000000000000000000e+00,0.000000000000000000e+00,0.000000000000000000e+00,0.000000000000000000e+00,0.000000000000000000e+00
-1.194117546054574396e-02,-5.260066703841112870e-03,2.072949726934931736e+00,-1.376351768548193452e-02,3.349087932003921853e-02,6.305240744093214555e-01,7.753246534024056391e-01,-3.087772609401713830e-01,-8.697382820375763879e-02,-1.943091407483858724e-02,2.563536104682476169e-01,-1.668679705645070843e-01,1.181502732085249058e-01,-3.481166235265941711e-01,-1.025031192823300519e-01,-2.968660819453531469e-02,2.925878358568711479e-01,-8.948502294572897864e-02,7.218580333996123255e-02,3.636865002901654848e-02,0.000000000000000000e+00,0.000000000000000000e+00,0.000000000000000000e+00,0.000000000000000000e+00,0.000000000000000000e+00,0.000000000000000000e+00,0.000000000000000000e+00,0.000000000000000000e+00,0.000000000000000000e+00,0.000000000000000000e+00,0.000000000000000000e+00,0.000000000000000000e+00,0.000000000000000000e+00,0.000000000000000000e+00,0.000000000000000000e+00,0.000000000000000000e+00
-1.349648681202083103e-02,-3.920666527463522247e-03,2.072689458913768323e+00,-1.463961893532811712e-02,3.446179581988830648e-02,6.311400976864154355e-01,7.747646373439344147e-01,-3.113385749400623959e-01,-8.920226309505638329e-02,-1.884481251044460570e-02,2.582102288529082301e-01,-1.708913255191697456e-01,1.188804679272834758e-01,-3.518733910940542442e-01,-1.051377305359703640e-01,-2.967613711454220038e-02,2.970621395364499429e-01,-8.989365870058893537e-02,7.378391166467600237e-02,3.631161500953384441e-02,0.000000000000000000e+00,0.000000000000000000e+00,0.000000000000000000e+00,0.000000000000000000e+00,0.000000000000000000e+00,0.000000000000000000e+00,0.000000000000000000e+00,0.000000000000000000e+00,0.000000000000000000e+00,0.000000000000000000e+00,0.000000000000000000e+00,0.000000000000000000e+00,0.000000000000000000e+00,0.000000000000000000e+00,0.000000000000000000e+00,0.000000000000000000e+00
-1.500023874691574360e-02,-2.238162545401392589e-03,2.072371308841708615e+00,-1.548031423643374434e-02,3.561233442988829406e-02,6.311837807653246646e-01,7.746606717824165989e-01,-3.140821725756370308e-01,-9.164849766125640618e-02,-1.764363265760884869e-02,2.612091399881936726e-01,-1.762188240790583116e-01,1.201854093265857931e-01,-3.568477785025209181e-01,-1.078837885328701729e-01,-2.884567263491911310e-02,3.037613624781901889e-01,-9.126381579302528246e-02,7.512980566206017841e-02,3.624458938246384598e-02,0.000000000000000000e+00,0.000000000000000000e+00,0.000000000000000000e+00,0.000000000000000000e+00,0.000000000000000000e+00,0.000000000000000000e+00,0.000000000000000000e+00,0.000000000000000000e+00,0.000000000000000000e+00,0.000000000000000000e+00,0.000000000000000000e+00,0.000000000000000000e+00,0.000000000000000000e+00,0.000000000000000000e+00,0.000000000000000000e+00,0.000000000000000000e+00
-1.649554705787703926e-02,-2.083360239485171524e-04,2.071988737617280307e+00,-1.594968268951282506e-02,3.644661030622878273e-02,6.319106400248043487e-01,7.740195057249729116e-01,-3.153250424179443456e-01,-9.454452746586106127e-02,-1.658420278774870582e-02,2.640053040440489274e-01,-1.819982881361985882e-01,1.220875737773453873e-01,-3.609265334056110941e-01,-1.117073356407876222e-01,-2.958726744104372280e-02,3.121484421855589830e-01,-9.117266920929682772e-02,7.863306678847890863e-02,3.550518069953195743e-02,0.000000000000000000e+00,0.000000000000000000e+00,0.000000000000000000e+00,0.000000000000000000e+00,0.000000000000000000e+00,0.000000000000000000e+00,0.000000000000000000e+00,0.000000000000000000e+00,0.000000000000000000e+00,0.000000000000000000e+00,0.000000000000000000e+00,0.000000000000000000e+00,0.000000000000000000e+00,0.000000000000000000e+00,0.000000000000000000e+00,0.000000000000000000e+00
-1.787693196201207285e-02,2.222334125804354202e-03,2.071542750240631392e+00,-1.647381192772409686e-02,3.767651418873526475e-02,6.319760713365402127e-01,7.738962069019252876e-01,-3.172244512054622767e-01,-9.783780465724495334e-02,-1.548721574004642554e-02,2.678513964581952234e-01,-1.881332424811218706e-01,1.244164833839736389e-01,-3.673909105348630577e-01,-1.158700185655675424e-01,-3.020163001342445613e-02,3.242395971929588616e-01,-9.097394527843333245e-02,7.987981605491360770e-02,3.603136063084430574e-02,0.000000000000000000e+00,0.000000000000000000e+00,0.000000000000000000e+00,0.000000000000000000e+00,0.000000000000000000e+00,0.000000000000000000e+00,0.000000000000000000e+00,0.000000000000000000e+00,0.000000000000000000e+00,0.000000000000000000e+00,0.000000000000000000e+00,0.000000000000000000e+00,0.000000000000000000e+00,0.000000000000000000e+00,0.000000000000000000e+00,0.000000000000000000e+00
-1.921894442287450794e-02,5.219114537336482992e-03,2.071065209591882006e+00,-1.695625702149510666e-02,3.927472540472109336e-02,6.330966485205493655e-01,7.728897818733613256e-01,-3.176782151037956248e-01,-1.023694080239423432e-01,-1.633359597782517436e-02,2.685631557192686425e-01,-1.936436322370436169e-01,1.258875630697495474e-01,-3.742676922145786178e-01,-1.217598004954695556e-01,-3.260248302028507378e-02,3.379745663938449329e-01,-8.653372574047461796e-02,8.359693553671074251e-02,3.388973007326107068e-02,0.000000000000000000e+00,0.000000000000000000e+00,0.000000000000000000e+00,0.000000000000000000e+00,0.000000000000000000e+00,0.000000000000000000e+00,0.000000000000000000e+00,0.000000000000000000e+00,0.000000000000000000e+00,0.000000000000000000e+00,0.000000000000000000e+00,0.000000000000000000e+00,0.000000000000000000e+00,0.000000000000000000e+00,0.000000000000000000e+00,0.000000000000000000e+00
-2.046510319065736674e-02,8.788523105738917096e-03,2.070421208476488584e+00,-1.692718965183098376e-02,4.087173076029562702e-02,6.339735005830824388e-01,7.720884485818839682e-01,-3.171203599956901598e-01,-1.078535984139115528e-01,-1.716938625938820018e-02,2.701461799819607212e-01,-1.993165191852166729e-01,1.272092276590544857e-01,-3.826307761131979568e-01,-1.289077018067991687e-01,-3.450239494199851958e-02,3.562179025595272885e-01,-7.715564321980138140e-02,8.832995587691476469e-02,3.117874354264983661e-02,0.000000000000000000e+00,0.000000000000000000e+00,0.000000000000000000e+00,0.000000000000000000e+00,0.000000000000000000e+00,0.000000000000000000e+00,0.000000000000000000e+00,0.000000000000000000e+00,0.000000000000000000e+00,0.000000000000000000e+00,0.000000000000000000e+00,0.000000000000000000e+00,0.000000000000000000e+00,0.000000000000000000e+00,0.000000000000000000e+00,0.000000000000000000e+00
-2.149945431438890844e-02,1.297885371570530258e-02,2.069254794925237118e+00,-1.502326665803770979e-02,4.318249732182141698e-02,6.362074915928127572e-01,7.701620615332546160e-01,-3.131205568833310138e-01,-1.183525369733044869e-01,-1.975721620444477467e-02,2.689072285914470006e-01,-2.046940196061663442e-01,1.285494761005113729e-01,-3.914150428213949984e-01,-1.432729423254985313e-01,-3.896048755216169335e-02,3.743070959120351482e-01,-5.108568749965040900e-02,9.705020854649551443e-02,2.511514570107752087e-02,0.000000000000000000e+00,0.000000000000000000e+00,0.000000000000000000e+00,0.000000000000000000e+00,0.000000000000000000e+00,0.000000000000000000e+00,0.000000000000000000e+00,0.000000000000000000e+00,0.000000000000000000e+00,0.000000000000000000e+00,0.000000000000000000e+00,0.000000000000000000e+00,0.000000000000000000e+00,0.000000000000000000e+00,0.000000000000000000e+00,0.000000000000000000e+00
-2.221361787594003726e-02,1.797623895975890285e-02,2.067095673897657804e+00,-9.686025623441221408e-03,4.552980296178905234e-02,6.389527483894947846e-01,7.678363128137358773e-01,-3.054799037021730390e-01,-1.354083569096365125e-01,-2.241098491593557229e-02,2.720343031533063449e-01,-2.118544387770036064e-01,1.323866814149925186e-01,-4.016800567513855169e-01,-1.696054470199346020e-01,-5.200266731525399894e-02,3.962194768369025621e-01,5.454584218011274133e-03,1.092896264100474829e-01,1.541371666906289281e-02,0.000000000000000000e+00,0.000000000000000000e+00,0.000000000000000000e+00,0.000000000000000000e+00,0.000000000000000000e+00,0.000000000000000000e+00,0.000000000000000000e+00,0.000000000000000000e+00,0.000000000000000000e+00,0.000000000000000000e+00,0.000000000000000000e+00,0.000000000000000000e+00,0.000000000000000000e+00,0.000000000000000000e+00,0.000000000000000000e+00,0.000000000000000000e+00
-2.321828762045481317e-02,2.358510583981912601e-02,2.067925156225998595e+00,-1.209003590794828498e-02,4.313031037784598176e-02,6.394067700206594873e-01,7.675627595253708968e-01,-2.962158740186869310e-01,-1.302057204309164384e-01,-2.433264791759529033e-02,2.691815862349057342e-01,-2.169614021611570021e-01,1.305726507139726711e-01,-4.260115903485154898e-01,-1.778677414102070586e-01,-7.923596574223466804e-02,4.379361566652364979e-01,1.674176357471954257e-03,9.559361926035074564e-02,1.138027009723029982e-02,0.000000000000000000e+00,0.000000000000000000e+00,0.000000000000000000e+00,0.000000000000000000e+00,0.000000000000000000e+00,0.000000000000000000e+00,0.000000000000000000e+00,0.000000000000000000e+00,0.000000000000000000e+00,0.000000000000000000e+00,0.000000000000000000e+00,0.000000000000000000e+00,0.000000000000000000e+00,0.000000000000000000e+00,0.000000000000000000e+00,0.000000000000000000e+00
-2.440887001793128064e-02,3.008030688293340804e-02,2.070689806504201869e+00,-1.986930447647963782e-02,3.732201480017829920e-02,6.407219304251983161e-01,7.666079087924174695e-01,-2.878372168982840096e-01,-1.110212267234582939e-01,-3.073122096385742796e-02,2.668512094886704156e-01,-2.228615825612439150e-01,1.278097706006620093e-01,-4.738420296827795530e-01,-1.622625011121314187e-01,-8.549590104651214051e-02,5.032573943799807381e-01,-5.419573267805145866e-02,7.490524654568951612e-02,4.110753349243477864e-03,0.000000000000000000e+00,0.000000000000000000e+00,0.000000000000000000e+00,0.000000000000000000e+00,0.000000000000000000e+00,0.000000000000000000e+00,0.000000000000000000e+00,0.000000000000000000e+00,0.000000000000000000e+00,0.000000000000000000e+00,0.000000000000000000e+00,0.000000000000000000e+00,0.000000000000000000e+00,0.000000000000000000e+00,0.000000000000000000e+00,0.000000000000000000e+00
-2.493074632422411993e-02,3.762343931435477296e-02,2.070831395999359614e+00,-2.069962322199964122e-02,3.588974618353218959e-02,6.440387973767706109e-01,7.638700669556516276e-01,-2.784456554586975940e-01,-1.115839804875434771e-01,-3.824364745076024030e-02,2.686545133615577119e-01,-2.286361575524786804e-01,1.292124280291000737e-01,-5.045987138021017504e-01,-1.619919616539124974e-01,-9.411744683486944485e-02,5.430381897965649296e-01,-4.347317355098691272e-02,7.230570864558524824e-02,-9.765674775363308510e-03,0.000000000000000000e+00,0.000000000000000000e+00,0.000000000000000000e+00,0.000000000000000000e+00,0.000000000000000000e+00,0.000000000000000000e+00,0.000000000000000000e+00,0.000000000000000000e+00,0.000000000000000000e+00,0.000000000000000000e+00,0.000000000000000000e+00,0.000000000000000000e+00,0.000000000000000000e+00,0.000000000000000000e+00,0.000000000000000000e+00,0.000000000000000000e+00
-2.507636867634896460e-02,4.623800979614784562e-02,2.070516492522779028e+00,-2.014085377804745308e-02,3.483012205737083533e-02,6.472157792804804632e-01,7.612443389982745945e-01,-2.662096294044217215e-01,-1.147101195607710677e-01,-4.574511183698663774e-02,2.701334417471219496e-01,-2.339989362544334928e-01,1.283542034427178347e-01,-5.302452357059297405e-01,-1.640644731188115046e-01,-1.052177163733355042e-01,5.670021998126887341e-01,-2.670535971588008928e-02,7.273031079174381575e-02,-2.449812115008018557e-02,0.000000000000000000e+00,0.000000000000000000e+00,0.000000000000000000e+00,0.000000000000000000e+00,0.000000000000000000e+00,0.000000000000000000e+00,0.000000000000000000e+00,0.000000000000000000e+00,0.000000000000000000e+00,0.000000000000000000e+00,0.000000000000000000e+00,0.000000000000000000e+00,0.000000000000000000e+00,0.000000000000000000e+00,0.000000000000000000e+00,0.000000000000000000e+00
-2.488327024106989915e-02,5.586872066285125671e-02,2.069967414419544127e+00,-1.906217990253240152e-02,3.372585139520513364e-02,6.517591037524628206e-01,7.574359847015578184e-01,-2.519271983479528521e-01,-1.183497021630161850e-01,-5.415731921825342465e-02,2.719574210636681033e-01,-2.412071787053468586e-01,1.258183599202524205e-01,-5.562096734095318684e-01,-1.683576763149717825e-01,-1.187008001257578160e-01,5.728984861077044410e-01,-1.716760842582448765e-02,7.474737118818622350e-02,-4.514982709328749233e-02,0.000000000000000000e+00,0.000000000000000000e+00,0.000000000000000000e+00,0.000000000000000000e+00,0.000000000000000000e+00,0.000000000000000000e+00,0.000000000000000000e+00,0.000000000000000000e+00,0.000000000000000000e+00,0.000000000000000000e+00,0.000000000000000000e+00,0.000000000000000000e+00,0.000000000000000000e+00,0.000000000000000000e+00,0.000000000000000000e+00,0.000000000000000000e+00
-2.439320273496225003e-02,6.653767661633719355e-02,2.068987643134024168e+00,-1.768445223023356466e-02,3.358279192854970313e-02,6.574025105706809979e-01,7.525831484500342672e-01,-2.364907673671091948e-01,-1.240915383204732325e-01,-6.550919901643441345e-02,2.722274573978860635e-01,-2.520050966605703047e-01,1.232717400164326932e-01,-5.816349503259211629e-01,-1.750378392294486551e-01,-1.321232067260813825e-01,5.611357298336050459e-01,-1.215093081241529205e-02,7.969898373914040268e-02,-6.831709258228919890e-02,0.000000000000000000e+00,0.000000000000000000e+00,0.000000000000000000e+00,0.000000000000000000e+00,0.000000000000000000e+00,0.000000000000000000e+00,0.000000000000000000e+00,0.000000000000000000e+00,0.000000000000000000e+00,0.000000000000000000e+00,0.000000000000000000e+00,0.000000000000000000e+00,0.000000000000000000e+00,0.000000000000000000e+00,0.000000000000000000e+00,0.000000000000000000e+00
-2.358235720028392310e-02,7.791382693712547991e-02,2.067514998942798776e+00,-1.523812925433111476e-02,3.339214643174907848e-02,6.640945894039804731e-01,7.467470390285240178e-01,-2.193341081269950532e-01,-1.313027884320738248e-01,-7.810598212603081514e-02,2.746736092294857490e-01,-2.656965678512780427e-01,1.225758431918642505e-01,-6.061146903886478476e-01,-1.870729999933932741e-01,-1.477330459682514863e-01,5.330204103158102669e-01,-1.067681332729709942e-02,8.750749540905133905e-02,-9.268866789090601799e-02,0.000000000000000000e+00,0.000000000000000000e+00,0.000000000000000000e+00,0.000000000000000000e+00,0.000000000000000000e+00,0.000000000000000000e+00,0.000000000000000000e+00,0.000000000000000000e+00,0.000000000000000000e+00,0.000000000000000000e+00,0.000000000000000000e+00,0.000000000000000000e+00,0.000000000000000000e+00,0.000000000000000000e+00,0.000000000000000000e+00,0.000000000000000000e+00
-2.241512094403640479e-02,8.975541865842093237e-02,2.065369417632687998e+00,-1.178690077481725669e-02,3.459051862071221839e-02,6.716476982149771624e-01,7.399688739901149059e-01,-2.005900063674605771e-01,-1.423510323455780546e-01,-9.505953454827738291e-02,2.742750299871895558e-01,-2.825562041417166714e-01,1.237780138512785399e-01,-6.280340850532039054e-01,-2.002666226950395034e-01,-1.565263545333127893e-01,4.955655971694116202e-01,-9.481419981232835914e-03,9.810412663942158495e-02,-1.184158896028040808e-01,0.000000000000000000e+00,0.000000000000000000e+00,0.000000000000000000e+00,0.000000000000000000e+00,0.000000000000000000e+00,0.000000000000000000e+00,0.000000000000000000e+00,0.000000000000000000e+00,0.000000000000000000e+00,0.000000000000000000e+00,0.000000000000000000e+00,0.000000000000000000e+00,0.000000000000000000e+00,0.000000000000000000e+00,0.000000000000000000e+00,0.000000000000000000e+00
-2.089743226155482345e-02,1.018599193791612650e-01,2.062876559792305553e+00,-6.597062302673446961e-03,3.440482290860324976e-02,6.799007738699072156e-01,7.324668761252648430e-01,-1.783667707433656824e-01,-1.542601859384559182e-01,-1.166702372375966051e-01,2.778712733420861669e-01,-3.000487572772250200e-01,1.262077432409807742e-01,-6.533100729573105836e-01,-2.153324600442155790e-01,-1.580000976720806194e-01,4.559476112523873637e-01,-3.643170761884931275e-03,1.119996487311743089e-01,-1.480513488056567351e-01,0.000000000000000000e+00,0.000000000000000000e+00,0.000000000000000000e+00,0.000000000000000000e+00,0.000000000000000000e+00,0.000000000000000000e+00,0.000000000000000000e+00,0.000000000000000000e+00,0.000000000000000000e+00,0.000000000000000000e+00,0.000000000000000000e+00,0.000000000000000000e+00,0.000000000000000000e+00,0.000000000000000000e+00,0.000000000000000000e+00,0.000000000000000000e+00
-1.890351917944378332e-02,1.140003470055538648e-01,2.060200079208374557e+00,-1.319010191011171090e-03,3.439604080286770560e-02,6.893664716000932335e-01,7.235945276346702482e-01,-1.569972904950575898e-01,-1.648346697148561080e-01,-1.387575239840525831e-01,2.831600067443134083e-01,-3.170096818991592902e-01,1.270376322930484025e-01,-6.772508141845205998e-01,-2.325981898276320292e-01,-1.594183932763801326e-01,4.174757258721264463e-01,2.647130911420339516e-03,1.265420163979318335e-01,-1.772036112207349690e-01,0.000000000000000000e+00,0.000000000000000000e+00,0.000000000000000000e+00,0.000000000000000000e+00,0.000000000000000000e+00,0.000000000000000000e+00,0.000000000000000000e+00,0.000000000000000000e+00,0.000000000000000000e+00,0.000000000000000000e+00,0.000000000000000000e+00,0.000000000000000000e+00,0.000000000000000000e+00,0.000000000000000000e+00,0.000000000000000000e+00,0.000000000000000000e+00
-1.629325110513015970e-02,1.262358728641068684e-01,2.057464129066283398e+00,4.811129510374143048e-03,3.301412067474031320e-02,6.994447379352306537e-01,7.139075426437410110e-01,-1.339497670206552249e-01,-1.728542810890178472e-01,-1.615834171485212578e-01,2.923478508734653758e-01,-3.333844072362003308e-01,1.251409277494580086e-01,-7.011058873989263196e-01,-2.537705011695327029e-01,-1.646296009567095042e-01,3.812458409778788360e-01,8.376218731071069512e-03,1.395105408767213784e-01,-2.051763222239225692e-01,0.000000000000000000e+00,0.000000000000000000e+00,0.000000000000000000e+00,0.000000000000000000e+00,0.000000000000000000e+00,0.000000000000000000e+00,0.000000000000000000e+00,0.000000000000000000e+00,0.000000000000000000e+00,0.000000000000000000e+00,0.000000000000000000e+00,0.000000000000000000e+00,0.000000000000000000e+00,0.000000000000000000e+00,0.000000000000000000e+00,0.000000000000000000e+00
-1.318085206729894751e-02,1.390260064423652353e-01,2.055125435086238461e+00,9.311078363789346279e-03,3.028547262702915854e-02,7.073435256531350745e-01,7.061594938001287680e-01,-1.114929652574737778e-01,-1.748313216308846896e-01,-1.823482327114638868e-01,3.037094341992260249e-01,-3.488735779010485039e-01,1.257541719653422208e-01,-7.291386098738320554e-01,-2.690559500942345528e-01,-1.580272764871047952e-01,3.494879407926789749e-01,7.034819983438855839e-03,1.538622037479073501e-01,-2.314138716129344742e-01,0.000000000000000000e+00,0.000000000000000000e+00,0.000000000000000000e+00,0.000000000000000000e+00,0.000000000000000000e+00,0.000000000000000000e+00,0.000000000000000000e+00,0.000000000000000000e+00,0.000000000000000000e+00,0.000000000000000000e+00,0.000000000000000000e+00,0.000000000000000000e+00,0.000000000000000000e+00,0.000000000000000000e+00,0.000000000000000000e+00,0.000000000000000000e+00
-9.307560482917642819e-03,1.526702151578749889e-01,2.052791009087755025e+00,1.384845903348732275e-02,2.764327505981788169e-02,7.149422982103157409e-01,6.984995202261187197e-01,-8.625402074025416421e-02,-1.744288788530709011e-01,-2.038595197671316250e-01,3.104857333253274732e-01,-3.616318616288266563e-01,1.197274649878785902e-01,-7.570563754889738650e-01,-2.855598164869066480e-01,-1.596246637691841608e-01,3.196777912218231599e-01,5.355903233049560952e-03,1.687463390421655718e-01,-2.552203456247795210e-01,0.000000000000000000e+00,0.000000000000000000e+00,0.000000000000000000e+00,0.000000000000000000e+00,0.000000000000000000e+00,0.000000000000000000e+00,0.000000000000000000e+00,0.000000000000000000e+00,0.000000000000000000e+00,0.000000000000000000e+00,0.000000000000000000e+00,0.000000000000000000e+00,0.000000000000000000e+00,0.000000000000000000e+00,0.000000000000000000e+00,0.000000000000000000e+00
-4.636030976267516666e-03,1.678261215847031418e-01,2.049860463363135654e+00,1.738342674397708870e-02,2.692247443547195890e-02,7.210587293234999029e-01,6.921324336507350683e-01,-6.391580641575299315e-02,-1.731215288339302549e-01,-2.205387190763586358e-01,3.176271095296108737e-01,-3.764564662490834657e-01,1.129490511996803503e-01,-7.863773672373612911e-01,-3.013610263587558902e-01,-1.639318978773812441e-01,2.973071179131261954e-01,2.457590467194833983e-03,1.817307612882656798e-01,-2.760564056785332898e-01,0.000000000000000000e+00,0.000000000000000000e+00,0.000000000000000000e+00,0.000000000000000000e+00,0.000000000000000000e+00,0.000000000000000000e+00,0.000000000000000000e+00,0.000000000000000000e+00,0.000000000000000000e+00,0.000000000000000000e+00,0.000000000000000000e+00,0.000000000000000000e+00,0.000000000000000000e+00,0.000000000000000000e+00,0.000000000000000000e+00,0.000000000000000000e+00
8.283639994089658874e-04,1.851935128787202678e-01,2.045510667201259736e+00,2.101466120300520685e-02,2.943447426816579726e-02,7.263352470459978338e-01,6.863884502508110774e-01,-4.237245408531285784e-02,-1.769041411651240958e-01,-2.415217406464438832e-01,3.236909099629137754e-01,-3.971950625444468086e-01,1.085021171182394134e-01,-8.135594848067688734e-01,-3.160980072905745786e-01,-1.624892294943374171e-01,2.825598604089705201e-01,1.040996854551889950e-03,1.907639748056534634e-01,-2.967756980006645007e-01,0.000000000000000000e+00,0.000000000000000000e+00,0.000000000000000000e+00,0.000000000000000000e+00,0.000000000000000000e+00,0.000000000000000000e+00,0.000000000000000000e+00,0.000000000000000000e+00,0.000000000000000000e+00,0.000000000000000000e+00,0.000000000000000000e+00,0.000000000000000000e+00,0.000000000000000000e+00,0.000000000000000000e+00,0.000000000000000000e+00,0.000000000000000000e+00
6.976574003134574341e-03,2.052830653623194390e-01,2.041075470437884398e+00,2.261532429096093158e-02,3.206787501512416150e-02,7.313886110592281442e-01,6.808310349213549939e-01,-2.145140898872902394e-02,-1.739718725488502149e-01,-2.563031779499883589e-01,3.271343731008137801e-01,-4.075029320878984507e-01,1.020016496057459671e-01,-8.350364225205089141e-01,-3.298842631216427623e-01,-1.670616936901536120e-01,2.738174033014553199e-01,4.195020037811345026e-03,1.967511693256272232e-01,-3.135688091809533118e-01,0.000000000000000000e+00,0.000000000000000000e+00,0.000000000000000000e+00,0.000000000000000000e+00,0.000000000000000000e+00,0.000000000000000000e+00,0.000000000000000000e+00,0.000000000000000000e+00,0.000000000000000000e+00,0.000000000000000000e+00,0.000000000000000000e+00,0.000000000000000000e+00,0.000000000000000000e+00,0.000000000000000000e+00,0.000000000000000000e+00,0.000000000000000000e+00
1.381820484401117058e-02,2.284864677112832809e-01,2.035268580972366959e+00,2.434672753186976207e-02,3.698001880826504162e-02,7.367850447769433986e-01,6.746758576238429672e-01,8.160894682993566351e-04,-1.707893638888514365e-01,-2.664329350520325268e-01,3.248267752542159936e-01,-4.118661904648149852e-01,9.333339166750645455e-02,-8.475514031044141250e-01,-3.421609568049336358e-01,-1.668118348886258318e-01,2.741313961996479920e-01,1.312190664702944654e-02,1.997247010702903891e-01,-3.308530177349462420e-01,0.000000000000000000e+00,0.000000000000000000e+00,0.000000000000000000e+00,0.000000000000000000e+00,0.000000000000000000e+00,0.000000000000000000e+00,0.000000000000000000e+00,0.000000000000000000e+00,0.000000000000000000e+00,0.000000000000000000e+00,0.000000000000000000e+00,0.000000000000000000e+00,0.000000000000000000e+00,0.000000000000000000e+00,0.000000000000000000e+00,0.000000000000000000e+00
2.120153264831326975e-02,2.547362449892489056e-01,2.028376093498380772e+00,2.617247105830069337e-02,4.256926677805505238e-02,7.431854453415803752e-01,6.672167961893041843e-01,2.660196071408887919e-02,-1.651833759976635563e-01,-2.771759078590084746e-01,3.172128182318794676e-01,-4.062199757225579133e-01,8.099312602145665452e-02,-8.514078163341828320e-01,-3.530110401869516190e-01,-1.652963277418658949e-01,2.812785190181751327e-01,2.868259676131373892e-02,1.990809666328405558e-01,-3.480752284964407917e-01,0.000000000000000000e+00,0.000000000000000000e+00,0.000000000000000000e+00,0.000000000000000000e+00,0.000000000000000000e+00,0.000000000000000000e+00,0.000000000000000000e+00,0.000000000000000000e+00,0.000000000000000000e+00,0.000000000000000000e+00,0.000000000000000000e+00,0.000000000000000000e+00,0.000000000000000000e+00,0.000000000000000000e+00,0.000000000000000000e+00,0.000000000000000000e+00
2.923336108936945565e-02,2.839626920929885223e-01,2.019827929759190344e+00,2.709866050157311301e-02,5.081296409995812724e-02,7.489974385758586539e-01,6.600655590812181117e-01,5.171165127686512542e-02,-1.647451677198419617e-01,-3.006567613674585582e-01,3.159217233421835469e-01,-3.960282736947509652e-01,7.175802971104064398e-02,-8.466153727079713809e-01,-3.611149053637677797e-01,-1.632742088112176249e-01,2.933338746877138803e-01,5.161314621952357851e-02,1.968932398583006504e-01,-3.632085199642113849e-01,0.000000000000000000e+00,0.000000000000000000e+00,0.000000000000000000e+00,0.000000000000000000e+00,0.000000000000000000e+00,0.000000000000000000e+00,0.000000000000000000e+00,0.000000000000000000e+00,0.000000000000000000e+00,0.000000000000000000e+00,0.000000000000000000e+00,0.000000000000000000e+00,0.000000000000000000e+00,0.000000000000000000e+00,0.000000000000000000e+00,0.000000000000000000e+00
3.767754413010859088e-02,3.154903235824705332e-01,2.010265586837218788e+00,2.600934955500953938e-02,5.919529331038367315e-02,7.532869164915121374e-01,6.545061133620783123e-01,7.479553667385255289e-02,-1.592971272060934307e-01,-3.192718809239919464e-01,3.141973915514527649e-01,-3.733891671032817938e-01,5.837939808617730736e-02,-8.343539414582734626e-01,-3.645634607950873907e-01,-1.688946626642842674e-01,3.086061033195073300e-01,7.823946866581757420e-02,1.898012092042958010e-01,-3.718848985445354360e-01,0.000000000000000000e+00,0.000000000000000000e+00,0.000000000000000000e+00,0.000000000000000000e+00,0.000000000000000000e+00,0.000000000000000000e+00,0.000000000000000000e+00,0.000000000000000000e+00,0.000000000000000000e+00,0.000000000000000000e+00,0.000000000000000000e+00,0.000000000000000000e+00,0.000000000000000000e+00,0.000000000000000000e+00,0.000000000000000000e+00,0.000000000000000000e+00
4.643242604721016520e-02,3.485122066165594612e-01,2.000524155978598451e+00,2.104280187711980374e-02,6.761516089934556384e-02,7.558549899973535657e-01,6.508983212467346346e-01,9.380195843452068805e-02,-1.478312561345003218e-01,-3.374062670952002740e-01,3.100287175538639639e-01,-3.311222897413746979e-01,4.075003531567857051e-02,-8.200991571821608650e-01,-3.586475801548154596e-01,-1.790903596092950911e-01,3.279392603063744360e-01,1.014458673478186301e-01,1.775664071032383995e-01,-3.769268206015431999e-01,0.000000000000000000e+00,0.000000000000000000e+00,0.000000000000000000e+00,0.000000000000000000e+00,0.000000000000000000e+00,0.000000000000000000e+00,0.000000000000000000e+00,0.000000000000000000e+00,0.000000000000000000e+00,0.000000000000000000e+00,0.000000000000000000e+00,0.000000000000000000e+00,0.000000000000000000e+00,0.000000000000000000e+00,0.000000000000000000e+00,0.000000000000000000e+00
5.532472655988726618e-02,3.818745874541411012e-01,1.992110740234662059e+00,1.069962180500076861e-02,7.302272268741684391e-02,7.584173696478617721e-01,6.475772490452131880e-01,1.014560398889406412e-01,-1.225173667517957810e-01,-3.476006220643427791e-01,3.096527797850253116e-01,-2.608231726370017212e-01,1.610724786836938843e-02,-8.074930363080156104e-01,-3.421277991572837518e-01,-1.943538194390191931e-01,3.486779067217148365e-01,1.088903893808489814e-01,1.585987472292677003e-01,-3.768863538940525060e-01,0.000000000000000000e+00,0.000000000000000000e+00,0.000000000000000000e+00,0.000000000000000000e+00,0.000000000000000000e+00,0.000000000000000000e+00,0.000000000000000000e+00,0.000000000000000000e+00,0.000000000000000000e+00,0.000000000000000000e+00,0.000000000000000000e+00,0.000000000000000000e+00,0.000000000000000000e+00,0.000000000000000000e+00,0.000000000000000000e+00,0.000000000000000000e+00
6.431894924160803939e-02,4.151784659364876617e-01,1.997133107798525264e+00,-6.426299348977097987e-03,7.629307294521274485e-02,7.587932361209209775e-01,6.468159664961861122e-01,1.036387112832823920e-01,-8.514347251592020716e-02,-3.615165220621843201e-01,3.057672256212541351e-01,-1.479409072275750803e-01,-2.351347679667700405e-02,-7.998576486848296696e-01,-3.125079028762502986e-01,-2.203366897387347700e-01,3.794468853878495973e-01,1.147488704058577808e-01,1.325690536253888163e-01,-3.719918249823963019e-01,0.000000000000000000e+00,0.000000000000000000e+00,0.000000000000000000e+00,0.000000000000000000e+00,0.000000000000000000e+00,0.000000000000000000e+00,0.000000000000000000e+00,0.000000000000000000e+00,0.000000000000000000e+00,0.000000000000000000e+00,0.000000000000000000e+00,0.000000000000000000e+00,0.000000000000000000e+00,0.000000000000000000e+00,0.000000000000000000e+00,0.000000000000000000e+00
7.302368917811970228e-02,4.478734232457612374e-01,2.000250200820371305e+00,-2.600506980915223698e-02,7.602831400510993987e-02,7.572755283417551553e-01,6.481336328169354788e-01,1.012040401922583432e-01,-4.416985572706205732e-02,-3.651711379411395342e-01,3.149627746745551349e-01,-2.958766635839506220e-02,-6.129163912630236632e-02,-7.959360975708743569e-01,-2.737276744306232357e-01,-2.473208038723828661e-01,4.109925467331668747e-01,1.008251700718034161e-01,9.827334547931340647e-02,-3.623323334994664746e-01,0.000000000000000000e+00,0.000000000000000000e+00,0.000000000000000000e+00,0.000000000000000000e+00,0.000000000000000000e+00,0.000000000000000000e+00,0.000000000000000000e+00,0.000000000000000000e+00,0.000000000000000000e+00,0.000000000000000000e+00,0.000000000000000000e+00,0.000000000000000000e+00,0.000000000000000000e+00,0.000000000000000000e+00,0.000000000000000000e+00,0.000000000000000000e+00
8.143375510023895258e-02,4.791643859107342363e-01,2.001977672826680266e+00,-4.726679715522164732e-02,7.201220590210377637e-02,7.539773402534877267e-01,6.512282721688896769e-01,9.478885737222114694e-02,1.742160831118019435e-03,-3.692411883037092224e-01,3.304684517310786940e-01,1.264030732838406779e-01,-1.087932749902546237e-01,-7.931816992176110581e-01,-2.253941881585218299e-01,-2.767063336079515490e-01,4.430378836065962944e-01,7.424659442734372894e-02,5.976350811228938603e-02,-3.441475146971849641e-01,0.000000000000000000e+00,0.000000000000000000e+00,0.000000000000000000e+00,0.000000000000000000e+00,0.000000000000000000e+00,0.000000000000000000e+00,0.000000000000000000e+00,0.000000000000000000e+00,0.000000000000000000e+00,0.000000000000000000e+00,0.000000000000000000e+00,0.000000000000000000e+00,0.000000000000000000e+00,0.000000000000000000e+00,0.000000000000000000e+00,0.000000000000000000e+00
8.943743216595034795e-02,5.101617366607521520e-01,2.003977187094978518e+00,-6.487597198540025201e-02,6.805553783343036567e-02,7.469411529911303971e-01,6.582085277459064354e-01,8.067329538408299361e-02,3.670089881904180229e-02,-3.602544040167514616e-01,3.572041613398997395e-01,2.906511471818005177e-01,-1.514494470184964414e-01,-7.856788898278269651e-01,-1.721708132970811156e-01,-2.896968333663533235e-01,4.675657007230123452e-01,4.917275077835165514e-02,1.995713793712439871e-02,-3.153859587767628980e-01,0.000000000000000000e+00,0.000000000000000000e+00,0.000000000000000000e+00,0.000000000000000000e+00,0.000000000000000000e+00,0.000000000000000000e+00,0.000000000000000000e+00,0.000000000000000000e+00,0.000000000000000000e+00,0.000000000000000000e+00,0.000000000000000000e+00,0.000000000000000000e+00,0.000000000000000000e+00,0.000000000000000000e+00,0.000000000000000000e+00,0.000000000000000000e+00
9.737811486697044161e-02,5.421243114981442179e-01,2.009575510567111589e+00,-6.960748360314618355e-02,6.677098352580781992e-02,7.350772294366489934e-01,6.710871036975564197e-01,5.125624752526707767e-02,4.557857523579648268e-02,-3.252078630224614630e-01,4.006270710265447121e-01,4.088158767392122694e-01,-1.699819797989945425e-01,-7.559112444129930664e-01,-1.272747084785748328e-01,-2.775457067980444670e-01,4.714415840891476583e-01,2.413505309467385562e-02,-1.373902807547074806e-02,-2.762600758972942883e-01,0.000000000000000000e+00,0.000000000000000000e+00,0.000000000000000000e+00,0.000000000000000000e+00,0.000000000000000000e+00,0.000000000000000000e+00,0.000000000000000000e+00,0.000000000000000000e+00,0.000000000000000000e+00,0.000000000000000000e+00,0.000000000000000000e+00,0.000000000000000000e+00,0.000000000000000000e+00,0.000000000000000000e+00,0.000000000000000000e+00,0.000000000000000000e+00
1.057947399459836235e-01,5.753034000147703164e-01,2.018848609279353390e+00,-6.367255168099499041e-02,6.801882163078715182e-02,7.170818595597218126e-01,6.907335613366143434e-01,-3.146436903384785665e-03,3.050145163879604965e-02,-2.595478509305401138e-01,4.667458309861929333e-01,4.605464460223845924e-01,-1.540300354082285161e-01,-7.048429357240832971e-01,-8.944096653678315634e-02,-2.384629859061095369e-01,4.522162840098872816e-01,-2.292037271691665934e-03,-3.219377948101883463e-02,-2.192813333673524490e-01,0.000000000000000000e+00,0.000000000000000000e+00,0.000000000000000000e+00,0.000000000000000000e+00,0.000000000000000000e+00,0.000000000000000000e+00,0.000000000000000000e+00,0.000000000000000000e+00,0.000000000000000000e+00,0.000000000000000000e+00,0.000000000000000000e+00,0.000000000000000000e+00,0.000000000000000000e+00,0.000000000000000000e+00,0.000000000000000000e+00,0.000000000000000000e+00
1.146642922422629052e-01,6.080690717089561881e-01,2.029297602891855234e+00,-5.078591430863411971e-02,6.954662052194673927e-02,6.975173781337874468e-01,7.113744201777151277e-01,-8.910323924088868475e-02,7.975791265568073912e-03,-1.740478460017717000e-01,5.576098479504787431e-01,4.460107707484415873e-01,-1.086135503462204305e-01,-6.396818003011299769e-01,-6.451773664306488520e-02,-1.866826629724674946e-01,4.222463267878395210e-01,-3.220472034357223234e-02,-4.290048106170629011e-02,-1.519094039682020170e-01,0.000000000000000000e+00,0.000000000000000000e+00,0.000000000000000000e+00,0.000000000000000000e+00,0.000000000000000000e+00,0.000000000000000000e+00,0.000000000000000000e+00,0.000000000000000000e+00,0.000000000000000000e+00,0.000000000000000000e+00,0.000000000000000000e+00,0.000000000000000000e+00,0.000000000000000000e+00,0.000000000000000000e+00,0.000000000000000000e+00,0.000000000000000000e+00
1.235955510920622030e-01,6.392209610007809628e-01,2.038653214824926341e+00,-3.699875676691358195e-02,7.060386085244346743e-02,6.757617708934261502e-01,7.327975271720105210e-01,-1.989609362215797039e-01,-1.136985146387065049e-02,-9.206679009936009905e-02,6.585024005834823058e-01,3.836361844100700247e-01,-6.101361634874095941e-02,-5.726823708991001238e-01,-4.634955666270269142e-02,-1.305197574215393730e-01,3.885189052277192023e-01,-6.022381076197100280e-02,-4.598142791561211223e-02,-7.565641651384902300e-02,0.000000000000000000e+00,0.000000000000000000e+00,0.000000000000000000e+00,0.000000000000000000e+00,0.000000000000000000e+00,0.000000000000000000e+00,0.000000000000000000e+00,0.000000000000000000e+00,0.000000000000000000e+00,0.000000000000000000e+00,0.000000000000000000e+00,0.000000000000000000e+00,0.000000000000000000e+00,0.000000000000000000e+00,0.000000000000000000e+00,0.000000000000000000e+00
1.325418963984901222e-01,6.687500626312623542e-01,2.045164674589396103e+00,-2.538957661093391854e-02,6.902248084891922375e-02,6.558453729053151937e-01,7.513042748285594374e-01,-3.160907409831658632e-01,-1.042176714898865320e-02,-1.671207344497515485e-02,7.293667546409076108e-01,2.953894355655865556e-01,-1.597621727573048447e-02,-5.096057179710333784e-01,-3.395421228920304096e-02,-8.834063389550252110e-02,3.643015182745722447e-01,-8.715217645794663681e-02,-4.488192866542633358e-02,-3.564920272947933420e-03,0.000000000000000000e+00,0.000000000000000000e+00,0.000000000000000000e+00,0.000000000000000000e+00,0.000000000000000000e+00,0.000000000000000000e+00,0.000000000000000000e+00,0.000000000000000000e+00,0.000000000000000000e+00,0.000000000000000000e+00,0.000000000000000000e+00,0.000000000000000000e+00,0.000000000000000000e+00,0.000000000000000000e+00,0.000000000000000000e+00,0.000000000000000000e+00
1.413054379588254694e-01,6.976757671239729452e-01,2.050051660513486418e+00,-1.704207291366818811e-02,6.518330526886192966e-02,6.355377280864533684e-01,7.691245026936420759e-01,-4.259132443019986725e-01,4.982388001544301066e-03,4.306856661456533869e-02,7.595195730898445241e-01,2.088821997126493191e-01,1.436588401088587617e-02,-4.437756995062809295e-01,-2.099383607528476289e-02,-5.304529171711645091e-02,3.312788747524097466e-01,-1.038947728129770015e-01,-3.422931307670606937e-02,6.744621440491607722e-02,0.000000000000000000e+00,0.000000000000000000e+00,0.000000000000000000e+00,0.000000000000000000e+00,0.000000000000000000e+00,0.000000000000000000e+00,0.000000000000000000e+00,0.000000000000000000e+00,0.000000000000000000e+00,0.000000000000000000e+00,0.000000000000000000e+00,0.000000000000000000e+00,0.000000000000000000e+00,0.000000000000000000e+00,0.000000000000000000e+00,0.000000000000000000e+00
1.501536732366973714e-01,7.265870604458284365e-01,2.052453857635516243e+00,-1.045530411897994949e-02,5.837317976407949138e-02,6.144442387957441687e-01,7.867283749241092972e-01,-5.152764569329456590e-01,3.239166603680666140e-02,8.424931316178786711e-02,7.345637124026023201e-01,1.324333480999699275e-01,3.484333441078273780e-02,-3.808654461605249231e-01,-5.457135490682961387e-03,-1.448783060627473196e-02,3.064935919889740235e-01,-1.158277075767339959e-01,-2.470015840597025378e-02,1.343541857626384117e-01,0.000000000000000000e+00,0.000000000000000000e+00,0.000000000000000000e+00,0.000000000000000000e+00,0.000000000000000000e+00,0.000000000000000000e+00,0.000000000000000000e+00,0.000000000000000000e+00,0.000000000000000000e+00,0.000000000000000000e+00,0.000000000000000000e+00,0.000000000000000000e+00,0.000000000000000000e+00,0.000000000000000000e+00,0.000000000000000000e+00,0.000000000000000000e+00
1.593424716463757995e-01,7.563541435829482795e-01,2.052031909329959269e+00,-7.210601812106419949e-03,4.951728030111750972e-02,5.940270902637285744e-01,8.028872039121667248e-01,-5.732886850604177464e-01,7.551985090668325573e-02,1.201341669627865316e-01,6.399031129426990816e-01,8.209343695845872091e-02,4.113509668622965243e-02,-3.232990364677272854e-01,1.487808731923688163e-02,2.240459650953271348e-02,2.948812544804143565e-01,-1.323038316756777188e-01,-1.888752132227304245e-02,1.903834887634074380e-01,0.000000000000000000e+00,0.000000000000000000e+00,0.000000000000000000e+00,0.000000000000000000e+00,0.000000000000000000e+00,0.000000000000000000e+00,0.000000000000000000e+00,0.000000000000000000e+00,0.000000000000000000e+00,0.000000000000000000e+00,0.000000000000000000e+00,0.000000000000000000e+00,0.000000000000000000e+00,0.000000000000000000e+00,0.000000000000000000e+00,0.000000000000000000e+00
1.683844175472014315e-01,7.871912763524727685e-01,2.048652559277050589e+00,-1.114647808488180951e-02,4.023667928581167730e-02,5.724747380183081713e-01,8.188586202741131581e-01,-6.213622747416348568e-01,1.241847136428042842e-01,1.442853938556067916e-01,5.546500928001123487e-01,5.374722870601524038e-02,3.713098635884585358e-02,-2.691709531010712531e-01,4.751627114377052902e-02,7.022652862783757000e-02,2.834140721986453393e-01,-1.698294270655060501e-01,-1.714800323459807554e-02,2.430918145478867809e-01,0.000000000000000000e+00,0.000000000000000000e+00,0.000000000000000000e+00,0.000000000000000000e+00,0.000000000000000000e+00,0.000000000000000000e+00,0.000000000000000000e+00,0.000000000000000000e+00,0.000000000000000000e+00,0.000000000000000000e+00,0.000000000000000000e+00,0.000000000000000000e+00,0.000000000000000000e+00,0.000000000000000000e+00,0.000000000000000000e+00,0.000000000000000000e+00
1.772709145898000438e-01,8.188471261008449797e-01,2.043481269168608172e+00,-1.592738530396687127e-02,3.072733998376592224e-02,5.539729374424448016e-01,8.318149635323297542e-01,-6.557263263020135513e-01,1.614619601096772272e-01,1.565795712120846561e-01,4.586730856337697948e-01,3.338375709229221555e-02,2.337759741967120747e-02,-2.149645286883951623e-01,7.499538558120681653e-02,1.157038795074315923e-01,2.760730924676573772e-01,-1.996509009956081160e-01,-1.151043605275144273e-02,2.871307751198162173e-01,0.000000000000000000e+00,0.000000000000000000e+00,0.000000000000000000e+00,0.000000000000000000e+00,0.000000000000000000e+00,0.000000000000000000e+00,0.000000000000000000e+00,0.000000000000000000e+00,0.000000000000000000e+00,0.000000000000000000e+00,0.000000000000000000e+00,0.000000000000000000e+00,0.000000000000000000e+00,0.000000000000000000e+00,0.000000000000000000e+00,0.000000000000000000e+00
1.860755396937711081e-01,8.511916405446529055e-01,2.037307651508017514e+00,-1.873297812489512978e-02,2.160285671555568082e-02,5.340933019847879937e-01,8.449418541457668352e-01,-6.874376032809310644e-01,1.929943310985913207e-01,1.642899183389707196e-01,3.612297547410027732e-01,1.530392886547195241e-02,-4.583908498611927174e-03,-1.612740354780374807e-01,9.145487970379667653e-02,1.555022629934535994e-01,2.758160009682081859e-01,-2.260663992392316912e-01,-4.532044485281282002e-03,3.295005834551997803e-01,0.000000000000000000e+00,0.000000000000000000e+00,0.000000000000000000e+00,0.000000000000000000e+00,0.000000000000000000e+00,0.000000000000000000e+00,0.000000000000000000e+00,0.000000000000000000e+00,0.000000000000000000e+00,0.000000000000000000e+00,0.000000000000000000e+00,0.000000000000000000e+00,0.000000000000000000e+00,0.000000000000000000e+00,0.000000000000000000e+00,0.000000000000000000e+00
1.947603737365373455e-01,8.841999777225817425e-01,2.029427350859686285e+00,-2.358296123474536501e-02,1.410149818247386638e-02,5.135013704878415020e-01,8.576487242429265967e-01,-7.172547474338772933e-01,2.242530418898974198e-01,1.634269477679863858e-01,2.856279750633781145e-01,1.546156780543318787e-02,-3.082833427858125766e-02,-1.104911360141226095e-01,1.046443736878769487e-01,1.995225867121794838e-01,2.762754167948785478e-01,-2.541414203238516745e-01,-4.570505524152538093e-05,3.690060366205896170e-01,0.000000000000000000e+00,0.000000000000000000e+00,0.000000000000000000e+00,0.000000000000000000e+00,0.000000000000000000e+00,0.000000000000000000e+00,0.000000000000000000e+00,0.000000000000000000e+00,0.000000000000000000e+00,0.000000000000000000e+00,0.000000000000000000e+00,0.000000000000000000e+00,0.000000000000000000e+00,0.000000000000000000e+00,0.000000000000000000e+00,0.000000000000000000e+00
2.031238166208094997e-01,9.170890424180506706e-01,2.021992024867842463e+00,-2.561521945092178412e-02,9.151538471880046183e-03,4.959140833182409946e-01,8.679454659382166426e-01,-7.425327274610552530e-01,2.398158082290100523e-01,1.540939227594070593e-01,2.280080862170914546e-01,1.382566988248720707e-03,-4.275837687731636610e-02,-6.496150267257919109e-02,1.045830117874673865e-01,2.322872593981535339e-01,2.787110548232173413e-01,-2.763500936347751402e-01,-1.270676362563138029e-03,3.940231217001634589e-01,0.000000000000000000e+00,0.000000000000000000e+00,0.000000000000000000e+00,0.000000000000000000e+00,0.000000000000000000e+00,0.000000000000000000e+00,0.000000000000000000e+00,0.000000000000000000e+00,0.000000000000000000e+00,0.000000000000000000e+00,0.000000000000000000e+00,0.000000000000000000e+00,0.000000000000000000e+00,0.000000000000000000e+00,0.000000000000000000e+00,0.000000000000000000e+00
2.112654945346626179e-01,9.507914126098249152e-01,2.013485219429544504e+00,-2.972941332002397574e-02,4.509572666338505960e-03,4.808159871384410922e-01,8.763057755430467832e-01,-7.661164242453871731e-01,2.511139653837045072e-01,1.446332643688081065e-01,2.015399472500470357e-01,-4.120378233045229877e-03,-4.701832097304373126e-02,-2.622038441480759735e-02,1.025897021472459841e-01,2.551089454194701012e-01,2.838135573791082944e-01,-2.936260730160351606e-01,-1.486982473715628764e-03,4.162333976305629402e-01,0.000000000000000000e+00,0.000000000000000000e+00,0.000000000000000000e+00,0.000000000000000000e+00,0.000000000000000000e+00,0.000000000000000000e+00,0.000000000000000000e+00,0.000000000000000000e+00,0.000000000000000000e+00,0.000000000000000000e+00,0.000000000000000000e+00,0.000000000000000000e+00,0.000000000000000000e+00,0.000000000000000000e+00,0.000000000000000000e+00,0.000000000000000000e+00
2.194985672590268611e-01,9.858760547739305879e-01,2.003434210009867655e+00,-3.433441263426253998e-02,-2.672821597119937401e-03,4.660091081447866879e-01,8.841094475571847910e-01,-7.738399817865001529e-01,2.698945608306712041e-01,1.527612278378088773e-01,2.015137048942389209e-01,1.546174860278040630e-03,-4.614243941972315244e-02,1.572451436147026538e-02,1.007728561524308397e-01,2.693974033518208300e-01,2.928270672011554776e-01,-3.101278230265231972e-01,-3.782410226531010035e-03,4.357605388774496435e-01,0.000000000000000000e+00,0.000000000000000000e+00,0.000000000000000000e+00,0.000000000000000000e+00,0.000000000000000000e+00,0.000000000000000000e+00,0.000000000000000000e+00,0.000000000000000000e+00,0.000000000000000000e+00,0.000000000000000000e+00,0.000000000000000000e+00,0.000000000000000000e+00,0.000000000000000000e+00,0.000000000000000000e+00,0.000000000000000000e+00,0.000000000000000000e+00
2.278495658291430637e-01,1.022277963145893587e+00,1.993702865751432851e+00,-3.846384337728480513e-02,-6.071352503633815553e-03,4.538897899170077355e-01,8.902065659387817798e-01,-7.655116176005434259e-01,2.777074532367982407e-01,1.662902105282826337e-01,2.263197451404347638e-01,1.839150479019331652e-02,-3.569861001224666763e-02,5.388509801278607014e-02,9.470063357326276299e-02,3.038986356112535758e-01,2.961099033449301476e-01,-2.853922549206455717e-01,7.759132484799008411e-03,4.529027229378094210e-01,0.000000000000000000e+00,0.000000000000000000e+00,0.000000000000000000e+00,0.000000000000000000e+00,0.000000000000000000e+00,0.000000000000000000e+00,0.000000000000000000e+00,0.000000000000000000e+00,0.000000000000000000e+00,0.000000000000000000e+00,0.000000000000000000e+00,0.000000000000000000e+00,0.000000000000000000e+00,0.000000000000000000e+00,0.000000000000000000e+00,0.000000000000000000e+00
2.365878633513442408e-01,1.059640046954382298e+00,1.983171113871210478e+00,-4.212451253535907936e-02,-5.490545844292381988e-03,4.429258681246548979e-01,8.955512574364521416e-01,-7.585618885266627309e-01,2.778707421035360170e-01,1.668147375984482816e-01,2.619267697732254319e-01,3.835884816478098147e-02,-2.670029649532656979e-02,8.802021170256996152e-02,7.915698515614233433e-02,3.294591514776603058e-01,2.967553179483685133e-01,-2.483727666818613677e-01,2.892915420190603909e-02,4.741414169325706141e-01,0.000000000000000000e+00,0.000000000000000000e+00,0.000000000000000000e+00,0.000000000000000000e+00,0.000000000000000000e+00,0.000000000000000000e+00,0.000000000000000000e+00,0.000000000000000000e+00,0.000000000000000000e+00,0.000000000000000000e+00,0.000000000000000000e+00,0.000000000000000000e+00,0.000000000000000000e+00,0.000000000000000000e+00,0.000000000000000000e+00,0.000000000000000000e+00
2.454218601704463154e-01,1.097192102701760819e+00,1.972127919565287657e+00,-4.511188673860200976e-02,1.618581529439022150e-03,4.362411356107145921e-01,8.986968173248363057e-01,-7.470600645621831015e-01,2.699411853665377725e-01,1.824944212769584184e-01,3.000539417605486703e-01,6.328844638984519599e-02,-1.066721636325901855e-02,1.102483623280674230e-01,5.635629813219247136e-02,3.546253228275894620e-01,2.991731779886325771e-01,-1.840983283027051720e-01,6.258538189069307034e-02,4.937960356212836022e-01,0.000000000000000000e+00,0.000000000000000000e+00,0.000000000000000000e+00,0.000000000000000000e+00,0.000000000000000000e+00,0.000000000000000000e+00,0.000000000000000000e+00,0.000000000000000000e+00,0.000000000000000000e+00,0.000000000000000000e+00,0.000000000000000000e+00,0.000000000000000000e+00,0.000000000000000000e+00,0.000000000000000000e+00,0.000000000000000000e+00,0.000000000000000000e+00
2.544709716560978330e-01,1.133903883556273584e+00,1.960446727195299443e+00,-4.546644125864654495e-02,1.532576773339810149e-02,4.305783928965893903e-01,9.012769669381581750e-01,-7.417815874491786587e-01,2.505028293353896984e-01,1.999150508898702161e-01,3.433778640754746592e-01,9.017057048776688788e-02,1.023299859119462460e-02,1.185666827538542772e-01,1.792126978112583771e-02,3.650023590662472284e-01,3.029042016690812189e-01,-8.424912592111699627e-02,1.083868331135783014e-01,5.181134117870646039e-01,0.000000000000000000e+00,0.000000000000000000e+00,0.000000000000000000e+00,0.000000000000000000e+00,0.000000000000000000e+00,0.000000000000000000e+00,0.000000000000000000e+00,0.000000000000000000e+00,0.000000000000000000e+00,0.000000000000000000e+00,0.000000000000000000e+00,0.000000000000000000e+00,0.000000000000000000e+00,0.000000000000000000e+00,0.000000000000000000e+00,0.000000000000000000e+00
2.634882564868479271e-01,1.167691806601868887e+00,1.955744310912632455e+00,-3.841321858844232162e-02,3.827849546428977595e-02,4.283468306277403714e-01,9.019856839849714758e-01,-7.504707424144880790e-01,2.114969437387018147e-01,2.333123109229847114e-01,3.933978975936840983e-01,9.790328655320676421e-02,3.990527289755547991e-02,1.121359870004168813e-01,-5.541149570388401863e-02,3.363159266053044050e-01,3.070846682212080569e-01,9.455699141121269580e-02,1.649067228613949887e-01,5.289324283146998873e-01,0.000000000000000000e+00,0.000000000000000000e+00,0.000000000000000000e+00,0.000000000000000000e+00,0.000000000000000000e+00,0.000000000000000000e+00,0.000000000000000000e+00,0.000000000000000000e+00,0.000000000000000000e+00,0.000000000000000000e+00,0.000000000000000000e+00,0.000000000000000000e+00,0.000000000000000000e+00,0.000000000000000000e+00,0.000000000000000000e+00,0.000000000000000000e+00
2.729361304660610221e-01,1.200946707690482507e+00,1.954821042613107629e+00,-3.463606338736589796e-02,5.664624264406408621e-02,4.333735540845770062e-01,8.987652134609117605e-01,-7.538162070564565775e-01,1.731123313313004120e-01,2.545300872095748179e-01,4.365053192621263234e-01,9.355574091889859445e-02,6.902208026530061435e-02,9.399197739315552635e-02,-1.123373381002865795e-01,2.837083920865794417e-01,3.273328586553459485e-01,2.466688926221906053e-01,1.972395573203628849e-01,5.227239279202670064e-01,0.000000000000000000e+00,0.000000000000000000e+00,0.000000000000000000e+00,0.000000000000000000e+00,0.000000000000000000e+00,0.000000000000000000e+00,0.000000000000000000e+00,0.000000000000000000e+00,0.000000000000000000e+00,0.000000000000000000e+00,0.000000000000000000e+00,0.000000000000000000e+00,0.000000000000000000e+00,0.000000000000000000e+00,0.000000000000000000e+00,0.000000000000000000e+00
2.824127351985646350e-01,1.234262330891167103e+00,1.957651189865435404e+00,-3.060530714813946424e-02,6.931332451093730196e-02,4.442137519450032879e-01,8.927111071351988558e-01,-7.417335113732459462e-01,1.262034253971278663e-01,2.601604036356307548e-01,4.579067694626096641e-01,6.521303983538868920e-02,9.748984061005021295e-02,6.893927544210722014e-02,-1.472161618518535997e-01,2.292421039534786598e-01,3.655070201323368240e-01,3.859811966772579428e-01,2.106762162385737436e-01,4.958275975462392848e-01,0.000000000000000000e+00,0.000000000000000000e+00,0.000000000000000000e+00,0.000000000000000000e+00,0.000000000000000000e+00,0.000000000000000000e+00,0.000000000000000000e+00,0.000000000000000000e+00,0.000000000000000000e+00,0.000000000000000000e+00,0.000000000000000000e+00,0.000000000000000000e+00,0.000000000000000000e+00,0.000000000000000000e+00,0.000000000000000000e+00,0.000000000000000000e+00
2.917441883579935946e-01,1.269298609057131211e+00,1.964678840266774751e+00,-2.875902812303265249e-02,7.632538919454415205e-02,4.594975375094318970e-01,8.844260095047455916e-01,-7.108037958138664347e-01,8.216464623651022203e-02,2.540842429755462151e-01,4.603510841281395205e-01,2.535097311755066252e-02,1.222088396581152980e-01,2.550235125011547990e-02,-1.607070953069467401e-01,1.573536785251674619e-01,4.173869947916961087e-01,4.812420303727541482e-01,1.937604323279155938e-01,4.441872214901014249e-01,0.000000000000000000e+00,0.000000000000000000e+00,0.000000000000000000e+00,0.000000000000000000e+00,0.000000000000000000e+00,0.000000000000000000e+00,0.000000000000000000e+00,0.000000000000000000e+00,0.000000000000000000e+00,0.000000000000000000e+00,0.000000000000000000e+00,0.000000000000000000e+00,0.000000000000000000e+00,0.000000000000000000e+00,0.000000000000000000e+00,0.000000000000000000e+00
3.008486953684738618e-01,1.305763204555978607e+00,1.974401502059133895e+00,-2.660856046623003707e-02,7.110422438476829421e-02,4.821549529380056986e-01,8.727902240182947580e-01,-6.547174996175748607e-01,4.026974450172462333e-02,2.252016387834007705e-01,4.469589085136369544e-01,-1.721284745390332799e-02,1.424726567593861126e-01,-3.454163221760519348e-02,-1.520068341032872195e-01,9.497919245747626915e-02,5.126475749164191020e-01,4.934998943149663253e-01,1.483290271600921084e-01,3.767690690335414594e-01,0.000000000000000000e+00,0.000000000000000000e+00,0.000000000000000000e+00,0.000000000000000000e+00,0.000000000000000000e+00,0.000000000000000000e+00,0.000000000000000000e+00,0.000000000000000000e+00,0.000000000000000000e+00,0.000000000000000000e+00,0.000000000000000000e+00,0.000000000000000000e+00,0.000000000000000000e+00,0.000000000000000000e+00,0.000000000000000000e+00,0.000000000000000000e+00
3.088424904949160221e-01,1.341246043573770308e+00,1.984299703737683274e+00,-2.497972698166427141e-02,6.171455753940799371e-02,5.016895602380532226e-01,8.624818327221657199e-01,-5.889209220279897350e-01,1.188904428140074784e-02,1.942943798064373784e-01,4.299771333617204427e-01,-6.297197254219880080e-02,1.595372819744364234e-01,-1.158642641540818252e-01,-1.522921716742905163e-01,3.142945240707593901e-03,5.914211315208044439e-01,4.656815233175620738e-01,8.871336425897868860e-02,3.079280444488242674e-01,0.000000000000000000e+00,0.000000000000000000e+00,0.000000000000000000e+00,0.000000000000000000e+00,0.000000000000000000e+00,0.000000000000000000e+00,0.000000000000000000e+00,0.000000000000000000e+00,0.000000000000000000e+00,0.000000000000000000e+00,0.000000000000000000e+00,0.000000000000000000e+00,0.000000000000000000e+00,0.000000000000000000e+00,0.000000000000000000e+00,0.000000000000000000e+00
3.163361107070878919e-01,1.375447504699929269e+00,1.991286103124868534e+00,-1.999120293525326678e-02,5.142993722136778717e-02,5.263724168880460352e-01,8.484617799889665468e-01,-5.182764852815016088e-01,-2.186145301883112013e-02,1.548630545326249441e-01,4.126993742789036856e-01,-1.053737478488668833e-01,1.693624283443047884e-01,-2.126491686548364624e-01,-1.612958226920771232e-01,-8.205663024964821028e-02,6.717814284053414964e-01,3.833117469462212767e-01,4.831725821045065178e-02,2.307013233185518375e-01,0.000000000000000000e+00,0.000000000000000000e+00,0.000000000000000000e+00,0.000000000000000000e+00,0.000000000000000000e+00,0.000000000000000000e+00,0.000000000000000000e+00,0.000000000000000000e+00,0.000000000000000000e+00,0.000000000000000000e+00,0.000000000000000000e+00,0.000000000000000000e+00,0.000000000000000000e+00,0.000000000000000000e+00,0.000000000000000000e+00,0.000000000000000000e+00
3.231191084878659026e-01,1.408415304123494360e+00,1.996230914697214587e+00,-1.276974711125088494e-02,4.121394505637952788e-02,5.519073662138316294e-01,8.327884505746444566e-01,-4.424178511863804952e-01,-5.593279304914079708e-02,1.096361496585004786e-01,3.881448245781448647e-01,-1.407955097497425867e-01,1.683187861259628493e-01,-3.143553531898146125e-01,-1.763893932805334075e-01,-1.526325950625918026e-01,7.170711180241488014e-01,2.956194647790277297e-01,2.698115412738864155e-02,1.520900719673857482e-01,0.000000000000000000e+00,0.000000000000000000e+00,0.000000000000000000e+00,0.000000000000000000e+00,0.000000000000000000e+00,0.000000000000000000e+00,0.000000000000000000e+00,0.000000000000000000e+00,0.000000000000000000e+00,0.000000000000000000e+00,0.000000000000000000e+00,0.000000000000000000e+00,0.000000000000000000e+00,0.000000000000000000e+00,0.000000000000000000e+00,0.000000000000000000e+00
3.291972070576605902e-01,1.440712971103886408e+00,1.999130228609339088e+00,-5.707628690098954724e-03,3.238610189556864055e-02,5.804216922898413067e-01,8.136517820899450415e-01,-3.688757769450309865e-01,-8.930779685704393067e-02,5.121791600401866262e-02,3.637912326671940422e-01,-1.693453591897905453e-01,1.609343190001760182e-01,-4.112800382953433753e-01,-1.920152853009825522e-01,-2.042941128343950252e-01,7.187416090139988611e-01,2.246554984600644955e-01,2.497389941569980176e-02,7.113620340899877437e-02,0.000000000000000000e+00,0.000000000000000000e+00,0.000000000000000000e+00,0.000000000000000000e+00,0.000000000000000000e+00,0.000000000000000000e+00,0.000000000000000000e+00,0.000000000000000000e+00,0.000000000000000000e+00,0.000000000000000000e+00,0.000000000000000000e+00,0.000000000000000000e+00,0.000000000000000000e+00,0.000000000000000000e+00,0.000000000000000000e+00,0.000000000000000000e+00
3.349291058442867008e-01,1.472989629604123163e+00,1.998871067550119118e+00,2.403236655187066494e-03,2.835525922292658069e-02,6.040117438868356503e-01,7.964672102320119462e-01,-3.040100361651714711e-01,-1.208039395734484683e-01,2.296701135907366909e-03,3.481284695117484174e-01,-1.995989172366229025e-01,1.521194254426043724e-01,-4.826759104210473494e-01,-2.216243626469654449e-01,-2.563863124698498308e-01,6.612363949777824157e-01,1.776155804584940712e-01,3.550467853525098028e-02,3.493921422763892563e-03,0.000000000000000000e+00,0.000000000000000000e+00,0.000000000000000000e+00,0.000000000000000000e+00,0.000000000000000000e+00,0.000000000000000000e+00,0.000000000000000000e+00,0.000000000000000000e+00,0.000000000000000000e+00,0.000000000000000000e+00,0.000000000000000000e+00,0.000000000000000000e+00,0.000000000000000000e+00,0.000000000000000000e+00,0.000000000000000000e+00,0.000000000000000000e+00
3.406293425480204640e-01,1.505252656803145017e+00,1.996095178835355810e+00,1.222934366214198203e-02,2.476203253390961423e-02,6.258153910332869829e-01,7.794821237489908405e-01,-2.433717923112161952e-01,-1.493864120252604566e-01,-4.234944982764636545e-02,3.459323718516498225e-01,-2.302321135108259809e-01,1.455606015462504454e-01,-5.381399633850897368e-01,-2.510086596954803628e-01,-2.944432077204964804e-01,5.879609541618010526e-01,1.422394940329490542e-01,5.885240107652328634e-02,-5.795131088137508990e-02,0.000000000000000000e+00,0.000000000000000000e+00,0.000000000000000000e+00,0.000000000000000000e+00,0.000000000000000000e+00,0.000000000000000000e+00,0.000000000000000000e+00,0.000000000000000000e+00,0.000000000000000000e+00,0.000000000000000000e+00,0.000000000000000000e+00,0.000000000000000000e+00,0.000000000000000000e+00,0.000000000000000000e+00,0.000000000000000000e+00,0.000000000000000000e+00
3.465412618221763719e-01,1.537866090842375133e+00,1.992288726405681887e+00,2.203609401717988511e-02,2.181279100621687922e-02,6.476932081489584769e-01,7.612700708859470033e-01,-1.817163052921772493e-01,-1.738725329817078780e-01,-9.156631354932487366e-02,3.408358095339990568e-01,-2.542884658515778828e-01,1.354021580442716643e-01,-5.852425732620522014e-01,-2.734201249462420158e-01,-3.116123372301750072e-01,5.078040266399939107e-01,1.146145969268634185e-01,8.966786568938671376e-02,-1.198688859517064442e-01,0.000000000000000000e+00,0.000000000000000000e+00,0.000000000000000000e+00,0.000000000000000000e+00,0.000000000000000000e+00,0.000000000000000000e+00,0.000000000000000000e+00,0.000000000000000000e+00,0.000000000000000000e+00,0.000000000000000000e+00,0.000000000000000000e+00,0.000000000000000000e+00,0.000000000000000000e+00,0.000000000000000000e+00,0.000000000000000000e+00,0.000000000000000000e+00
3.530139774410243625e-01,1.571326656388683851e+00,1.986840559740283396e+00,3.260185246347472449e-02,2.012401464046799024e-02,6.692138768365401003e-01,7.420814849463018836e-01,-1.200133577741440971e-01,-1.985512650067329798e-01,-1.513634669579853043e-01,3.390769722742670300e-01,-2.866180709879507793e-01,1.256536233015304038e-01,-6.315810023928410954e-01,-2.947603571882566609e-01,-3.098824371224058183e-01,4.191663878448892988e-01,9.015740970060012738e-02,1.303813297004515204e-01,-1.833926729199941985e-01,0.000000000000000000e+00,0.000000000000000000e+00,0.000000000000000000e+00,0.000000000000000000e+00,0.000000000000000000e+00,0.000000000000000000e+00,0.000000000000000000e+00,0.000000000000000000e+00,0.000000000000000000e+00,0.000000000000000000e+00,0.000000000000000000e+00,0.000000000000000000e+00,0.000000000000000000e+00,0.000000000000000000e+00,0.000000000000000000e+00,0.000000000000000000e+00
3.601313015898308656e-01,1.605073923060541086e+00,1.980740084825864944e+00,4.292197911108236452e-02,2.048926025363199954e-02,6.881707149847957616e-01,7.239882326120791189e-01,-5.891210384380778098e-02,-2.158098369783775505e-01,-2.027426946449045753e-01,3.312384188191079271e-01,-3.188002953791192473e-01,1.164147289850696737e-01,-6.706558056898216380e-01,-3.142454112310063552e-01,-3.010971770952884929e-01,3.337843438945062857e-01,6.906821270344710995e-02,1.722133801349348958e-01,-2.378467672762736018e-01,0.000000000000000000e+00,0.000000000000000000e+00,0.000000000000000000e+00,0.000000000000000000e+00,0.000000000000000000e+00,0.000000000000000000e+00,0.000000000000000000e+00,0.000000000000000000e+00,0.000000000000000000e+00,0.000000000000000000e+00,0.000000000000000000e+00,0.000000000000000000e+00,0.000000000000000000e+00,0.000000000000000000e+00,0.000000000000000000e+00,0.000000000000000000e+00
3.678715255035278631e-01,1.639284905923866109e+00,1.973686532606556909e+00,5.122934743430061777e-02,2.174465542100088161e-02,7.012622379391413308e-01,7.107277942803876813e-01,-3.040770965651955898e-03,-2.223087439990168723e-01,-2.395961475280380393e-01,3.230451565734274721e-01,-3.536741492991485325e-01,1.063946804756603082e-01,-7.076840362785510319e-01,-3.305698688128534402e-01,-2.912799829245889538e-01,2.692866165583764904e-01,4.853059902125367309e-02,2.093978325726250367e-01,-2.796087962937208182e-01,0.000000000000000000e+00,0.000000000000000000e+00,0.000000000000000000e+00,0.000000000000000000e+00,0.000000000000000000e+00,0.000000000000000000e+00,0.000000000000000000e+00,0.000000000000000000e+00,0.000000000000000000e+00,0.000000000000000000e+00,0.000000000000000000e+00,0.000000000000000000e+00,0.000000000000000000e+00,0.000000000000000000e+00,0.000000000000000000e+00,0.000000000000000000e+00
3.764610652449693062e-01,1.674381467232773035e+00,1.965468119710878092e+00,5.591094578390813641e-02,2.646158595008830938e-02,7.112944799596355727e-01,7.001670610572213738e-01,4.380925526918177937e-02,-2.268744339577895008e-01,-2.841013480225807464e-01,3.186679256127561977e-01,-3.798371495114610252e-01,1.009225096261427285e-01,-7.419215258418795367e-01,-3.401350704828993710e-01,-2.696522308356634756e-01,2.325314200138525744e-01,3.915651888622305454e-02,2.306570758933415566e-01,-3.103026186643816353e-01,0.000000000000000000e+00,0.000000000000000000e+00,0.000000000000000000e+00,0.000000000000000000e+00,0.000000000000000000e+00,0.000000000000000000e+00,0.000000000000000000e+00,0.000000000000000000e+00,0.000000000000000000e+00,0.000000000000000000e+00,0.000000000000000000e+00,0.000000000000000000e+00,0.000000000000000000e+00,0.000000000000000000e+00,0.000000000000000000e+00,0.000000000000000000e+00
3.856828908189093297e-01,1.711062889426663292e+00,1.956020948837719153e+00,5.692434053414630740e-02,3.307874252195577153e-02,7.189061182042492115e-01,6.919822320380899505e-01,8.353957286229644896e-02,-2.274523506331047051e-01,-3.214194155580683554e-01,3.249376774918295019e-01,-3.948536050341815429e-01,9.457783613611916995e-02,-7.598115120413597712e-01,-3.456874978001138743e-01,-2.578517579950301286e-01,2.207405897117971916e-01,4.188259040168835351e-02,2.387694257090881567e-01,-3.343978221998214484e-01,0.000000000000000000e+00,0.000000000000000000e+00,0.000000000000000000e+00,0.000000000000000000e+00,0.000000000000000000e+00,0.000000000000000000e+00,0.000000000000000000e+00,0.000000000000000000e+00,0.000000000000000000e+00,0.000000000000000000e+00,0.000000000000000000e+00,0.000000000000000000e+00,0.000000000000000000e+00,0.000000000000000000e+00,0.000000000000000000e+00,0.000000000000000000e+00
3.955056597305568467e-01,1.749289578608405282e+00,1.943538462720126425e+00,5.703697578159887260e-02,4.181988063921619758e-02,7.266282682653324443e-01,6.833807436083749742e-01,1.221155905848800294e-01,-2.280875217956487566e-01,-3.598931950929286638e-01,3.377730781365154145e-01,-3.947460994564537251e-01,8.384714348742759726e-02,-7.558919191615568467e-01,-3.500796003306650972e-01,-2.339834447769422732e-01,2.352421636615230072e-01,6.555177034963882710e-02,2.320965975120575786e-01,-3.593165388392500770e-01,0.000000000000000000e+00,0.000000000000000000e+00,0.000000000000000000e+00,0.000000000000000000e+00,0.000000000000000000e+00,0.000000000000000000e+00,0.000000000000000000e+00,0.000000000000000000e+00,0.000000000000000000e+00,0.000000000000000000e+00,0.000000000000000000e+00,0.000000000000000000e+00,0.000000000000000000e+00,0.000000000000000000e+00,0.000000000000000000e+00,0.000000000000000000e+00
4.054221269489398649e-01,1.786955470707073834e+00,1.937852373466365963e+00,4.803403474313983762e-02,4.585528840737564116e-02,7.355425058813969130e-01,6.742160232989770074e-01,1.570122307674328421e-01,-1.996906265822512017e-01,-3.839827791636566401e-01,3.324284913250750151e-01,-3.185045752615195402e-01,4.616824392540975347e-02,-7.411588413865826119e-01,-3.399088383727736362e-01,-2.441260922118326515e-01,2.639804704011839420e-01,9.389000210598823226e-02,2.102541086682789273e-01,-3.811639518704788010e-01,0.000000000000000000e+00,0.000000000000000000e+00,0.000000000000000000e+00,0.000000000000000000e+00,0.000000000000000000e+00,0.000000000000000000e+00,0.000000000000000000e+00,0.000000000000000000e+00,0.000000000000000000e+00,0.000000000000000000e+00,0.000000000000000000e+00,0.000000000000000000e+00,0.000000000000000000e+00,0.000000000000000000e+00,0.000000000000000000e+00,0.000000000000000000e+00
4.152691867580042273e-01,1.823402613429952135e+00,1.933934375409134487e+00,3.154715441672399645e-02,4.771431964647404600e-02,7.417317678882047183e-01,6.682530248748003165e-01,1.770584265759327092e-01,-1.661282554493147268e-01,-4.135508104351800496e-01,3.409616359356141824e-01,-2.080353600313428752e-01,5.798635584958805253e-04,-7.279902621265678109e-01,-3.155142164964023221e-01,-2.591137410391085583e-01,2.992035443328945332e-01,1.164988983261674438e-01,1.746540956652584409e-01,-3.960019006722304002e-01,0.000000000000000000e+00,0.000000000000000000e+00,0.000000000000000000e+00,0.000000000000000000e+00,0.000000000000000000e+00,0.000000000000000000e+00,0.000000000000000000e+00,0.000000000000000000e+00,0.000000000000000000e+00,0.000000000000000000e+00,0.000000000000000000e+00,0.000000000000000000e+00,0.000000000000000000e+00,0.000000000000000000e+00,0.000000000000000000e+00,0.000000000000000000e+00
4.248600703152529690e-01,1.858449379571824656e+00,1.931750878020227047e+00,7.056479898064347764e-03,4.874273849196824465e-02,7.448932532002998652e-01,6.653633540197613216e-01,1.832260447942869741e-01,-1.208217183724959870e-01,-4.347364928400748174e-01,3.504320773836677172e-01,-5.664156567237128848e-02,-5.596244653839248934e-02,-7.228247875123513522e-01,-2.788028772932021337e-01,-2.855664318663366785e-01,3.404963666527947019e-01,1.307614920951984672e-01,1.292258384651783776e-01,-4.031275876087881405e-01,0.000000000000000000e+00,0.000000000000000000e+00,0.000000000000000000e+00,0.000000000000000000e+00,0.000000000000000000e+00,0.000000000000000000e+00,0.000000000000000000e+00,0.000000000000000000e+00,0.000000000000000000e+00,0.000000000000000000e+00,0.000000000000000000e+00,0.000000000000000000e+00,0.000000000000000000e+00,0.000000000000000000e+00,0.000000000000000000e+00,0.000000000000000000e+00
4.338638119608861921e-01,1.891871372395346862e+00,1.931500278872293253e+00,-1.830404486833789660e-02,4.660670491254494119e-02,7.442697978772043754e-01,6.659994331577759885e-01,1.737276762801450714e-01,-7.133596793246352319e-02,-4.442292655843740334e-01,3.732244845864802207e-01,1.297070026767917772e-01,-1.174141446061976457e-01,-7.219222931746682725e-01,-2.335182660369428398e-01,-3.120963195413242186e-01,3.854810121108254717e-01,1.333911133539257832e-01,7.516855968335098281e-02,-3.977576373963752077e-01,0.000000000000000000e+00,0.000000000000000000e+00,0.000000000000000000e+00,0.000000000000000000e+00,0.000000000000000000e+00,0.000000000000000000e+00,0.000000000000000000e+00,0.000000000000000000e+00,0.000000000000000000e+00,0.000000000000000000e+00,0.000000000000000000e+00,0.000000000000000000e+00,0.000000000000000000e+00,0.000000000000000000e+00,0.000000000000000000e+00,0.000000000000000000e+00
4.424090925542786268e-01,1.925271498476289977e+00,1.933595104716234747e+00,-3.628146234091104982e-02,4.342244736139443118e-02,7.381406162925483461e-01,6.722697205250357522e-01,1.493610112965391978e-01,-3.453417789704858742e-02,-4.292929256919307823e-01,4.047927160670854452e-01,3.120384695254768137e-01,-1.639948292273532560e-01,-7.132305606944040477e-01,-1.843663545423382399e-01,-3.189090738464403496e-01,4.197016723021599893e-01,1.153645553260017609e-01,2.561943617758295766e-02,-3.695389475942315038e-01,0.000000000000000000e+00,0.000000000000000000e+00,0.000000000000000000e+00,0.000000000000000000e+00,0.000000000000000000e+00,0.000000000000000000e+00,0.000000000000000000e+00,0.000000000000000000e+00,0.000000000000000000e+00,0.000000000000000000e+00,0.000000000000000000e+00,0.000000000000000000e+00,0.000000000000000000e+00,0.000000000000000000e+00,0.000000000000000000e+00,0.000000000000000000e+00
4.508153771260058340e-01,1.960360461161777534e+00,1.939595077863855543e+00,-4.333932693133236980e-02,4.438463156307530244e-02,7.260169036732131431e-01,6.848730997804707288e-01,1.057095899357253510e-01,-1.995711212921782648e-02,-3.776106484085551274e-01,4.532933209625200077e-01,4.494329791083946368e-01,-1.797550786105850118e-01,-6.890967618006598183e-01,-1.397939127841317242e-01,-2.940681802342277051e-01,4.348833547997024151e-01,9.066997507646364085e-02,-1.433405304433113536e-02,-3.229634639769362048e-01,0.000000000000000000e+00,0.000000000000000000e+00,0.000000000000000000e+00,0.000000000000000000e+00,0.000000000000000000e+00,0.000000000000000000e+00,0.000000000000000000e+00,0.000000000000000000e+00,0.000000000000000000e+00,0.000000000000000000e+00,0.000000000000000000e+00,0.000000000000000000e+00,0.000000000000000000e+00,0.000000000000000000e+00,0.000000000000000000e+00,0.000000000000000000e+00
4.599376014499435561e-01,1.996974953188313640e+00,1.950375907954073895e+00,-3.729584901790136686e-02,4.551623168242910356e-02,7.091912402787196035e-01,7.025561023942487049e-01,3.790479822108638180e-02,-2.697868640471077356e-02,-2.961421282381035969e-01,5.259138144260250280e-01,4.933440967245751319e-01,-1.574746664353189607e-01,-6.369559460983343913e-01,-1.037971610336508588e-01,-2.409351686930220060e-01,4.277001611135293757e-01,6.677988858559277818e-02,-3.477576204809284394e-02,-2.648127847221388165e-01,0.000000000000000000e+00,0.000000000000000000e+00,0.000000000000000000e+00,0.000000000000000000e+00,0.000000000000000000e+00,0.000000000000000000e+00,0.000000000000000000e+00,0.000000000000000000e+00,0.000000000000000000e+00,0.000000000000000000e+00,0.000000000000000000e+00,0.000000000000000000e+00,0.000000000000000000e+00,0.000000000000000000e+00,0.000000000000000000e+00,0.000000000000000000e+00
4.693961149834844360e-01,2.033069454530580078e+00,1.961853955107146330e+00,-2.701840306447082785e-02,5.034690666398335124e-02,6.887476930310728607e-01,7.227460205560385376e-01,-4.912263555416897243e-02,-3.681906026210048088e-02,-2.027520862325191686e-01,5.936355738670614501e-01,4.928107933506055138e-01,-1.186362621160740732e-01,-5.754375042215361669e-01,-8.236929836068920818e-02,-1.854074947536946683e-01,4.022595021477478050e-01,3.388238604661341496e-02,-3.980311247456398693e-02,-1.920130090507554399e-01,0.000000000000000000e+00,0.000000000000000000e+00,0.000000000000000000e+00,0.000000000000000000e+00,0.000000000000000000e+00,0.000000000000000000e+00,0.000000000000000000e+00,0.000000000000000000e+00,0.000000000000000000e+00,0.000000000000000000e+00,0.000000000000000000e+00,0.000000000000000000e+00,0.000000000000000000e+00,0.000000000000000000e+00,0.000000000000000000e+00,0.000000000000000000e+00
4.790158811137183448e-01,2.068093217824232166e+00,1.971104093840639893e+00,-1.345588715561155807e-02,5.065952684234396874e-02,6.674950023396196697e-01,7.427671056883154987e-01,-1.546092705496828201e-01,-3.556628398636482724e-02,-1.012799029646635762e-01,6.690722177016760197e-01,4.281656737016996672e-01,-6.347828926373710878e-02,-5.047590008914796256e-01,-6.728538771618708392e-02,-1.325407280963949441e-01,3.784539940947446723e-01,4.705022553825863318e-03,-3.954640055014808225e-02,-1.193742900739380580e-01,0.000000000000000000e+00,0.000000000000000000e+00,0.000000000000000000e+00,0.000000000000000000e+00,0.000000000000000000e+00,0.000000000000000000e+00,0.000000000000000000e+00,0.000000000000000000e+00,0.000000000000000000e+00,0.000000000000000000e+00,0.000000000000000000e+00,0.000000000000000000e+00,0.000000000000000000e+00,0.000000000000000000e+00,0.000000000000000000e+00,0.000000000000000000e+00
4.880486591111908301e-01,2.101941648617637437e+00,1.977517624590348522e+00,-4.709066027247139907e-03,4.750191044568709275e-02,6.467754809535805061e-01,7.611851748677364027e-01,-2.624938862242524040e-01,-2.503920251270949984e-02,-2.492574661647600776e-02,7.116211585242947502e-01,3.383425235448388468e-01,-1.539324521671127377e-02,-4.354821114808745675e-01,-5.004390132547117953e-02,-8.194263955654329523e-02,3.542307221562812081e-01,-1.813605609807525387e-02,-3.091089735470370012e-02,-4.131248112123054456e-02,0.000000000000000000e+00,0.000000000000000000e+00,0.000000000000000000e+00,0.000000000000000000e+00,0.000000000000000000e+00,0.000000000000000000e+00,0.000000000000000000e+00,0.000000000000000000e+00,0.000000000000000000e+00,0.000000000000000000e+00,0.000000000000000000e+00,0.000000000000000000e+00,0.000000000000000000e+00,0.000000000000000000e+00,0.000000000000000000e+00,0.000000000000000000e+00
4.967426994564852483e-01,2.135030300274082915e+00,1.981569076439341659e+00,3.112944850008906444e-03,4.172700817396558098e-02,6.237491968817782118e-01,7.805037512738479677e-01,-3.638160766877668317e-01,-7.039670983266485202e-03,2.103742719754814888e-02,7.045051755095323998e-01,2.436290247205117054e-01,1.808596427363634573e-02,-3.654135092920364758e-01,-3.346235526013740386e-02,-3.190548669011238764e-02,3.297122011996791446e-01,-3.711895493527447853e-02,-2.081311439707728486e-02,3.771256201615629661e-02,0.000000000000000000e+00,0.000000000000000000e+00,0.000000000000000000e+00,0.000000000000000000e+00,0.000000000000000000e+00,0.000000000000000000e+00,0.000000000000000000e+00,0.000000000000000000e+00,0.000000000000000000e+00,0.000000000000000000e+00,0.000000000000000000e+00,0.000000000000000000e+00,0.000000000000000000e+00,0.000000000000000000e+00,0.000000000000000000e+00,0.000000000000000000e+00
5.050042664565883577e-01,2.168143713789126181e+00,1.982099693823550446e+00,5.953558117517077086e-03,3.327519713519048322e-02,6.030350018888346320e-01,7.969981824937180104e-01,-4.486002225114060771e-01,2.300640414875144979e-02,6.064793109999292581e-02,6.551834213617149238e-01,1.591049808650576991e-01,3.482167738087994791e-02,-3.004111913424890035e-01,-1.483923815082400718e-02,1.535983051837297442e-02,3.086514798508188107e-01,-5.005145912770125882e-02,-7.352413566538340030e-03,1.065058153015442238e-01,0.000000000000000000e+00,0.000000000000000000e+00,0.000000000000000000e+00,0.000000000000000000e+00,0.000000000000000000e+00,0.000000000000000000e+00,0.000000000000000000e+00,0.000000000000000000e+00,0.000000000000000000e+00,0.000000000000000000e+00,0.000000000000000000e+00,0.000000000000000000e+00,0.000000000000000000e+00,0.000000000000000000e+00,0.000000000000000000e+00,0.000000000000000000e+00
5.130645464762791930e-01,2.201447251193836774e+00,1.979750911153177695e+00,4.884689285798760744e-03,2.512095810764204337e-02,5.821239941894765790e-01,8.126971961703982616e-01,-5.141958860555594368e-01,6.667595259316658196e-02,9.280199109418788006e-02,5.750049156603784795e-01,1.069382640482478136e-01,3.872997525328857743e-02,-2.413215766601290169e-01,4.309301318003048997e-03,5.711347471945594362e-02,2.948270236500742381e-01,-7.299309648053765864e-02,3.793196738781368961e-03,1.682604083937587758e-01,0.000000000000000000e+00,0.000000000000000000e+00,0.000000000000000000e+00,0.000000000000000000e+00,0.000000000000000000e+00,0.000000000000000000e+00,0.000000000000000000e+00,0.000000000000000000e+00,0.000000000000000000e+00,0.000000000000000000e+00,0.000000000000000000e+00,0.000000000000000000e+00,0.000000000000000000e+00,0.000000000000000000e+00,0.000000000000000000e+00,0.000000000000000000e+00
5.208577200065602764e-01,2.235367248365401238e+00,1.974743794565471777e+00,1.233303361753510657e-04,1.711289133431178819e-02,5.612761539059898386e-01,8.274516377386106347e-01,-5.651689925720542185e-01,1.156828002394930111e-01,1.184751759962575507e-01,4.858393017703994121e-01,7.518608567482099048e-02,3.042918837382759326e-02,-1.863093178871556566e-01,2.729133210958027689e-02,9.979714449185769776e-02,2.891930173594459141e-01,-1.031322095599334354e-01,1.001154696769763174e-02,2.242557684690113518e-01,0.000000000000000000e+00,0.000000000000000000e+00,0.000000000000000000e+00,0.000000000000000000e+00,0.000000000000000000e+00,0.000000000000000000e+00,0.000000000000000000e+00,0.000000000000000000e+00,0.000000000000000000e+00,0.000000000000000000e+00,0.000000000000000000e+00,0.000000000000000000e+00,0.000000000000000000e+00,0.000000000000000000e+00,0.000000000000000000e+00,0.000000000000000000e+00
5.285577873280868921e-01,2.269766786490422739e+00,1.968573677559976032e+00,-3.273990068216914816e-03,1.035095647532705519e-02,5.426778406984781311e-01,8.398707638106693851e-01,-6.111527246441282868e-01,1.608209632527383137e-01,1.509386324530488932e-01,3.869766649453891816e-01,3.414100134306622542e-02,1.573085278663971520e-02,-1.319151226064869120e-01,4.463556272208829556e-02,1.371666725750390614e-01,2.855537517303595729e-01,-1.426394123276253367e-01,1.023577751541985062e-02,2.717335427115123436e-01,0.000000000000000000e+00,0.000000000000000000e+00,0.000000000000000000e+00,0.000000000000000000e+00,0.000000000000000000e+00,0.000000000000000000e+00,0.000000000000000000e+00,0.000000000000000000e+00,0.000000000000000000e+00,0.000000000000000000e+00,0.000000000000000000e+00,0.000000000000000000e+00,0.000000000000000000e+00,0.000000000000000000e+00,0.000000000000000000e+00,0.000000000000000000e+00
5.362183133364325505e-01,2.305082125504754220e+00,1.960172833954501481e+00,-1.013271520288553350e-02,4.757633171401329589e-03,5.250175575425695129e-01,8.510177773003685386e-01,-6.522611694581899044e-01,1.980369104768655020e-01,1.717846944199572512e-01,3.093881499913442301e-01,1.879922718935445741e-02,-8.412076870578898136e-03,-8.100731873810659844e-02,5.606327473379540266e-02,1.756826464791198528e-01,2.854361496115498387e-01,-1.792656872160683923e-01,1.398131136130355799e-02,3.140436591571505454e-01,0.000000000000000000e+00,0.000000000000000000e+00,0.000000000000000000e+00,0.000000000000000000e+00,0.000000000000000000e+00,0.000000000000000000e+00,0.000000000000000000e+00,0.000000000000000000e+00,0.000000000000000000e+00,0.000000000000000000e+00,0.000000000000000000e+00,0.000000000000000000e+00,0.000000000000000000e+00,0.000000000000000000e+00,0.000000000000000000e+00,0.000000000000000000e+00
5.437392162712384458e-01,2.340853575385648533e+00,1.951208595372067256e+00,-1.759953171921429388e-02,1.407030669454412131e-03,5.080195214024811889e-01,8.611645850950644387e-01,-6.909588808809700167e-01,2.261099996840239823e-01,1.889779536406208105e-01,2.553172457037153342e-01,4.636367548001549266e-03,-2.140366158057397522e-02,-3.231075002022337772e-02,5.987979019298442229e-02,2.056735241643753709e-01,2.872426958449768031e-01,-2.182569454865375957e-01,1.418782983077999243e-02,3.523076255366455745e-01,0.000000000000000000e+00,0.000000000000000000e+00,0.000000000000000000e+00,0.000000000000000000e+00,0.000000000000000000e+00,0.000000000000000000e+00,0.000000000000000000e+00,0.000000000000000000e+00,0.000000000000000000e+00,0.000000000000000000e+00,0.000000000000000000e+00,0.000000000000000000e+00,0.000000000000000000e+00,0.000000000000000000e+00,0.000000000000000000e+00,0.000000000000000000e+00
5.509762583031732053e-01,2.377303866428482237e+00,1.941252674433007863e+00,-2.288728539451812677e-02,-2.558467947025867915e-03,4.935985589174767818e-01,8.693848911981537642e-01,-7.145957234716453499e-01,2.436148559904858235e-01,1.939131610493574631e-01,2.231816580635771763e-01,1.709085444352012595e-03,-2.899564488381412355e-02,1.272770553157847109e-02,5.748354559936964814e-02,2.333598807322199153e-01,2.934641339121631387e-01,-2.392379852948806063e-01,1.516641084146058693e-02,3.800291479735097844e-01,0.000000000000000000e+00,0.000000000000000000e+00,0.000000000000000000e+00,0.000000000000000000e+00,0.000000000000000000e+00,0.000000000000000000e+00,0.000000000000000000e+00,0.000000000000000000e+00,0.000000000000000000e+00,0.000000000000000000e+00,0.000000000000000000e+00,0.000000000000000000e+00,0.000000000000000000e+00,0.000000000000000000e+00,0.000000000000000000e+00,0.000000000000000000e+00
5.580616228685991720e-01,2.415103242001158002e+00,1.930298476444473055e+00,-2.890521946652877330e-02,-8.382520664205542205e-03,4.798273109813632753e-01,8.768466076066564474e-01,-7.153133806158747943e-01,2.552657316968776624e-01,2.045941633413367877e-01,2.343800912714164575e-01,1.802190889456081746e-02,-2.356152409553177035e-02,5.748520059187342546e-02,5.384492144810245490e-02,2.632418836137970231e-01,3.056721637294128602e-01,-2.346182491077803967e-01,2.622169711458368496e-02,4.064553416984313938e-01,0.000000000000000000e+00,0.000000000000000000e+00,0.000000000000000000e+00,0.000000000000000000e+00,0.000000000000000000e+00,0.000000000000000000e+00,0.000000000000000000e+00,0.000000000000000000e+00,0.000000000000000000e+00,0.000000000000000000e+00,0.000000000000000000e+00,0.000000000000000000e+00,0.000000000000000000e+00,0.000000000000000000e+00,0.000000000000000000e+00,0.000000000000000000e+00
5.653253875755162028e-01,2.453392521623728229e+00,1.919796909944137653e+00,-3.179590992297525592e-02,-7.375826956252120280e-03,4.706412434796818367e-01,8.817207251872792861e-01,-7.064398283308573889e-01,2.510385885490041824e-01,2.268855298251678809e-01,2.698883983845926648e-01,4.160028116835400025e-02,-5.218985475382498761e-03,9.040818397050449928e-02,3.435639256228558563e-02,2.861599176287470403e-01,3.126768785307193488e-01,-1.813209759388696996e-01,5.384832128405184215e-02,4.233925399969449832e-01,0.000000000000000000e+00,0.000000000000000000e+00,0.000000000000000000e+00,0.000000000000000000e+00,0.000000000000000000e+00,0.000000000000000000e+00,0.000000000000000000e+00,0.000000000000000000e+00,0.000000000000000000e+00,0.000000000000000000e+00,0.000000000000000000e+00,0.000000000000000000e+00,0.000000000000000000e+00,0.000000000000000000e+00,0.000000000000000000e+00,0.000000000000000000e+00
5.724812744445088031e-01,2.491494598886917711e+00,1.907708979298582852e+00,-3.303185381570052787e-02,5.918436943697126529e-04,4.651219878127582641e-01,8.846299129057584310e-01,-6.922492704937314167e-01,2.305568219504612326e-01,2.517558620920168355e-01,3.107991392375802908e-01,6.487654314589670623e-02,1.974907838331221507e-02,1.106321080738017909e-01,2.884029259192052996e-03,3.043896406687343070e-01,3.192368509533908272e-01,-8.943343938613904087e-02,9.818861594518717151e-02,4.359564690007909915e-01,0.000000000000000000e+00,0.000000000000000000e+00,0.000000000000000000e+00,0.000000000000000000e+00,0.000000000000000000e+00,0.000000000000000000e+00,0.000000000000000000e+00,0.000000000000000000e+00,0.000000000000000000e+00,0.000000000000000000e+00,0.000000000000000000e+00,0.000000000000000000e+00,0.000000000000000000e+00,0.000000000000000000e+00,0.000000000000000000e+00,0.000000000000000000e+00
5.799336917534680946e-01,2.527884884026099233e+00,1.899116079611428809e+00,-2.829460895676913154e-02,1.721452524769886278e-02,4.608531521102166018e-01,8.868581890102595899e-01,-6.894574884394997216e-01,1.941311911514953525e-01,2.766443559861025414e-01,3.535645793191731223e-01,8.719032196407616730e-02,4.658608776542397245e-02,1.145825441555640284e-01,-5.847115288843210412e-02,2.921743043397702078e-01,3.294260252267798839e-01,7.606629612058846135e-02,1.505398323338217603e-01,4.481200896604098927e-01,0.000000000000000000e+00,0.000000000000000000e+00,0.000000000000000000e+00,0.000000000000000000e+00,0.000000000000000000e+00,0.000000000000000000e+00,0.000000000000000000e+00,0.000000000000000000e+00,0.000000000000000000e+00,0.000000000000000000e+00,0.000000000000000000e+00,0.000000000000000000e+00,0.000000000000000000e+00,0.000000000000000000e+00,0.000000000000000000e+00,0.000000000000000000e+00
5.874319198463355818e-01,2.563196685159640165e+00,1.894175897593043834e+00,-2.280480816693063184e-02,3.534505067335854539e-02,4.642579138346254464e-01,8.847006598614518547e-01,-6.868480551601664486e-01,1.468605101470770169e-01,2.930705209559466562e-01,3.896143442791750178e-01,8.656502357200375475e-02,7.512343775667527923e-02,1.056027020470569205e-01,-1.159451530032861860e-01,2.631924638183367193e-01,3.579227135200285792e-01,2.635384863749008488e-01,1.993063337781105226e-01,4.470131246751612442e-01,0.000000000000000000e+00,0.000000000000000000e+00,0.000000000000000000e+00,0.000000000000000000e+00,0.000000000000000000e+00,0.000000000000000000e+00,0.000000000000000000e+00,0.000000000000000000e+00,0.000000000000000000e+00,0.000000000000000000e+00,0.000000000000000000e+00,0.000000000000000000e+00,0.000000000000000000e+00,0.000000000000000000e+00,0.000000000000000000e+00,0.000000000000000000e+00
5.950944540265509231e-01,2.599813816044764359e+00,1.895367809232568534e+00,-1.922739322119279212e-02,4.972292977793063562e-02,4.752982985034655550e-01,8.782080989400671278e-01,-6.728201940070659415e-01,1.014457763186515649e-01,2.983786482932827555e-01,4.118126887903210687e-01,7.017094538216014921e-02,1.064047717340809163e-01,8.070211613004517337e-02,-1.502766030849848888e-01,2.160520226615243178e-01,4.042360036383202404e-01,4.339193680374766604e-01,2.211981557305358614e-01,4.205165317363079858e-01,0.000000000000000000e+00,0.000000000000000000e+00,0.000000000000000000e+00,0.000000000000000000e+00,0.000000000000000000e+00,0.000000000000000000e+00,0.000000000000000000e+00,0.000000000000000000e+00,0.000000000000000000e+00,0.000000000000000000e+00,0.000000000000000000e+00,0.000000000000000000e+00,0.000000000000000000e+00,0.000000000000000000e+00,0.000000000000000000e+00,0.000000000000000000e+00
6.025902421850128921e-01,2.640217170609542752e+00,1.902509087460669823e+00,-1.345756800277436369e-02,5.091390641793575728e-02,4.942582431250640562e-01,8.677185356436964980e-01,-6.275402131578970977e-01,5.324647175820687584e-02,2.825423533147581323e-01,4.150345192072023570e-01,3.369078795793097741e-02,1.385818944832549748e-01,2.972769366625692064e-02,-1.577347888934500231e-01,1.483060630694827409e-01,5.237795510918819009e-01,4.948642730971862802e-01,1.962353062847992102e-01,3.752937073987703820e-01,0.000000000000000000e+00,0.000000000000000000e+00,0.000000000000000000e+00,0.000000000000000000e+00,0.000000000000000000e+00,0.000000000000000000e+00,0.000000000000000000e+00,0.000000000000000000e+00,0.000000000000000000e+00,0.000000000000000000e+00,0.000000000000000000e+00,0.000000000000000000e+00,0.000000000000000000e+00,0.000000000000000000e+00,0.000000000000000000e+00,0.000000000000000000e+00
6.086474635963071700e-01,2.681553063653213886e+00,1.913952468127006812e+00,-1.006234185325273305e-02,4.175938464185448284e-02,5.154900837573613837e-01,8.558182497578498138e-01,-5.601258972247592505e-01,1.695235532148394939e-02,2.463814851179352838e-01,3.960608180253065713e-01,-1.192876769997151115e-02,1.589089527227165455e-01,-4.655768624049249488e-02,-1.535317776114866195e-01,5.281422518077803080e-02,6.164255803128920741e-01,4.950063989400119713e-01,1.382576185928032497e-01,3.174445699989543734e-01,0.000000000000000000e+00,0.000000000000000000e+00,0.000000000000000000e+00,0.000000000000000000e+00,0.000000000000000000e+00,0.000000000000000000e+00,0.000000000000000000e+00,0.000000000000000000e+00,0.000000000000000000e+00,0.000000000000000000e+00,0.000000000000000000e+00,0.000000000000000000e+00,0.000000000000000000e+00,0.000000000000000000e+00,0.000000000000000000e+00,0.000000000000000000e+00
6.135047386154842686e-01,2.721263639171565885e+00,1.925029651601888991e+00,-1.108648443794219181e-02,3.253283449196269633e-02,5.352242806680918008e-01,8.440104702703923323e-01,-4.990902410187466054e-01,-3.930889455329704407e-03,2.045293322718378937e-01,3.784512763060751128e-01,-4.908479862170484626e-02,1.729481751143251977e-01,-1.335199418645671154e-01,-1.425434543533165566e-01,-2.624175065988186908e-02,6.839953623444234854e-01,4.744430788030320478e-01,8.296352280222316078e-02,2.554652732655575686e-01,0.000000000000000000e+00,0.000000000000000000e+00,0.000000000000000000e+00,0.000000000000000000e+00,0.000000000000000000e+00,0.000000000000000000e+00,0.000000000000000000e+00,0.000000000000000000e+00,0.000000000000000000e+00,0.000000000000000000e+00,0.000000000000000000e+00,0.000000000000000000e+00,0.000000000000000000e+00,0.000000000000000000e+00,0.000000000000000000e+00,0.000000000000000000e+00
6.182967546837309092e-01,2.760079182646809404e+00,1.930960179185096326e+00,-6.066649679341897319e-03,2.423846007579989054e-02,5.596601981919169244e-01,8.283454323979854150e-01,-4.303514722870725451e-01,-3.908206806162103225e-02,1.610728341804763264e-01,3.596191691715134309e-01,-8.638902281443314179e-02,1.798229754590005558e-01,-2.365581846802845833e-01,-1.561232194970217091e-01,-1.031165600169884622e-01,7.466300249210883200e-01,3.926057337182382589e-01,5.146027190945182128e-02,1.790977915858209812e-01,0.000000000000000000e+00,0.000000000000000000e+00,0.000000000000000000e+00,0.000000000000000000e+00,0.000000000000000000e+00,0.000000000000000000e+00,0.000000000000000000e+00,0.000000000000000000e+00,0.000000000000000000e+00,0.000000000000000000e+00,0.000000000000000000e+00,0.000000000000000000e+00,0.000000000000000000e+00,0.000000000000000000e+00,0.000000000000000000e+00,0.000000000000000000e+00
6.226152912728546429e-01,2.797727501702546249e+00,1.934680736303047599e+00,-6.013427987888557424e-04,1.696751529226505489e-02,5.871782511536799420e-01,8.092795828289195414e-01,-3.627938775837248331e-01,-7.548376447750218543e-02,1.027033144602961523e-01,3.417120428196972481e-01,-1.188205030564231657e-01,1.774495001567604757e-01,-3.367033360111124085e-01,-1.718883776102320959e-01,-1.608148664202311839e-01,7.653618218862463518e-01,3.136614362655537058e-01,3.799056816780498058e-02,9.861683435450073476e-02,0.000000000000000000e+00,0.000000000000000000e+00,0.000000000000000000e+00,0.000000000000000000e+00,0.000000000000000000e+00,0.000000000000000000e+00,0.000000000000000000e+00,0.000000000000000000e+00,0.000000000000000000e+00,0.000000000000000000e+00,0.000000000000000000e+00,0.000000000000000000e+00,0.000000000000000000e+00,0.000000000000000000e+00,0.000000000000000000e+00,0.000000000000000000e+00
6.266671428656884757e-01,2.834570730265265404e+00,1.935484794936133346e+00,6.976414820550220011e-03,1.405995181717789762e-02,6.142647937799508018e-01,7.889438576436377248e-01,-2.957209118436633921e-01,-1.159036868176175072e-01,3.707307046523975608e-02,3.248256558511126713e-01,-1.461304779764951434e-01,1.679556492983783067e-01,-4.173213192418421813e-01,-1.965965931329251570e-01,-2.115665911231320861e-01,7.274633855191752208e-01,2.605532207494954955e-01,3.845379545849431091e-02,2.238311445516739592e-02,0.000000000000000000e+00,0.000000000000000000e+00,0.000000000000000000e+00,0.000000000000000000e+00,0.000000000000000000e+00,0.000000000000000000e+00,0.000000000000000000e+00,0.000000000000000000e+00,0.000000000000000000e+00,0.000000000000000000e+00,0.000000000000000000e+00,0.000000000000000000e+00,0.000000000000000000e+00,0.000000000000000000e+00,0.000000000000000000e+00,0.000000000000000000e+00
6.304978615684757592e-01,2.870822862946632803e+00,1.933159273412968338e+00,1.747151231871511140e-02,1.132201480220481130e-02,6.392508325017179915e-01,7.687164180528316404e-01,-2.280838109593596452e-01,-1.513191622592697239e-01,-1.642661077536955450e-02,3.177065222244093712e-01,-1.780735112429381040e-01,1.563922413014863788e-01,-4.743889866859397619e-01,-2.321537074539019030e-01,-2.630951496110998100e-01,6.489328872918396218e-01,2.134431759895494829e-01,4.874726647168212829e-02,-3.788835309379422200e-02,0.000000000000000000e+00,0.000000000000000000e+00,0.000000000000000000e+00,0.000000000000000000e+00,0.000000000000000000e+00,0.000000000000000000e+00,0.000000000000000000e+00,0.000000000000000000e+00,0.000000000000000000e+00,0.000000000000000000e+00,0.000000000000000000e+00,0.000000000000000000e+00,0.000000000000000000e+00,0.000000000000000000e+00,0.000000000000000000e+00,0.000000000000000000e+00
6.344437926533291749e-01,2.907091394201625878e+00,1.928294707890512161e+00,2.971696752844286277e-02,9.615462848842942084e-03,6.630163057602849186e-01,7.479530887770302616e-01,-1.631132056490673388e-01,-1.857876321735315583e-01,-7.049985113861126362e-02,3.196215874712730609e-01,-2.115730284705972242e-01,1.470873929912606126e-01,-5.194618373455237581e-01,-2.675907553429654473e-01,-3.068995231618871777e-01,5.545914905643979376e-01,1.772172088162042303e-01,7.346591463351165308e-02,-9.628155591718411122e-02,0.000000000000000000e+00,0.000000000000000000e+00,0.000000000000000000e+00,0.000000000000000000e+00,0.000000000000000000e+00,0.000000000000000000e+00,0.000000000000000000e+00,0.000000000000000000e+00,0.000000000000000000e+00,0.000000000000000000e+00,0.000000000000000000e+00,0.000000000000000000e+00,0.000000000000000000e+00,0.000000000000000000e+00,0.000000000000000000e+00,0.000000000000000000e+00
6.387975984728794243e-01,2.943422040466314726e+00,1.922563922354789234e+00,4.190742803120654780e-02,8.388002296340440339e-03,6.854562526350542750e-01,7.268584006646646722e-01,-9.790603491212043763e-02,-2.149646567310983525e-01,-1.303560047315351356e-01,3.186397401760264203e-01,-2.393742707003378989e-01,1.328486377996531964e-01,-5.597813706304586301e-01,-2.927329723149006413e-01,-3.269188065296120826e-01,4.614531227562089222e-01,1.443185262058375440e-01,1.079337218196004117e-01,-1.545283144257261765e-01,0.000000000000000000e+00,0.000000000000000000e+00,0.000000000000000000e+00,0.000000000000000000e+00,0.000000000000000000e+00,0.000000000000000000e+00,0.000000000000000000e+00,0.000000000000000000e+00,0.000000000000000000e+00,0.000000000000000000e+00,0.000000000000000000e+00,0.000000000000000000e+00,0.000000000000000000e+00,0.000000000000000000e+00,0.000000000000000000e+00,0.000000000000000000e+00
6.437416012175618540e-01,2.979816960562671646e+00,1.915604807576347435e+00,5.473244993792086149e-02,9.571048647609499416e-03,7.059742707297756992e-01,7.060545892628553588e-01,-3.208473611017593347e-02,-2.401337484949794820e-01,-1.896934734778505383e-01,3.136984552868562481e-01,-2.747141019700645725e-01,1.214633449293926748e-01,-5.981434546831352339e-01,-3.134232270995137015e-01,-3.259981859532192772e-01,3.555750032260623916e-01,1.080171001161586847e-01,1.515603606779486190e-01,-2.095725404890319277e-01,0.000000000000000000e+00,0.000000000000000000e+00,0.000000000000000000e+00,0.000000000000000000e+00,0.000000000000000000e+00,0.000000000000000000e+00,0.000000000000000000e+00,0.000000000000000000e+00,0.000000000000000000e+00,0.000000000000000000e+00,0.000000000000000000e+00,0.000000000000000000e+00,0.000000000000000000e+00,0.000000000000000000e+00,0.000000000000000000e+00,0.000000000000000000e+00
6.489415814365399049e-01,3.016014779875565210e+00,1.908341110234981874e+00,6.305940640220425442e-02,1.205701623460909977e-02,7.212535197360521178e-01,6.896894227781634745e-01,2.764446172423515660e-02,-2.525028180503314790e-01,-2.409638700820251334e-01,3.065923701237863730e-01,-3.196200422552931686e-01,1.167420505148880766e-01,-6.356422087777183760e-01,-3.307408764663736789e-01,-3.176693211757588564e-01,2.805538164996000394e-01,7.312864982560841887e-02,1.946301240453590375e-01,-2.542704936750193045e-01,0.000000000000000000e+00,0.000000000000000000e+00,0.000000000000000000e+00,0.000000000000000000e+00,0.000000000000000000e+00,0.000000000000000000e+00,0.000000000000000000e+00,0.000000000000000000e+00,0.000000000000000000e+00,0.000000000000000000e+00,0.000000000000000000e+00,0.000000000000000000e+00,0.000000000000000000e+00,0.000000000000000000e+00,0.000000000000000000e+00,0.000000000000000000e+00
6.547629152322124169e-01,3.052040988266228272e+00,1.899893916001107907e+00,6.790113217812260293e-02,1.720568754703233685e-02,7.332799008502578486e-01,6.763090917428205007e-01,7.780116296784471419e-02,-2.591257726070256284e-01,-2.902299226810553523e-01,3.070910365784441654e-01,-3.623500687239343265e-01,1.136922895411775630e-01,-6.719402095430913047e-01,-3.416462317709090257e-01,-2.985599773391098832e-01,2.355183264351697614e-01,5.268043550453888058e-02,2.228423699268970715e-01,-2.918927644011196088e-01,0.000000000000000000e+00,0.000000000000000000e+00,0.000000000000000000e+00,0.000000000000000000e+00,0.000000000000000000e+00,0.000000000000000000e+00,0.000000000000000000e+00,0.000000000000000000e+00,0.000000000000000000e+00,0.000000000000000000e+00,0.000000000000000000e+00,0.000000000000000000e+00,0.000000000000000000e+00,0.000000000000000000e+00,0.000000000000000000e+00,0.000000000000000000e+00
6.613430830526586535e-01,3.088529306273720465e+00,1.890636619408674335e+00,6.753767993020053095e-02,2.508407328139309472e-02,7.418691714073066823e-01,6.666630210028865466e-01,1.204268612842166186e-01,-2.573270038457343700e-01,-3.335072221131067938e-01,3.075824898346759539e-01,-3.789657586212830109e-01,1.044427393813497223e-01,-6.946702594251270568e-01,-3.449138225978770622e-01,-2.842835162496287760e-01,2.155916404718163371e-01,4.465314716674492757e-02,2.344043453387555098e-01,-3.183876066307029795e-01,0.000000000000000000e+00,0.000000000000000000e+00,0.000000000000000000e+00,0.000000000000000000e+00,0.000000000000000000e+00,0.000000000000000000e+00,0.000000000000000000e+00,0.000000000000000000e+00,0.000000000000000000e+00,0.000000000000000000e+00,0.000000000000000000e+00,0.000000000000000000e+00,0.000000000000000000e+00,0.000000000000000000e+00,0.000000000000000000e+00,0.000000000000000000e+00
6.684372104730509356e-01,3.125463756107183855e+00,1.885466363443225379e+00,6.150203163899574388e-02,3.039267645322576289e-02,7.499930347058448854e-01,6.578785854661953758e-01,1.563771226440553164e-01,-2.359137726996554940e-01,-3.559195460213220308e-01,3.078729296799040394e-01,-3.443662410426571174e-01,7.927403915482886254e-02,-6.997820273046255757e-01,-3.377823036116083255e-01,-2.815407639898094838e-01,2.235642327020474218e-01,5.542041801918522886e-02,2.265152363690068615e-01,-3.420011521204622262e-01,0.000000000000000000e+00,0.000000000000000000e+00,0.000000000000000000e+00,0.000000000000000000e+00,0.000000000000000000e+00,0.000000000000000000e+00,0.000000000000000000e+00,0.000000000000000000e+00,0.000000000000000000e+00,0.000000000000000000e+00,0.000000000000000000e+00,0.000000000000000000e+00,0.000000000000000000e+00,0.000000000000000000e+00,0.000000000000000000e+00,0.000000000000000000e+00
6.759268399872118138e-01,3.162287454851179458e+00,1.880616580290923601e+00,5.336940780884814189e-02,3.577942361231983143e-02,7.580176637784710181e-01,6.490614459016429416e-01,1.900449798393774037e-01,-2.088179804073441725e-01,-3.728791370679132577e-01,3.105308130661878496e-01,-2.890157487982161766e-01,4.895084258653802783e-02,-6.897196268281763354e-01,-3.274055941581337503e-01,-2.823436928019690262e-01,2.477010968979408978e-01,7.729283137237925871e-02,2.048128444711705964e-01,-3.644216418271406521e-01,0.000000000000000000e+00,0.000000000000000000e+00,0.000000000000000000e+00,0.000000000000000000e+00,0.000000000000000000e+00,0.000000000000000000e+00,0.000000000000000000e+00,0.000000000000000000e+00,0.000000000000000000e+00,0.000000000000000000e+00,0.000000000000000000e+00,0.000000000000000000e+00,0.000000000000000000e+00,0.000000000000000000e+00,0.000000000000000000e+00,0.000000000000000000e+00
6.836521371565889016e-01,3.197754362029970210e+00,1.875720850612755397e+00,3.923439978538213746e-02,3.681004924150214908e-02,7.644898989621329299e-01,6.423868589356308556e-01,2.079081960286803532e-01,-1.724177711337817609e-01,-3.894107017188677133e-01,3.278251272861533172e-01,-1.887814925959349077e-01,7.554269293180799691e-03,-6.765798955485149424e-01,-3.079853732038873582e-01,-2.980684153663594183e-01,2.820999423605553003e-01,1.052529887407002429e-01,1.695578400139687858e-01,-3.812639979233359289e-01,0.000000000000000000e+00,0.000000000000000000e+00,0.000000000000000000e+00,0.000000000000000000e+00,0.000000000000000000e+00,0.000000000000000000e+00,0.000000000000000000e+00,0.000000000000000000e+00,0.000000000000000000e+00,0.000000000000000000e+00,0.000000000000000000e+00,0.000000000000000000e+00,0.000000000000000000e+00,0.000000000000000000e+00,0.000000000000000000e+00,0.000000000000000000e+00
6.914173954413097567e-01,3.231516708085006240e+00,1.872196938482910689e+00,1.844820013634861089e-02,3.621930606395873387e-02,7.688100417335151926e-01,6.381841000132203456e-01,2.107648085259894166e-01,-1.267925420401251890e-01,-4.076793042459666006e-01,3.418771848064918184e-01,-4.450382322103452193e-02,-4.469610152736747805e-02,-6.701565570581826670e-01,-2.747396857499964096e-01,-3.185658188158254633e-01,3.207467121651195741e-01,1.233873549534987013e-01,1.270990216249398008e-01,-3.911042122752676486e-01,0.000000000000000000e+00,0.000000000000000000e+00,0.000000000000000000e+00,0.000000000000000000e+00,0.000000000000000000e+00,0.000000000000000000e+00,0.000000000000000000e+00,0.000000000000000000e+00,0.000000000000000000e+00,0.000000000000000000e+00,0.000000000000000000e+00,0.000000000000000000e+00,0.000000000000000000e+00,0.000000000000000000e+00,0.000000000000000000e+00,0.000000000000000000e+00
6.988910176716111033e-01,3.263677867942021749e+00,1.870516628929881575e+00,-4.971725990930658465e-03,3.255366202602881509e-02,7.682216417408364029e-01,6.393364139405630642e-01,1.982906775595480176e-01,-7.434623001393736441e-02,-3.986610336805977983e-01,3.608813354723773292e-01,1.281876688283114241e-01,-1.002593514298653482e-01,-6.643454339107500717e-01,-2.290356379023045508e-01,-3.471837759171998994e-01,3.611463085449110877e-01,1.245590413313087674e-01,7.592673104469865875e-02,-3.874618785143504884e-01,0.000000000000000000e+00,0.000000000000000000e+00,0.000000000000000000e+00,0.000000000000000000e+00,0.000000000000000000e+00,0.000000000000000000e+00,0.000000000000000000e+00,0.000000000000000000e+00,0.000000000000000000e+00,0.000000000000000000e+00,0.000000000000000000e+00,0.000000000000000000e+00,0.000000000000000000e+00,0.000000000000000000e+00,0.000000000000000000e+00,0.000000000000000000e+00
7.058881135597100398e-01,3.295688446470427024e+00,1.870781229343863261e+00,-2.592122561253738106e-02,2.800700299545851035e-02,7.648769439812618254e-01,6.430450671701328780e-01,1.743216067975312256e-01,-3.086960662775522363e-02,-3.779306547906548519e-01,3.948864966165887558e-01,3.224437740350823978e-01,-1.513050133509311890e-01,-6.579456983527766090e-01,-1.778738595615958207e-01,-3.588817495555122195e-01,3.946404674604320761e-01,1.188127708980692560e-01,2.285440650600402412e-02,-3.655204553541412937e-01,0.000000000000000000e+00,0.000000000000000000e+00,0.000000000000000000e+00,0.000000000000000000e+00,0.000000000000000000e+00,0.000000000000000000e+00,0.000000000000000000e+00,0.000000000000000000e+00,0.000000000000000000e+00,0.000000000000000000e+00,0.000000000000000000e+00,0.000000000000000000e+00,0.000000000000000000e+00,0.000000000000000000e+00,0.000000000000000000e+00,0.000000000000000000e+00
7.127067037620782308e-01,3.329605691910302756e+00,1.875942229093324753e+00,-3.366387732093813201e-02,3.000325979284046429e-02,7.538933834332488537e-01,6.554474152676866838e-01,1.308817042932786667e-01,-1.104352865476144162e-02,-3.254979082140508351e-01,4.421963833185194037e-01,4.652203800118072108e-01,-1.629825171938041883e-01,-6.353298893612804310e-01,-1.331220060316932463e-01,-3.319471137535080496e-01,4.136060588276418981e-01,1.049721104057556864e-01,-1.858889213282176670e-02,-3.218457005636580770e-01,0.000000000000000000e+00,0.000000000000000000e+00,0.000000000000000000e+00,0.000000000000000000e+00,0.000000000000000000e+00,0.000000000000000000e+00,0.000000000000000000e+00,0.000000000000000000e+00,0.000000000000000000e+00,0.000000000000000000e+00,0.000000000000000000e+00,0.000000000000000000e+00,0.000000000000000000e+00,0.000000000000000000e+00,0.000000000000000000e+00,0.000000000000000000e+00
7.202681471884524456e-01,3.365996348720718956e+00,1.882881287035786944e+00,-3.044837582121886696e-02,2.772415779266321212e-02,7.376855691025915318e-01,6.738874302302438890e-01,5.761743236030048704e-02,-8.056649432900919033e-03,-2.441106510823116693e-01,5.538184781182096117e-01,4.949803766278557671e-01,-1.413850204616197148e-01,-5.883737503422814541e-01,-8.708147596856581629e-02,-2.828449560968043786e-01,4.194203808924433785e-01,7.950545964046000502e-02,-4.537463064580354172e-02,-2.651815689293735567e-01,0.000000000000000000e+00,0.000000000000000000e+00,0.000000000000000000e+00,0.000000000000000000e+00,0.000000000000000000e+00,0.000000000000000000e+00,0.000000000000000000e+00,0.000000000000000000e+00,0.000000000000000000e+00,0.000000000000000000e+00,0.000000000000000000e+00,0.000000000000000000e+00,0.000000000000000000e+00,0.000000000000000000e+00,0.000000000000000000e+00,0.000000000000000000e+00
7.283034552980530707e-01,3.402069708119491054e+00,1.892932647520471301e+00,-2.075754001193978043e-02,3.352781329243818831e-02,7.183608759851064507e-01,6.945521306010009610e-01,-3.322220977688824378e-02,-1.443751159129148982e-02,-1.460381948511693950e-01,6.312586636847513644e-01,4.947415563121221327e-01,-9.183654323331458258e-02,-5.359607073098830998e-01,-6.539162068312120990e-02,-2.220666601208247104e-01,4.075674275652161893e-01,5.160413089593558766e-02,-5.447063200769749342e-02,-1.937982510652984103e-01,0.000000000000000000e+00,0.000000000000000000e+00,0.000000000000000000e+00,0.000000000000000000e+00,0.000000000000000000e+00,0.000000000000000000e+00,0.000000000000000000e+00,0.000000000000000000e+00,0.000000000000000000e+00,0.000000000000000000e+00,0.000000000000000000e+00,0.000000000000000000e+00,0.000000000000000000e+00,0.000000000000000000e+00,0.000000000000000000e+00,0.000000000000000000e+00
7.365348878793137599e-01,3.436828751249416669e+00,1.903578568942177140e+00,-6.860873970921835957e-03,4.000601575435794310e-02,6.977847212713992331e-01,7.151565771717490749e-01,-1.384084250380167302e-01,-2.524102744549821392e-02,-5.271915623036817211e-02,6.770220939312994179e-01,4.549074735522632973e-01,-2.926833151765075719e-02,-4.773294522370047366e-01,-5.977297856555465611e-02,-1.609912578126489469e-01,3.853592374391218156e-01,2.303678123458809124e-02,-5.336203150348391155e-02,-1.178689518223396682e-01,0.000000000000000000e+00,0.000000000000000000e+00,0.000000000000000000e+00,0.000000000000000000e+00,0.000000000000000000e+00,0.000000000000000000e+00,0.000000000000000000e+00,0.000000000000000000e+00,0.000000000000000000e+00,0.000000000000000000e+00,0.000000000000000000e+00,0.000000000000000000e+00,0.000000000000000000e+00,0.000000000000000000e+00,0.000000000000000000e+00,0.000000000000000000e+00
7.443145202704337660e-01,3.471258231940315575e+00,1.910651117413579181e+00,1.782939814546885549e-03,3.904835018094501842e-02,6.736452602733303818e-01,7.380203999789164415e-01,-2.585340598801553758e-01,-1.482739370493961137e-02,2.170846971818030102e-02,7.303256518005365461e-01,3.584696410556827417e-01,2.127570210022244543e-02,-4.117471549158048250e-01,-4.033366775909804497e-02,-1.054769269625335237e-01,3.598075264069834911e-01,-6.178844345519490799e-03,-4.783429570089935134e-02,-3.279257611051020205e-02,0.000000000000000000e+00,0.000000000000000000e+00,0.000000000000000000e+00,0.000000000000000000e+00,0.000000000000000000e+00,0.000000000000000000e+00,0.000000000000000000e+00,0.000000000000000000e+00,0.000000000000000000e+00,0.000000000000000000e+00,0.000000000000000000e+00,0.000000000000000000e+00,0.000000000000000000e+00,0.000000000000000000e+00,0.000000000000000000e+00,0.000000000000000000e+00
7.518141002407519036e-01,3.504996428135340736e+00,1.915672364535499161e+00,9.966048977616421764e-03,3.563588689308642282e-02,6.489398358255669130e-01,7.599393731817060127e-01,-3.703413033726172809e-01,5.361725643936374186e-04,6.778509171663937849e-02,7.323651810699968179e-01,2.516640444066652327e-01,5.298927358933003262e-02,-3.451744313527568830e-01,-2.521683137322813101e-02,-5.700077572092335232e-02,3.346128300874904871e-01,-2.557232397977597660e-02,-3.922217174959474056e-02,4.853345128599996505e-02,0.000000000000000000e+00,0.000000000000000000e+00,0.000000000000000000e+00,0.000000000000000000e+00,0.000000000000000000e+00,0.000000000000000000e+00,0.000000000000000000e+00,0.000000000000000000e+00,0.000000000000000000e+00,0.000000000000000000e+00,0.000000000000000000e+00,0.000000000000000000e+00,0.000000000000000000e+00,0.000000000000000000e+00,0.000000000000000000e+00,0.000000000000000000e+00
7.589358171411634268e-01,3.538622625375372532e+00,1.917768392381962173e+00,1.377924362938687079e-02,3.124395023020505591e-02,6.249335301642514606e-01,7.799307859646646968e-01,-4.582437524917166161e-01,2.717009838574018302e-02,1.010641879378014751e-01,6.841421240258092062e-01,1.622190706323646814e-01,6.724852083075973097e-02,-2.824826620007365729e-01,-5.802098670564938970e-03,-1.912863462226577216e-03,3.125288532448657342e-01,-3.945415389160428221e-02,-2.915289012971702606e-02,1.193446151079795847e-01,0.000000000000000000e+00,0.000000000000000000e+00,0.000000000000000000e+00,0.000000000000000000e+00,0.000000000000000000e+00,0.000000000000000000e+00,0.000000000000000000e+00,0.000000000000000000e+00,0.000000000000000000e+00,0.000000000000000000e+00,0.000000000000000000e+00,0.000000000000000000e+00,0.000000000000000000e+00,0.000000000000000000e+00,0.000000000000000000e+00,0.000000000000000000e+00
7.656572243442318904e-01,3.572275604534032478e+00,1.916790231503215702e+00,1.160463564111171263e-02,2.437376372316120074e-02,6.016404917557679477e-01,7.983106981329267660e-01,-5.269118882070851217e-01,6.832401318439049187e-02,1.271302952088598781e-01,5.969079692893793920e-01,1.195729988821952750e-01,6.367240461218809378e-02,-2.215147445700096918e-01,1.956150209805227955e-02,5.061851307941192535e-02,2.974260623231661516e-01,-6.140183323501684221e-02,-1.736599513385360394e-02,1.812860778467582368e-01,0.000000000000000000e+00,0.000000000000000000e+00,0.000000000000000000e+00,0.000000000000000000e+00,0.000000000000000000e+00,0.000000000000000000e+00,0.000000000000000000e+00,0.000000000000000000e+00,0.000000000000000000e+00,0.000000000000000000e+00,0.000000000000000000e+00,0.000000000000000000e+00,0.000000000000000000e+00,0.000000000000000000e+00,0.000000000000000000e+00,0.000000000000000000e+00
7.722167299265169094e-01,3.606213552972409087e+00,1.913086143965955666e+00,5.956922879248878477e-03,1.763143866268916324e-02,5.797433869046935140e-01,8.145865532776539464e-01,-5.743843249566253917e-01,1.100484422779713090e-01,1.424972772459737191e-01,5.096990818854989502e-01,9.142047241593530271e-02,4.956237970912161228e-02,-1.640862045042399409e-01,4.294811684080175607e-02,9.663295958456111223e-02,2.848592819985895086e-01,-8.552348889744118554e-02,-6.209669299789033134e-03,2.400329418073614274e-01,0.000000000000000000e+00,0.000000000000000000e+00,0.000000000000000000e+00,0.000000000000000000e+00,0.000000000000000000e+00,0.000000000000000000e+00,0.000000000000000000e+00,0.000000000000000000e+00,0.000000000000000000e+00,0.000000000000000000e+00,0.000000000000000000e+00,0.000000000000000000e+00,0.000000000000000000e+00,0.000000000000000000e+00,0.000000000000000000e+00,0.000000000000000000e+00
7.786968187114815532e-01,3.640596569469958244e+00,1.907594879462025439e+00,-1.134589825203750901e-03,1.067610301595507509e-02,5.581205128994096709e-01,8.296904402313070026e-01,-6.135455778358288592e-01,1.525429890883398532e-01,1.647478294016925804e-01,4.094997563709036892e-01,6.449963267118677401e-02,2.506815937821649937e-02,-1.075665038565241649e-01,6.190605638294983254e-02,1.369335482965029493e-01,2.700291388819433536e-01,-1.156860102320545203e-01,3.402021221809417052e-03,2.902864363730870978e-01,0.000000000000000000e+00,0.000000000000000000e+00,0.000000000000000000e+00,0.000000000000000000e+00,0.000000000000000000e+00,0.000000000000000000e+00,0.000000000000000000e+00,0.000000000000000000e+00,0.000000000000000000e+00,0.000000000000000000e+00,0.000000000000000000e+00,0.000000000000000000e+00,0.000000000000000000e+00,0.000000000000000000e+00,0.000000000000000000e+00,0.000000000000000000e+00
7.852714116939043532e-01,3.675422066418830624e+00,1.900916700747797616e+00,-7.324064328167894690e-03,4.117860046846749666e-03,5.350319914678064448e-01,8.447900149838085682e-01,-6.541308479195070413e-01,1.942569588504666767e-01,1.860258556035854216e-01,3.159899780608222963e-01,4.165582803444205229e-02,-4.950402908609036548e-03,-5.341692844505505078e-02,7.412641065034565602e-02,1.776282024575040752e-01,2.616435338559138790e-01,-1.538496737256856151e-01,9.614460200409758253e-03,3.375926208335779943e-01,0.000000000000000000e+00,0.000000000000000000e+00,0.000000000000000000e+00,0.000000000000000000e+00,0.000000000000000000e+00,0.000000000000000000e+00,0.000000000000000000e+00,0.000000000000000000e+00,0.000000000000000000e+00,0.000000000000000000e+00,0.000000000000000000e+00,0.000000000000000000e+00,0.000000000000000000e+00,0.000000000000000000e+00,0.000000000000000000e+00,0.000000000000000000e+00
7.916909763938585476e-01,3.710106973820153087e+00,1.893121535440299485e+00,-1.262720773062717648e-02,-2.314255269322048475e-04,5.164534050443512214e-01,8.562221560350138372e-01,-6.898339143277235630e-01,2.171502095226102158e-01,1.829261119976834660e-01,2.481597826084809000e-01,2.415640918741732146e-02,-2.480314701804397365e-02,-9.881114734870181937e-03,7.954531169311329641e-02,2.172283244397316682e-01,2.658360546944638081e-01,-1.855358285061315671e-01,8.427526850144294659e-03,3.722087862024019977e-01,0.000000000000000000e+00,0.000000000000000000e+00,0.000000000000000000e+00,0.000000000000000000e+00,0.000000000000000000e+00,0.000000000000000000e+00,0.000000000000000000e+00,0.000000000000000000e+00,0.000000000000000000e+00,0.000000000000000000e+00,0.000000000000000000e+00,0.000000000000000000e+00,0.000000000000000000e+00,0.000000000000000000e+00,0.000000000000000000e+00,0.000000000000000000e+00
7.980411646226820421e-01,3.745146907096452704e+00,1.884724869029535954e+00,-1.724515878233154331e-02,-1.951568655723916017e-03,5.007629029687005184e-01,8.654104869301697534e-01,-7.099708492814400529e-01,2.326542838885859998e-01,1.860673268490634080e-01,2.092365858203848461e-01,1.238393172169140882e-02,-3.070126235364691730e-02,2.780114379726881385e-02,7.609362760523682989e-02,2.396024917741464977e-01,2.675984201459818412e-01,-2.069741013335123225e-01,8.503381635942455774e-03,3.945726096394191473e-01,0.000000000000000000e+00,0.000000000000000000e+00,0.000000000000000000e+00,0.000000000000000000e+00,0.000000000000000000e+00,0.000000000000000000e+00,0.000000000000000000e+00,0.000000000000000000e+00,0.000000000000000000e+00,0.000000000000000000e+00,0.000000000000000000e+00,0.000000000000000000e+00,0.000000000000000000e+00,0.000000000000000000e+00,0.000000000000000000e+00,0.000000000000000000e+00
8.046117385937998634e-01,3.781576339016312627e+00,1.875086422314587553e+00,-2.146548065756101464e-02,-5.651794053735980858e-03,4.855688682261979916e-01,8.739165661398362595e-01,-7.153013902376536004e-01,2.455419739129569567e-01,1.931295530809765126e-01,2.075192093306727492e-01,2.573366341249204436e-02,-2.869250701302677661e-02,6.877251097049408290e-02,7.078993439711411817e-02,2.653225337981907628e-01,2.729462462848666893e-01,-2.072319523835657595e-01,1.608665266133841795e-02,4.184226551093397362e-01,0.000000000000000000e+00,0.000000000000000000e+00,0.000000000000000000e+00,0.000000000000000000e+00,0.000000000000000000e+00,0.000000000000000000e+00,0.000000000000000000e+00,0.000000000000000000e+00,0.000000000000000000e+00,0.000000000000000000e+00,0.000000000000000000e+00,0.000000000000000000e+00,0.000000000000000000e+00,0.000000000000000000e+00,0.000000000000000000e+00,0.000000000000000000e+00
8.112459287390392237e-01,3.819101978661530783e+00,1.865659686075352930e+00,-2.620058406374192739e-02,-7.996928879833884937e-03,4.708449498973080183e-01,8.817905713259870382e-01,-7.042280092021828697e-01,2.520501681858997589e-01,2.045035488778020327e-01,2.317204372056694273e-01,5.522522769492646533e-02,-1.921519406163950394e-02,1.085578532823189696e-01,6.051996019875243576e-02,3.061318025979681834e-01,2.778409423851820881e-01,-1.729714397707911577e-01,3.573830613685269331e-02,4.421530740063224774e-01,0.000000000000000000e+00,0.000000000000000000e+00,0.000000000000000000e+00,0.000000000000000000e+00,0.000000000000000000e+00,0.000000000000000000e+00,0.000000000000000000e+00,0.000000000000000000e+00,0.000000000000000000e+00,0.000000000000000000e+00,0.000000000000000000e+00,0.000000000000000000e+00,0.000000000000000000e+00,0.000000000000000000e+00,0.000000000000000000e+00,0.000000000000000000e+00
8.180628307794146625e-01,3.856937192651555879e+00,1.852650198043619190e+00,-3.043031324150906325e-02,-6.271923985255419345e-03,4.607570222704475138e-01,8.869823140480405099e-01,-6.909806104313137576e-01,2.475900488471390881e-01,2.181547043493750893e-01,2.695000481657272018e-01,8.588934832832666177e-02,-7.984658714739899590e-03,1.395567170281147296e-01,4.074083099996538004e-02,3.359184335276566014e-01,2.858959412055405158e-01,-1.187084750614132572e-01,7.089408870394149631e-02,4.640711917173362400e-01,0.000000000000000000e+00,0.000000000000000000e+00,0.000000000000000000e+00,0.000000000000000000e+00,0.000000000000000000e+00,0.000000000000000000e+00,0.000000000000000000e+00,0.000000000000000000e+00,0.000000000000000000e+00,0.000000000000000000e+00,0.000000000000000000e+00,0.000000000000000000e+00,0.000000000000000000e+00,0.000000000000000000e+00,0.000000000000000000e+00,0.000000000000000000e+00
8.250791251369327117e-01,3.893171257239132821e+00,1.844090615657350218e+00,-2.818445196452166665e-02,6.695798302631783550e-03,4.529198354987529207e-01,8.910804820914507429e-01,-6.818627342799629121e-01,2.199076150678676012e-01,2.446148767906047017e-01,3.111952136243944511e-01,1.203217729219782789e-01,1.577605953618491791e-02,1.498146648600376662e-01,-8.464758148761273443e-03,3.453712098503490258e-01,2.996338028955929378e-01,1.747266721644215315e-02,1.297393416501462782e-01,4.829578280752920283e-01,0.000000000000000000e+00,0.000000000000000000e+00,0.000000000000000000e+00,0.000000000000000000e+00,0.000000000000000000e+00,0.000000000000000000e+00,0.000000000000000000e+00,0.000000000000000000e+00,0.000000000000000000e+00,0.000000000000000000e+00,0.000000000000000000e+00,0.000000000000000000e+00,0.000000000000000000e+00,0.000000000000000000e+00,0.000000000000000000e+00,0.000000000000000000e+00
8.325602305085771926e-01,3.927375357439239156e+00,1.836697064133872237e+00,-2.321937207753751314e-02,2.558241794167756197e-02,4.502936915347898750e-01,8.922118537749617051e-01,-6.809667943458594941e-01,1.821146305931308218e-01,2.762434001478044632e-01,3.537539792132511351e-01,1.434476537409341834e-01,4.820700985922726778e-02,1.458985720864969804e-01,-7.954660984792297218e-02,3.091874537057257566e-01,3.219393073357629809e-01,2.090928074311014795e-01,1.823601130529616532e-01,4.939663296391263447e-01,0.000000000000000000e+00,0.000000000000000000e+00,0.000000000000000000e+00,0.000000000000000000e+00,0.000000000000000000e+00,0.000000000000000000e+00,0.000000000000000000e+00,0.000000000000000000e+00,0.000000000000000000e+00,0.000000000000000000e+00,0.000000000000000000e+00,0.000000000000000000e+00,0.000000000000000000e+00,0.000000000000000000e+00,0.000000000000000000e+00,0.000000000000000000e+00
8.405399946449098048e-01,3.962117977020049420e+00,1.835228140871236313e+00,-1.982055665035759376e-02,3.964058052631302259e-02,4.573174035585212960e-01,8.881984926310669826e-01,-6.761891361146280532e-01,1.423435705840843113e-01,2.901602314013593809e-01,3.918314444733241309e-01,1.408580900231695132e-01,8.251196301989688342e-02,1.241664395458338122e-01,-1.274823166473431912e-01,2.585870612550583147e-01,3.615616009495746797e-01,3.869685341747999829e-01,2.160201174952584846e-01,4.845384647647925092e-01,0.000000000000000000e+00,0.000000000000000000e+00,0.000000000000000000e+00,0.000000000000000000e+00,0.000000000000000000e+00,0.000000000000000000e+00,0.000000000000000000e+00,0.000000000000000000e+00,0.000000000000000000e+00,0.000000000000000000e+00,0.000000000000000000e+00,0.000000000000000000e+00,0.000000000000000000e+00,0.000000000000000000e+00,0.000000000000000000e+00,0.000000000000000000e+00
8.486886564882154538e-01,4.000318243167083843e+00,1.840812933174469146e+00,-1.609855662641759486e-02,4.769156005810541027e-02,4.728071097189983640e-01,8.797271102864442360e-01,-6.506421673066795641e-01,1.004537400402023550e-01,2.872614307286259772e-01,4.102077496644247478e-01,1.087702814334974011e-01,1.194325125551598116e-01,8.417310028014393652e-02,-1.521659054948290568e-01,1.729841926509316508e-01,4.390682659980356117e-01,4.936566214419609855e-01,2.042586820012039783e-01,4.474070163798148370e-01,0.000000000000000000e+00,0.000000000000000000e+00,0.000000000000000000e+00,0.000000000000000000e+00,0.000000000000000000e+00,0.000000000000000000e+00,0.000000000000000000e+00,0.000000000000000000e+00,0.000000000000000000e+00,0.000000000000000000e+00,0.000000000000000000e+00,0.000000000000000000e+00,0.000000000000000000e+00,0.000000000000000000e+00,0.000000000000000000e+00,0.000000000000000000e+00
8.569739454591964734e-01,4.041824127047390469e+00,1.849784567499522359e+00,-9.047603850378928281e-03,4.568799737613200851e-02,4.962405074235841096e-01,8.669348917607996308e-01,-6.038458584759518466e-01,5.147192818836597572e-02,2.640942385556291905e-01,4.178193563391728871e-01,5.430339987948779035e-02,1.472173052225743684e-01,1.845432755293570370e-02,-1.626773701817353923e-01,9.200799823464907157e-02,5.746521824901558162e-01,4.962501668349325046e-01,1.662900001064026578e-01,3.888406534413103577e-01,0.000000000000000000e+00,0.000000000000000000e+00,0.000000000000000000e+00,0.000000000000000000e+00,0.000000000000000000e+00,0.000000000000000000e+00,0.000000000000000000e+00,0.000000000000000000e+00,0.000000000000000000e+00,0.000000000000000000e+00,0.000000000000000000e+00,0.000000000000000000e+00,0.000000000000000000e+00,0.000000000000000000e+00,0.000000000000000000e+00,0.000000000000000000e+00
8.631396216609583671e-01,4.083065498869792975e+00,1.862995520622401369e+00,-7.865869355943423333e-03,3.728888254522803175e-02,5.169049234694271799e-01,8.551941109659663143e-01,-5.397172286126653562e-01,2.298478966642113902e-02,2.309956550005456410e-01,4.018993408866561312e-01,-3.648011394487130077e-03,1.694426968540687639e-01,-6.114389161856764732e-02,-1.591207695002013756e-01,3.532847154350260421e-04,6.421454223381934945e-01,4.953659557403743974e-01,1.035673681682415803e-01,3.226982184043831192e-01,0.000000000000000000e+00,0.000000000000000000e+00,0.000000000000000000e+00,0.000000000000000000e+00,0.000000000000000000e+00,0.000000000000000000e+00,0.000000000000000000e+00,0.000000000000000000e+00,0.000000000000000000e+00,0.000000000000000000e+00,0.000000000000000000e+00,0.000000000000000000e+00,0.000000000000000000e+00,0.000000000000000000e+00,0.000000000000000000e+00,0.000000000000000000e+00
8.686112815289909195e-01,4.122995628360680342e+00,1.873828186442552335e+00,-6.440307127602079226e-03,2.880550664647615194e-02,5.386798142766754394e-01,8.419933627539999410e-01,-4.740673590548097338e-01,-3.336180081253886653e-03,1.928375507445981574e-01,3.844559066305999195e-01,-4.764825041150481250e-02,1.882970188471302930e-01,-1.566686267892102857e-01,-1.584224221751686368e-01,-8.526636058910341820e-02,6.986223221189673538e-01,4.659473155277490397e-01,5.170904093279204972e-02,2.510909476487744874e-01,0.000000000000000000e+00,0.000000000000000000e+00,0.000000000000000000e+00,0.000000000000000000e+00,0.000000000000000000e+00,0.000000000000000000e+00,0.000000000000000000e+00,0.000000000000000000e+00,0.000000000000000000e+00,0.000000000000000000e+00,0.000000000000000000e+00,0.000000000000000000e+00,0.000000000000000000e+00,0.000000000000000000e+00,0.000000000000000000e+00,0.000000000000000000e+00
8.743596489014701101e-01,4.162213805918176135e+00,1.879077895001431964e+00,1.733895759203278424e-03,2.105260566204177411e-02,5.624847873698187728e-01,8.265377458881503214e-01,-4.024014723204892285e-01,-4.109532143213868310e-02,1.486533647557439219e-01,3.701467732660704280e-01,-8.750444815727723147e-02,1.928399885017576532e-01,-2.554496257280769456e-01,-1.761756343862481144e-01,-1.608173484478936932e-01,7.404119744220371002e-01,3.808983809119048658e-01,2.538088500848344892e-02,1.705893708857586788e-01,0.000000000000000000e+00,0.000000000000000000e+00,0.000000000000000000e+00,0.000000000000000000e+00,0.000000000000000000e+00,0.000000000000000000e+00,0.000000000000000000e+00,0.000000000000000000e+00,0.000000000000000000e+00,0.000000000000000000e+00,0.000000000000000000e+00,0.000000000000000000e+00,0.000000000000000000e+00,0.000000000000000000e+00,0.000000000000000000e+00,0.000000000000000000e+00
8.795715832693390412e-01,4.200593016095433008e+00,1.882072098698748031e+00,9.060108239813999265e-03,1.584024489915142678e-02,5.884097122063735030e-01,8.083569828123159384e-01,-3.332937891112073281e-01,-7.821947835949363825e-02,9.374634450404113750e-02,3.556819848911667581e-01,-1.193032773632036747e-01,1.861881826897785752e-01,-3.409780486100723595e-01,-1.978859657054705123e-01,-2.227141709765623756e-01,7.344926778117740751e-01,3.161823259084452498e-01,1.803096785100592736e-02,9.348936640749530569e-02,0.000000000000000000e+00,0.000000000000000000e+00,0.000000000000000000e+00,0.000000000000000000e+00,0.000000000000000000e+00,0.000000000000000000e+00,0.000000000000000000e+00,0.000000000000000000e+00,0.000000000000000000e+00,0.000000000000000000e+00,0.000000000000000000e+00,0.000000000000000000e+00,0.000000000000000000e+00,0.000000000000000000e+00,0.000000000000000000e+00,0.000000000000000000e+00
8.844952310630767034e-01,4.238463479547444734e+00,1.882546555438254332e+00,1.774380715659611141e-02,1.164863118482428045e-02,6.172359162553081591e-01,7.864917611670068087e-01,-2.635435586642354000e-01,-1.161056020225333524e-01,2.857049438621717119e-02,3.424431886300965955e-01,-1.461357169941915890e-01,1.719138223541699928e-01,-4.128362030984457642e-01,-2.244901129077689350e-01,-2.708083086257948024e-01,6.828802487105044561e-01,2.648479935791743789e-01,2.370604499246029007e-02,2.170206226008324774e-02,0.000000000000000000e+00,0.000000000000000000e+00,0.000000000000000000e+00,0.000000000000000000e+00,0.000000000000000000e+00,0.000000000000000000e+00,0.000000000000000000e+00,0.000000000000000000e+00,0.000000000000000000e+00,0.000000000000000000e+00,0.000000000000000000e+00,0.000000000000000000e+00,0.000000000000000000e+00,0.000000000000000000e+00,0.000000000000000000e+00,0.000000000000000000e+00
8.891675277060698823e-01,4.275872075418304163e+00,1.879991182407107386e+00,2.780940464003356025e-02,7.809528848938638614e-03,6.420652032420284261e-01,7.661056866115129038e-01,-1.943313106253769795e-01,-1.469332051900221758e-01,-2.345107514836818063e-02,3.340583936918294916e-01,-1.752855283876006420e-01,1.558873662570198770e-01,-4.666821989009726779e-01,-2.580488422943204019e-01,-3.204751376679952912e-01,6.007139031758287340e-01,2.221404323290563088e-01,4.296599690562560858e-02,-4.089510375454276370e-02,0.000000000000000000e+00,0.000000000000000000e+00,0.000000000000000000e+00,0.000000000000000000e+00,0.000000000000000000e+00,0.000000000000000000e+00,0.000000000000000000e+00,0.000000000000000000e+00,0.000000000000000000e+00,0.000000000000000000e+00,0.000000000000000000e+00,0.000000000000000000e+00,0.000000000000000000e+00,0.000000000000000000e+00,0.000000000000000000e+00,0.000000000000000000e+00
8.941512170666631176e-01,4.313398286552560634e+00,1.874617609962070386e+00,3.926224938102460676e-02,6.410125015835220312e-03,6.650373271814080667e-01,7.457497834570470108e-01,-1.291991328708012032e-01,-1.810231845151840657e-01,-8.512821003635645534e-02,3.318485123689342564e-01,-2.028144022012691172e-01,1.415551263728816178e-01,-5.106947248485516067e-01,-2.825703067930978030e-01,-3.391984021441084574e-01,5.081131933638327602e-01,1.917021000838565470e-01,7.777596436918776668e-02,-1.036684196991177337e-01,0.000000000000000000e+00,0.000000000000000000e+00,0.000000000000000000e+00,0.000000000000000000e+00,0.000000000000000000e+00,0.000000000000000000e+00,0.000000000000000000e+00,0.000000000000000000e+00,0.000000000000000000e+00,0.000000000000000000e+00,0.000000000000000000e+00,0.000000000000000000e+00,0.000000000000000000e+00,0.000000000000000000e+00,0.000000000000000000e+00,0.000000000000000000e+00
8.996860359589700096e-01,4.351124096719129142e+00,1.868283438816185305e+00,5.124317111159733956e-02,5.590199497399148468e-03,6.875932683748454677e-01,7.242640294599785866e-01,-6.077801277032612859e-02,-2.104261468530040924e-01,-1.559406538659987851e-01,3.271771147427110504e-01,-2.275907157893126143e-01,1.251510166061201024e-01,-5.527280147557785961e-01,-3.050677371423478612e-01,-3.420100995512584952e-01,4.072168508327479453e-01,1.577187290728176150e-01,1.213416413860571030e-01,-1.660638398898996171e-01,0.000000000000000000e+00,0.000000000000000000e+00,0.000000000000000000e+00,0.000000000000000000e+00,0.000000000000000000e+00,0.000000000000000000e+00,0.000000000000000000e+00,0.000000000000000000e+00,0.000000000000000000e+00,0.000000000000000000e+00,0.000000000000000000e+00,0.000000000000000000e+00,0.000000000000000000e+00,0.000000000000000000e+00,0.000000000000000000e+00,0.000000000000000000e+00
9.055070724782260383e-01,4.388068266430567022e+00,1.860585932239588125e+00,6.173673305520829130e-02,7.165043855552212688e-03,7.068433588897741204e-01,7.046344470231638013e-01,7.483395862238253343e-03,-2.324118505434249471e-01,-2.269386835178185680e-01,3.192099617166075931e-01,-2.708233665192033568e-01,1.153293824435585591e-01,-5.931563166001051490e-01,-3.266047108844291058e-01,-3.312973713551865540e-01,3.136505540103003975e-01,1.214856119727218964e-01,1.716523729440619928e-01,-2.191232394085754764e-01,0.000000000000000000e+00,0.000000000000000000e+00,0.000000000000000000e+00,0.000000000000000000e+00,0.000000000000000000e+00,0.000000000000000000e+00,0.000000000000000000e+00,0.000000000000000000e+00,0.000000000000000000e+00,0.000000000000000000e+00,0.000000000000000000e+00,0.000000000000000000e+00,0.000000000000000000e+00,0.000000000000000000e+00,0.000000000000000000e+00,0.000000000000000000e+00
9.117639027253787720e-01,4.423869746663284808e+00,1.857695416712686898e+00,6.500410356284351543e-02,9.169536312605138656e-03,7.199980001962394960e-01,6.908641442694929413e-01,6.586011261054104671e-02,-2.325485214469839856e-01,-2.867557388593308110e-01,3.062977294632712733e-01,-2.941697778189108492e-01,9.938328557398604102e-02,-6.367288118348195525e-01,-3.325106028121304069e-01,-3.183252179220507627e-01,2.512491177891217897e-01,8.044505609389951406e-02,2.114798508245123443e-01,-2.607454073611175094e-01,0.000000000000000000e+00,0.000000000000000000e+00,0.000000000000000000e+00,0.000000000000000000e+00,0.000000000000000000e+00,0.000000000000000000e+00,0.000000000000000000e+00,0.000000000000000000e+00,0.000000000000000000e+00,0.000000000000000000e+00,0.000000000000000000e+00,0.000000000000000000e+00,0.000000000000000000e+00,0.000000000000000000e+00,0.000000000000000000e+00,0.000000000000000000e+00
9.187270984908515459e-01,4.459451328655368307e+00,1.854782837929299655e+00,6.330226834518050405e-02,1.656536990110595020e-02,7.298659362072950074e-01,6.804514137737117663e-01,1.096145730776191402e-01,-2.272143880287969819e-01,-3.367481727537728897e-01,2.991729533596437784e-01,-3.103518591647260738e-01,8.599323669341020493e-02,-6.713046256583377058e-01,-3.336843877742502462e-01,-2.993983340949673000e-01,2.189424651761831264e-01,5.368359333713517562e-02,2.320954472853571926e-01,-2.912215479802637841e-01,0.000000000000000000e+00,0.000000000000000000e+00,0.000000000000000000e+00,0.000000000000000000e+00,0.000000000000000000e+00,0.000000000000000000e+00,0.000000000000000000e+00,0.000000000000000000e+00,0.000000000000000000e+00,0.000000000000000000e+00,0.000000000000000000e+00,0.000000000000000000e+00,0.000000000000000000e+00,0.000000000000000000e+00,0.000000000000000000e+00,0.000000000000000000e+00
9.265430034915267399e-01,4.495649673667706736e+00,1.850155104832833963e+00,5.973803555675753080e-02,2.375375463606872392e-02,7.365667555907720043e-01,6.733027111240477147e-01,1.464493733360124339e-01,-2.142668875926600769e-01,-3.653868758448596266e-01,3.009119019847831256e-01,-3.044135898731092915e-01,7.069175792541289305e-02,-6.859560378006349657e-01,-3.329268043820619027e-01,-2.942485903498037736e-01,2.126835799022604445e-01,5.140309420158939435e-02,2.331183131750343140e-01,-3.136318150231197643e-01,0.000000000000000000e+00,0.000000000000000000e+00,0.000000000000000000e+00,0.000000000000000000e+00,0.000000000000000000e+00,0.000000000000000000e+00,0.000000000000000000e+00,0.000000000000000000e+00,0.000000000000000000e+00,0.000000000000000000e+00,0.000000000000000000e+00,0.000000000000000000e+00,0.000000000000000000e+00,0.000000000000000000e+00,0.000000000000000000e+00,0.000000000000000000e+00
9.349491047537556998e-01,4.532363160513301459e+00,1.844770936221093782e+00,5.456999120026099354e-02,3.038296808238044600e-02,7.437625724340505284e-01,6.655195167365056674e-01,1.817011564189817407e-01,-1.958311307373597765e-01,-3.879087560246097244e-01,3.085475691604872561e-01,-2.750113362978360287e-01,5.197307337499826319e-02,-6.802863899854773022e-01,-3.288014372281375941e-01,-2.866534684690767998e-01,2.295751116535758307e-01,6.868769770395799501e-02,2.175541464930620394e-01,-3.360945587789921363e-01,0.000000000000000000e+00,0.000000000000000000e+00,0.000000000000000000e+00,0.000000000000000000e+00,0.000000000000000000e+00,0.000000000000000000e+00,0.000000000000000000e+00,0.000000000000000000e+00,0.000000000000000000e+00,0.000000000000000000e+00,0.000000000000000000e+00,0.000000000000000000e+00,0.000000000000000000e+00,0.000000000000000000e+00,0.000000000000000000e+00,0.000000000000000000e+00
9.437221703067107947e-01,4.568280753185624654e+00,1.839360431093683967e+00,4.513743795273893189e-02,3.324516654966377938e-02,7.508815398167668631e-01,6.580534049441192357e-01,2.063401542967332469e-01,-1.659360443165896759e-01,-4.034029059149388252e-01,3.201721541467196230e-01,-1.996916946756142064e-01,1.815135381331364761e-02,-6.679683556656007548e-01,-3.152326794974907864e-01,-2.962943677480318616e-01,2.618100181381310398e-01,9.262580215105210846e-02,1.870946322998348066e-01,-3.561689786450208950e-01,0.000000000000000000e+00,0.000000000000000000e+00,0.000000000000000000e+00,0.000000000000000000e+00,0.000000000000000000e+00,0.000000000000000000e+00,0.000000000000000000e+00,0.000000000000000000e+00,0.000000000000000000e+00,0.000000000000000000e+00,0.000000000000000000e+00,0.000000000000000000e+00,0.000000000000000000e+00,0.000000000000000000e+00,0.000000000000000000e+00,0.000000000000000000e+00
9.527858694615002344e-01,4.602988250634906464e+00,1.835479158953611689e+00,2.929031062581510803e-02,3.412293461203028122e-02,7.541080301380599371e-01,6.552089604990166682e-01,2.163345530971010344e-01,-1.272564292025223087e-01,-4.148527523571109432e-01,3.329409285546809927e-01,-8.679578927629300056e-02,-2.559117526469746606e-02,-6.584442922223352479e-01,-2.874180713004749199e-01,-3.156679595090913226e-01,2.957427216043790885e-01,1.093913919431798581e-01,1.473450452620022888e-01,-3.714574858812823566e-01,0.000000000000000000e+00,0.000000000000000000e+00,0.000000000000000000e+00,0.000000000000000000e+00,0.000000000000000000e+00,0.000000000000000000e+00,0.000000000000000000e+00,0.000000000000000000e+00,0.000000000000000000e+00,0.000000000000000000e+00,0.000000000000000000e+00,0.000000000000000000e+00,0.000000000000000000e+00,0.000000000000000000e+00,0.000000000000000000e+00,0.000000000000000000e+00
9.613341041401091136e-01,4.635832729745372305e+00,1.831515224500671835e+00,4.932401668414905342e-03,3.163565101523874157e-02,7.556487281800362554e-01,6.541940511794017699e-01,2.112407913296250606e-01,-7.464421087689633583e-02,-4.295494676729706973e-01,3.559327220183529650e-01,1.005400116582085418e-01,-8.958563589378133740e-02,-6.568949726717441262e-01,-2.454558016715517876e-01,-3.440717161823798054e-01,3.461336966232679280e-01,1.282224507736434149e-01,9.220275883829742725e-02,-3.777755969729860719e-01,0.000000000000000000e+00,0.000000000000000000e+00,0.000000000000000000e+00,0.000000000000000000e+00,0.000000000000000000e+00,0.000000000000000000e+00,0.000000000000000000e+00,0.000000000000000000e+00,0.000000000000000000e+00,0.000000000000000000e+00,0.000000000000000000e+00,0.000000000000000000e+00,0.000000000000000000e+00,0.000000000000000000e+00,0.000000000000000000e+00,0.000000000000000000e+00
9.692917429356286974e-01,4.668069659966129770e+00,1.830740879728044002e+00,-1.797021720690776189e-02,2.659687461756348598e-02,7.521998983528309646e-01,6.581527106015024886e-01,1.932415968330592482e-01,-2.360882582933698098e-02,-4.111317559437971392e-01,3.841657085123217352e-01,3.012755345918886607e-01,-1.430165120139436641e-01,-6.578419574748688436e-01,-1.989783698708784687e-01,-3.644242433627484790e-01,3.923855375758232289e-01,1.277766079455947834e-01,3.340129149114547114e-02,-3.674992039862667315e-01,0.000000000000000000e+00,0.000000000000000000e+00,0.000000000000000000e+00,0.000000000000000000e+00,0.000000000000000000e+00,0.000000000000000000e+00,0.000000000000000000e+00,0.000000000000000000e+00,0.000000000000000000e+00,0.000000000000000000e+00,0.000000000000000000e+00,0.000000000000000000e+00,0.000000000000000000e+00,0.000000000000000000e+00,0.000000000000000000e+00,0.000000000000000000e+00
9.770323279609011147e-01,4.701953318276528293e+00,1.834699695607712400e+00,-3.024646980805762581e-02,2.653140588945862230e-02,7.428898542340837130e-01,6.682034870020818751e-01,1.608891558549998824e-01,4.223703313004246312e-04,-3.785768790028127273e-01,4.306828515622659892e-01,4.771489286659024720e-01,-1.761615014995028261e-01,-6.436208254340358703e-01,-1.535632400729224911e-01,-3.444011939745353912e-01,4.191797099268507187e-01,1.191853574480967737e-01,-1.475556798459946514e-02,-3.340789566580965042e-01,0.000000000000000000e+00,0.000000000000000000e+00,0.000000000000000000e+00,0.000000000000000000e+00,0.000000000000000000e+00,0.000000000000000000e+00,0.000000000000000000e+00,0.000000000000000000e+00,0.000000000000000000e+00,0.000000000000000000e+00,0.000000000000000000e+00,0.000000000000000000e+00,0.000000000000000000e+00,0.000000000000000000e+00,0.000000000000000000e+00,0.000000000000000000e+00
9.861474658296636164e-01,4.739585745623351443e+00,1.840514698771136048e+00,-3.011292249008592006e-02,2.185413761153570666e-02,7.243573753523000480e-01,6.884199309586336302e-01,8.860860690850322352e-02,2.940365965907809805e-03,-3.012492348698986300e-01,5.780180333802230619e-01,4.966327655868744140e-01,-1.642309051073738702e-01,-5.967048892371384916e-01,-9.674765573357342607e-02,-2.929935124877163233e-01,4.301276441815683471e-01,9.371812126875786464e-02,-4.542102678599272553e-02,-2.774925219088433259e-01,0.000000000000000000e+00,0.000000000000000000e+00,0.000000000000000000e+00,0.000000000000000000e+00,0.000000000000000000e+00,0.000000000000000000e+00,0.000000000000000000e+00,0.000000000000000000e+00,0.000000000000000000e+00,0.000000000000000000e+00,0.000000000000000000e+00,0.000000000000000000e+00,0.000000000000000000e+00,0.000000000000000000e+00,0.000000000000000000e+00,0.000000000000000000e+00
9.953845377424900276e-01,4.776682576136011882e+00,1.850643283772266834e+00,-2.132744390629297965e-02,2.615952091396957224e-02,7.029881304267638908e-01,7.104002449894420979e-01,1.249510821429070714e-03,-6.367290491963452023e-03,-2.068503201740921893e-01,6.716361865548227117e-01,4.969668872410100136e-01,-1.238490132309181535e-01,-5.369639091385663976e-01,-6.595173982610691432e-02,-2.290036733771583233e-01,4.118910156443851278e-01,6.045522918642879523e-02,-5.523045450051707050e-02,-2.081343195982400529e-01,0.000000000000000000e+00,0.000000000000000000e+00,0.000000000000000000e+00,0.000000000000000000e+00,0.000000000000000000e+00,0.000000000000000000e+00,0.000000000000000000e+00,0.000000000000000000e+00,0.000000000000000000e+00,0.000000000000000000e+00,0.000000000000000000e+00,0.000000000000000000e+00,0.000000000000000000e+00,0.000000000000000000e+00,0.000000000000000000e+00,0.000000000000000000e+00
1.004956696801874161e+00,4.812160139610225151e+00,1.863271231383204718e+00,-6.024204002889383194e-03,3.766294151551420610e-02,6.844982246327019348e-01,7.280160659471809348e-01,-9.760496499968707163e-02,-2.810849481497802033e-02,-1.071952881519602080e-01,6.933693673443890315e-01,4.942591333739588810e-01,-6.049633890622133081e-02,-4.737175812692838162e-01,-7.187529216668347987e-02,-1.658397538609263921e-01,3.779209800543517073e-01,3.923548718568081739e-02,-4.937792003538196695e-02,-1.367640006246186313e-01,0.000000000000000000e+00,0.000000000000000000e+00,0.000000000000000000e+00,0.000000000000000000e+00,0.000000000000000000e+00,0.000000000000000000e+00,0.000000000000000000e+00,0.000000000000000000e+00,0.000000000000000000e+00,0.000000000000000000e+00,0.000000000000000000e+00,0.000000000000000000e+00,0.000000000000000000e+00,0.000000000000000000e+00,0.000000000000000000e+00,0.000000000000000000e+00
1.014151553019974950e+00,4.846890486668204545e+00,1.872135352928279817e+00,4.932863025742730001e-03,4.101797220464138694e-02,6.631800194618048261e-01,7.473188440051734549e-01,-2.189381090947356556e-01,-2.742384465080241127e-02,-1.564661055425629888e-02,7.473442974131131455e-01,4.241620354176828256e-01,-3.442869059697442613e-03,-4.026965928423972274e-01,-6.904118253069055355e-02,-1.127240561157487331e-01,3.459064741840770507e-01,1.623843751687603643e-02,-4.004380720806782756e-02,-5.597649344484700168e-02,0.000000000000000000e+00,0.000000000000000000e+00,0.000000000000000000e+00,0.000000000000000000e+00,0.000000000000000000e+00,0.000000000000000000e+00,0.000000000000000000e+00,0.000000000000000000e+00,0.000000000000000000e+00,0.000000000000000000e+00,0.000000000000000000e+00,0.000000000000000000e+00,0.000000000000000000e+00,0.000000000000000000e+00,0.000000000000000000e+00,0.000000000000000000e+00
1.022952728743859563e+00,4.881287935356107610e+00,1.876715225936233855e+00,1.233259940553768641e-02,3.595566386328673952e-02,6.394276111590293521e-01,7.679110803442742439e-01,-3.276753096295219048e-01,-6.271627348910095365e-03,5.132347538729123415e-02,7.534782420989762919e-01,3.144213533845275355e-01,3.942942471977093494e-02,-3.320923525259650844e-01,-5.548803405283292411e-02,-6.713872711617376032e-02,3.226063850399610855e-01,1.735530211013497359e-04,-2.661365667507778129e-02,2.330710800519091713e-02,0.000000000000000000e+00,0.000000000000000000e+00,0.000000000000000000e+00,0.000000000000000000e+00,0.000000000000000000e+00,0.000000000000000000e+00,0.000000000000000000e+00,0.000000000000000000e+00,0.000000000000000000e+00,0.000000000000000000e+00,0.000000000000000000e+00,0.000000000000000000e+00,0.000000000000000000e+00,0.000000000000000000e+00,0.000000000000000000e+00,0.000000000000000000e+00
1.031218376210032872e+00,4.915605737367075179e+00,1.878549880675683292e+00,1.666506363588876952e-02,3.017925453182541962e-02,6.157273162793764909e-01,7.872047765590043378e-01,-4.216905864208181920e-01,1.895919401089516190e-02,9.181030142363635904e-02,7.071830936242551324e-01,2.243054195160223974e-01,6.152286058235433702e-02,-2.680154190902121480e-01,-3.836386819548374960e-02,-1.427564717940377204e-02,3.017688185267795586e-01,-8.744709198730077349e-03,-1.281936234179464028e-02,9.512047354199808236e-02,0.000000000000000000e+00,0.000000000000000000e+00,0.000000000000000000e+00,0.000000000000000000e+00,0.000000000000000000e+00,0.000000000000000000e+00,0.000000000000000000e+00,0.000000000000000000e+00,0.000000000000000000e+00,0.000000000000000000e+00,0.000000000000000000e+00,0.000000000000000000e+00,0.000000000000000000e+00,0.000000000000000000e+00,0.000000000000000000e+00,0.000000000000000000e+00
1.039217402396136247e+00,4.950097393434867321e+00,1.877241333901678466e+00,1.652274422311459517e-02,2.294658589989382463e-02,5.939534132611656858e-01,8.040023606894991515e-01,-4.884199216899461904e-01,6.146004633841339881e-02,1.350091306172103156e-01,6.086320734327144155e-01,1.608245950996081142e-01,6.594016681019859716e-02,-2.070936876344572075e-01,-1.725999244039892744e-02,3.054851877230588958e-02,2.876131899372140199e-01,-2.474283925125059236e-02,-1.632503570453401089e-04,1.567477675749319455e-01,0.000000000000000000e+00,0.000000000000000000e+00,0.000000000000000000e+00,0.000000000000000000e+00,0.000000000000000000e+00,0.000000000000000000e+00,0.000000000000000000e+00,0.000000000000000000e+00,0.000000000000000000e+00,0.000000000000000000e+00,0.000000000000000000e+00,0.000000000000000000e+00,0.000000000000000000e+00,0.000000000000000000e+00,0.000000000000000000e+00,0.000000000000000000e+00
1.046905824536690011e+00,4.985241862864641327e+00,1.873777920258220542e+00,1.077349337043860544e-02,1.641358101798754895e-02,5.721961026500043124e-01,8.198817880102651223e-01,-5.421158820088205488e-01,1.036497086140169277e-01,1.648511141654236400e-01,5.046070177899306675e-01,1.106821244831191764e-01,5.707282930467355575e-02,-1.514001148630718108e-01,5.568762114995080836e-03,7.195671746232347454e-02,2.753885800485080804e-01,-5.061560882698938613e-02,1.287149661115133924e-02,2.170596921049205152e-01,0.000000000000000000e+00,0.000000000000000000e+00,0.000000000000000000e+00,0.000000000000000000e+00,0.000000000000000000e+00,0.000000000000000000e+00,0.000000000000000000e+00,0.000000000000000000e+00,0.000000000000000000e+00,0.000000000000000000e+00,0.000000000000000000e+00,0.000000000000000000e+00,0.000000000000000000e+00,0.000000000000000000e+00,0.000000000000000000e+00,0.000000000000000000e+00
1.054415714172914909e+00,5.021011946045402574e+00,1.868610775454683681e+00,1.058889900868319536e-03,1.129600557893457001e-02,5.506972434194838950e-01,8.346279560979973366e-01,-5.860572142966831155e-01,1.488924333811792455e-01,1.988052359403373326e-01,3.967254370049315693e-01,7.365039510123307098e-02,3.397305782268238150e-02,-9.781264234883833841e-02,2.700162326101119767e-02,1.081223910080721662e-01,2.584872102949905548e-01,-8.865977942145379653e-02,2.060556424312811122e-02,2.683402371712227952e-01,0.000000000000000000e+00,0.000000000000000000e+00,0.000000000000000000e+00,0.000000000000000000e+00,0.000000000000000000e+00,0.000000000000000000e+00,0.000000000000000000e+00,0.000000000000000000e+00,0.000000000000000000e+00,0.000000000000000000e+00,0.000000000000000000e+00,0.000000000000000000e+00,0.000000000000000000e+00,0.000000000000000000e+00,0.000000000000000000e+00,0.000000000000000000e+00
1.061812088162031431e+00,5.057018269325952886e+00,1.862044138349604916e+00,-6.316018866423713657e-03,8.420678508781087590e-03,5.315309424816053729e-01,8.469734690435987146e-01,-6.337652778756934779e-01,1.874706819836142180e-01,2.232275313776856118e-01,3.022711141748433139e-01,3.381112858088997780e-02,7.927581452041230353e-03,-4.768375817888655110e-02,3.932197973514323791e-02,1.455074245528891752e-01,2.497166325860480374e-01,-1.324381777398913607e-01,2.237194705601956712e-02,3.094444247535132475e-01,0.000000000000000000e+00,0.000000000000000000e+00,0.000000000000000000e+00,0.000000000000000000e+00,0.000000000000000000e+00,0.000000000000000000e+00,0.000000000000000000e+00,0.000000000000000000e+00,0.000000000000000000e+00,0.000000000000000000e+00,0.000000000000000000e+00,0.000000000000000000e+00,0.000000000000000000e+00,0.000000000000000000e+00,0.000000000000000000e+00,0.000000000000000000e+00
1.069034169445272298e+00,5.092543605175878341e+00,1.854218498138977766e+00,-1.194489205997545031e-02,7.857390866730491752e-03,5.172119685540973455e-01,8.557379041195027902e-01,-6.794199770185006537e-01,2.071746909657160851e-01,2.398340390419470558e-01,2.322483920225092147e-01,-2.956211351769835738e-04,-6.517439274056540353e-03,-2.970518895852290037e-03,4.326849813042089876e-02,1.712384514418301140e-01,2.486842307131671981e-01,-1.724042112506008750e-01,1.677114930789262021e-02,3.399637004158435061e-01,0.000000000000000000e+00,0.000000000000000000e+00,0.000000000000000000e+00,0.000000000000000000e+00,0.000000000000000000e+00,0.000000000000000000e+00,0.000000000000000000e+00,0.000000000000000000e+00,0.000000000000000000e+00,0.000000000000000000e+00,0.000000000000000000e+00,0.000000000000000000e+00,0.000000000000000000e+00,0.000000000000000000e+00,0.000000000000000000e+00,0.000000000000000000e+00
1.076234999230905709e+00,5.129170759932525137e+00,1.844987031018709533e+00,-1.871065999437301203e-02,4.619671796388453988e-03,5.033870193337506294e-01,8.638460965943827174e-01,-7.069570546204653194e-01,2.261798537932080688e-01,2.522554278256428639e-01,1.932079670986659725e-01,-5.314565131736809223e-03,-1.528530242057249411e-02,4.128411252672369719e-02,4.716446484436637859e-02,1.907301471049241415e-01,2.508936396388912193e-01,-2.059212330763751653e-01,1.290449083100778799e-02,3.690546399837024150e-01,0.000000000000000000e+00,0.000000000000000000e+00,0.000000000000000000e+00,0.000000000000000000e+00,0.000000000000000000e+00,0.000000000000000000e+00,0.000000000000000000e+00,0.000000000000000000e+00,0.000000000000000000e+00,0.000000000000000000e+00,0.000000000000000000e+00,0.000000000000000000e+00,0.000000000000000000e+00,0.000000000000000000e+00,0.000000000000000000e+00,0.000000000000000000e+00
1.083451339230220523e+00,5.167284477897688078e+00,1.834669272576822330e+00,-2.593010246450701967e-02,9.830949159166275930e-05,4.920328606678344152e-01,8.701903723579410554e-01,-7.119992100624520370e-01,2.453801053597061965e-01,2.746345532433314696e-01,1.985108406275356563e-01,1.260998123180884223e-02,-1.208103228180633544e-02,8.505796510059514259e-02,4.530578373342377535e-02,2.156536588322900128e-01,2.579443916862396713e-01,-2.098706375447381145e-01,2.237015297292020005e-02,3.981146016590777492e-01,0.000000000000000000e+00,0.000000000000000000e+00,0.000000000000000000e+00,0.000000000000000000e+00,0.000000000000000000e+00,0.000000000000000000e+00,0.000000000000000000e+00,0.000000000000000000e+00,0.000000000000000000e+00,0.000000000000000000e+00,0.000000000000000000e+00,0.000000000000000000e+00,0.000000000000000000e+00,0.000000000000000000e+00,0.000000000000000000e+00,0.000000000000000000e+00
1.090806781667908565e+00,5.206322286583077386e+00,1.824633434710186020e+00,-2.992248792713924493e-02,-6.136707631966380194e-04,4.823873534156677412e-01,8.754465771188283396e-01,-7.005222947751551521e-01,2.508806702625631102e-01,2.925230281348072947e-01,2.378798800686203474e-01,3.935976901794793759e-02,1.123569505948306731e-03,1.194135236170513203e-01,2.953617551199385141e-02,2.347497435837255508e-01,2.715755596700287211e-01,-1.705912065867204452e-01,4.464949356585279361e-02,4.220662947595679726e-01,0.000000000000000000e+00,0.000000000000000000e+00,0.000000000000000000e+00,0.000000000000000000e+00,0.000000000000000000e+00,0.000000000000000000e+00,0.000000000000000000e+00,0.000000000000000000e+00,0.000000000000000000e+00,0.000000000000000000e+00,0.000000000000000000e+00,0.000000000000000000e+00,0.000000000000000000e+00,0.000000000000000000e+00,0.000000000000000000e+00,0.000000000000000000e+00
1.098314649588632896e+00,5.245317456834314385e+00,1.811386187681726101e+00,-3.107234537522041845e-02,5.369300365758696361e-03,4.755375838648658315e-01,8.791300735945913880e-01,-6.860296717544005496e-01,2.363836840549617679e-01,3.109041185172452537e-01,2.765779458927001278e-01,8.173524360544889844e-02,2.208415683488238607e-02,1.389700721035335707e-01,2.507204311050340723e-03,2.535905259638280285e-01,2.948097160055677124e-01,-8.529299548464586156e-02,7.777006842405731479e-02,4.474573645316634041e-01,0.000000000000000000e+00,0.000000000000000000e+00,0.000000000000000000e+00,0.000000000000000000e+00,0.000000000000000000e+00,0.000000000000000000e+00,0.000000000000000000e+00,0.000000000000000000e+00,0.000000000000000000e+00,0.000000000000000000e+00,0.000000000000000000e+00,0.000000000000000000e+00,0.000000000000000000e+00,0.000000000000000000e+00,0.000000000000000000e+00,0.000000000000000000e+00
1.105565366928231041e+00,5.282341750170850503e+00,1.803024934776762400e+00,-2.766652315620566835e-02,2.193937174957656666e-02,4.706446039777927304e-01,8.816160639474922567e-01,-6.814581328701444507e-01,2.007680387111284714e-01,3.340052642602786559e-01,3.242049073752008570e-01,1.129389943851123873e-01,5.384535387736895384e-02,1.444096938396212393e-01,-5.479183020363201373e-02,2.488244387086708809e-01,3.123349178724992847e-01,8.369376002893269550e-02,1.329875199305939060e-01,4.662959682320590438e-01,0.000000000000000000e+00,0.000000000000000000e+00,0.000000000000000000e+00,0.000000000000000000e+00,0.000000000000000000e+00,0.000000000000000000e+00,0.000000000000000000e+00,0.000000000000000000e+00,0.000000000000000000e+00,0.000000000000000000e+00,0.000000000000000000e+00,0.000000000000000000e+00,0.000000000000000000e+00,0.000000000000000000e+00,0.000000000000000000e+00,0.000000000000000000e+00
1.113048284347851968e+00,5.318533002982375635e+00,1.798064270981309942e+00,-2.244849639803509628e-02,3.971298498067327154e-02,4.715147991585747489e-01,8.806774313037902813e-01,-6.814175383706809752e-01,1.534397587947775032e-01,3.424120787031076363e-01,3.631899005485151877e-01,1.262005349829180556e-01,8.467349691011434587e-02,1.355721257405629876e-01,-1.140782892760131978e-01,2.250917640577198842e-01,3.425710971634227109e-01,2.807214716780139785e-01,1.795203670704214605e-01,4.734703486018717045e-01,0.000000000000000000e+00,0.000000000000000000e+00,0.000000000000000000e+00,0.000000000000000000e+00,0.000000000000000000e+00,0.000000000000000000e+00,0.000000000000000000e+00,0.000000000000000000e+00,0.000000000000000000e+00,0.000000000000000000e+00,0.000000000000000000e+00,0.000000000000000000e+00,0.000000000000000000e+00,0.000000000000000000e+00,0.000000000000000000e+00,0.000000000000000000e+00
1.120471626553141142e+00,5.356104665226552264e+00,1.799097565633686280e+00,-1.879554356954156805e-02,5.309608285565296099e-02,4.828668988407333051e-01,8.738804789736667189e-01,-6.688400288583643549e-01,1.034672708431309263e-01,3.436851206989016694e-01,3.905516291230010650e-01,1.127413669784553263e-01,1.223771283709608054e-01,1.150739128423174662e-01,-1.426302263976115814e-01,1.963827864076448104e-01,3.936442572855297639e-01,4.660968071017818071e-01,2.112794444720149656e-01,4.574500763270159531e-01,0.000000000000000000e+00,0.000000000000000000e+00,0.000000000000000000e+00,0.000000000000000000e+00,0.000000000000000000e+00,0.000000000000000000e+00,0.000000000000000000e+00,0.000000000000000000e+00,0.000000000000000000e+00,0.000000000000000000e+00,0.000000000000000000e+00,0.000000000000000000e+00,0.000000000000000000e+00,0.000000000000000000e+00,0.000000000000000000e+00,0.000000000000000000e+00
1.128339490758379915e+00,5.398727559245363850e+00,1.803769636904811957e+00,-5.480339459438626770e-03,5.447652161903043799e-02,5.082776925875842622e-01,8.594510234385334124e-01,-6.191384998035507348e-01,3.614783728703825638e-02,3.191007474475018313e-01,3.956516819562115872e-01,6.293855345385584998e-02,1.555198155298988250e-01,6.245425579934667237e-02,-1.514641709606008024e-01,1.357450593781269199e-01,5.525940558459405683e-01,4.967888937993724108e-01,1.993611307985645176e-01,4.031556663753981806e-01,0.000000000000000000e+00,0.000000000000000000e+00,0.000000000000000000e+00,0.000000000000000000e+00,0.000000000000000000e+00,0.000000000000000000e+00,0.000000000000000000e+00,0.000000000000000000e+00,0.000000000000000000e+00,0.000000000000000000e+00,0.000000000000000000e+00,0.000000000000000000e+00,0.000000000000000000e+00,0.000000000000000000e+00,0.000000000000000000e+00,0.000000000000000000e+00
1.134486762851795838e+00,5.441989545647130555e+00,1.814198657168027973e+00,-4.363324720449843902e-03,5.142955829742069246e-02,5.286670960858013135e-01,8.472585576120919004e-01,-5.694831725731622774e-01,1.267270838610369543e-03,2.799881481449672527e-01,3.922974492694135118e-01,1.060313054571092317e-02,1.746168406421028108e-01,-8.178514740338819339e-03,-1.575072726020499414e-01,5.323834372034554063e-02,6.285860808234851049e-01,4.966878003193904156e-01,1.459027428282956840e-01,3.394473152859401321e-01,0.000000000000000000e+00,0.000000000000000000e+00,0.000000000000000000e+00,0.000000000000000000e+00,0.000000000000000000e+00,0.000000000000000000e+00,0.000000000000000000e+00,0.000000000000000000e+00,0.000000000000000000e+00,0.000000000000000000e+00,0.000000000000000000e+00,0.000000000000000000e+00,0.000000000000000000e+00,0.000000000000000000e+00,0.000000000000000000e+00,0.000000000000000000e+00
1.138921058204203307e+00,5.483743723495826394e+00,1.826208191727398678e+00,-6.465502168432755298e-03,4.298492449684317845e-02,5.467149831384126024e-01,8.361897038110887026e-01,-5.071573236084829794e-01,-1.513659810658223720e-02,2.371130957208245904e-01,3.712014554018674972e-01,-3.153750225861359779e-02,1.888733518760427055e-01,-8.935959997806179611e-02,-1.454258362139244087e-01,-1.921629683973578862e-02,6.682178281699647782e-01,4.945297287862784330e-01,8.745415598516484423e-02,2.762660627245462353e-01,0.000000000000000000e+00,0.000000000000000000e+00,0.000000000000000000e+00,0.000000000000000000e+00,0.000000000000000000e+00,0.000000000000000000e+00,0.000000000000000000e+00,0.000000000000000000e+00,0.000000000000000000e+00,0.000000000000000000e+00,0.000000000000000000e+00,0.000000000000000000e+00,0.000000000000000000e+00,0.000000000000000000e+00,0.000000000000000000e+00,0.000000000000000000e+00
1.142852805284485518e+00,5.524350969608980755e+00,1.832571940996621906e+00,-2.671639617642699097e-03,3.480413776061152403e-02,5.664310078003069737e-01,8.233695693543833238e-01,-4.432069009427677120e-01,-4.165849467971890346e-02,1.960121185785819731e-01,3.616089324251370862e-01,-7.236768375044166923e-02,2.017872652407091405e-01,-1.875392770667352882e-01,-1.636976394519552291e-01,-1.129718967965813170e-01,7.325690579292798432e-01,4.274007558356864855e-01,3.653668603170769080e-02,2.058017881140518646e-01,0.000000000000000000e+00,0.000000000000000000e+00,0.000000000000000000e+00,0.000000000000000000e+00,0.000000000000000000e+00,0.000000000000000000e+00,0.000000000000000000e+00,0.000000000000000000e+00,0.000000000000000000e+00,0.000000000000000000e+00,0.000000000000000000e+00,0.000000000000000000e+00,0.000000000000000000e+00,0.000000000000000000e+00,0.000000000000000000e+00,0.000000000000000000e+00
1.146298883902506782e+00,5.563700620616607750e+00,1.836520889449022809e+00,3.547962626286010022e-03,2.585809993027743739e-02,5.923582097031925287e-01,8.052518376423782875e-01,-3.735918566328189083e-01,-7.472635772318758640e-02,1.408095097118379213e-01,3.498562095862960408e-01,-1.048128177936736016e-01,2.000976165035768528e-01,-2.874992081639780039e-01,-1.784697437036533441e-01,-1.766887977772634288e-01,7.622829483812343376e-01,3.491114466351813439e-01,1.679005236389093103e-02,1.277813906468813487e-01,0.000000000000000000e+00,0.000000000000000000e+00,0.000000000000000000e+00,0.000000000000000000e+00,0.000000000000000000e+00,0.000000000000000000e+00,0.000000000000000000e+00,0.000000000000000000e+00,0.000000000000000000e+00,0.000000000000000000e+00,0.000000000000000000e+00,0.000000000000000000e+00,0.000000000000000000e+00,0.000000000000000000e+00,0.000000000000000000e+00,0.000000000000000000e+00
1.149229924117981749e+00,5.601946552676603019e+00,1.838022400527266953e+00,1.077987831073784833e-02,1.990481832952266036e-02,6.183745323772507074e-01,7.855574645677368961e-01,-3.062129394720196629e-01,-1.111915605035162791e-01,7.938321164942178931e-02,3.403696319434814654e-01,-1.370175877091107108e-01,1.932000914818665094e-01,-3.726596436920744937e-01,-2.030138665691465782e-01,-2.280543985091752490e-01,7.441337883770563488e-01,2.893368017095721001e-01,1.104854423488541709e-02,5.570664603319773478e-02,0.000000000000000000e+00,0.000000000000000000e+00,0.000000000000000000e+00,0.000000000000000000e+00,0.000000000000000000e+00,0.000000000000000000e+00,0.000000000000000000e+00,0.000000000000000000e+00,0.000000000000000000e+00,0.000000000000000000e+00,0.000000000000000000e+00,0.000000000000000000e+00,0.000000000000000000e+00,0.000000000000000000e+00,0.000000000000000000e+00,0.000000000000000000e+00
1.151901183637124015e+00,5.639415696178531334e+00,1.836120856435428994e+00,2.066774175660425830e-02,1.574654282592007418e-02,6.460808806555565775e-01,7.628265769433145715e-01,-2.403203446287865697e-01,-1.471234217229498153e-01,2.069179992620275021e-02,3.400758789586343922e-01,-1.723154800641661655e-01,1.805468746818531811e-01,-4.391187711194330934e-01,-2.322267642505265739e-01,-2.725336929146680576e-01,6.780983386126785417e-01,2.383111650055643738e-01,1.848071004991854588e-02,-1.417477079415245013e-02,0.000000000000000000e+00,0.000000000000000000e+00,0.000000000000000000e+00,0.000000000000000000e+00,0.000000000000000000e+00,0.000000000000000000e+00,0.000000000000000000e+00,0.000000000000000000e+00,0.000000000000000000e+00,0.000000000000000000e+00,0.000000000000000000e+00,0.000000000000000000e+00,0.000000000000000000e+00,0.000000000000000000e+00,0.000000000000000000e+00,0.000000000000000000e+00
1.154523065127396553e+00,5.676535657934861590e+00,1.832163784383331384e+00,3.175495927171459454e-02,1.368446788766600544e-02,6.676308493162194102e-01,7.436890525895802906e-01,-1.710154574377001635e-01,-1.798824571788877336e-01,-3.290034874832363510e-02,3.320858742791281126e-01,-1.996626511348980060e-01,1.669892207872686329e-01,-4.886936418703836660e-01,-2.592654324496840856e-01,-3.141006549172900564e-01,5.878200741866338452e-01,2.001595310153692076e-01,4.086274705975055654e-02,-7.549386397111954028e-02,0.000000000000000000e+00,0.000000000000000000e+00,0.000000000000000000e+00,0.000000000000000000e+00,0.000000000000000000e+00,0.000000000000000000e+00,0.000000000000000000e+00,0.000000000000000000e+00,0.000000000000000000e+00,0.000000000000000000e+00,0.000000000000000000e+00,0.000000000000000000e+00,0.000000000000000000e+00,0.000000000000000000e+00,0.000000000000000000e+00,0.000000000000000000e+00
1.157522801079578612e+00,5.713790434718982958e+00,1.826429270566779062e+00,4.348672739635048301e-02,1.311509344855628714e-02,6.875713463592123542e-01,7.246947926748005253e-01,-1.024001993980903219e-01,-2.104129149792883235e-01,-8.845339199517189555e-02,3.242863199169030430e-01,-2.260677006837782943e-01,1.515832084029814508e-01,-5.264966710160940977e-01,-2.862352483568108563e-01,-3.420658215032622573e-01,4.862394008946429036e-01,1.676915716327750661e-01,7.917165252252399144e-02,-1.321476600386522482e-01,0.000000000000000000e+00,0.000000000000000000e+00,0.000000000000000000e+00,0.000000000000000000e+00,0.000000000000000000e+00,0.000000000000000000e+00,0.000000000000000000e+00,0.000000000000000000e+00,0.000000000000000000e+00,0.000000000000000000e+00,0.000000000000000000e+00,0.000000000000000000e+00,0.000000000000000000e+00,0.000000000000000000e+00,0.000000000000000000e+00,0.000000000000000000e+00
1.160938216458413441e+00,5.750932107648677238e+00,1.819473004749536438e+00,5.465190183591177309e-02,1.291197880698534070e-02,7.075643823577560942e-01,7.044140084124491663e-01,-3.278425622259099892e-02,-2.362599404986025498e-01,-1.554035270479867115e-01,3.161743644695105271e-01,-2.604831553770313723e-01,1.381117036406298293e-01,-5.690745755917357984e-01,-3.069342931437224475e-01,-3.391006845665507918e-01,3.897842150317981647e-01,1.281196413942610468e-01,1.272397619385042256e-01,-1.893770068657877892e-01,0.000000000000000000e+00,0.000000000000000000e+00,0.000000000000000000e+00,0.000000000000000000e+00,0.000000000000000000e+00,0.000000000000000000e+00,0.000000000000000000e+00,0.000000000000000000e+00,0.000000000000000000e+00,0.000000000000000000e+00,0.000000000000000000e+00,0.000000000000000000e+00,0.000000000000000000e+00,0.000000000000000000e+00,0.000000000000000000e+00,0.000000000000000000e+00
1.164920142978664863e+00,5.787102856929788430e+00,1.812039626001599402e+00,6.371841843564518548e-02,1.461629473687586604e-02,7.238283369621767438e-01,6.868761647420846828e-01,3.226691162486047121e-02,-2.511544003079365650e-01,-2.186735480750094385e-01,3.033702326236162317e-01,-2.966021197870091219e-01,1.253183591660663732e-01,-6.114383996853230974e-01,-3.202228041794541458e-01,-3.312963038738453991e-01,3.017389280235878712e-01,8.634616219167542961e-02,1.738170410437491209e-01,-2.366543616339387146e-01,0.000000000000000000e+00,0.000000000000000000e+00,0.000000000000000000e+00,0.000000000000000000e+00,0.000000000000000000e+00,0.000000000000000000e+00,0.000000000000000000e+00,0.000000000000000000e+00,0.000000000000000000e+00,0.000000000000000000e+00,0.000000000000000000e+00,0.000000000000000000e+00,0.000000000000000000e+00,0.000000000000000000e+00,0.000000000000000000e+00,0.000000000000000000e+00
1.169475849469107986e+00,5.822896283236517867e+00,1.809132684606892028e+00,6.464149545270880814e-02,1.740548503143243830e-02,7.357738015357832007e-01,6.739105572181234294e-01,8.454301460417626424e-02,-2.464459367849899385e-01,-2.711750779094180830e-01,2.944028139048784354e-01,-3.138439175247017543e-01,1.072522113004198419e-01,-6.509988346214560240e-01,-3.220748259853448148e-01,-3.206180240629709077e-01,2.472971964435243253e-01,5.409402145536675727e-02,2.076692957967988806e-01,-2.739233090470666321e-01,0.000000000000000000e+00,0.000000000000000000e+00,0.000000000000000000e+00,0.000000000000000000e+00,0.000000000000000000e+00,0.000000000000000000e+00,0.000000000000000000e+00,0.000000000000000000e+00,0.000000000000000000e+00,0.000000000000000000e+00,0.000000000000000000e+00,0.000000000000000000e+00,0.000000000000000000e+00,0.000000000000000000e+00,0.000000000000000000e+00,0.000000000000000000e+00
1.174948140815466946e+00,5.859230441618845653e+00,1.805568249805800551e+00,6.272118433936542392e-02,2.418936585979477444e-02,7.449677554882050412e-01,6.637047317122548584e-01,1.292241611168382653e-01,-2.390848682429869421e-01,-3.231959277765581451e-01,2.903089419107156566e-01,-3.169428908422162183e-01,9.134786973148278921e-02,-6.775069709333610968e-01,-3.216489866290919153e-01,-2.991673600374625819e-01,2.217059853179124684e-01,4.725128657742038579e-02,2.218244418491303882e-01,-3.057372536526885010e-01,0.000000000000000000e+00,0.000000000000000000e+00,0.000000000000000000e+00,0.000000000000000000e+00,0.000000000000000000e+00,0.000000000000000000e+00,0.000000000000000000e+00,0.000000000000000000e+00,0.000000000000000000e+00,0.000000000000000000e+00,0.000000000000000000e+00,0.000000000000000000e+00,0.000000000000000000e+00,0.000000000000000000e+00,0.000000000000000000e+00,0.000000000000000000e+00
1.180985727226951498e+00,5.896252587859168948e+00,1.800950587588024288e+00,5.824861977869542212e-02,3.072100961422678106e-02,7.541835338929774313e-01,6.533532850356393862e-01,1.681364223424571813e-01,-2.209712711589217338e-01,-3.497206560331080905e-01,2.967960388044338926e-01,-2.957817231110176359e-01,7.072210019146384086e-02,-6.808332396929115404e-01,-3.205898962637873106e-01,-2.914095419261728548e-01,2.253839842292616191e-01,6.180703966469961591e-02,2.159603157002550344e-01,-3.325270939515176383e-01,0.000000000000000000e+00,0.000000000000000000e+00,0.000000000000000000e+00,0.000000000000000000e+00,0.000000000000000000e+00,0.000000000000000000e+00,0.000000000000000000e+00,0.000000000000000000e+00,0.000000000000000000e+00,0.000000000000000000e+00,0.000000000000000000e+00,0.000000000000000000e+00,0.000000000000000000e+00,0.000000000000000000e+00,0.000000000000000000e+00,0.000000000000000000e+00
1.187511837854847485e+00,5.933075655556819150e+00,1.795845793230606002e+00,4.887792277479428849e-02,3.485046863903490388e-02,7.617433132056581346e-01,6.450918680989005116e-01,1.970899486964098335e-01,-1.923890363397012804e-01,-3.671956588458916704e-01,3.097864267711574748e-01,-2.335892589363003924e-01,4.341013200314852716e-02,-6.695728434495212822e-01,-3.085243076230745896e-01,-2.946096372259567331e-01,2.495648573145689830e-01,8.589719924279830277e-02,1.888876090088792981e-01,-3.539788439160815314e-01,0.000000000000000000e+00,0.000000000000000000e+00,0.000000000000000000e+00,0.000000000000000000e+00,0.000000000000000000e+00,0.000000000000000000e+00,0.000000000000000000e+00,0.000000000000000000e+00,0.000000000000000000e+00,0.000000000000000000e+00,0.000000000000000000e+00,0.000000000000000000e+00,0.000000000000000000e+00,0.000000000000000000e+00,0.000000000000000000e+00,0.000000000000000000e+00
1.194424311727791066e+00,5.968816177481338414e+00,1.791190131863537038e+00,3.270858041990123977e-02,3.563125328100031491e-02,7.679418267380453411e-01,6.386907806621102690e-01,2.127339078783199999e-01,-1.527620569984323717e-01,-3.819417357195268314e-01,3.225678251181752221e-01,-1.242364268697340179e-01,2.042252426471376052e-03,-6.586869244387572042e-01,-2.851620676018048472e-01,-3.081431409418610712e-01,2.835692621972807359e-01,1.084771922579388925e-01,1.528113120553728499e-01,-3.692419923088315348e-01,0.000000000000000000e+00,0.000000000000000000e+00,0.000000000000000000e+00,0.000000000000000000e+00,0.000000000000000000e+00,0.000000000000000000e+00,0.000000000000000000e+00,0.000000000000000000e+00,0.000000000000000000e+00,0.000000000000000000e+00,0.000000000000000000e+00,0.000000000000000000e+00,0.000000000000000000e+00,0.000000000000000000e+00,0.000000000000000000e+00,0.000000000000000000e+00
1.201377723178842505e+00,6.002956560801236741e+00,1.787145037417139148e+00,1.024775144311000294e-02,3.261584227770628758e-02,7.709996774356655536e-01,6.359172020137348058e-01,2.110113511770217998e-01,-1.041075088507164292e-01,-3.974505794684453086e-01,3.403246675927783516e-01,3.566087443753768182e-02,-5.168822861886034070e-02,-6.516585253100657393e-01,-2.465762690397274026e-01,-3.327846569244188313e-01,3.254225863718742118e-01,1.246349913689273892e-01,1.066366935605746608e-01,-3.784233484815148763e-01,0.000000000000000000e+00,0.000000000000000000e+00,0.000000000000000000e+00,0.000000000000000000e+00,0.000000000000000000e+00,0.000000000000000000e+00,0.000000000000000000e+00,0.000000000000000000e+00,0.000000000000000000e+00,0.000000000000000000e+00,0.000000000000000000e+00,0.000000000000000000e+00,0.000000000000000000e+00,0.000000000000000000e+00,0.000000000000000000e+00,0.000000000000000000e+00
1.207935567790278331e+00,6.035879357981839277e+00,1.784699336713817752e+00,-1.362363349894869617e-02,2.688629330939543149e-02,7.697924173394582459e-01,6.375822755135550635e-01,1.965101499799173645e-01,-4.842381307828833720e-02,-3.865262860899084107e-01,3.635227375350991719e-01,2.291542789000656499e-01,-1.105541550405387957e-01,-6.485731998770252194e-01,-1.992496588616383124e-01,-3.569087196278964980e-01,3.711424783272535555e-01,1.275734128266260703e-01,5.315109137589256461e-02,-3.702008385227871790e-01,0.000000000000000000e+00,0.000000000000000000e+00,0.000000000000000000e+00,0.000000000000000000e+00,0.000000000000000000e+00,0.000000000000000000e+00,0.000000000000000000e+00,0.000000000000000000e+00,0.000000000000000000e+00,0.000000000000000000e+00,0.000000000000000000e+00,0.000000000000000000e+00,0.000000000000000000e+00,0.000000000000000000e+00,0.000000000000000000e+00,0.000000000000000000e+00
1.214042981547688971e+00,6.069251353112947278e+00,1.785850750848954505e+00,-3.019800617321905661e-02,2.427281630853133157e-02,7.642913359068227441e-01,6.437061943692777843e-01,1.684940171460874714e-01,-8.495645399879537055e-03,-3.571701464081388222e-01,4.022224937563698144e-01,4.259214663941425782e-01,-1.560694362737243823e-01,-6.371821583611182449e-01,-1.526493684401813433e-01,-3.588451460854250596e-01,4.054846439766484623e-01,1.166328601270912729e-01,-2.125101994960697932e-03,-3.469507269850526376e-01,0.000000000000000000e+00,0.000000000000000000e+00,0.000000000000000000e+00,0.000000000000000000e+00,0.000000000000000000e+00,0.000000000000000000e+00,0.000000000000000000e+00,0.000000000000000000e+00,0.000000000000000000e+00,0.000000000000000000e+00,0.000000000000000000e+00,0.000000000000000000e+00,0.000000000000000000e+00,0.000000000000000000e+00,0.000000000000000000e+00,0.000000000000000000e+00
1.220545443799925467e+00,6.106441965452844123e+00,1.789820903048338518e+00,-3.457209349502440854e-02,2.060476144440544569e-02,7.504837320869554018e-01,6.596623242462946735e-01,1.139986777097312109e-01,6.325480737144277554e-03,-2.991410303410034222e-01,5.250968403186991873e-01,4.959283231528988645e-01,-1.625816041966640091e-01,-6.027523701836343673e-01,-9.983881880491651817e-02,-3.238174973188416850e-01,4.287611637938074094e-01,9.475803951485974042e-02,-3.976683873159457538e-02,-3.020081145616453910e-01,0.000000000000000000e+00,0.000000000000000000e+00,0.000000000000000000e+00,0.000000000000000000e+00,0.000000000000000000e+00,0.000000000000000000e+00,0.000000000000000000e+00,0.000000000000000000e+00,0.000000000000000000e+00,0.000000000000000000e+00,0.000000000000000000e+00,0.000000000000000000e+00,0.000000000000000000e+00,0.000000000000000000e+00,0.000000000000000000e+00,0.000000000000000000e+00
1.227515105305510890e+00,6.144802354997924709e+00,1.797685274222643681e+00,-2.731315385364193118e-02,2.120599793720801679e-02,7.310750474551032108e-01,6.814202611212640814e-01,2.829632474850746204e-02,3.888262767312498230e-03,-2.107518574763278529e-01,6.477412687817276638e-01,4.977094677640658826e-01,-1.262186797478931921e-01,-5.479194460179417359e-01,-6.053247793035239355e-02,-2.648110433473693237e-01,4.288125053201361503e-01,6.252729342460953965e-02,-6.128608081482650460e-02,-2.335576793510476257e-01,0.000000000000000000e+00,0.000000000000000000e+00,0.000000000000000000e+00,0.000000000000000000e+00,0.000000000000000000e+00,0.000000000000000000e+00,0.000000000000000000e+00,0.000000000000000000e+00,0.000000000000000000e+00,0.000000000000000000e+00,0.000000000000000000e+00,0.000000000000000000e+00,0.000000000000000000e+00,0.000000000000000000e+00,0.000000000000000000e+00,0.000000000000000000e+00
1.234887148001176715e+00,6.181525557605352716e+00,1.809844994000595619e+00,-1.376138088622703114e-02,3.372219683109421023e-02,7.128231062043213218e-01,7.003974993517684267e-01,-6.184911198790612324e-02,-1.397729829785312322e-02,-1.140116767914127749e-01,6.811044717081322641e-01,4.953977307699440891e-01,-6.045992578273245988e-02,-4.926803967236743076e-01,-6.056617561007132666e-02,-1.996893118651868471e-01,4.076119575530446903e-01,3.748294956110365811e-02,-6.066106724505913178e-02,-1.678308131524808844e-01,0.000000000000000000e+00,0.000000000000000000e+00,0.000000000000000000e+00,0.000000000000000000e+00,0.000000000000000000e+00,0.000000000000000000e+00,0.000000000000000000e+00,0.000000000000000000e+00,0.000000000000000000e+00,0.000000000000000000e+00,0.000000000000000000e+00,0.000000000000000000e+00,0.000000000000000000e+00,0.000000000000000000e+00,0.000000000000000000e+00,0.000000000000000000e+00
1.242154855608771369e+00,6.216992255373949838e+00,1.819847879598065932e+00,-7.094163277126582651e-04,4.357477032375177417e-02,6.942010960050432056e-01,7.184605587122381287e-01,-1.699918095731579593e-01,-2.746660590475342306e-02,-2.789998113945243302e-02,7.144574710234876669e-01,4.598722353785761330e-01,1.387601255856518723e-03,-4.317588119727758800e-01,-6.433688018350876281e-02,-1.393933891203844033e-01,3.813605518031941699e-01,1.689399583782427716e-02,-5.408852291032915233e-02,-9.464747308970471174e-02,0.000000000000000000e+00,0.000000000000000000e+00,0.000000000000000000e+00,0.000000000000000000e+00,0.000000000000000000e+00,0.000000000000000000e+00,0.000000000000000000e+00,0.000000000000000000e+00,0.000000000000000000e+00,0.000000000000000000e+00,0.000000000000000000e+00,0.000000000000000000e+00,0.000000000000000000e+00,0.000000000000000000e+00,0.000000000000000000e+00,0.000000000000000000e+00
1.248862296953811235e+00,6.252305069572595464e+00,1.824989072346319796e+00,7.993799591211433325e-03,4.190533255441283855e-02,6.742371688610939717e-01,7.372816845668789254e-01,-2.860345515685307483e-01,-1.882711484187245266e-02,3.878152866022971379e-02,7.507522947173216332e-01,3.580310357677466415e-01,4.802688904321920221e-02,-3.635057342330362262e-01,-5.283798033170439279e-02,-8.914184378916675811e-02,3.578542986320308317e-01,3.324022306138443850e-03,-4.097737854915389777e-02,-1.950354280843469637e-02,0.000000000000000000e+00,0.000000000000000000e+00,0.000000000000000000e+00,0.000000000000000000e+00,0.000000000000000000e+00,0.000000000000000000e+00,0.000000000000000000e+00,0.000000000000000000e+00,0.000000000000000000e+00,0.000000000000000000e+00,0.000000000000000000e+00,0.000000000000000000e+00,0.000000000000000000e+00,0.000000000000000000e+00,0.000000000000000000e+00,0.000000000000000000e+00
1.255159247924708232e+00,6.287396788281780502e+00,1.828371697453864630e+00,1.509765545508543957e-02,3.786162313568786769e-02,6.502452695366320867e-01,7.586301125967267467e-01,-3.907283069205998993e-01,-1.746955831891699312e-03,8.304013742773995455e-02,7.257077206453150797e-01,2.407445168562590831e-01,7.616178749156965466e-02,-2.994619602967623639e-01,-4.029819903657692187e-02,-4.010670981063634705e-02,3.343890963532094029e-01,-9.721260859625172057e-03,-2.518388911535467123e-02,5.414898106227081231e-02,0.000000000000000000e+00,0.000000000000000000e+00,0.000000000000000000e+00,0.000000000000000000e+00,0.000000000000000000e+00,0.000000000000000000e+00,0.000000000000000000e+00,0.000000000000000000e+00,0.000000000000000000e+00,0.000000000000000000e+00,0.000000000000000000e+00,0.000000000000000000e+00,0.000000000000000000e+00,0.000000000000000000e+00,0.000000000000000000e+00,0.000000000000000000e+00
1.260786314384407358e+00,6.322348624331324274e+00,1.828846573093358518e+00,1.738632577095062734e-02,3.081517576817949938e-02,6.289701846639312866e-01,7.766238777055347597e-01,-4.742584848214780879e-01,2.897027680275831782e-02,1.195691838665708384e-01,6.499179587066424846e-01,1.552948861611589959e-01,8.478687957844240064e-02,-2.365048259459005819e-01,-2.081207166363554725e-02,1.154868217822427323e-02,3.142134781663033505e-01,-2.118897143224260371e-02,-9.542978921785431543e-03,1.186551966596885443e-01,0.000000000000000000e+00,0.000000000000000000e+00,0.000000000000000000e+00,0.000000000000000000e+00,0.000000000000000000e+00,0.000000000000000000e+00,0.000000000000000000e+00,0.000000000000000000e+00,0.000000000000000000e+00,0.000000000000000000e+00,0.000000000000000000e+00,0.000000000000000000e+00,0.000000000000000000e+00,0.000000000000000000e+00,0.000000000000000000e+00,0.000000000000000000e+00
1.266165917129018270e+00,6.357569268420653508e+00,1.826775427978994726e+00,1.322821401860151819e-02,2.517778379437165051e-02,6.086771487369292410e-01,7.929080792642755338e-01,-5.314901916159442408e-01,6.622583992108546647e-02,1.404819907686636060e-01,5.435708624995060356e-01,1.050968418746110883e-01,7.744989498969957753e-02,-1.801171530407384425e-01,-5.266137061674808217e-06,5.554499065715712280e-02,2.996261357466635245e-01,-4.310284994713609041e-02,4.801097540922069119e-03,1.766834460287508568e-01,0.000000000000000000e+00,0.000000000000000000e+00,0.000000000000000000e+00,0.000000000000000000e+00,0.000000000000000000e+00,0.000000000000000000e+00,0.000000000000000000e+00,0.000000000000000000e+00,0.000000000000000000e+00,0.000000000000000000e+00,0.000000000000000000e+00,0.000000000000000000e+00,0.000000000000000000e+00,0.000000000000000000e+00,0.000000000000000000e+00,0.000000000000000000e+00
1.271108049628901115e+00,6.393012781167303871e+00,1.822255538713877909e+00,5.404123929114348218e-03,1.877273954089557495e-02,5.908897444155801759e-01,8.065157714757832386e-01,-5.755301678540226673e-01,1.062066772279746801e-01,1.616561660905917741e-01,4.333608191615294647e-01,7.165757137263938092e-02,5.326707137509436446e-02,-1.258221735922144813e-01,1.933994388526397851e-02,9.362598223725371316e-02,2.763686587797546945e-01,-6.808018579767885492e-02,1.600461813007613213e-02,2.240638980541223013e-01,0.000000000000000000e+00,0.000000000000000000e+00,0.000000000000000000e+00,0.000000000000000000e+00,0.000000000000000000e+00,0.000000000000000000e+00,0.000000000000000000e+00,0.000000000000000000e+00,0.000000000000000000e+00,0.000000000000000000e+00,0.000000000000000000e+00,0.000000000000000000e+00,0.000000000000000000e+00,0.000000000000000000e+00,0.000000000000000000e+00,0.000000000000000000e+00
1.276110201042424341e+00,6.428834413842273499e+00,1.815624356072803369e+00,-4.296411068923427709e-03,1.419083950482845705e-02,5.702169833475316807e-01,8.213603063382809433e-01,-6.242035794621216827e-01,1.528269587241786742e-01,1.853860362536928763e-01,3.395535223932588109e-01,4.723240587308340926e-02,1.642987646575595415e-02,-7.297379657169536515e-02,3.627060230008334607e-02,1.339604610375275673e-01,2.585383983532336116e-01,-1.072283305852501367e-01,1.877165474525757313e-02,2.752712804426069582e-01,0.000000000000000000e+00,0.000000000000000000e+00,0.000000000000000000e+00,0.000000000000000000e+00,0.000000000000000000e+00,0.000000000000000000e+00,0.000000000000000000e+00,0.000000000000000000e+00,0.000000000000000000e+00,0.000000000000000000e+00,0.000000000000000000e+00,0.000000000000000000e+00,0.000000000000000000e+00,0.000000000000000000e+00,0.000000000000000000e+00,0.000000000000000000e+00
1.280997790128614255e+00,6.463758387860013777e+00,1.807759147245649789e+00,-9.448892933063045632e-03,1.312843027605651441e-02,5.534045238798708244e-01,8.327555437762746982e-01,-6.734969989111202482e-01,1.800756211233535131e-01,1.952871170123320899e-01,2.605982858800106050e-01,1.677786815536239096e-02,-4.521749954918679107e-03,-3.088161608205333697e-02,4.076350471266222686e-02,1.699461015818498621e-01,2.564732041180300404e-01,-1.410321770977040201e-01,1.447590252786699894e-02,3.112151973714784026e-01,0.000000000000000000e+00,0.000000000000000000e+00,0.000000000000000000e+00,0.000000000000000000e+00,0.000000000000000000e+00,0.000000000000000000e+00,0.000000000000000000e+00,0.000000000000000000e+00,0.000000000000000000e+00,0.000000000000000000e+00,0.000000000000000000e+00,0.000000000000000000e+00,0.000000000000000000e+00,0.000000000000000000e+00,0.000000000000000000e+00,0.000000000000000000e+00
1.285806648399755447e+00,6.498589627236860622e+00,1.798464597942023513e+00,-1.529653667816349705e-02,1.253398781467493679e-02,5.386707062323549122e-01,8.422842663627585491e-01,-7.108549269048957120e-01,2.001882522525932351e-01,2.081877708338815691e-01,2.099774543168512198e-01,3.654969783268083305e-04,-1.621069445599925690e-02,6.998063241058855716e-03,4.104499528382374307e-02,1.926245917807597186e-01,2.565792149588347337e-01,-1.726173544369903057e-01,1.195006218251174965e-02,3.402284591131640723e-01,0.000000000000000000e+00,0.000000000000000000e+00,0.000000000000000000e+00,0.000000000000000000e+00,0.000000000000000000e+00,0.000000000000000000e+00,0.000000000000000000e+00,0.000000000000000000e+00,0.000000000000000000e+00,0.000000000000000000e+00,0.000000000000000000e+00,0.000000000000000000e+00,0.000000000000000000e+00,0.000000000000000000e+00,0.000000000000000000e+00,0.000000000000000000e+00
1.290601157143072664e+00,6.534145372903650717e+00,1.788369217976813808e+00,-2.091790181047040176e-02,1.021572808900319054e-02,5.251443823669719180e-01,8.506946913857342807e-01,-7.290357172506529704e-01,2.212883465449561882e-01,2.259785672255181233e-01,1.940420460632490962e-01,-1.439049543861828373e-03,-1.840348592199398878e-02,4.708174853028605777e-02,4.004619180501317599e-02,2.147715488276069895e-01,2.584554811806611951e-01,-1.922792581255332311e-01,1.516140964442459597e-02,3.666185655874027449e-01,0.000000000000000000e+00,0.000000000000000000e+00,0.000000000000000000e+00,0.000000000000000000e+00,0.000000000000000000e+00,0.000000000000000000e+00,0.000000000000000000e+00,0.000000000000000000e+00,0.000000000000000000e+00,0.000000000000000000e+00,0.000000000000000000e+00,0.000000000000000000e+00,0.000000000000000000e+00,0.000000000000000000e+00,0.000000000000000000e+00,0.000000000000000000e+00
1.295547798335619394e+00,6.570896514062989802e+00,1.777071044108740949e+00,-2.641870055410736051e-02,7.405076909678316201e-03,5.100615136191740673e-01,8.597002206708511673e-01,-7.248905970492014461e-01,2.353576301273938021e-01,2.432653349714982705e-01,2.132002433022729404e-01,2.119710759611162509e-02,-1.224447075936198163e-02,8.960082049093520684e-02,3.405820125806000714e-02,2.527370319646379815e-01,2.658442344449776784e-01,-1.729537170526976031e-01,3.131711831240369115e-02,3.984357201801802528e-01,0.000000000000000000e+00,0.000000000000000000e+00,0.000000000000000000e+00,0.000000000000000000e+00,0.000000000000000000e+00,0.000000000000000000e+00,0.000000000000000000e+00,0.000000000000000000e+00,0.000000000000000000e+00,0.000000000000000000e+00,0.000000000000000000e+00,0.000000000000000000e+00,0.000000000000000000e+00,0.000000000000000000e+00,0.000000000000000000e+00,0.000000000000000000e+00
1.300757746509747514e+00,6.608153479229880389e+00,1.766699435752209890e+00,-2.939004626419778124e-02,7.392804797940300855e-03,4.968108178212593540e-01,8.673295699522635127e-01,-7.143759610596376319e-01,2.386806399046244864e-01,2.591037261387902357e-01,2.548385774072072785e-01,5.442867471914761973e-02,1.144695110798189894e-03,1.246351281264030664e-01,1.474696476697779160e-02,2.821639566136374122e-01,2.748652291822447635e-01,-1.181383797324419005e-01,6.173938185840022880e-02,4.276505450174568068e-01,0.000000000000000000e+00,0.000000000000000000e+00,0.000000000000000000e+00,0.000000000000000000e+00,0.000000000000000000e+00,0.000000000000000000e+00,0.000000000000000000e+00,0.000000000000000000e+00,0.000000000000000000e+00,0.000000000000000000e+00,0.000000000000000000e+00,0.000000000000000000e+00,0.000000000000000000e+00,0.000000000000000000e+00,0.000000000000000000e+00,0.000000000000000000e+00
1.306117523660160984e+00,6.644637550122124203e+00,1.757322742060706489e+00,-2.913870139755606395e-02,1.556260998550790600e-02,4.898182829863218513e-01,8.711984796265621611e-01,-7.036840511110109553e-01,2.184293952723817545e-01,2.790168899204521491e-01,2.992889173193307162e-01,9.113405233981389242e-02,2.304710175632804572e-02,1.429418260003187391e-01,-2.030171712509486193e-02,3.094384806536278343e-01,2.888455860790002938e-01,-9.773601107464238713e-03,1.157860443443507470e-01,4.497963764006964182e-01,0.000000000000000000e+00,0.000000000000000000e+00,0.000000000000000000e+00,0.000000000000000000e+00,0.000000000000000000e+00,0.000000000000000000e+00,0.000000000000000000e+00,0.000000000000000000e+00,0.000000000000000000e+00,0.000000000000000000e+00,0.000000000000000000e+00,0.000000000000000000e+00,0.000000000000000000e+00,0.000000000000000000e+00,0.000000000000000000e+00,0.000000000000000000e+00
1.311950464951669781e+00,6.679303805437476704e+00,1.749072315288330959e+00,-2.578680795244280358e-02,3.307094480136178738e-02,4.833643602114683357e-01,8.744142315990323100e-01,-7.005910481446141480e-01,1.854423323822238789e-01,3.018932174714559769e-01,3.469930087881835101e-01,1.189692771012968719e-01,5.549535341339649486e-02,1.426144946749614562e-01,-8.510097325524831890e-02,2.880847567519007613e-01,3.101249264242403880e-01,1.642418550369880714e-01,1.658199795193383563e-01,4.692595501528716295e-01,0.000000000000000000e+00,0.000000000000000000e+00,0.000000000000000000e+00,0.000000000000000000e+00,0.000000000000000000e+00,0.000000000000000000e+00,0.000000000000000000e+00,0.000000000000000000e+00,0.000000000000000000e+00,0.000000000000000000e+00,0.000000000000000000e+00,0.000000000000000000e+00,0.000000000000000000e+00,0.000000000000000000e+00,0.000000000000000000e+00,0.000000000000000000e+00
1.318178200324029437e+00,6.713652197887397755e+00,1.744559521210706121e+00,-2.131982019563027214e-02,5.082460738669821593e-02,4.873870102832619233e-01,8.714449074714687438e-01,-6.992915024660649737e-01,1.412093138663337022e-01,3.199807853791550305e-01,3.904199486015499931e-01,1.273397910270967492e-01,9.444389602574748688e-02,1.275923275115808941e-01,-1.368790695778644151e-01,2.549380949175555910e-01,3.499659667298741228e-01,3.667714999430775613e-01,2.108843396271957715e-01,4.691606174612527047e-01,0.000000000000000000e+00,0.000000000000000000e+00,0.000000000000000000e+00,0.000000000000000000e+00,0.000000000000000000e+00,0.000000000000000000e+00,0.000000000000000000e+00,0.000000000000000000e+00,0.000000000000000000e+00,0.000000000000000000e+00,0.000000000000000000e+00,0.000000000000000000e+00,0.000000000000000000e+00,0.000000000000000000e+00,0.000000000000000000e+00,0.000000000000000000e+00
1.324329859309889779e+00,6.751662098712094107e+00,1.748369333974100215e+00,-1.808655542709444730e-02,5.907028950586738075e-02,4.993224046025493967e-01,8.642110353799022926e-01,-6.767006094938247118e-01,9.585421183950562640e-02,3.163677400515947369e-01,4.077534486167064820e-01,9.623902623299190884e-02,1.273684038869817847e-01,9.444040466783348853e-02,-1.633654850162980787e-01,1.971649476851630167e-01,4.156548321640675669e-01,4.935402198126040418e-01,2.171446578892402279e-01,4.426870490650025580e-01,0.000000000000000000e+00,0.000000000000000000e+00,0.000000000000000000e+00,0.000000000000000000e+00,0.000000000000000000e+00,0.000000000000000000e+00,0.000000000000000000e+00,0.000000000000000000e+00,0.000000000000000000e+00,0.000000000000000000e+00,0.000000000000000000e+00,0.000000000000000000e+00,0.000000000000000000e+00,0.000000000000000000e+00,0.000000000000000000e+00,0.000000000000000000e+00
1.330581397708243463e+00,6.793966459291034710e+00,1.755771219619175705e+00,-1.157843741572632534e-02,6.039251925717854796e-02,5.200856629040158108e-01,8.518976385966046116e-01,-6.340516372130255984e-01,4.663701421738281755e-02,2.987983851610208630e-01,4.234086447255357433e-01,4.630376909812165820e-02,1.596164597415592745e-01,3.092250144096912040e-02,-1.822674385148464193e-01,9.791392765206560767e-02,5.563390637562247720e-01,4.965265883875047415e-01,1.784209290105326917e-01,3.871853624958461748e-01,0.000000000000000000e+00,0.000000000000000000e+00,0.000000000000000000e+00,0.000000000000000000e+00,0.000000000000000000e+00,0.000000000000000000e+00,0.000000000000000000e+00,0.000000000000000000e+00,0.000000000000000000e+00,0.000000000000000000e+00,0.000000000000000000e+00,0.000000000000000000e+00,0.000000000000000000e+00,0.000000000000000000e+00,0.000000000000000000e+00,0.000000000000000000e+00
1.335039420092785090e+00,6.836486294077498194e+00,1.768010754612851620e+00,-9.084209504983876970e-03,5.412718861110558943e-02,5.406130722335009686e-01,8.394791425169437771e-01,-5.720419617445382521e-01,1.315891641488802291e-02,2.640833349552695331e-01,4.056485858573805614e-01,-3.317268358515666760e-03,1.787551782977206127e-01,-4.609561569719242830e-02,-1.784406065748234127e-01,1.512609411481787708e-02,6.290528501732480793e-01,4.959777504727841402e-01,1.173076480301532554e-01,3.222439846553843412e-01,0.000000000000000000e+00,0.000000000000000000e+00,0.000000000000000000e+00,0.000000000000000000e+00,0.000000000000000000e+00,0.000000000000000000e+00,0.000000000000000000e+00,0.000000000000000000e+00,0.000000000000000000e+00,0.000000000000000000e+00,0.000000000000000000e+00,0.000000000000000000e+00,0.000000000000000000e+00,0.000000000000000000e+00,0.000000000000000000e+00,0.000000000000000000e+00
1.338181174898107839e+00,6.877300940481762659e+00,1.779769837289661760e+00,-9.979594960249834126e-03,4.526225799545408046e-02,5.597980605476010618e-01,8.273317757059298616e-01,-5.108479879808083268e-01,-7.845326625691546873e-03,2.208928870857218008e-01,3.932135682264416565e-01,-4.374680026055968035e-02,1.969771070055694462e-01,-1.342831996500368497e-01,-1.726686847271840242e-01,-6.992995734774352934e-02,6.680734253731287486e-01,4.790638090741576871e-01,5.446319299868809111e-02,2.587359005255899791e-01,0.000000000000000000e+00,0.000000000000000000e+00,0.000000000000000000e+00,0.000000000000000000e+00,0.000000000000000000e+00,0.000000000000000000e+00,0.000000000000000000e+00,0.000000000000000000e+00,0.000000000000000000e+00,0.000000000000000000e+00,0.000000000000000000e+00,0.000000000000000000e+00,0.000000000000000000e+00,0.000000000000000000e+00,0.000000000000000000e+00,0.000000000000000000e+00
1.341498089159162355e+00,6.917253850197809584e+00,1.785879128923256731e+00,-2.264535162658661959e-03,3.560089256243795935e-02,5.816498859310397229e-01,8.126566670652887181e-01,-4.392823963415455335e-01,-4.062581077421998504e-02,1.850064692224751006e-01,3.853503891095450551e-01,-8.745039295051965089e-02,2.064603186401621493e-01,-2.355373713524562818e-01,-1.940146846148572690e-01,-1.594725745853775856e-01,7.344255691949892473e-01,3.951963578189036652e-01,1.619162601418786679e-02,1.882351575093715867e-01,0.000000000000000000e+00,0.000000000000000000e+00,0.000000000000000000e+00,0.000000000000000000e+00,0.000000000000000000e+00,0.000000000000000000e+00,0.000000000000000000e+00,0.000000000000000000e+00,0.000000000000000000e+00,0.000000000000000000e+00,0.000000000000000000e+00,0.000000000000000000e+00,0.000000000000000000e+00,0.000000000000000000e+00,0.000000000000000000e+00,0.000000000000000000e+00
1.344530854116609220e+00,6.955978951733630566e+00,1.788904087689284106e+00,5.445944283107180366e-03,2.872794469474787213e-02,6.079025216347496707e-01,7.934731067116225223e-01,-3.732278314304670053e-01,-7.838188526158051950e-02,1.277420154945441977e-01,3.760373000077729122e-01,-1.232306841969423028e-01,2.024943617217732639e-01,-3.319842874058325788e-01,-2.099155731647247281e-01,-2.113242543311559807e-01,7.529256809433609865e-01,3.246698223660184346e-01,5.472037760892396741e-03,1.093085292196638580e-01,0.000000000000000000e+00,0.000000000000000000e+00,0.000000000000000000e+00,0.000000000000000000e+00,0.000000000000000000e+00,0.000000000000000000e+00,0.000000000000000000e+00,0.000000000000000000e+00,0.000000000000000000e+00,0.000000000000000000e+00,0.000000000000000000e+00,0.000000000000000000e+00,0.000000000000000000e+00,0.000000000000000000e+00,0.000000000000000000e+00,0.000000000000000000e+00
1.347143569639830174e+00,6.993854173103075667e+00,1.790279045348784681e+00,1.312191976362907936e-02,2.314428337302939023e-02,6.363557265313679601e-01,7.709367981096769684e-01,-3.061297468512017006e-01,-1.151775484437944502e-01,5.963350683742666553e-02,3.668037620668106458e-01,-1.528182380255480588e-01,1.915147015198631619e-01,-4.124657450305647677e-01,-2.316655913716644255e-01,-2.525084917420802877e-01,7.194590766623631950e-01,2.726223107014180136e-01,1.146855688759165770e-02,3.713861933875862303e-02,0.000000000000000000e+00,0.000000000000000000e+00,0.000000000000000000e+00,0.000000000000000000e+00,0.000000000000000000e+00,0.000000000000000000e+00,0.000000000000000000e+00,0.000000000000000000e+00,0.000000000000000000e+00,0.000000000000000000e+00,0.000000000000000000e+00,0.000000000000000000e+00,0.000000000000000000e+00,0.000000000000000000e+00,0.000000000000000000e+00,0.000000000000000000e+00
1.349606283208346635e+00,7.031227372461086311e+00,1.788424569535384423e+00,2.335153525618296338e-02,2.015089292296851770e-02,6.607770973610557208e-01,7.499481814890175402e-01,-2.359975288276895955e-01,-1.501790445142456021e-01,2.525017966096512745e-03,3.560222679522581091e-01,-1.840531892092839017e-01,1.765943851627165828e-01,-4.704372674218035844e-01,-2.625730490470881140e-01,-2.973237400501675953e-01,6.425545020435040611e-01,2.308184723374955283e-01,2.691191675271886741e-02,-2.641152018679273836e-02,0.000000000000000000e+00,0.000000000000000000e+00,0.000000000000000000e+00,0.000000000000000000e+00,0.000000000000000000e+00,0.000000000000000000e+00,0.000000000000000000e+00,0.000000000000000000e+00,0.000000000000000000e+00,0.000000000000000000e+00,0.000000000000000000e+00,0.000000000000000000e+00,0.000000000000000000e+00,0.000000000000000000e+00,0.000000000000000000e+00,0.000000000000000000e+00
1.352251081745547756e+00,7.068594200659124027e+00,1.784462223149896776e+00,3.414225025001341868e-02,1.852044543520785236e-02,6.826148840988592870e-01,7.297453116364968073e-01,-1.656162560411835183e-01,-1.808955768319137902e-01,-5.143670170605128822e-02,3.425446037092960139e-01,-2.094619271156617779e-01,1.593673373042694685e-01,-5.174732745121064514e-01,-2.907930977424981744e-01,-3.283072083908992189e-01,5.525879971904026355e-01,1.941432127218363224e-01,5.855817936253038258e-02,-8.918743588066467554e-02,0.000000000000000000e+00,0.000000000000000000e+00,0.000000000000000000e+00,0.000000000000000000e+00,0.000000000000000000e+00,0.000000000000000000e+00,0.000000000000000000e+00,0.000000000000000000e+00,0.000000000000000000e+00,0.000000000000000000e+00,0.000000000000000000e+00,0.000000000000000000e+00,0.000000000000000000e+00,0.000000000000000000e+00,0.000000000000000000e+00,0.000000000000000000e+00
1.355430144823249750e+00,7.106131202433522809e+00,1.778727315149369215e+00,4.628199523542718408e-02,1.736519500992358966e-02,7.038002269077370254e-01,7.086759961533292129e-01,-9.354292065697740466e-02,-2.090806228564721370e-01,-1.126767108356427627e-01,3.300433459273582892e-01,-2.370584206730247390e-01,1.410243044517712208e-01,-5.605396027714277807e-01,-3.182365988153069702e-01,-3.409927780340107351e-01,4.531634132903707424e-01,1.585626619786381086e-01,1.000788447872116849e-01,-1.491472118591355978e-01,0.000000000000000000e+00,0.000000000000000000e+00,0.000000000000000000e+00,0.000000000000000000e+00,0.000000000000000000e+00,0.000000000000000000e+00,0.000000000000000000e+00,0.000000000000000000e+00,0.000000000000000000e+00,0.000000000000000000e+00,0.000000000000000000e+00,0.000000000000000000e+00,0.000000000000000000e+00,0.000000000000000000e+00,0.000000000000000000e+00,0.000000000000000000e+00
1.359114583993227710e+00,7.143597057651477122e+00,1.771801219612855416e+00,5.731801181246707483e-02,1.652541628533161361e-02,7.224726289588800920e-01,6.888213531415146029e-01,-2.240402664282495696e-02,-2.296700527065929920e-01,-1.775731651557747037e-01,3.190051219459996146e-01,-2.721106004304179038e-01,1.278393187158758104e-01,-6.040343394377398756e-01,-3.390540998083412805e-01,-3.325436641329033716e-01,3.431952892818216361e-01,1.203552018691849135e-01,1.538958754316001321e-01,-2.017866899998206065e-01,0.000000000000000000e+00,0.000000000000000000e+00,0.000000000000000000e+00,0.000000000000000000e+00,0.000000000000000000e+00,0.000000000000000000e+00,0.000000000000000000e+00,0.000000000000000000e+00,0.000000000000000000e+00,0.000000000000000000e+00,0.000000000000000000e+00,0.000000000000000000e+00,0.000000000000000000e+00,0.000000000000000000e+00,0.000000000000000000e+00,0.000000000000000000e+00
1.363306232617988556e+00,7.180185628187770952e+00,1.769152059663826826e+00,6.100204617311207056e-02,1.713785198575742963e-02,7.361878763424232197e-01,6.738044635637564506e-01,3.833920117309833064e-02,-2.313024876339729585e-01,-2.391696071962158832e-01,3.056446682763253042e-01,-2.933101537458642216e-01,1.041848365808965976e-01,-6.507677452522631079e-01,-3.456665222305878582e-01,-3.225310873178505733e-01,2.693598721569918086e-01,7.456541197699417811e-02,2.005492407096995666e-01,-2.426301368252137269e-01,0.000000000000000000e+00,0.000000000000000000e+00,0.000000000000000000e+00,0.000000000000000000e+00,0.000000000000000000e+00,0.000000000000000000e+00,0.000000000000000000e+00,0.000000000000000000e+00,0.000000000000000000e+00,0.000000000000000000e+00,0.000000000000000000e+00,0.000000000000000000e+00,0.000000000000000000e+00,0.000000000000000000e+00,0.000000000000000000e+00,0.000000000000000000e+00
1.368350148577921477e+00,7.216683927954915312e+00,1.766366444999260432e+00,6.045060989566754250e-02,2.244438936032718684e-02,7.457043183837132050e-01,6.631493366455000205e-01,8.430941952932526073e-02,-2.268215304995396253e-01,-2.960545686158156942e-01,2.976706036371801756e-01,-3.066380438341148595e-01,8.623271281612117367e-02,-6.884597671389698359e-01,-3.459772676872070463e-01,-3.046083941335964163e-01,2.243519386032538643e-01,4.923454341153213343e-02,2.277871550295149372e-01,-2.712627954986500112e-01,0.000000000000000000e+00,0.000000000000000000e+00,0.000000000000000000e+00,0.000000000000000000e+00,0.000000000000000000e+00,0.000000000000000000e+00,0.000000000000000000e+00,0.000000000000000000e+00,0.000000000000000000e+00,0.000000000000000000e+00,0.000000000000000000e+00,0.000000000000000000e+00,0.000000000000000000e+00,0.000000000000000000e+00,0.000000000000000000e+00,0.000000000000000000e+00
1.374174031076112357e+00,7.254352536202431700e+00,1.762065164017216912e+00,5.617498931140117030e-02,2.905622796564546334e-02,7.529640414933740367e-01,6.550154642527445947e-01,1.227308193266841430e-01,-2.138574488905549686e-01,-3.300742510960137377e-01,2.997841160206491939e-01,-3.018220708556798582e-01,6.985105978007442873e-02,-7.069668423947967906e-01,-3.443647617949083806e-01,-2.930580366937414194e-01,2.131006935818169079e-01,4.712127692386287869e-02,2.336749965932962692e-01,-2.942895459171649963e-01,0.000000000000000000e+00,0.000000000000000000e+00,0.000000000000000000e+00,0.000000000000000000e+00,0.000000000000000000e+00,0.000000000000000000e+00,0.000000000000000000e+00,0.000000000000000000e+00,0.000000000000000000e+00,0.000000000000000000e+00,0.000000000000000000e+00,0.000000000000000000e+00,0.000000000000000000e+00,0.000000000000000000e+00,0.000000000000000000e+00,0.000000000000000000e+00
1.380857185755329120e+00,7.292949417954263325e+00,1.756314607348426371e+00,5.247158269994527807e-02,3.596004665325848448e-02,7.603646044633372014e-01,6.463739446581772130e-01,1.602991598044430921e-01,-1.960570828324237347e-01,-3.536616382785492396e-01,3.082221031521605870e-01,-2.724438153841515775e-01,4.999104157190249059e-02,-7.003334370324855174e-01,-3.414370704697628489e-01,-2.932983232170838783e-01,2.288591149370149957e-01,6.772257221320576726e-02,2.201361068336931404e-01,-3.165517622459048663e-01,0.000000000000000000e+00,0.000000000000000000e+00,0.000000000000000000e+00,0.000000000000000000e+00,0.000000000000000000e+00,0.000000000000000000e+00,0.000000000000000000e+00,0.000000000000000000e+00,0.000000000000000000e+00,0.000000000000000000e+00,0.000000000000000000e+00,0.000000000000000000e+00,0.000000000000000000e+00,0.000000000000000000e+00,0.000000000000000000e+00,0.000000000000000000e+00
1.387836402181773732e+00,7.330978341780899576e+00,1.750497153855020027e+00,4.194071149543673188e-02,3.827506626274893020e-02,7.668557515890884746e-01,6.393029424901579549e-01,1.863005047426818384e-01,-1.621350655110313510e-01,-3.634969762661400261e-01,3.214643221081539548e-01,-1.951526149013628197e-01,2.016401391687977149e-02,-6.844701856918672389e-01,-3.261148578809044962e-01,-3.073788725077886141e-01,2.595284187228544259e-01,8.905894882433834647e-02,1.892095914724191141e-01,-3.349386145869759357e-01,0.000000000000000000e+00,0.000000000000000000e+00,0.000000000000000000e+00,0.000000000000000000e+00,0.000000000000000000e+00,0.000000000000000000e+00,0.000000000000000000e+00,0.000000000000000000e+00,0.000000000000000000e+00,0.000000000000000000e+00,0.000000000000000000e+00,0.000000000000000000e+00,0.000000000000000000e+00,0.000000000000000000e+00,0.000000000000000000e+00,0.000000000000000000e+00
1.395078594814953998e+00,7.368049986934162021e+00,1.745201449639282254e+00,2.462359441373615510e-02,3.771370397687966863e-02,7.710243706726404023e-01,6.352108114314114484e-01,1.973682444993149210e-01,-1.186142877012377056e-01,-3.786838184015086095e-01,3.385347067508037711e-01,-6.781959357438889502e-02,-1.992486195634559504e-02,-6.730090805497130901e-01,-2.949955218962641568e-01,-3.248020730735596828e-01,2.979434432452240378e-01,1.113537659668223934e-01,1.441282643123837637e-01,-3.476491683583297077e-01,0.000000000000000000e+00,0.000000000000000000e+00,0.000000000000000000e+00,0.000000000000000000e+00,0.000000000000000000e+00,0.000000000000000000e+00,0.000000000000000000e+00,0.000000000000000000e+00,0.000000000000000000e+00,0.000000000000000000e+00,0.000000000000000000e+00,0.000000000000000000e+00,0.000000000000000000e+00,0.000000000000000000e+00,0.000000000000000000e+00,0.000000000000000000e+00
1.402255973364112895e+00,7.403755258209660184e+00,1.741038977243632324e+00,2.638683412297428144e-03,3.317185899063770232e-02,7.718861248078374704e-01,6.348893411060669845e-01,1.956524414634418230e-01,-7.085300698277084697e-02,-3.909583121294822328e-01,3.608011647049648163e-01,1.066951237555757021e-01,-7.122309454505187931e-02,-6.679680193711924341e-01,-2.538477031270600093e-01,-3.465235510377762673e-01,3.440466948810075309e-01,1.295214356545048850e-01,8.975624779382515572e-02,-3.552335911809055280e-01,0.000000000000000000e+00,0.000000000000000000e+00,0.000000000000000000e+00,0.000000000000000000e+00,0.000000000000000000e+00,0.000000000000000000e+00,0.000000000000000000e+00,0.000000000000000000e+00,0.000000000000000000e+00,0.000000000000000000e+00,0.000000000000000000e+00,0.000000000000000000e+00,0.000000000000000000e+00,0.000000000000000000e+00,0.000000000000000000e+00,0.000000000000000000e+00
1.408829926586311343e+00,7.438557998914797409e+00,1.739614808735418183e+00,-2.199006245755269484e-02,2.716643855048925249e-02,7.666827038585580789e-01,6.410741403096270608e-01,1.721014960812361216e-01,-1.863888333743993209e-02,-3.684610890533796534e-01,3.974380150424729474e-01,3.287548171724720136e-01,-1.241599657888282915e-01,-6.661362850931782376e-01,-2.022585527862355848e-01,-3.649383093693581159e-01,3.919219988304362134e-01,1.243624175787731573e-01,2.376330622851512836e-02,-3.389730493669604883e-01,0.000000000000000000e+00,0.000000000000000000e+00,0.000000000000000000e+00,0.000000000000000000e+00,0.000000000000000000e+00,0.000000000000000000e+00,0.000000000000000000e+00,0.000000000000000000e+00,0.000000000000000000e+00,0.000000000000000000e+00,0.000000000000000000e+00,0.000000000000000000e+00,0.000000000000000000e+00,0.000000000000000000e+00,0.000000000000000000e+00,0.000000000000000000e+00
1.415462632055685566e+00,7.475956677364131053e+00,1.744220326705369750e+00,-3.255320250915541558e-02,2.682259341694540056e-02,7.579538030550713179e-01,6.509430619671300322e-01,1.291299055328880008e-01,2.034645301886141809e-03,-3.241930653179017074e-01,4.615961846570147409e-01,4.934738304459610481e-01,-1.462155319304681567e-01,-6.469237802438170259e-01,-1.560416361724586143e-01,-3.434494636706807991e-01,4.196645863786171993e-01,1.050033747956802821e-01,-2.729338048834697994e-02,-3.002268678496097798e-01,0.000000000000000000e+00,0.000000000000000000e+00,0.000000000000000000e+00,0.000000000000000000e+00,0.000000000000000000e+00,0.000000000000000000e+00,0.000000000000000000e+00,0.000000000000000000e+00,0.000000000000000000e+00,0.000000000000000000e+00,0.000000000000000000e+00,0.000000000000000000e+00,0.000000000000000000e+00,0.000000000000000000e+00,0.000000000000000000e+00,0.000000000000000000e+00
1.423049899981771338e+00,7.516874815206870508e+00,1.750450451679256947e+00,-3.092411415328827351e-02,2.341282313165140780e-02,7.388941957175688691e-01,6.727041745163536701e-01,4.736887174853688515e-02,6.443474256793070565e-03,-2.363599699375528163e-01,6.123813913155347066e-01,4.967789624542027771e-01,-1.217533690892588921e-01,-5.960662832229364216e-01,-1.029812159083978440e-01,-2.955583677404863829e-01,4.299899161156695571e-01,7.581246946224450001e-02,-5.432087504600321970e-02,-2.430310424959863935e-01,0.000000000000000000e+00,0.000000000000000000e+00,0.000000000000000000e+00,0.000000000000000000e+00,0.000000000000000000e+00,0.000000000000000000e+00,0.000000000000000000e+00,0.000000000000000000e+00,0.000000000000000000e+00,0.000000000000000000e+00,0.000000000000000000e+00,0.000000000000000000e+00,0.000000000000000000e+00,0.000000000000000000e+00,0.000000000000000000e+00,0.000000000000000000e+00
1.430909581853464729e+00,7.556798956246083776e+00,1.761519249275511623e+00,-2.145678096020584708e-02,3.211193725090764201e-02,7.179010590627216137e-01,6.950730173395053280e-01,-4.770696571892197452e-02,-2.440020012732600774e-03,-1.343310614875564968e-01,6.850215020588819037e-01,4.960275209698383203e-01,-6.582930208953108320e-02,-5.396812549677176829e-01,-8.062578023393560112e-02,-2.308351965613100742e-01,4.163125457323455514e-01,4.329423653292631402e-02,-6.582421119075472504e-02,-1.777059497120966891e-01,0.000000000000000000e+00,0.000000000000000000e+00,0.000000000000000000e+00,0.000000000000000000e+00,0.000000000000000000e+00,0.000000000000000000e+00,0.000000000000000000e+00,0.000000000000000000e+00,0.000000000000000000e+00,0.000000000000000000e+00,0.000000000000000000e+00,0.000000000000000000e+00,0.000000000000000000e+00,0.000000000000000000e+00,0.000000000000000000e+00,0.000000000000000000e+00
1.439067365582909597e+00,7.594770037494889436e+00,1.773149020517868379e+00,-7.364154424418007175e-03,4.378103032300892372e-02,6.988629970165215477e-01,7.138763912713144144e-01,-1.537576788603904065e-01,-1.647544872344723632e-02,-3.888472042196924883e-02,7.045976376893496873e-01,4.793911787707972327e-01,-3.777770896968207781e-03,-4.781248975453348815e-01,-8.104511822707118063e-02,-1.701643115423266406e-01,3.941299608627591433e-01,1.929320772382474986e-02,-6.126861877599508455e-02,-1.077672204092659791e-01,0.000000000000000000e+00,0.000000000000000000e+00,0.000000000000000000e+00,0.000000000000000000e+00,0.000000000000000000e+00,0.000000000000000000e+00,0.000000000000000000e+00,0.000000000000000000e+00,0.000000000000000000e+00,0.000000000000000000e+00,0.000000000000000000e+00,0.000000000000000000e+00,0.000000000000000000e+00,0.000000000000000000e+00,0.000000000000000000e+00,0.000000000000000000e+00
1.446658301411864134e+00,7.632610282987571715e+00,1.779696545082326109e+00,3.139120592608127952e-03,4.200337072533467941e-02,6.747257092130234390e-01,7.368657137474902141e-01,-2.799760574520494538e-01,-9.355875968598676568e-03,3.225157109037810055e-02,7.515994326085664312e-01,3.747324729651732023e-01,4.205633664848861669e-02,-4.030814145388602610e-01,-6.166974646039755092e-02,-1.132352259435033537e-01,3.669567604229212465e-01,-5.490737929812319895e-03,-5.006281578716649527e-02,-2.649243582667214214e-02,0.000000000000000000e+00,0.000000000000000000e+00,0.000000000000000000e+00,0.000000000000000000e+00,0.000000000000000000e+00,0.000000000000000000e+00,0.000000000000000000e+00,0.000000000000000000e+00,0.000000000000000000e+00,0.000000000000000000e+00,0.000000000000000000e+00,0.000000000000000000e+00,0.000000000000000000e+00,0.000000000000000000e+00,0.000000000000000000e+00,0.000000000000000000e+00
1.453785856035158197e+00,7.669792673705916108e+00,1.784577776405619431e+00,9.827607579323490578e-03,3.750798902043758765e-02,6.491506858486314480e-01,7.596709524202973629e-01,-3.915635244333942055e-01,9.084267066715369376e-03,8.344643172969987144e-02,7.444800236126581927e-01,2.698689538140875421e-01,6.770225070890995012e-02,-3.280299799205618205e-01,-4.243414036054478367e-02,-5.671842024234317881e-02,3.332374233654783469e-01,-2.479916664595886722e-02,-3.496376703573478295e-02,5.084341002023985701e-02,0.000000000000000000e+00,0.000000000000000000e+00,0.000000000000000000e+00,0.000000000000000000e+00,0.000000000000000000e+00,0.000000000000000000e+00,0.000000000000000000e+00,0.000000000000000000e+00,0.000000000000000000e+00,0.000000000000000000e+00,0.000000000000000000e+00,0.000000000000000000e+00,0.000000000000000000e+00,0.000000000000000000e+00,0.000000000000000000e+00,0.000000000000000000e+00
1.460448966560186523e+00,7.706938897052994619e+00,1.785421606009198969e+00,1.309049182431931690e-02,2.916874920515941799e-02,6.255511814043208663e-01,7.795277689327455573e-01,-4.753912310029856370e-01,4.502997874789686772e-02,1.244052260149862421e-01,6.669953786616870106e-01,1.867195520481095272e-01,7.671405705277350995e-02,-2.588579090889217005e-01,-2.045358285258106271e-02,-4.399606450354379139e-03,3.123176212599396151e-01,-3.446253035488017202e-02,-1.838769791693769043e-02,1.205597921103458287e-01,0.000000000000000000e+00,0.000000000000000000e+00,0.000000000000000000e+00,0.000000000000000000e+00,0.000000000000000000e+00,0.000000000000000000e+00,0.000000000000000000e+00,0.000000000000000000e+00,0.000000000000000000e+00,0.000000000000000000e+00,0.000000000000000000e+00,0.000000000000000000e+00,0.000000000000000000e+00,0.000000000000000000e+00,0.000000000000000000e+00,0.000000000000000000e+00
1.466886397452392687e+00,7.744328929132918482e+00,1.783407309316233258e+00,1.003639390272232507e-02,2.222940207000440385e-02,6.030338417204246237e-01,7.973426554630994589e-01,-5.359018247367320908e-01,8.589241866610874965e-02,1.572201079694344750e-01,5.633951674629809059e-01,1.322672346069605209e-01,7.435531713678103505e-02,-1.978793670439183139e-01,3.714516714637874223e-03,4.343255224302037393e-02,3.023615175744678862e-01,-5.329754768430568224e-02,-5.305509802447258734e-03,1.804823729529708431e-01,0.000000000000000000e+00,0.000000000000000000e+00,0.000000000000000000e+00,0.000000000000000000e+00,0.000000000000000000e+00,0.000000000000000000e+00,0.000000000000000000e+00,0.000000000000000000e+00,0.000000000000000000e+00,0.000000000000000000e+00,0.000000000000000000e+00,0.000000000000000000e+00,0.000000000000000000e+00,0.000000000000000000e+00,0.000000000000000000e+00,0.000000000000000000e+00
1.473032289474282885e+00,7.782234478009685041e+00,1.778739411740021037e+00,2.385650194676560906e-03,1.557954045972903545e-02,5.817569873855498175e-01,8.132099324407585650e-01,-5.820514938555435558e-01,1.278222811613928811e-01,1.873117534080326330e-01,4.616420741877856893e-01,9.544746647827651032e-02,5.529643612312200307e-02,-1.375077650868157253e-01,2.360265793586970723e-02,8.132462375397075949e-02,2.851974347179426772e-01,-7.532244750324110227e-02,1.182431170056667466e-02,2.363732963984780666e-01,0.000000000000000000e+00,0.000000000000000000e+00,0.000000000000000000e+00,0.000000000000000000e+00,0.000000000000000000e+00,0.000000000000000000e+00,0.000000000000000000e+00,0.000000000000000000e+00,0.000000000000000000e+00,0.000000000000000000e+00,0.000000000000000000e+00,0.000000000000000000e+00,0.000000000000000000e+00,0.000000000000000000e+00,0.000000000000000000e+00,0.000000000000000000e+00
1.479117993563320743e+00,7.820467375175974567e+00,1.773126333747023997e+00,-5.955738885214362233e-03,1.075980757518057475e-02,5.598861518223374745e-01,8.284782753415156353e-01,-6.235303919025771968e-01,1.714707893712730247e-01,2.203640405775934286e-01,3.480654082396311688e-01,5.326100527767529957e-02,2.395828206339943242e-02,-8.047450366484838746e-02,3.859585050701751230e-02,1.181735601449973028e-01,2.679482860654739396e-01,-1.105622821054543375e-01,2.043127276300147829e-02,2.835697168467140594e-01,0.000000000000000000e+00,0.000000000000000000e+00,0.000000000000000000e+00,0.000000000000000000e+00,0.000000000000000000e+00,0.000000000000000000e+00,0.000000000000000000e+00,0.000000000000000000e+00,0.000000000000000000e+00,0.000000000000000000e+00,0.000000000000000000e+00,0.000000000000000000e+00,0.000000000000000000e+00,0.000000000000000000e+00,0.000000000000000000e+00,0.000000000000000000e+00
1.485172788668848609e+00,7.858151732626435404e+00,1.765911684720639530e+00,-1.067806250124850830e-02,7.954604041743081749e-03,5.408513989837022695e-01,8.410127629668481264e-01,-6.649134662484152969e-01,1.989787303846316247e-01,2.434034882793053856e-01,2.618109197933479182e-01,1.884235386415993030e-02,-3.482317639244699673e-03,-2.957689514156992133e-02,4.364573960530933328e-02,1.557284444115685229e-01,2.612176419076343570e-01,-1.398730605247778536e-01,2.241578118748101950e-02,3.187529966682774996e-01,0.000000000000000000e+00,0.000000000000000000e+00,0.000000000000000000e+00,0.000000000000000000e+00,0.000000000000000000e+00,0.000000000000000000e+00,0.000000000000000000e+00,0.000000000000000000e+00,0.000000000000000000e+00,0.000000000000000000e+00,0.000000000000000000e+00,0.000000000000000000e+00,0.000000000000000000e+00,0.000000000000000000e+00,0.000000000000000000e+00,0.000000000000000000e+00
1.491281754270030957e+00,7.895923973963063780e+00,1.757670529448470464e+00,-1.647432046382830972e-02,7.500569845462896207e-03,5.255377412729899111e-01,8.505776982233509420e-01,-7.003575414007386923e-01,2.166371477409533841e-01,2.615175610928778815e-01,2.037247893186779624e-01,-1.683911879087132690e-03,-1.627476667221394724e-02,1.405932039527044500e-02,4.156959386203197548e-02,1.761393945203140188e-01,2.561680527678615871e-01,-1.700017958678082530e-01,2.045448571607735855e-02,3.461723727666732309e-01,0.000000000000000000e+00,0.000000000000000000e+00,0.000000000000000000e+00,0.000000000000000000e+00,0.000000000000000000e+00,0.000000000000000000e+00,0.000000000000000000e+00,0.000000000000000000e+00,0.000000000000000000e+00,0.000000000000000000e+00,0.000000000000000000e+00,0.000000000000000000e+00,0.000000000000000000e+00,0.000000000000000000e+00,0.000000000000000000e+00,0.000000000000000000e+00
1.497322546279733047e+00,7.934736473105968635e+00,1.747903910125646609e+00,-2.385124344634753646e-02,4.783022152968208901e-03,5.141047461525402040e-01,8.573823831106986981e-01,-7.173551180308360697e-01,2.320932786656793589e-01,2.815514615574863933e-01,1.847056087107936673e-01,-2.940090090780431153e-03,-2.311413938625702172e-02,5.681504739142963917e-02,4.015727116437126099e-02,1.995560207654965279e-01,2.568925565244715714e-01,-1.867447478479436207e-01,2.733730916916141465e-02,3.721386588584639776e-01,0.000000000000000000e+00,0.000000000000000000e+00,0.000000000000000000e+00,0.000000000000000000e+00,0.000000000000000000e+00,0.000000000000000000e+00,0.000000000000000000e+00,0.000000000000000000e+00,0.000000000000000000e+00,0.000000000000000000e+00,0.000000000000000000e+00,0.000000000000000000e+00,0.000000000000000000e+00,0.000000000000000000e+00,0.000000000000000000e+00,0.000000000000000000e+00
1.503482327013584641e+00,7.974655689316427321e+00,1.737309476880155579e+00,-3.011852235591078522e-02,5.990861583594644067e-04,4.988742283330807603e-01,8.661506912841124839e-01,-7.172402539548474731e-01,2.512585898602934242e-01,2.871461565051602882e-01,2.110526741045679611e-01,1.646808431276102630e-02,-1.532855618109622842e-02,9.770824319879362063e-02,3.198819521702035013e-02,2.310134881227356440e-01,2.667844380834644702e-01,-1.728645954958950570e-01,4.417015421919258389e-02,4.045862978959030576e-01,0.000000000000000000e+00,0.000000000000000000e+00,0.000000000000000000e+00,0.000000000000000000e+00,0.000000000000000000e+00,0.000000000000000000e+00,0.000000000000000000e+00,0.000000000000000000e+00,0.000000000000000000e+00,0.000000000000000000e+00,0.000000000000000000e+00,0.000000000000000000e+00,0.000000000000000000e+00,0.000000000000000000e+00,0.000000000000000000e+00,0.000000000000000000e+00
1.510109428941027065e+00,8.014846338151276228e+00,1.725930811816916322e+00,-3.294965272043220289e-02,3.240634697889854463e-03,4.904632110055351379e-01,8.708327378564145738e-01,-7.057322194923861813e-01,2.486893385383296129e-01,3.036504776650320037e-01,2.567304873366230700e-01,5.645507475913025264e-02,5.333429928291790433e-03,1.268282234218161275e-01,1.190358369557847212e-02,2.627584153821465041e-01,2.879866421140059862e-01,-1.073466567236013441e-01,7.408913044424984828e-02,4.344347659522946881e-01,0.000000000000000000e+00,0.000000000000000000e+00,0.000000000000000000e+00,0.000000000000000000e+00,0.000000000000000000e+00,0.000000000000000000e+00,0.000000000000000000e+00,0.000000000000000000e+00,0.000000000000000000e+00,0.000000000000000000e+00,0.000000000000000000e+00,0.000000000000000000e+00,0.000000000000000000e+00,0.000000000000000000e+00,0.000000000000000000e+00,0.000000000000000000e+00
1.516701253193470933e+00,8.053588636616014540e+00,1.715457476459652852e+00,-3.183084152960846680e-02,1.490145378066269621e-02,4.829193620376180940e-01,8.749592184621639568e-01,-6.988541966373863490e-01,2.241107206369579163e-01,3.183802853892668816e-01,3.068565313353317503e-01,9.157346990279412180e-02,3.626471094680435575e-02,1.407746439299504271e-01,-3.184943002521772870e-02,2.780920340027218662e-01,3.082826947172210286e-01,2.211607679702216889e-02,1.241098501814640181e-01,4.596829646604971842e-01,0.000000000000000000e+00,0.000000000000000000e+00,0.000000000000000000e+00,0.000000000000000000e+00,0.000000000000000000e+00,0.000000000000000000e+00,0.000000000000000000e+00,0.000000000000000000e+00,0.000000000000000000e+00,0.000000000000000000e+00,0.000000000000000000e+00,0.000000000000000000e+00,0.000000000000000000e+00,0.000000000000000000e+00,0.000000000000000000e+00,0.000000000000000000e+00
1.523603751889182734e+00,8.090547286558116724e+00,1.706764192443921857e+00,-2.913946124411324196e-02,3.594188357302498943e-02,4.797330604254827491e-01,8.761936221740188602e-01,-7.051777721783928365e-01,1.876849321966954920e-01,3.350495374760425471e-01,3.635505496723961394e-01,1.132713781920010043e-01,7.563082775539890779e-02,1.381721790542897732e-01,-9.723554748845253393e-02,2.523923760981419129e-01,3.352004982510093933e-01,2.104381070257004271e-01,1.753890840017118535e-01,4.762766352689687399e-01,0.000000000000000000e+00,0.000000000000000000e+00,0.000000000000000000e+00,0.000000000000000000e+00,0.000000000000000000e+00,0.000000000000000000e+00,0.000000000000000000e+00,0.000000000000000000e+00,0.000000000000000000e+00,0.000000000000000000e+00,0.000000000000000000e+00,0.000000000000000000e+00,0.000000000000000000e+00,0.000000000000000000e+00,0.000000000000000000e+00,0.000000000000000000e+00
1.530491270512161606e+00,8.127866009171787809e+00,1.703875694763597792e+00,-2.685737617666538596e-02,5.361306859913093220e-02,4.851931053454875964e-01,8.723485374238291179e-01,-7.055112453362041292e-01,1.453203926410588931e-01,3.404824515835519483e-01,4.098169519696555074e-01,1.082219048058089828e-01,1.175873656991642674e-01,1.228244652160907779e-01,-1.426584020719824375e-01,2.246796713807444612e-01,3.796707141850134137e-01,4.063506858523252552e-01,2.173829009843838977e-01,4.720776522813774356e-01,0.000000000000000000e+00,0.000000000000000000e+00,0.000000000000000000e+00,0.000000000000000000e+00,0.000000000000000000e+00,0.000000000000000000e+00,0.000000000000000000e+00,0.000000000000000000e+00,0.000000000000000000e+00,0.000000000000000000e+00,0.000000000000000000e+00,0.000000000000000000e+00,0.000000000000000000e+00,0.000000000000000000e+00,0.000000000000000000e+00,0.000000000000000000e+00
1.537915470360569081e+00,8.169779040620856136e+00,1.706756531741532523e+00,-1.838816668424935602e-02,5.910540414405523330e-02,5.039586179284509804e-01,8.615068995327936907e-01,-6.753830797163054012e-01,8.447083832361838851e-02,3.255956763765817663e-01,4.370175157091320539e-01,6.643907930253856176e-02,1.549160363859802270e-01,7.997624272755768371e-02,-1.607512954100848990e-01,1.734486583684929917e-01,5.158369136416621759e-01,4.958296678976745753e-01,2.156649543172825534e-01,4.371964666316715542e-01,0.000000000000000000e+00,0.000000000000000000e+00,0.000000000000000000e+00,0.000000000000000000e+00,0.000000000000000000e+00,0.000000000000000000e+00,0.000000000000000000e+00,0.000000000000000000e+00,0.000000000000000000e+00,0.000000000000000000e+00,0.000000000000000000e+00,0.000000000000000000e+00,0.000000000000000000e+00,0.000000000000000000e+00,0.000000000000000000e+00,0.000000000000000000e+00
1.544358001899216459e+00,8.214594610659981200e+00,1.714555757705123140e+00,-1.162254292768136882e-02,5.614298685506031311e-02,5.301331343763719950e-01,8.459738420064603082e-01,-6.249345030620225838e-01,2.910964280777895638e-02,2.871996363807988173e-01,4.437674926729117675e-01,9.653071975848366570e-03,1.837496128310127930e-01,9.725316288827808367e-03,-1.664408700927554885e-01,9.478778814165006450e-02,6.587493905320677134e-01,4.980656933310368961e-01,1.675836873714094399e-01,3.719683582387858789e-01,0.000000000000000000e+00,0.000000000000000000e+00,0.000000000000000000e+00,0.000000000000000000e+00,0.000000000000000000e+00,0.000000000000000000e+00,0.000000000000000000e+00,0.000000000000000000e+00,0.000000000000000000e+00,0.000000000000000000e+00,0.000000000000000000e+00,0.000000000000000000e+00,0.000000000000000000e+00,0.000000000000000000e+00,0.000000000000000000e+00,0.000000000000000000e+00
1.548914498021483510e+00,8.258683499358538072e+00,1.727419207489593544e+00,-1.265742117140746317e-02,4.973539677662507791e-02,5.508447171306050105e-01,8.330283774314450884e-01,-5.641559530492197272e-01,9.668348712310731452e-04,2.464392079001692104e-01,4.265670487865524385e-01,-4.458497190958530393e-02,1.987234261616564190e-01,-7.674047909664924449e-02,-1.633897775712001010e-01,1.729542010224238008e-02,7.136052397558008131e-01,4.962284506622921532e-01,1.033386892036414761e-01,3.035397397246846762e-01,0.000000000000000000e+00,0.000000000000000000e+00,0.000000000000000000e+00,0.000000000000000000e+00,0.000000000000000000e+00,0.000000000000000000e+00,0.000000000000000000e+00,0.000000000000000000e+00,0.000000000000000000e+00,0.000000000000000000e+00,0.000000000000000000e+00,0.000000000000000000e+00,0.000000000000000000e+00,0.000000000000000000e+00,0.000000000000000000e+00,0.000000000000000000e+00
1.552405405634411428e+00,8.300611382280177253e+00,1.737821178746768558e+00,-1.064427870973803578e-02,3.992016788724964821e-02,5.683315087553028055e-01,8.217617511678951825e-01,-4.965272627851980425e-01,-1.865282416493144191e-02,2.107823614691886616e-01,4.121376966939999109e-01,-8.572617462403409050e-02,2.113345547799710955e-01,-1.751304974086058952e-01,-1.736311207498918152e-01,-7.739023955305364411e-02,7.505268815995069787e-01,4.608387526542008228e-01,4.352028317476604180e-02,2.364861753217698259e-01,0.000000000000000000e+00,0.000000000000000000e+00,0.000000000000000000e+00,0.000000000000000000e+00,0.000000000000000000e+00,0.000000000000000000e+00,0.000000000000000000e+00,0.000000000000000000e+00,0.000000000000000000e+00,0.000000000000000000e+00,0.000000000000000000e+00,0.000000000000000000e+00,0.000000000000000000e+00,0.000000000000000000e+00,0.000000000000000000e+00,0.000000000000000000e+00
1.556088188490182489e+00,8.341586523833633748e+00,1.742517585755102516e+00,-1.168638097633917065e-03,3.003412757592333060e-02,5.931426277236385713e-01,8.045361450195062103e-01,-4.177450051527331620e-01,-5.659442568562431108e-02,1.707559058019145204e-01,3.941817696929695858e-01,-1.257517860026141632e-01,2.199433444357137002e-01,-2.808599030721501411e-01,-1.964990496902604133e-01,-1.633673386616805168e-01,7.977646778189868559e-01,3.747262136979447877e-01,1.506313266334660672e-02,1.573190358363700248e-01,0.000000000000000000e+00,0.000000000000000000e+00,0.000000000000000000e+00,0.000000000000000000e+00,0.000000000000000000e+00,0.000000000000000000e+00,0.000000000000000000e+00,0.000000000000000000e+00,0.000000000000000000e+00,0.000000000000000000e+00,0.000000000000000000e+00,0.000000000000000000e+00,0.000000000000000000e+00,0.000000000000000000e+00,0.000000000000000000e+00,0.000000000000000000e+00
1.559727485979902628e+00,8.381522153870337277e+00,1.745026833330816318e+00,6.021950415618247156e-03,2.471620460769392499e-02,6.192256778232604342e-01,7.848008698181391241e-01,-3.459990120190465923e-01,-9.516575076125123600e-02,1.100551841603320674e-01,3.747425703891842930e-01,-1.556955432668057082e-01,2.109893542963207913e-01,-3.759245553460979217e-01,-2.155584602074439582e-01,-2.125668563609541817e-01,7.914963020011565042e-01,3.088295668393310489e-01,9.423080844733429384e-03,7.649008989823556648e-02,0.000000000000000000e+00,0.000000000000000000e+00,0.000000000000000000e+00,0.000000000000000000e+00,0.000000000000000000e+00,0.000000000000000000e+00,0.000000000000000000e+00,0.000000000000000000e+00,0.000000000000000000e+00,0.000000000000000000e+00,0.000000000000000000e+00,0.000000000000000000e+00,0.000000000000000000e+00,0.000000000000000000e+00,0.000000000000000000e+00,0.000000000000000000e+00
1.563070682851132265e+00,8.420672991240550687e+00,1.745151915337167958e+00,1.455060267229283874e-02,1.988670592697964340e-02,6.477338483825841875e-01,7.614680955553791986e-01,-2.734406722454876815e-01,-1.299822051608265638e-01,5.104060438983080983e-02,3.627431262352728836e-01,-1.827262633793374502e-01,1.947483804724481904e-01,-4.483614451045120908e-01,-2.442538966453497995e-01,-2.599401550373496850e-01,7.298577935028139896e-01,2.598228680910377730e-01,1.918199980888452699e-02,-6.524656659103522183e-04,0.000000000000000000e+00,0.000000000000000000e+00,0.000000000000000000e+00,0.000000000000000000e+00,0.000000000000000000e+00,0.000000000000000000e+00,0.000000000000000000e+00,0.000000000000000000e+00,0.000000000000000000e+00,0.000000000000000000e+00,0.000000000000000000e+00,0.000000000000000000e+00,0.000000000000000000e+00,0.000000000000000000e+00,0.000000000000000000e+00,0.000000000000000000e+00
1.566575919457196653e+00,8.459390691998619261e+00,1.741765755937375815e+00,2.546126939178923812e-02,1.804014893687671053e-02,6.701189382899552793e-01,7.415975224691887524e-01,-2.023961516324018495e-01,-1.633624084675269483e-01,-2.719423390027939091e-03,3.527467964058771943e-01,-2.105053201381743011e-01,1.757778877376559301e-01,-5.005482681171705694e-01,-2.770601518669932872e-01,-3.019138766486348935e-01,6.352241901582538208e-01,2.198812733658173091e-01,3.694389686556611568e-02,-6.307843616850788981e-02,0.000000000000000000e+00,0.000000000000000000e+00,0.000000000000000000e+00,0.000000000000000000e+00,0.000000000000000000e+00,0.000000000000000000e+00,0.000000000000000000e+00,0.000000000000000000e+00,0.000000000000000000e+00,0.000000000000000000e+00,0.000000000000000000e+00,0.000000000000000000e+00,0.000000000000000000e+00,0.000000000000000000e+00,0.000000000000000000e+00,0.000000000000000000e+00
1.570485429478041040e+00,8.498203503018675775e+00,1.736269596136222892e+00,3.700209261017603501e-02,1.772296424061368600e-02,6.916911876952264171e-01,7.210270747661021717e-01,-1.306554016826169118e-01,-1.937941816346629709e-01,-5.926563730725796508e-02,3.401933521155494078e-01,-2.346117878585393390e-01,1.574974204926177790e-01,-5.417037610966359829e-01,-3.054289352260676771e-01,-3.301895875106204414e-01,5.289262810277153282e-01,1.838928237179056069e-01,7.235887913133430549e-02,-1.268845762403021105e-01,0.000000000000000000e+00,0.000000000000000000e+00,0.000000000000000000e+00,0.000000000000000000e+00,0.000000000000000000e+00,0.000000000000000000e+00,0.000000000000000000e+00,0.000000000000000000e+00,0.000000000000000000e+00,0.000000000000000000e+00,0.000000000000000000e+00,0.000000000000000000e+00,0.000000000000000000e+00,0.000000000000000000e+00,0.000000000000000000e+00,0.000000000000000000e+00
1.574886897820933829e+00,8.537245932828959383e+00,1.728960389724517155e+00,5.035509277465109040e-02,1.691400536530251672e-02,7.124568045435725194e-01,6.997024958607204193e-01,-5.661607078647915708e-02,-2.210209556301650224e-01,-1.227545347816812599e-01,3.321747650116333994e-01,-2.663028805138349941e-01,1.395433468792007248e-01,-5.825415100609666608e-01,-3.315369402510668917e-01,-3.343262845269189265e-01,4.191885686048653081e-01,1.482141441314856201e-01,1.241316744673048728e-01,-1.890084998393301574e-01,0.000000000000000000e+00,0.000000000000000000e+00,0.000000000000000000e+00,0.000000000000000000e+00,0.000000000000000000e+00,0.000000000000000000e+00,0.000000000000000000e+00,0.000000000000000000e+00,0.000000000000000000e+00,0.000000000000000000e+00,0.000000000000000000e+00,0.000000000000000000e+00,0.000000000000000000e+00,0.000000000000000000e+00,0.000000000000000000e+00,0.000000000000000000e+00
1.579554823893615012e+00,8.575511052048161886e+00,1.724498127248774493e+00,5.919097566523541520e-02,1.680453784800914341e-02,7.293066777309308302e-01,6.814145623074001623e-01,1.131225425111601762e-02,-2.334552726800189215e-01,-1.894068955691270983e-01,3.192088029418427286e-01,-2.892220582195182965e-01,1.207230799173216323e-01,-6.203757458805972957e-01,-3.413803583784726925e-01,-3.204595435739509002e-01,3.180947461541450694e-01,1.119973787134267151e-01,1.766586699944981409e-01,-2.409255743854240295e-01,0.000000000000000000e+00,0.000000000000000000e+00,0.000000000000000000e+00,0.000000000000000000e+00,0.000000000000000000e+00,0.000000000000000000e+00,0.000000000000000000e+00,0.000000000000000000e+00,0.000000000000000000e+00,0.000000000000000000e+00,0.000000000000000000e+00,0.000000000000000000e+00,0.000000000000000000e+00,0.000000000000000000e+00,0.000000000000000000e+00,0.000000000000000000e+00
1.584628933118189975e+00,8.612797462557198358e+00,1.722055439701557944e+00,6.263554638066748392e-02,1.930742106290687932e-02,7.417519757732393693e-01,6.674638703765111147e-01,6.848450730037489165e-02,-2.325442664490102174e-01,-2.458497414768699152e-01,3.101177526885284252e-01,-3.173536245194877314e-01,1.030013527730867240e-01,-6.631777206810807179e-01,-3.464133162830729251e-01,-3.062797274776205558e-01,2.505796472683355924e-01,6.937117028901117199e-02,2.201175508609003184e-01,-2.811586794071569417e-01,0.000000000000000000e+00,0.000000000000000000e+00,0.000000000000000000e+00,0.000000000000000000e+00,0.000000000000000000e+00,0.000000000000000000e+00,0.000000000000000000e+00,0.000000000000000000e+00,0.000000000000000000e+00,0.000000000000000000e+00,0.000000000000000000e+00,0.000000000000000000e+00,0.000000000000000000e+00,0.000000000000000000e+00,0.000000000000000000e+00,0.000000000000000000e+00
1.590300352958399444e+00,8.650327550003884980e+00,1.718390848816355509e+00,6.101297815543724190e-02,2.541593490852006587e-02,7.504347786015254096e-01,6.576314239865755917e-01,1.142168624818492850e-01,-2.262154316185517322e-01,-2.987452909075737351e-01,3.069560448765973892e-01,-3.290584144442957326e-01,8.769751257064103966e-02,-6.921267815665919088e-01,-3.453817347077015598e-01,-2.871060655636781811e-01,2.211211687747625942e-01,5.079709014798058919e-02,2.367620926646936130e-01,-3.116576470993327463e-01,0.000000000000000000e+00,0.000000000000000000e+00,0.000000000000000000e+00,0.000000000000000000e+00,0.000000000000000000e+00,0.000000000000000000e+00,0.000000000000000000e+00,0.000000000000000000e+00,0.000000000000000000e+00,0.000000000000000000e+00,0.000000000000000000e+00,0.000000000000000000e+00,0.000000000000000000e+00,0.000000000000000000e+00,0.000000000000000000e+00,0.000000000000000000e+00
1.596605896463141994e+00,8.688843371499968882e+00,1.712922321563767669e+00,5.674781421285806510e-02,3.474100558927255972e-02,7.569830719333178193e-01,6.500379811358011350e-01,1.497219270067769725e-01,-2.158680137537268284e-01,-3.356654726296621760e-01,3.149760221437151730e-01,-3.165037245101679497e-01,7.163016840784118544e-02,-6.986158127058177403e-01,-3.407678615577334202e-01,-2.760764206993152614e-01,2.265345850156526564e-01,5.567254731941695400e-02,2.288354568462635796e-01,-3.346071418296318600e-01,0.000000000000000000e+00,0.000000000000000000e+00,0.000000000000000000e+00,0.000000000000000000e+00,0.000000000000000000e+00,0.000000000000000000e+00,0.000000000000000000e+00,0.000000000000000000e+00,0.000000000000000000e+00,0.000000000000000000e+00,0.000000000000000000e+00,0.000000000000000000e+00,0.000000000000000000e+00,0.000000000000000000e+00,0.000000000000000000e+00,0.000000000000000000e+00
1.603103592067997241e+00,8.727397425479848536e+00,1.706395220634965959e+00,4.916571578778389240e-02,4.053627364656688103e-02,7.646448978676287922e-01,6.412937884269040989e-01,1.825062533644644935e-01,-1.922346367740147277e-01,-3.577563722322301687e-01,3.264766026027021706e-01,-2.668191376949157201e-01,4.784537002956362750e-02,-6.860893648361691133e-01,-3.320763415639859661e-01,-2.760845720703722916e-01,2.529444149902705385e-01,7.938234836097815550e-02,2.035677126061893882e-01,-3.583219823912519031e-01,0.000000000000000000e+00,0.000000000000000000e+00,0.000000000000000000e+00,0.000000000000000000e+00,0.000000000000000000e+00,0.000000000000000000e+00,0.000000000000000000e+00,0.000000000000000000e+00,0.000000000000000000e+00,0.000000000000000000e+00,0.000000000000000000e+00,0.000000000000000000e+00,0.000000000000000000e+00,0.000000000000000000e+00,0.000000000000000000e+00,0.000000000000000000e+00
1.609757228041506449e+00,8.764540656873826663e+00,1.700307701508924296e+00,3.479307602471312655e-02,4.204876639422160806e-02,7.711193638136524253e-01,6.343471209496364116e-01,2.017588784098793275e-01,-1.539638939171973919e-01,-3.700864147591611530e-01,3.358969023438225787e-01,-1.598683718788731500e-01,9.004902037928551317e-03,-6.728448839642283685e-01,-3.076522796737817256e-01,-2.956453005708877257e-01,2.938133096797432842e-01,1.017824178075712460e-01,1.610183108324534651e-01,-3.784622841742306676e-01,0.000000000000000000e+00,0.000000000000000000e+00,0.000000000000000000e+00,0.000000000000000000e+00,0.000000000000000000e+00,0.000000000000000000e+00,0.000000000000000000e+00,0.000000000000000000e+00,0.000000000000000000e+00,0.000000000000000000e+00,0.000000000000000000e+00,0.000000000000000000e+00,0.000000000000000000e+00,0.000000000000000000e+00,0.000000000000000000e+00,0.000000000000000000e+00
1.616345615166989713e+00,8.800142919343738157e+00,1.695607787395468247e+00,1.241282422907348006e-02,3.908359462244667681e-02,7.748133524111555648e-01,6.308586714561610354e-01,2.028009625816369343e-01,-1.075084595474403160e-01,-3.888592973320412760e-01,3.507349543503923139e-01,-4.182355484211863761e-03,-4.292203500218200185e-02,-6.681389985630206141e-01,-2.707152204112082128e-01,-3.174995022968111757e-01,3.406658689401070861e-01,1.171045070265679389e-01,1.098492030712246437e-01,-3.888499136472295947e-01,0.000000000000000000e+00,0.000000000000000000e+00,0.000000000000000000e+00,0.000000000000000000e+00,0.000000000000000000e+00,0.000000000000000000e+00,0.000000000000000000e+00,0.000000000000000000e+00,0.000000000000000000e+00,0.000000000000000000e+00,0.000000000000000000e+00,0.000000000000000000e+00,0.000000000000000000e+00,0.000000000000000000e+00,0.000000000000000000e+00,0.000000000000000000e+00
1.622653671607857007e+00,8.834392983770966268e+00,1.693287200687287886e+00,-1.207427759475108997e-02,3.546361197244580349e-02,7.741501049158702186e-01,6.318925217987466647e-01,1.877079988273077371e-01,-5.822415718348687014e-02,-3.891031904050351597e-01,3.779935457885514327e-01,1.886805067155891136e-01,-1.001843582669400823e-01,-6.662396585115185621e-01,-2.266498385854572584e-01,-3.402464448085432691e-01,3.894936176752143431e-01,1.174439597627880694e-01,5.461614147517731416e-02,-3.823386933211982974e-01,0.000000000000000000e+00,0.000000000000000000e+00,0.000000000000000000e+00,0.000000000000000000e+00,0.000000000000000000e+00,0.000000000000000000e+00,0.000000000000000000e+00,0.000000000000000000e+00,0.000000000000000000e+00,0.000000000000000000e+00,0.000000000000000000e+00,0.000000000000000000e+00,0.000000000000000000e+00,0.000000000000000000e+00,0.000000000000000000e+00,0.000000000000000000e+00
1.628352519249151031e+00,8.869037054330103587e+00,1.694748994747012016e+00,-2.868411593760157932e-02,3.140922236903712778e-02,7.692328179540454114e-01,6.375512167861723256e-01,1.594856440112017992e-01,-2.154978544674827912e-02,-3.600411575365330963e-01,4.165985737776673470e-01,3.798737498379551880e-01,-1.406263469751017903e-01,-6.566124281770547855e-01,-1.807185668122205102e-01,-3.405724237089423623e-01,4.281435391400683077e-01,1.052535115976528241e-01,6.692469866173122311e-04,-3.587289380361712854e-01,0.000000000000000000e+00,0.000000000000000000e+00,0.000000000000000000e+00,0.000000000000000000e+00,0.000000000000000000e+00,0.000000000000000000e+00,0.000000000000000000e+00,0.000000000000000000e+00,0.000000000000000000e+00,0.000000000000000000e+00,0.000000000000000000e+00,0.000000000000000000e+00,0.000000000000000000e+00,0.000000000000000000e+00,0.000000000000000000e+00,0.000000000000000000e+00
1.634085777175688925e+00,8.906424824749754166e+00,1.701688033593097726e+00,-3.078286903345500702e-02,3.290833133110973585e-02,7.580997684606254339e-01,6.505798934512325715e-01,1.097736773311796116e-01,-1.691868387275371338e-02,-3.052159968932798284e-01,4.835257439975143567e-01,4.933342963924702840e-01,-1.421839080918130549e-01,-6.278340269585039879e-01,-1.432010501324916252e-01,-3.026883982644047455e-01,4.457602353586938015e-01,8.667586208174626883e-02,-3.509317156037087410e-02,-3.143391812118513373e-01,0.000000000000000000e+00,0.000000000000000000e+00,0.000000000000000000e+00,0.000000000000000000e+00,0.000000000000000000e+00,0.000000000000000000e+00,0.000000000000000000e+00,0.000000000000000000e+00,0.000000000000000000e+00,0.000000000000000000e+00,0.000000000000000000e+00,0.000000000000000000e+00,0.000000000000000000e+00,0.000000000000000000e+00,0.000000000000000000e+00,0.000000000000000000e+00
1.640448602014903390e+00,8.945779621136518145e+00,1.710654016462570537e+00,-2.215708210387316510e-02,3.492724378631293508e-02,7.408972537479014964e-01,6.703435020517102272e-01,2.339654247384827246e-02,-2.312463366111281587e-02,-2.096002569244936331e-01,5.974226973802494456e-01,4.947732491018806966e-01,-9.903157395774200844e-02,-5.718002344287772543e-01,-1.090358070266168045e-01,-2.408403095196565702e-01,4.417801835416022005e-01,6.664338111063876358e-02,-5.041795877312596486e-02,-2.526822295281608288e-01,0.000000000000000000e+00,0.000000000000000000e+00,0.000000000000000000e+00,0.000000000000000000e+00,0.000000000000000000e+00,0.000000000000000000e+00,0.000000000000000000e+00,0.000000000000000000e+00,0.000000000000000000e+00,0.000000000000000000e+00,0.000000000000000000e+00,0.000000000000000000e+00,0.000000000000000000e+00,0.000000000000000000e+00,0.000000000000000000e+00,0.000000000000000000e+00
1.646951734587850602e+00,8.983513526866799381e+00,1.722262151501964267e+00,-7.986305238812137566e-03,4.356825043661018138e-02,7.235026717425306897e-01,6.888990568029145223e-01,-7.231145733811863985e-02,-3.756388112534847501e-02,-1.055667268825760258e-01,6.409896502405061369e-01,4.755819249872274002e-01,-3.376655931966784929e-02,-5.115256684987625757e-01,-1.052561603869429513e-01,-1.802859937135835033e-01,4.232190717225263188e-01,4.730614553983091691e-02,-4.532490758474255060e-02,-1.879840680905065786e-01,0.000000000000000000e+00,0.000000000000000000e+00,0.000000000000000000e+00,0.000000000000000000e+00,0.000000000000000000e+00,0.000000000000000000e+00,0.000000000000000000e+00,0.000000000000000000e+00,0.000000000000000000e+00,0.000000000000000000e+00,0.000000000000000000e+00,0.000000000000000000e+00,0.000000000000000000e+00,0.000000000000000000e+00,0.000000000000000000e+00,0.000000000000000000e+00
1.653022788550321476e+00,9.020678170149471597e+00,1.729888880734691936e+00,2.381306605572881471e-03,4.503610465992714113e-02,7.048503510929403637e-01,7.079209427754410422e-01,-1.811270269306922420e-01,-3.452475697206466854e-02,-1.570406897392429696e-02,7.033217638828797025e-01,3.996762967695707269e-01,1.897667753852584627e-02,-4.445638034044370190e-01,-9.157892405560952298e-02,-1.266224218173000737e-01,4.012000558781460557e-01,3.335677119013143177e-02,-3.622296804386368474e-02,-1.179588181072646763e-01,0.000000000000000000e+00,0.000000000000000000e+00,0.000000000000000000e+00,0.000000000000000000e+00,0.000000000000000000e+00,0.000000000000000000e+00,0.000000000000000000e+00,0.000000000000000000e+00,0.000000000000000000e+00,0.000000000000000000e+00,0.000000000000000000e+00,0.000000000000000000e+00,0.000000000000000000e+00,0.000000000000000000e+00,0.000000000000000000e+00,0.000000000000000000e+00
1.658356419024700434e+00,9.056903277140119002e+00,1.735653664476842328e+00,1.051623065445395598e-02,4.258827564418903033e-02,6.850642912698154952e-01,7.271606180875459513e-01,-2.826489374206576644e-01,-2.533860382069897527e-02,4.355035245366113694e-02,7.151494767360778715e-01,3.062464282871598664e-01,5.850196213760977537e-02,-3.738707562665522510e-01,-7.815027716737041330e-02,-8.385967903534047307e-02,3.723963429825544735e-01,2.503436617973203021e-02,-2.140636473198026524e-02,-4.627515292859007284e-02,0.000000000000000000e+00,0.000000000000000000e+00,0.000000000000000000e+00,0.000000000000000000e+00,0.000000000000000000e+00,0.000000000000000000e+00,0.000000000000000000e+00,0.000000000000000000e+00,0.000000000000000000e+00,0.000000000000000000e+00,0.000000000000000000e+00,0.000000000000000000e+00,0.000000000000000000e+00,0.000000000000000000e+00,0.000000000000000000e+00,0.000000000000000000e+00
1.663421675082112916e+00,9.092687871919217457e+00,1.739249094116810168e+00,1.966917068787888204e-02,3.861535128105203496e-02,6.635668064476394346e-01,7.468608114975457957e-01,-3.741358314853116540e-01,-1.237974329421169528e-02,7.979671596281159851e-02,6.737405762463990477e-01,2.119119102719664305e-01,7.750177713501216203e-02,-3.027867849255063692e-01,-6.625298349197146497e-02,-4.088317808672051190e-02,3.421050518861020739e-01,2.567881836734167006e-02,-7.924250847998068337e-03,2.553115042271113938e-02,0.000000000000000000e+00,0.000000000000000000e+00,0.000000000000000000e+00,0.000000000000000000e+00,0.000000000000000000e+00,0.000000000000000000e+00,0.000000000000000000e+00,0.000000000000000000e+00,0.000000000000000000e+00,0.000000000000000000e+00,0.000000000000000000e+00,0.000000000000000000e+00,0.000000000000000000e+00,0.000000000000000000e+00,0.000000000000000000e+00,0.000000000000000000e+00
1.667887933560415537e+00,9.128445063694011097e+00,1.740083004757310370e+00,2.162097809820959227e-02,3.141276187987637053e-02,6.402996358332478932e-01,7.671780419491716074e-01,-4.477776708263263572e-01,2.227472962897736330e-02,1.196738866873846840e-01,5.913622704030030430e-01,1.362558502241088543e-01,7.876118422741368308e-02,-2.390305858200219291e-01,-4.552605102625995742e-02,1.856211697243093095e-03,3.205500651019465019e-01,1.088403189891075373e-02,9.721471622281688610e-03,9.176965889480613592e-02,0.000000000000000000e+00,0.000000000000000000e+00,0.000000000000000000e+00,0.000000000000000000e+00,0.000000000000000000e+00,0.000000000000000000e+00,0.000000000000000000e+00,0.000000000000000000e+00,0.000000000000000000e+00,0.000000000000000000e+00,0.000000000000000000e+00,0.000000000000000000e+00,0.000000000000000000e+00,0.000000000000000000e+00,0.000000000000000000e+00,0.000000000000000000e+00
1.672014258428132560e+00,9.164329832633532291e+00,1.738173422607106833e+00,1.620130178625419151e-02,2.411119263058433826e-02,6.169873201060128709e-01,7.864367838795192078e-01,-5.079397357378448996e-01,6.451457038831880098e-02,1.438958581825192651e-01,4.911400945906521653e-01,9.569123597747768162e-02,6.754759396480822242e-02,-1.839393251228176318e-01,-1.848636952908329009e-02,5.597268504756271884e-02,3.051489049413272925e-01,-1.578237103750891601e-02,2.222083702827872681e-02,1.500806062676768027e-01,0.000000000000000000e+00,0.000000000000000000e+00,0.000000000000000000e+00,0.000000000000000000e+00,0.000000000000000000e+00,0.000000000000000000e+00,0.000000000000000000e+00,0.000000000000000000e+00,0.000000000000000000e+00,0.000000000000000000e+00,0.000000000000000000e+00,0.000000000000000000e+00,0.000000000000000000e+00,0.000000000000000000e+00,0.000000000000000000e+00,0.000000000000000000e+00
1.675862095635588078e+00,9.200287022872004172e+00,1.734324929889944134e+00,7.687730145834768131e-03,1.897783524996306606e-02,5.975198140897881594e-01,8.015926723371009643e-01,-5.556794698553670919e-01,1.129810446750433711e-01,1.800634837175857372e-01,3.929835878899623491e-01,6.088521394570935164e-02,3.941841663142177377e-02,-1.300767647493981660e-01,1.717049670698051790e-03,9.088574296201265557e-02,2.801461145996027025e-01,-5.063484225380049386e-02,2.968848172513853176e-02,1.977785354320303057e-01,0.000000000000000000e+00,0.000000000000000000e+00,0.000000000000000000e+00,0.000000000000000000e+00,0.000000000000000000e+00,0.000000000000000000e+00,0.000000000000000000e+00,0.000000000000000000e+00,0.000000000000000000e+00,0.000000000000000000e+00,0.000000000000000000e+00,0.000000000000000000e+00,0.000000000000000000e+00,0.000000000000000000e+00,0.000000000000000000e+00,0.000000000000000000e+00
1.679860194568304488e+00,9.236242074866087393e+00,1.728033554717073983e+00,-7.837536097000906421e-04,1.610889335053472191e-02,5.776740180057580165e-01,8.161082147646743223e-01,-6.048537200272602332e-01,1.570665358114194943e-01,2.147734074899824153e-01,3.158250744400195598e-01,3.391176327053897072e-02,7.133066218372220019e-03,-8.173310051923518560e-02,1.082800581020398022e-02,1.233527058592597259e-01,2.635631628227640966e-01,-8.543511649216931070e-02,3.586983625456106883e-02,2.409925354569487921e-01,0.000000000000000000e+00,0.000000000000000000e+00,0.000000000000000000e+00,0.000000000000000000e+00,0.000000000000000000e+00,0.000000000000000000e+00,0.000000000000000000e+00,0.000000000000000000e+00,0.000000000000000000e+00,0.000000000000000000e+00,0.000000000000000000e+00,0.000000000000000000e+00,0.000000000000000000e+00,0.000000000000000000e+00,0.000000000000000000e+00,0.000000000000000000e+00
1.683886774145675780e+00,9.271823676537362502e+00,1.720739124110646223e+00,-7.259440521228378851e-03,1.521556774310882897e-02,5.604887711348875978e-01,8.279904132616976442e-01,-6.527033797094522471e-01,1.884563690545279502e-01,2.311726518537809416e-01,2.447048414517654646e-01,9.196441825902769429e-03,-1.780130610347485307e-02,-3.846504836484885420e-02,1.492652406729525622e-02,1.600610618802811025e-01,2.532117830053798313e-01,-1.234840056076693254e-01,3.481589187812013375e-02,2.784873543697466980e-01,0.000000000000000000e+00,0.000000000000000000e+00,0.000000000000000000e+00,0.000000000000000000e+00,0.000000000000000000e+00,0.000000000000000000e+00,0.000000000000000000e+00,0.000000000000000000e+00,0.000000000000000000e+00,0.000000000000000000e+00,0.000000000000000000e+00,0.000000000000000000e+00,0.000000000000000000e+00,0.000000000000000000e+00,0.000000000000000000e+00,0.000000000000000000e+00
1.687760691820378467e+00,9.307004440850073834e+00,1.711114242360683546e+00,-1.308544308980871471e-02,1.537559103408506038e-02,5.468565721292245607e-01,8.369828265254729560e-01,-6.883482812910042270e-01,2.060613833445874843e-01,2.404981793842960458e-01,2.008207624823818149e-01,-7.279463084133540318e-03,-2.583127284323189637e-02,-2.418887749410215948e-03,1.642042139029518955e-02,1.823568703725275686e-01,2.589228474480100295e-01,-1.551834287417164782e-01,3.108643363512489724e-02,3.094333770237526204e-01,0.000000000000000000e+00,0.000000000000000000e+00,0.000000000000000000e+00,0.000000000000000000e+00,0.000000000000000000e+00,0.000000000000000000e+00,0.000000000000000000e+00,0.000000000000000000e+00,0.000000000000000000e+00,0.000000000000000000e+00,0.000000000000000000e+00,0.000000000000000000e+00,0.000000000000000000e+00,0.000000000000000000e+00,0.000000000000000000e+00,0.000000000000000000e+00
1.691588519765948151e+00,9.343062868247349328e+00,1.699982769181330289e+00,-1.804468752947968602e-02,1.329336462206448868e-02,5.338148000227896928e-01,8.453043445917076681e-01,-7.071891006932952140e-01,2.197298358634370563e-01,2.513394136326969064e-01,1.917713619334880104e-01,-6.704878976082663533e-03,-2.355006208266847284e-02,3.502852637101989963e-02,1.185410047877693586e-02,2.124421984558780008e-01,2.600549270173200256e-01,-1.595786679788037954e-01,3.836405785305529309e-02,3.372975643358232523e-01,0.000000000000000000e+00,0.000000000000000000e+00,0.000000000000000000e+00,0.000000000000000000e+00,0.000000000000000000e+00,0.000000000000000000e+00,0.000000000000000000e+00,0.000000000000000000e+00,0.000000000000000000e+00,0.000000000000000000e+00,0.000000000000000000e+00,0.000000000000000000e+00,0.000000000000000000e+00,0.000000000000000000e+00,0.000000000000000000e+00,0.000000000000000000e+00
1.695367493292252892e+00,9.380623211200880718e+00,1.688924739173112366e+00,-2.647855012871208960e-02,8.104809102815843658e-03,5.186818596480429200e-01,8.545187692055308259e-01,-7.077671528733933126e-01,2.407784509587744537e-01,2.662022219752754326e-01,2.226136468251962430e-01,1.190161072034335438e-02,-1.638664803248321422e-02,7.778954624491943304e-02,1.167066487727978774e-02,2.457643785743291176e-01,2.669779012682582109e-01,-1.556889882822568849e-01,4.890534496097920236e-02,3.710782248966577046e-01,0.000000000000000000e+00,0.000000000000000000e+00,0.000000000000000000e+00,0.000000000000000000e+00,0.000000000000000000e+00,0.000000000000000000e+00,0.000000000000000000e+00,0.000000000000000000e+00,0.000000000000000000e+00,0.000000000000000000e+00,0.000000000000000000e+00,0.000000000000000000e+00,0.000000000000000000e+00,0.000000000000000000e+00,0.000000000000000000e+00,0.000000000000000000e+00
1.699346230859307472e+00,9.418216453634691732e+00,1.678270541705124019e+00,-2.834191249856156392e-02,7.834368950017694261e-03,5.069749360835819063e-01,8.614590952808648394e-01,-6.993444063066505123e-01,2.433106587004290333e-01,2.766901163268495889e-01,2.671446187600898803e-01,4.104358497471385925e-02,-6.350456645434526988e-04,1.100186167298789902e-01,-6.509797465061646637e-03,2.792385432030426995e-01,2.849515564862705741e-01,-1.022513411392868138e-01,7.407497008895257140e-02,3.993439231807313083e-01,0.000000000000000000e+00,0.000000000000000000e+00,0.000000000000000000e+00,0.000000000000000000e+00,0.000000000000000000e+00,0.000000000000000000e+00,0.000000000000000000e+00,0.000000000000000000e+00,0.000000000000000000e+00,0.000000000000000000e+00,0.000000000000000000e+00,0.000000000000000000e+00,0.000000000000000000e+00,0.000000000000000000e+00,0.000000000000000000e+00,0.000000000000000000e+00
1.703507827159926658e+00,9.454960217201898942e+00,1.668131446064404777e+00,-2.678350193579938365e-02,1.628382814077771606e-02,4.987185125969972321e-01,8.661970481121338272e-01,-6.882156982434411985e-01,2.219348635413884441e-01,2.922567227223585862e-01,3.173076260189910403e-01,7.412222856596016596e-02,2.507141582698799859e-02,1.265954767636301992e-01,-4.667951154133644087e-02,2.973623995390317631e-01,3.004556573600532521e-01,1.502567922236995590e-02,1.241839129126268149e-01,4.243061111367987803e-01,0.000000000000000000e+00,0.000000000000000000e+00,0.000000000000000000e+00,0.000000000000000000e+00,0.000000000000000000e+00,0.000000000000000000e+00,0.000000000000000000e+00,0.000000000000000000e+00,0.000000000000000000e+00,0.000000000000000000e+00,0.000000000000000000e+00,0.000000000000000000e+00,0.000000000000000000e+00,0.000000000000000000e+00,0.000000000000000000e+00,0.000000000000000000e+00
1.708134578735533982e+00,9.489698238466722557e+00,1.659335130282560744e+00,-2.246027430187561708e-02,3.509448611438691079e-02,4.964632508016456058e-01,8.670571801940818446e-01,-6.897394898902040605e-01,1.830998116770203021e-01,3.186907573589213838e-01,3.677975887314220982e-01,9.043838686105484803e-02,6.191386282824021953e-02,1.261342923558474161e-01,-1.150523097389371668e-01,2.714581941459351944e-01,3.237687356441515951e-01,2.065575651794289425e-01,1.727475174007387648e-01,4.383990125002343863e-01,0.000000000000000000e+00,0.000000000000000000e+00,0.000000000000000000e+00,0.000000000000000000e+00,0.000000000000000000e+00,0.000000000000000000e+00,0.000000000000000000e+00,0.000000000000000000e+00,0.000000000000000000e+00,0.000000000000000000e+00,0.000000000000000000e+00,0.000000000000000000e+00,0.000000000000000000e+00,0.000000000000000000e+00,0.000000000000000000e+00,0.000000000000000000e+00
1.713007903257110609e+00,9.525222949269625872e+00,1.655571000349409072e+00,-2.017819931951196633e-02,5.076073842833453420e-02,5.025366106959550105e-01,8.628285708161574918e-01,-6.843567754057985342e-01,1.379978626516097651e-01,3.324865592859131969e-01,4.063861885185930944e-01,9.185931197771737833e-02,1.020341742592673767e-01,1.091146687915735963e-01,-1.593937019914399011e-01,2.384106344693341928e-01,3.659432613889812558e-01,4.036583730443845108e-01,2.076890210588230590e-01,4.361467150022902972e-01,0.000000000000000000e+00,0.000000000000000000e+00,0.000000000000000000e+00,0.000000000000000000e+00,0.000000000000000000e+00,0.000000000000000000e+00,0.000000000000000000e+00,0.000000000000000000e+00,0.000000000000000000e+00,0.000000000000000000e+00,0.000000000000000000e+00,0.000000000000000000e+00,0.000000000000000000e+00,0.000000000000000000e+00,0.000000000000000000e+00,0.000000000000000000e+00
1.717758929517204436e+00,9.565238527498552301e+00,1.658722777570521112e+00,-1.458179678795908964e-02,5.779280260250792972e-02,5.189710655280393992e-01,8.527112033475766628e-01,-6.522750622690495215e-01,8.357757420128132664e-02,3.274467564417736787e-01,4.230664175592029896e-01,5.789238644339798207e-02,1.398948736006961346e-01,7.071773563734971846e-02,-1.785332218050348640e-01,1.736734215812817117e-01,4.813247073169012458e-01,4.952186301648011657e-01,2.075783093637610655e-01,4.051817515656446211e-01,0.000000000000000000e+00,0.000000000000000000e+00,0.000000000000000000e+00,0.000000000000000000e+00,0.000000000000000000e+00,0.000000000000000000e+00,0.000000000000000000e+00,0.000000000000000000e+00,0.000000000000000000e+00,0.000000000000000000e+00,0.000000000000000000e+00,0.000000000000000000e+00,0.000000000000000000e+00,0.000000000000000000e+00,0.000000000000000000e+00,0.000000000000000000e+00
1.721479739504282680e+00,9.608386046182657125e+00,1.667547304887791348e+00,-9.769746275503678190e-03,5.700981629594288613e-02,5.404472042658732267e-01,8.393874268207827116e-01,-6.060395064317721792e-01,3.440882659643582087e-02,2.970842450194791651e-01,4.269654674635346425e-01,4.449172966216462244e-03,1.670397039555356067e-01,4.818180309591505242e-03,-1.874949347366023367e-01,8.733359075890205492e-02,5.976450002993055621e-01,4.969144282273890711e-01,1.622742422278574126e-01,3.472503644903093267e-01,0.000000000000000000e+00,0.000000000000000000e+00,0.000000000000000000e+00,0.000000000000000000e+00,0.000000000000000000e+00,0.000000000000000000e+00,0.000000000000000000e+00,0.000000000000000000e+00,0.000000000000000000e+00,0.000000000000000000e+00,0.000000000000000000e+00,0.000000000000000000e+00,0.000000000000000000e+00,0.000000000000000000e+00,0.000000000000000000e+00,0.000000000000000000e+00
1.723161431522745479e+00,9.650822558948046748e+00,1.680221631152696737e+00,-9.399431990768227635e-03,4.755514095632669413e-02,5.611708908906032356e-01,8.262792448463893713e-01,-5.424991535062724246e-01,7.010194940316228501e-03,2.592363443143100299e-01,4.085722045981686201e-01,-4.351552117579666340e-02,1.895824234758976545e-01,-7.517530129777530434e-02,-1.771554748944604574e-01,-6.114760642083327813e-03,6.498817837989856461e-01,4.950793785629962751e-01,9.348475060895553024e-02,2.860177881502986574e-01,0.000000000000000000e+00,0.000000000000000000e+00,0.000000000000000000e+00,0.000000000000000000e+00,0.000000000000000000e+00,0.000000000000000000e+00,0.000000000000000000e+00,0.000000000000000000e+00,0.000000000000000000e+00,0.000000000000000000e+00,0.000000000000000000e+00,0.000000000000000000e+00,0.000000000000000000e+00,0.000000000000000000e+00,0.000000000000000000e+00,0.000000000000000000e+00
1.724506328215974271e+00,9.691836342930804093e+00,1.689227929942893613e+00,-7.352640918434134865e-03,3.955531256295648918e-02,5.828120718316650573e-01,8.116103774883940414e-01,-4.794202384494143931e-01,-1.861231443028517341e-02,2.218873768567364846e-01,3.948257153811872699e-01,-7.897411556668988697e-02,2.033192464041528591e-01,-1.696291176313476645e-01,-1.785761488903064853e-01,-9.417007239929860163e-02,7.066789555044427074e-01,4.495010317121471699e-01,4.308799322098883638e-02,2.181259120519243866e-01,0.000000000000000000e+00,0.000000000000000000e+00,0.000000000000000000e+00,0.000000000000000000e+00,0.000000000000000000e+00,0.000000000000000000e+00,0.000000000000000000e+00,0.000000000000000000e+00,0.000000000000000000e+00,0.000000000000000000e+00,0.000000000000000000e+00,0.000000000000000000e+00,0.000000000000000000e+00,0.000000000000000000e+00,0.000000000000000000e+00,0.000000000000000000e+00
1.725868413715780703e+00,9.731917254082874891e+00,1.693356842301493081e+00,2.661198452715406865e-04,3.135845076109457924e-02,6.097379937693349072e-01,7.919824213328463536e-01,-4.112118312916252516e-01,-5.619091467795456207e-02,1.739958069030742016e-01,3.877408809366801878e-01,-1.175614923629393904e-01,2.076121326753211649e-01,-2.747254754761093154e-01,-1.984620899461810861e-01,-1.700055948521879690e-01,7.482253121765600756e-01,3.599393302545932372e-01,1.552141868346808284e-02,1.393202016833751389e-01,0.000000000000000000e+00,0.000000000000000000e+00,0.000000000000000000e+00,0.000000000000000000e+00,0.000000000000000000e+00,0.000000000000000000e+00,0.000000000000000000e+00,0.000000000000000000e+00,0.000000000000000000e+00,0.000000000000000000e+00,0.000000000000000000e+00,0.000000000000000000e+00,0.000000000000000000e+00,0.000000000000000000e+00,0.000000000000000000e+00,0.000000000000000000e+00
1.726776505726774991e+00,9.770966219644764195e+00,1.695664007292799758e+00,7.553490201083799295e-03,2.549475785794777516e-02,6.356234992717889609e-01,7.715411390723327933e-01,-3.441830422544825963e-01,-9.339674522601534856e-02,1.140269305697970414e-01,3.773627263816233812e-01,-1.472132741337871809e-01,2.000642044487508930e-01,-3.647184545714953208e-01,-2.191450112514443938e-01,-2.223853944262215721e-01,7.377656500982757715e-01,2.917809304032472628e-01,9.956815294442034059e-03,6.379687609467732390e-02,0.000000000000000000e+00,0.000000000000000000e+00,0.000000000000000000e+00,0.000000000000000000e+00,0.000000000000000000e+00,0.000000000000000000e+00,0.000000000000000000e+00,0.000000000000000000e+00,0.000000000000000000e+00,0.000000000000000000e+00,0.000000000000000000e+00,0.000000000000000000e+00,0.000000000000000000e+00,0.000000000000000000e+00,0.000000000000000000e+00,0.000000000000000000e+00
1.727369059824472197e+00,9.809380292529938927e+00,1.694678421836885551e+00,1.601634743863207533e-02,2.231991504339643495e-02,6.620453823220082690e-01,7.489600855541546087e-01,-2.795785899570937816e-01,-1.303185644804973620e-01,5.549404659160336178e-02,3.732704366201871071e-01,-1.820429122751429096e-01,1.884821685753773068e-01,-4.348744872821251328e-01,-2.497208967567140503e-01,-2.718585934113020852e-01,6.832309736911964526e-01,2.414167364450759412e-01,1.862907496515536082e-02,-6.818974639356246981e-03,0.000000000000000000e+00,0.000000000000000000e+00,0.000000000000000000e+00,0.000000000000000000e+00,0.000000000000000000e+00,0.000000000000000000e+00,0.000000000000000000e+00,0.000000000000000000e+00,0.000000000000000000e+00,0.000000000000000000e+00,0.000000000000000000e+00,0.000000000000000000e+00,0.000000000000000000e+00,0.000000000000000000e+00,0.000000000000000000e+00,0.000000000000000000e+00
1.728108046494206462e+00,9.847610494910473022e+00,1.691534432448161818e+00,2.614622540419594965e-02,2.130097876266288937e-02,6.847517485098522094e-01,7.279956635266214837e-01,-2.093062843112054316e-01,-1.643824769487704784e-01,3.086353466512065102e-03,3.588513172682131214e-01,-2.106075589752900989e-01,1.723009682383258023e-01,-4.890710429377414514e-01,-2.789397067175234946e-01,-3.127365020709452215e-01,5.959932852867180220e-01,2.012214292761442813e-01,4.065884251080899292e-02,-7.075475762271001001e-02,0.000000000000000000e+00,0.000000000000000000e+00,0.000000000000000000e+00,0.000000000000000000e+00,0.000000000000000000e+00,0.000000000000000000e+00,0.000000000000000000e+00,0.000000000000000000e+00,0.000000000000000000e+00,0.000000000000000000e+00,0.000000000000000000e+00,0.000000000000000000e+00,0.000000000000000000e+00,0.000000000000000000e+00,0.000000000000000000e+00,0.000000000000000000e+00
1.729203003981403253e+00,9.886015836424896008e+00,1.686264899553663987e+00,3.708668845392326663e-02,2.112605006549676118e-02,7.067789674894501273e-01,7.061457063968449299e-01,-1.394878993247668231e-01,-1.956383152568804407e-01,-5.451502125734990212e-02,3.474324774407188121e-01,-2.371019368183290843e-01,1.559917812010045146e-01,-5.341158731980027996e-01,-3.063013533679649347e-01,-3.369400298696763052e-01,4.994716526077642715e-01,1.648738950691029104e-01,7.755977212555251188e-02,-1.317080565452126983e-01,0.000000000000000000e+00,0.000000000000000000e+00,0.000000000000000000e+00,0.000000000000000000e+00,0.000000000000000000e+00,0.000000000000000000e+00,0.000000000000000000e+00,0.000000000000000000e+00,0.000000000000000000e+00,0.000000000000000000e+00,0.000000000000000000e+00,0.000000000000000000e+00,0.000000000000000000e+00,0.000000000000000000e+00,0.000000000000000000e+00,0.000000000000000000e+00
1.730805407031293708e+00,9.924977272312327514e+00,1.679877590105377294e+00,4.957776253095437513e-02,1.972410170004387786e-02,7.271015952815763628e-01,6.844532675161528745e-01,-6.525968547288778232e-02,-2.207624213406814140e-01,-1.183633224870054845e-01,3.362791306864287844e-01,-2.660435946373876370e-01,1.402875375207094100e-01,-5.790176622452296584e-01,-3.262794457935608294e-01,-3.328687908921703631e-01,3.932312174256850090e-01,1.290855543370045544e-01,1.297099222044980071e-01,-1.941806047973019256e-01,0.000000000000000000e+00,0.000000000000000000e+00,0.000000000000000000e+00,0.000000000000000000e+00,0.000000000000000000e+00,0.000000000000000000e+00,0.000000000000000000e+00,0.000000000000000000e+00,0.000000000000000000e+00,0.000000000000000000e+00,0.000000000000000000e+00,0.000000000000000000e+00,0.000000000000000000e+00,0.000000000000000000e+00,0.000000000000000000e+00,0.000000000000000000e+00
1.732849876636454622e+00,9.963122661564920435e+00,1.672773232675054844e+00,5.920176718359447532e-02,1.986396221487428740e-02,7.439449213588193999e-01,6.653168626691243759e-01,2.126484021779267292e-03,-2.361635530290331353e-01,-1.841474232932852617e-01,3.244797688663584312e-01,-3.014274316119494590e-01,1.263774448399766492e-01,-6.231728892764007988e-01,-3.382615622670458455e-01,-3.184701626044277867e-01,2.960836652653431322e-01,8.947894658922735112e-02,1.804182946043663971e-01,-2.444126711744404878e-01,0.000000000000000000e+00,0.000000000000000000e+00,0.000000000000000000e+00,0.000000000000000000e+00,0.000000000000000000e+00,0.000000000000000000e+00,0.000000000000000000e+00,0.000000000000000000e+00,0.000000000000000000e+00,0.000000000000000000e+00,0.000000000000000000e+00,0.000000000000000000e+00,0.000000000000000000e+00,0.000000000000000000e+00,0.000000000000000000e+00,0.000000000000000000e+00
1.735560099939352785e+00,1.000109360349153320e+01,1.664851370556793553e+00,6.218200613689781053e-02,2.406398456714742978e-02,7.543286408832611256e-01,6.531023076844516551e-01,5.745894785443141084e-02,-2.427686598674359819e-01,-2.485173360820065735e-01,3.136609441033441636e-01,-3.353239156634288398e-01,1.133927458568542296e-01,-6.643100673874938744e-01,-3.465551151851472556e-01,-3.050490407508585911e-01,2.401860761169748171e-01,5.672280461757927411e-02,2.182573833133888974e-01,-2.784848169177613353e-01,0.000000000000000000e+00,0.000000000000000000e+00,0.000000000000000000e+00,0.000000000000000000e+00,0.000000000000000000e+00,0.000000000000000000e+00,0.000000000000000000e+00,0.000000000000000000e+00,0.000000000000000000e+00,0.000000000000000000e+00,0.000000000000000000e+00,0.000000000000000000e+00,0.000000000000000000e+00,0.000000000000000000e+00,0.000000000000000000e+00,0.000000000000000000e+00
1.739040934801038718e+00,1.003995632316643594e+01,1.655352556831826139e+00,6.018400742509476264e-02,3.131009263540272813e-02,7.620760578606661229e-01,6.439236331933835267e-01,9.947147450055249251e-02,-2.422539563421269027e-01,-3.031372825675618943e-01,3.141527207366466845e-01,-3.493124301233691553e-01,1.026961729519892119e-01,-6.921646052444498931e-01,-3.463405342111160468e-01,-2.862325666547322900e-01,2.185853771614149066e-01,4.442461626618006421e-02,2.322494583063047513e-01,-3.045921645914760889e-01,0.000000000000000000e+00,0.000000000000000000e+00,0.000000000000000000e+00,0.000000000000000000e+00,0.000000000000000000e+00,0.000000000000000000e+00,0.000000000000000000e+00,0.000000000000000000e+00,0.000000000000000000e+00,0.000000000000000000e+00,0.000000000000000000e+00,0.000000000000000000e+00,0.000000000000000000e+00,0.000000000000000000e+00,0.000000000000000000e+00,0.000000000000000000e+00
1.743322653551115264e+00,1.007948911861904939e+01,1.649696892156915284e+00,5.414982117647559878e-02,3.689990264249838614e-02,7.699887776289674468e-01,6.346837609211222198e-01,1.397820504775746098e-01,-2.225971514983476895e-01,-3.384722791773318584e-01,3.098146749669670186e-01,-3.152345329776060634e-01,7.723815784700348297e-02,-6.979973186945656050e-01,-3.363332657119840197e-01,-2.786364472637810064e-01,2.272991626889309114e-01,4.869584259953164962e-02,2.229513713586910306e-01,-3.282786335114281084e-01,0.000000000000000000e+00,0.000000000000000000e+00,0.000000000000000000e+00,0.000000000000000000e+00,0.000000000000000000e+00,0.000000000000000000e+00,0.000000000000000000e+00,0.000000000000000000e+00,0.000000000000000000e+00,0.000000000000000000e+00,0.000000000000000000e+00,0.000000000000000000e+00,0.000000000000000000e+00,0.000000000000000000e+00,0.000000000000000000e+00,0.000000000000000000e+00
1.748147499781235403e+00,1.011903018357572215e+01,1.643490701642608132e+00,4.741399728335622676e-02,3.962683501778889450e-02,7.769015806226963194e-01,6.265824453605790545e-01,1.751696734692756996e-01,-1.959231025584487196e-01,-3.564055346914745681e-01,3.142480666568915337e-01,-2.533889606426529273e-01,4.867851800888040037e-02,-6.834347946802887819e-01,-3.246191387030927800e-01,-2.900549363625830046e-01,2.534881837222189294e-01,7.038746902817735740e-02,1.986217239609230356e-01,-3.473519871162336625e-01,0.000000000000000000e+00,0.000000000000000000e+00,0.000000000000000000e+00,0.000000000000000000e+00,0.000000000000000000e+00,0.000000000000000000e+00,0.000000000000000000e+00,0.000000000000000000e+00,0.000000000000000000e+00,0.000000000000000000e+00,0.000000000000000000e+00,0.000000000000000000e+00,0.000000000000000000e+00,0.000000000000000000e+00,0.000000000000000000e+00,0.000000000000000000e+00
1.753215896869701140e+00,1.015746176448737081e+01,1.638184567068663222e+00,3.389783004425360458e-02,3.866141005070272002e-02,7.834780192298272938e-01,6.192886450395234110e-01,1.961824385311549679e-01,-1.601550063986171557e-01,-3.775043164350389002e-01,3.282254503251234579e-01,-1.513842481772477988e-01,1.019372772332289429e-02,-6.693239814847676827e-01,-3.021796055208330056e-01,-3.049003012741975382e-01,2.908144257168265301e-01,9.259215592597901112e-02,1.614362560133792424e-01,-3.655287734972907931e-01,0.000000000000000000e+00,0.000000000000000000e+00,0.000000000000000000e+00,0.000000000000000000e+00,0.000000000000000000e+00,0.000000000000000000e+00,0.000000000000000000e+00,0.000000000000000000e+00,0.000000000000000000e+00,0.000000000000000000e+00,0.000000000000000000e+00,0.000000000000000000e+00,0.000000000000000000e+00,0.000000000000000000e+00,0.000000000000000000e+00,0.000000000000000000e+00
1.758458911963719062e+00,1.019424773049131439e+01,1.633669992618646871e+00,1.297447475853340595e-02,3.345212672011862315e-02,7.860456345089915642e-01,6.171263069194167228e-01,1.961329883990170497e-01,-1.149771679250983780e-01,-3.923505644793054414e-01,3.503178328360497251e-01,5.598398763239476050e-03,-4.011555280738404727e-02,-6.617798316364670308e-01,-2.651309063939795707e-01,-3.255349533700885312e-01,3.385189688546030307e-01,1.119187321706433119e-01,1.086288349252812063e-01,-3.750909895767012281e-01,0.000000000000000000e+00,0.000000000000000000e+00,0.000000000000000000e+00,0.000000000000000000e+00,0.000000000000000000e+00,0.000000000000000000e+00,0.000000000000000000e+00,0.000000000000000000e+00,0.000000000000000000e+00,0.000000000000000000e+00,0.000000000000000000e+00,0.000000000000000000e+00,0.000000000000000000e+00,0.000000000000000000e+00,0.000000000000000000e+00,0.000000000000000000e+00
1.763361713439096867e+00,1.022968851741753049e+01,1.631381152400986689e+00,-1.250811509719271415e-02,2.676591202234965619e-02,7.836344567863754440e-01,6.205192754036323866e-01,1.806958529118691814e-01,-6.170895494529084896e-02,-3.926806011422014908e-01,3.765244097851949134e-01,2.054561842995309140e-01,-9.907762413861523343e-02,-6.622663611635007941e-01,-2.167547983934341171e-01,-3.500593530015371213e-01,3.870376598103900112e-01,1.099744020482615880e-01,5.273338611543846449e-02,-3.644913700529391343e-01,0.000000000000000000e+00,0.000000000000000000e+00,0.000000000000000000e+00,0.000000000000000000e+00,0.000000000000000000e+00,0.000000000000000000e+00,0.000000000000000000e+00,0.000000000000000000e+00,0.000000000000000000e+00,0.000000000000000000e+00,0.000000000000000000e+00,0.000000000000000000e+00,0.000000000000000000e+00,0.000000000000000000e+00,0.000000000000000000e+00,0.000000000000000000e+00
1.767788451384277648e+00,1.026555039173933537e+01,1.632800725280761034e+00,-2.752402422270779081e-02,2.213871225670409684e-02,7.776904278598858467e-01,6.276542869488821452e-01,1.500998256387551799e-01,-2.108951392985438517e-02,-3.568803193306662180e-01,4.147828029139867256e-01,4.020858969329588195e-01,-1.394202361815489732e-01,-6.517438142829548031e-01,-1.707402525449996378e-01,-3.497608375302889705e-01,4.279398728337580060e-01,9.963470747060207411e-02,-2.351081582384736447e-03,-3.405561358846107001e-01,0.000000000000000000e+00,0.000000000000000000e+00,0.000000000000000000e+00,0.000000000000000000e+00,0.000000000000000000e+00,0.000000000000000000e+00,0.000000000000000000e+00,0.000000000000000000e+00,0.000000000000000000e+00,0.000000000000000000e+00,0.000000000000000000e+00,0.000000000000000000e+00,0.000000000000000000e+00,0.000000000000000000e+00,0.000000000000000000e+00,0.000000000000000000e+00
1.772250719874326474e+00,1.030493031734800802e+01,1.638759986452629658e+00,-3.072673826836610361e-02,2.080156039617732031e-02,7.640978971969730749e-01,6.440322710389865257e-01,8.948867366307899918e-02,-1.108135439669360317e-02,-2.919102107520771816e-01,5.163166151187821296e-01,4.946627098381267129e-01,-1.343985285940531571e-01,-6.179933114881434042e-01,-1.235806732393724683e-01,-3.095356345176639712e-01,4.474299118057811220e-01,8.100998903706496668e-02,-3.918062252753347352e-02,-2.921954799585921858e-01,0.000000000000000000e+00,0.000000000000000000e+00,0.000000000000000000e+00,0.000000000000000000e+00,0.000000000000000000e+00,0.000000000000000000e+00,0.000000000000000000e+00,0.000000000000000000e+00,0.000000000000000000e+00,0.000000000000000000e+00,0.000000000000000000e+00,0.000000000000000000e+00,0.000000000000000000e+00,0.000000000000000000e+00,0.000000000000000000e+00,0.000000000000000000e+00
1.777327926034757422e+00,1.034532701123583998e+01,1.647622316255587194e+00,-2.347820128176753007e-02,2.460956285554364437e-02,7.453989838190020478e-01,6.657503273767351182e-01,4.730751727867453862e-03,-1.157743604169510915e-02,-1.950580548866889530e-01,6.148545530031422901e-01,4.957245943282066469e-01,-9.274187168459277486e-02,-5.640243129364669317e-01,-9.027267422253335005e-02,-2.520926682161528376e-01,4.445773157767722861e-01,5.231851064781824906e-02,-5.653100921656579320e-02,-2.295573679638107101e-01,0.000000000000000000e+00,0.000000000000000000e+00,0.000000000000000000e+00,0.000000000000000000e+00,0.000000000000000000e+00,0.000000000000000000e+00,0.000000000000000000e+00,0.000000000000000000e+00,0.000000000000000000e+00,0.000000000000000000e+00,0.000000000000000000e+00,0.000000000000000000e+00,0.000000000000000000e+00,0.000000000000000000e+00,0.000000000000000000e+00,0.000000000000000000e+00
1.782755645121766319e+00,1.038434641085551036e+01,1.659492176622052062e+00,-1.064625048271400191e-02,3.819206276231021380e-02,7.273066506268328624e-01,6.851664466730663650e-01,-9.204589825678918813e-02,-3.028370771491524852e-02,-9.939480940778447349e-02,6.426052806350552871e-01,4.934649761141917113e-01,-2.787478336629951869e-02,-5.065100094794598995e-01,-8.733516607171834534e-02,-1.837597489526250072e-01,4.210409006531440346e-01,2.996942217704415268e-02,-5.549969446810833207e-02,-1.621699176551785748e-01,0.000000000000000000e+00,0.000000000000000000e+00,0.000000000000000000e+00,0.000000000000000000e+00,0.000000000000000000e+00,0.000000000000000000e+00,0.000000000000000000e+00,0.000000000000000000e+00,0.000000000000000000e+00,0.000000000000000000e+00,0.000000000000000000e+00,0.000000000000000000e+00,0.000000000000000000e+00,0.000000000000000000e+00,0.000000000000000000e+00,0.000000000000000000e+00
1.787882822249032611e+00,1.042325386562782441e+01,1.667086842706188454e+00,1.450365331540064834e-04,4.195710221228621251e-02,7.062499133320351286e-01,7.067182185686481377e-01,-2.152875255828075873e-01,-2.220107851062563462e-02,-4.996120613348871420e-03,7.071161047781517883e-01,4.052061696415110714e-01,2.882071167075166834e-02,-4.352557850188006894e-01,-7.352525700992665336e-02,-1.269720627739823471e-01,3.969547149884733450e-01,5.305456479682210680e-03,-4.876703407826200182e-02,-8.460987951955852016e-02,0.000000000000000000e+00,0.000000000000000000e+00,0.000000000000000000e+00,0.000000000000000000e+00,0.000000000000000000e+00,0.000000000000000000e+00,0.000000000000000000e+00,0.000000000000000000e+00,0.000000000000000000e+00,0.000000000000000000e+00,0.000000000000000000e+00,0.000000000000000000e+00,0.000000000000000000e+00,0.000000000000000000e+00,0.000000000000000000e+00,0.000000000000000000e+00
1.792416874263711213e+00,1.046126809508673183e+01,1.672128758683590455e+00,8.368654199960884332e-03,4.121812407641476522e-02,6.830342208496678058e-01,7.291743858795294297e-01,-3.353535644181498965e-01,-1.331279349319971356e-02,4.699509381541353004e-02,7.280349408265880395e-01,3.063394431772014648e-01,6.023810693472479022e-02,-3.622259924791139118e-01,-5.621127217915324048e-02,-6.758796709611945841e-02,3.662414793741370911e-01,-1.082699622243953053e-02,-3.523975400554497928e-02,-4.908454274702810441e-03,0.000000000000000000e+00,0.000000000000000000e+00,0.000000000000000000e+00,0.000000000000000000e+00,0.000000000000000000e+00,0.000000000000000000e+00,0.000000000000000000e+00,0.000000000000000000e+00,0.000000000000000000e+00,0.000000000000000000e+00,0.000000000000000000e+00,0.000000000000000000e+00,0.000000000000000000e+00,0.000000000000000000e+00,0.000000000000000000e+00,0.000000000000000000e+00
1.796559753805158310e+00,1.049905718781147890e+01,1.674889230311825239e+00,1.337957832795995047e-02,3.721562634011760240e-02,6.569575489773430421e-01,7.528896086954309785e-01,-4.359010765998179715e-01,1.070814759991161290e-02,8.520742345179227462e-02,6.850667543878223853e-01,2.097295269823351016e-01,6.853166418061984455e-02,-2.890656143236345899e-01,-3.904341298781319192e-02,-8.997139563178296884e-03,3.298777604531629160e-01,-2.240155249638930979e-02,-1.584628214318447789e-02,7.164309689550112104e-02,0.000000000000000000e+00,0.000000000000000000e+00,0.000000000000000000e+00,0.000000000000000000e+00,0.000000000000000000e+00,0.000000000000000000e+00,0.000000000000000000e+00,0.000000000000000000e+00,0.000000000000000000e+00,0.000000000000000000e+00,0.000000000000000000e+00,0.000000000000000000e+00,0.000000000000000000e+00,0.000000000000000000e+00,0.000000000000000000e+00,0.000000000000000000e+00
1.800348759656837938e+00,1.053702006582590123e+01,1.674415747145830302e+00,1.147817998213768870e-02,3.094299697623028103e-02,6.325464237097475628e-01,7.738189737751547392e-01,-5.101662028566239515e-01,5.330168930814650763e-02,1.197564895452729872e-01,5.943785046921817861e-01,1.517657459606754633e-01,6.617306652993670824e-02,-2.251296659165717695e-01,-1.755325350141001203e-02,4.132500656551477136e-02,3.083479240091566709e-01,-3.850424737216319448e-02,1.817226797553377418e-03,1.372901887846438018e-01,0.000000000000000000e+00,0.000000000000000000e+00,0.000000000000000000e+00,0.000000000000000000e+00,0.000000000000000000e+00,0.000000000000000000e+00,0.000000000000000000e+00,0.000000000000000000e+00,0.000000000000000000e+00,0.000000000000000000e+00,0.000000000000000000e+00,0.000000000000000000e+00,0.000000000000000000e+00,0.000000000000000000e+00,0.000000000000000000e+00,0.000000000000000000e+00
1.803951178856924464e+00,1.057556988556710209e+01,1.671112673082412625e+00,4.063847249954431057e-03,2.432947074809574742e-02,6.081863631178113794e-01,7.934109337009257468e-01,-5.622647077120128678e-01,1.010842328715592237e-01,1.384970676830841185e-01,4.893939267244962199e-01,1.090375910041016111e-01,5.010265736499729117e-02,-1.668022822847297082e-01,5.816688719048737632e-03,8.653977074739402364e-02,2.925500092383740980e-01,-6.532757051644008661e-02,1.327116722384475908e-02,2.002433888860196409e-01,0.000000000000000000e+00,0.000000000000000000e+00,0.000000000000000000e+00,0.000000000000000000e+00,0.000000000000000000e+00,0.000000000000000000e+00,0.000000000000000000e+00,0.000000000000000000e+00,0.000000000000000000e+00,0.000000000000000000e+00,0.000000000000000000e+00,0.000000000000000000e+00,0.000000000000000000e+00,0.000000000000000000e+00,0.000000000000000000e+00,0.000000000000000000e+00
1.807485523956235740e+00,1.061431290331437260e+01,1.665674037850934042e+00,-5.044652779788790127e-03,2.146689313205812563e-02,5.883166931105551223e-01,8.083298785675609999e-01,-6.106586784723516681e-01,1.437398591162927508e-01,1.739905705519726731e-01,3.973542290256084630e-01,6.932602052811639992e-02,2.716184464075305574e-02,-1.136699899904111133e-01,1.686010418210842632e-02,1.219189860968050987e-01,2.728489604315180728e-01,-8.933325386760340714e-02,2.262101213275597919e-02,2.493329070977929329e-01,0.000000000000000000e+00,0.000000000000000000e+00,0.000000000000000000e+00,0.000000000000000000e+00,0.000000000000000000e+00,0.000000000000000000e+00,0.000000000000000000e+00,0.000000000000000000e+00,0.000000000000000000e+00,0.000000000000000000e+00,0.000000000000000000e+00,0.000000000000000000e+00,0.000000000000000000e+00,0.000000000000000000e+00,0.000000000000000000e+00,0.000000000000000000e+00
1.810943692664735982e+00,1.065320477030614832e+01,1.659140767620263190e+00,-1.024063421247802322e-02,1.936765138447115939e-02,5.690609932119731207e-01,8.220034120947292688e-01,-6.570828645206081564e-01,1.830851169208833895e-01,2.103996098608821586e-01,2.941569517347767393e-01,2.700058425417849184e-02,-6.086690933080675728e-03,-6.140120580579501441e-02,2.021641215213480086e-02,1.537365289042881833e-01,2.622592163537718624e-01,-1.182835080814092360e-01,2.890693828065376766e-02,2.910181599170127420e-01,0.000000000000000000e+00,0.000000000000000000e+00,0.000000000000000000e+00,0.000000000000000000e+00,0.000000000000000000e+00,0.000000000000000000e+00,0.000000000000000000e+00,0.000000000000000000e+00,0.000000000000000000e+00,0.000000000000000000e+00,0.000000000000000000e+00,0.000000000000000000e+00,0.000000000000000000e+00,0.000000000000000000e+00,0.000000000000000000e+00,0.000000000000000000e+00
1.814391529132555636e+00,1.069145751375639186e+01,1.650646790853076418e+00,-1.381668471801955275e-02,2.031241787929628090e-02,5.549797759790173757e-01,8.315010241470411900e-01,-6.973314540738900780e-01,1.995553067230255717e-01,2.385941414095266722e-01,2.246900790125983816e-01,-1.237088933205600372e-03,-2.229377948009292343e-02,-1.959755717847478512e-02,1.369867415416002251e-02,1.767399323915342935e-01,2.543442041610677329e-01,-1.349561837643773465e-01,3.390938140397917189e-02,3.194332549742003868e-01,0.000000000000000000e+00,0.000000000000000000e+00,0.000000000000000000e+00,0.000000000000000000e+00,0.000000000000000000e+00,0.000000000000000000e+00,0.000000000000000000e+00,0.000000000000000000e+00,0.000000000000000000e+00,0.000000000000000000e+00,0.000000000000000000e+00,0.000000000000000000e+00,0.000000000000000000e+00,0.000000000000000000e+00,0.000000000000000000e+00,0.000000000000000000e+00
1.817772469378520217e+00,1.073026752644457460e+01,1.641223406797680529e+00,-2.018782860889306238e-02,2.004840307755549611e-02,5.418589482320750328e-01,8.399877340359955813e-01,-7.282975243365837903e-01,2.163755703658015728e-01,2.528490671926764688e-01,1.880489051308584236e-01,-1.433183936604689318e-02,-2.750448972725992938e-02,1.885936409131122246e-02,1.007430978383837966e-02,2.035796093563679854e-01,2.533906267607762275e-01,-1.587521771015534267e-01,3.728686133975152306e-02,3.465540364200902501e-01,0.000000000000000000e+00,0.000000000000000000e+00,0.000000000000000000e+00,0.000000000000000000e+00,0.000000000000000000e+00,0.000000000000000000e+00,0.000000000000000000e+00,0.000000000000000000e+00,0.000000000000000000e+00,0.000000000000000000e+00,0.000000000000000000e+00,0.000000000000000000e+00,0.000000000000000000e+00,0.000000000000000000e+00,0.000000000000000000e+00,0.000000000000000000e+00
1.821172113281959604e+00,1.077043781337084738e+01,1.629668540372740670e+00,-2.714746602670906062e-02,1.522085871671952778e-02,5.269765841756206548e-01,8.493097316520333839e-01,-7.372718853808140071e-01,2.393185762847991338e-01,2.715351734980841480e-01,1.939269957027018321e-01,3.846258604585837959e-03,-2.661415812774087578e-02,6.476261567642421779e-02,9.011754345015648288e-03,2.394121750162042650e-01,2.591396522497996791e-01,-1.584523836346809766e-01,4.772234449189575317e-02,3.819497960629214539e-01,0.000000000000000000e+00,0.000000000000000000e+00,0.000000000000000000e+00,0.000000000000000000e+00,0.000000000000000000e+00,0.000000000000000000e+00,0.000000000000000000e+00,0.000000000000000000e+00,0.000000000000000000e+00,0.000000000000000000e+00,0.000000000000000000e+00,0.000000000000000000e+00,0.000000000000000000e+00,0.000000000000000000e+00,0.000000000000000000e+00,0.000000000000000000e+00
1.824899911319896928e+00,1.081106818520924762e+01,1.617265218688756834e+00,-2.946977906032653000e-02,1.114475107433606817e-02,5.137380511233284874e-01,8.573683814286778837e-01,-7.309113730370483397e-01,2.509059199678473906e-01,2.803376810464648372e-01,2.386083226881966779e-01,3.939328241458722735e-02,-1.333365097124688745e-02,1.039424313048884635e-01,-3.314933239228533626e-03,2.794263397075333888e-01,2.835010674534928499e-01,-1.163791608174858799e-01,6.939268393000182222e-02,4.184529496231694790e-01,0.000000000000000000e+00,0.000000000000000000e+00,0.000000000000000000e+00,0.000000000000000000e+00,0.000000000000000000e+00,0.000000000000000000e+00,0.000000000000000000e+00,0.000000000000000000e+00,0.000000000000000000e+00,0.000000000000000000e+00,0.000000000000000000e+00,0.000000000000000000e+00,0.000000000000000000e+00,0.000000000000000000e+00,0.000000000000000000e+00,0.000000000000000000e+00
1.828907172745400711e+00,1.085078767326417015e+01,1.605918949753123437e+00,-3.075825955210168342e-02,1.814916225940751277e-02,5.056817222635804354e-01,8.619805874537698198e-01,-7.217515973145440800e-01,2.348699705796796211e-01,2.960808633619081420e-01,2.919181316670584336e-01,7.199144760771183926e-02,1.406880878268515142e-02,1.286527272893540907e-01,-3.449882723063509016e-02,3.105788611977062796e-01,3.031086276502410470e-01,-1.772779904975743670e-02,1.144314201839372047e-01,4.477536129932225828e-01,0.000000000000000000e+00,0.000000000000000000e+00,0.000000000000000000e+00,0.000000000000000000e+00,0.000000000000000000e+00,0.000000000000000000e+00,0.000000000000000000e+00,0.000000000000000000e+00,0.000000000000000000e+00,0.000000000000000000e+00,0.000000000000000000e+00,0.000000000000000000e+00,0.000000000000000000e+00,0.000000000000000000e+00,0.000000000000000000e+00,0.000000000000000000e+00
1.833428487675206275e+00,1.088811078373522179e+01,1.595102857806926844e+00,-2.776364830853056062e-02,3.578603481290300314e-02,5.003164925140183295e-01,8.646571267638056835e-01,-7.202467994154645448e-01,1.995233190607051121e-01,3.148386544031761547e-01,3.495556967273296678e-01,9.799303665285755138e-02,5.028267743619780489e-02,1.340414723312582934e-01,-9.950190433851627270e-02,2.954384718016977440e-01,3.235505941629169269e-01,1.667912461749471720e-01,1.718830236370076647e-01,4.656959707513258495e-01,0.000000000000000000e+00,0.000000000000000000e+00,0.000000000000000000e+00,0.000000000000000000e+00,0.000000000000000000e+00,0.000000000000000000e+00,0.000000000000000000e+00,0.000000000000000000e+00,0.000000000000000000e+00,0.000000000000000000e+00,0.000000000000000000e+00,0.000000000000000000e+00,0.000000000000000000e+00,0.000000000000000000e+00,0.000000000000000000e+00,0.000000000000000000e+00
1.838402318765256060e+00,1.092516572206305447e+01,1.589718409180956860e+00,-2.600555203066236276e-02,5.348621692419255197e-02,5.040237126827792347e-01,8.616397349914789450e-01,-7.205776198136292221e-01,1.560180308044541997e-01,3.269557684432468081e-01,4.015078378684972527e-01,1.018623503187115059e-01,9.564778111278146588e-02,1.207010323110558891e-01,-1.503549774680429107e-01,2.534218504902242541e-01,3.685432168219003324e-01,3.673708544617202421e-01,2.096900972092523574e-01,4.696167942096530767e-01,0.000000000000000000e+00,0.000000000000000000e+00,0.000000000000000000e+00,0.000000000000000000e+00,0.000000000000000000e+00,0.000000000000000000e+00,0.000000000000000000e+00,0.000000000000000000e+00,0.000000000000000000e+00,0.000000000000000000e+00,0.000000000000000000e+00,0.000000000000000000e+00,0.000000000000000000e+00,0.000000000000000000e+00,0.000000000000000000e+00,0.000000000000000000e+00
1.843489770243369907e+00,1.096590045300184535e+01,1.591168287368805112e+00,-2.045981097958076214e-02,6.105955351842623502e-02,5.189763819464769945e-01,8.523594558873353044e-01,-6.956982662494102243e-01,1.000989739508469506e-01,3.152995178030354451e-01,4.277238469680178512e-01,7.583600317327229834e-02,1.319777665428284452e-01,8.715434714107411773e-02,-1.715730957752469588e-01,2.027397081214044605e-01,4.772708695284055835e-01,4.947833459230078779e-01,2.180008468060022353e-01,4.451004968550293373e-01,0.000000000000000000e+00,0.000000000000000000e+00,0.000000000000000000e+00,0.000000000000000000e+00,0.000000000000000000e+00,0.000000000000000000e+00,0.000000000000000000e+00,0.000000000000000000e+00,0.000000000000000000e+00,0.000000000000000000e+00,0.000000000000000000e+00,0.000000000000000000e+00,0.000000000000000000e+00,0.000000000000000000e+00,0.000000000000000000e+00,0.000000000000000000e+00
1.847928609214530171e+00,1.101034270331250120e+01,1.597641762673110533e+00,-1.335420269426248856e-02,6.131955525802670198e-02,5.436691311716884689e-01,8.369500900438322510e-01,-6.487565572866462738e-01,4.009202180872166454e-02,2.803894067501012111e-01,4.409097776563931093e-01,2.493784176047121603e-02,1.633158997272739499e-01,2.211260895358040449e-02,-1.794398081203641970e-01,1.195787574229179168e-01,6.339012899487214137e-01,4.978967953069963204e-01,1.726006266398310285e-01,3.861290027125200419e-01,0.000000000000000000e+00,0.000000000000000000e+00,0.000000000000000000e+00,0.000000000000000000e+00,0.000000000000000000e+00,0.000000000000000000e+00,0.000000000000000000e+00,0.000000000000000000e+00,0.000000000000000000e+00,0.000000000000000000e+00,0.000000000000000000e+00,0.000000000000000000e+00,0.000000000000000000e+00,0.000000000000000000e+00,0.000000000000000000e+00,0.000000000000000000e+00
1.850383926196407902e+00,1.105448048950114526e+01,1.609947942644255559e+00,-1.405083963373047681e-02,5.576027524139793440e-02,5.668215373316797256e-01,8.218313150686951118e-01,-5.883257238095574992e-01,5.812337864028207374e-03,2.405174362172238234e-01,4.275041405257625771e-01,-2.891855132839303566e-02,1.832048867724142549e-01,-6.028828271832693125e-02,-1.698537947196053499e-01,4.053007568115985643e-02,7.096757040612899914e-01,4.968708837206548545e-01,1.115229448609612734e-01,3.189845563517383353e-01,0.000000000000000000e+00,0.000000000000000000e+00,0.000000000000000000e+00,0.000000000000000000e+00,0.000000000000000000e+00,0.000000000000000000e+00,0.000000000000000000e+00,0.000000000000000000e+00,0.000000000000000000e+00,0.000000000000000000e+00,0.000000000000000000e+00,0.000000000000000000e+00,0.000000000000000000e+00,0.000000000000000000e+00,0.000000000000000000e+00,0.000000000000000000e+00
1.851518962793039735e+00,1.109631931538376293e+01,1.622497089599781672e+00,-1.465467677635059335e-02,4.553447021756121260e-02,5.857158522989842631e-01,8.091036972083737178e-01,-5.176810414674095639e-01,-1.282493124006192642e-02,2.009112361955813775e-01,4.071614899298266477e-01,-7.035664748932687895e-02,1.997046832889245449e-01,-1.593561088931824687e-01,-1.637402711452197457e-01,-5.852282413145781098e-02,7.439018492724258635e-01,4.829801327554504864e-01,4.471043091406769893e-02,2.510881813971902465e-01,0.000000000000000000e+00,0.000000000000000000e+00,0.000000000000000000e+00,0.000000000000000000e+00,0.000000000000000000e+00,0.000000000000000000e+00,0.000000000000000000e+00,0.000000000000000000e+00,0.000000000000000000e+00,0.000000000000000000e+00,0.000000000000000000e+00,0.000000000000000000e+00,0.000000000000000000e+00,0.000000000000000000e+00,0.000000000000000000e+00,0.000000000000000000e+00
1.853236229270948998e+00,1.113701396168785251e+01,1.627455208835984823e+00,-4.979730424650228096e-03,3.649472337041519826e-02,6.075403548356553829e-01,7.934343417682268029e-01,-4.421409592636713071e-01,-4.694689463829730680e-02,1.669978605563869900e-01,3.972406936563812607e-01,-1.114070015369390682e-01,2.094191538413456011e-01,-2.636536310195436439e-01,-1.872818512152077397e-01,-1.533562584599164058e-01,8.072961119897571480e-01,3.940029392420064114e-01,5.436500130084682969e-03,1.793414774875807804e-01,0.000000000000000000e+00,0.000000000000000000e+00,0.000000000000000000e+00,0.000000000000000000e+00,0.000000000000000000e+00,0.000000000000000000e+00,0.000000000000000000e+00,0.000000000000000000e+00,0.000000000000000000e+00,0.000000000000000000e+00,0.000000000000000000e+00,0.000000000000000000e+00,0.000000000000000000e+00,0.000000000000000000e+00,0.000000000000000000e+00,0.000000000000000000e+00
1.854825035549173995e+00,1.117636245047212284e+01,1.630689553948818427e+00,4.693092115993246528e-03,2.786720832275565302e-02,6.334970086949240908e-01,7.732289011420029334e-01,-3.659382164746282085e-01,-8.228257567968842723e-02,1.133262184162512065e-01,3.809657619004624407e-01,-1.398019363859376585e-01,2.034372869793645289e-01,-3.600434201190364503e-01,-2.048135258325148866e-01,-2.156669109349923508e-01,8.224331291749364947e-01,3.202343725061993496e-01,-2.595508103445644255e-03,1.017449789763435614e-01,0.000000000000000000e+00,0.000000000000000000e+00,0.000000000000000000e+00,0.000000000000000000e+00,0.000000000000000000e+00,0.000000000000000000e+00,0.000000000000000000e+00,0.000000000000000000e+00,0.000000000000000000e+00,0.000000000000000000e+00,0.000000000000000000e+00,0.000000000000000000e+00,0.000000000000000000e+00,0.000000000000000000e+00,0.000000000000000000e+00,0.000000000000000000e+00
1.855907387917460127e+00,1.121535190738702603e+01,1.631495279648703223e+00,1.415371312882232613e-02,2.304101462291021155e-02,6.582655620273182295e-01,7.522999627134593359e-01,-2.901197361864810698e-01,-1.192543701879256457e-01,5.351307642003594323e-02,3.598439224634819578e-01,-1.676227421507666682e-01,1.929002652588763245e-01,-4.335760072918717900e-01,-2.309912644236125079e-01,-2.654128978477843792e-01,7.783209094187129029e-01,2.754915436544334018e-01,6.034424808365836113e-03,2.824976727710920565e-02,0.000000000000000000e+00,0.000000000000000000e+00,0.000000000000000000e+00,0.000000000000000000e+00,0.000000000000000000e+00,0.000000000000000000e+00,0.000000000000000000e+00,0.000000000000000000e+00,0.000000000000000000e+00,0.000000000000000000e+00,0.000000000000000000e+00,0.000000000000000000e+00,0.000000000000000000e+00,0.000000000000000000e+00,0.000000000000000000e+00,0.000000000000000000e+00
1.856957775626215223e+00,1.125417594092361995e+01,1.629543136297231021e+00,2.304005762585505449e-02,2.159564724588749346e-02,6.816948993146766389e-01,7.309547510024001493e-01,-2.185945517040208119e-01,-1.520701220959565503e-01,-2.227123096544617042e-03,3.405914215803300671e-01,-1.944391103895309891e-01,1.769115979456255816e-01,-4.876242126539714339e-01,-2.622701100201096924e-01,-3.081040990024654924e-01,6.969378128409957629e-01,2.417160588609900129e-01,2.172437107457687866e-02,-3.878242551964967283e-02,0.000000000000000000e+00,0.000000000000000000e+00,0.000000000000000000e+00,0.000000000000000000e+00,0.000000000000000000e+00,0.000000000000000000e+00,0.000000000000000000e+00,0.000000000000000000e+00,0.000000000000000000e+00,0.000000000000000000e+00,0.000000000000000000e+00,0.000000000000000000e+00,0.000000000000000000e+00,0.000000000000000000e+00,0.000000000000000000e+00,0.000000000000000000e+00
1.858457053914925661e+00,1.129330755217238291e+01,1.624680496210253455e+00,3.387677825149667393e-02,2.201162521080886683e-02,7.035566070967217422e-01,7.094899244255880033e-01,-1.463082082745497947e-01,-1.838450479942118077e-01,-6.199194295214173478e-02,3.237162357007101754e-01,-2.164900822558745996e-01,1.580876861149526913e-01,-5.260956850533067275e-01,-2.918237319520334827e-01,-3.358195477820744013e-01,5.941197752538048826e-01,2.076360143543229952e-01,5.024209420850799662e-02,-1.023347375800055803e-01,0.000000000000000000e+00,0.000000000000000000e+00,0.000000000000000000e+00,0.000000000000000000e+00,0.000000000000000000e+00,0.000000000000000000e+00,0.000000000000000000e+00,0.000000000000000000e+00,0.000000000000000000e+00,0.000000000000000000e+00,0.000000000000000000e+00,0.000000000000000000e+00,0.000000000000000000e+00,0.000000000000000000e+00,0.000000000000000000e+00,0.000000000000000000e+00
1.860480029442101113e+00,1.133325997975872745e+01,1.617841716856504686e+00,4.630519322944295912e-02,2.130009410323922131e-02,7.226077223462493704e-01,6.893766856202364623e-01,-7.040527851212015353e-02,-2.104286658608655602e-01,-1.274917747089435727e-01,3.107759382747324883e-01,-2.348483448222720149e-01,1.410196080102653349e-01,-5.627298014236095103e-01,-3.165681928314545424e-01,-3.487115424196854385e-01,4.799881535875739624e-01,1.729868628938885378e-01,9.539434423158268950e-02,-1.627015427272826276e-01,0.000000000000000000e+00,0.000000000000000000e+00,0.000000000000000000e+00,0.000000000000000000e+00,0.000000000000000000e+00,0.000000000000000000e+00,0.000000000000000000e+00,0.000000000000000000e+00,0.000000000000000000e+00,0.000000000000000000e+00,0.000000000000000000e+00,0.000000000000000000e+00,0.000000000000000000e+00,0.000000000000000000e+00,0.000000000000000000e+00,0.000000000000000000e+00
1.863101830262037462e+00,1.137366983439935453e+01,1.609888753605143386e+00,5.758142501932662916e-02,2.047186082226321036e-02,7.403653105600290774e-01,6.694210105207099026e-01,3.324640510405190569e-03,-2.283222196090479439e-01,-1.997590786245093397e-01,3.014938701677755684e-01,-2.618968858431247604e-01,1.258281949278333145e-01,-6.029558918500114162e-01,-3.364207729519584356e-01,-3.365902665184378195e-01,3.740910339583999322e-01,1.278343169168138505e-01,1.496646117685977995e-01,-2.172033784319408745e-01,0.000000000000000000e+00,0.000000000000000000e+00,0.000000000000000000e+00,0.000000000000000000e+00,0.000000000000000000e+00,0.000000000000000000e+00,0.000000000000000000e+00,0.000000000000000000e+00,0.000000000000000000e+00,0.000000000000000000e+00,0.000000000000000000e+00,0.000000000000000000e+00,0.000000000000000000e+00,0.000000000000000000e+00,0.000000000000000000e+00,0.000000000000000000e+00
1.866234862495633973e+00,1.141333796511100651e+01,1.601674111275289025e+00,6.351359334149270230e-02,2.195140940483090303e-02,7.537671771565341849e-01,6.536965670152032892e-01,6.795959972243409419e-02,-2.340231574939442283e-01,-2.706382992001727383e-01,2.862154113819104784e-01,-2.924073462703222770e-01,1.121735228531990369e-01,-6.439472151944223288e-01,-3.481763303317235714e-01,-3.190109459372882927e-01,2.870972396599931198e-01,8.395851656445957323e-02,1.969773381317849736e-01,-2.603302839989347639e-01,0.000000000000000000e+00,0.000000000000000000e+00,0.000000000000000000e+00,0.000000000000000000e+00,0.000000000000000000e+00,0.000000000000000000e+00,0.000000000000000000e+00,0.000000000000000000e+00,0.000000000000000000e+00,0.000000000000000000e+00,0.000000000000000000e+00,0.000000000000000000e+00,0.000000000000000000e+00,0.000000000000000000e+00,0.000000000000000000e+00,0.000000000000000000e+00
1.870118560575086741e+00,1.145306721550477036e+01,1.592480666157795044e+00,6.368215076514363582e-02,2.648686684005285841e-02,7.622855720581791505e-01,6.435555424288228465e-01,1.169049811759920038e-01,-2.314603536227510527e-01,-3.302843309131882621e-01,2.808048870701214117e-01,-3.173268223745283056e-01,1.009771932277640921e-01,-6.812613947848924489e-01,-3.522500795776734028e-01,-3.061009659582337727e-01,2.294988404402568682e-01,5.100671176565362008e-02,2.322336322712447165e-01,-2.878528110098646509e-01,0.000000000000000000e+00,0.000000000000000000e+00,0.000000000000000000e+00,0.000000000000000000e+00,0.000000000000000000e+00,0.000000000000000000e+00,0.000000000000000000e+00,0.000000000000000000e+00,0.000000000000000000e+00,0.000000000000000000e+00,0.000000000000000000e+00,0.000000000000000000e+00,0.000000000000000000e+00,0.000000000000000000e+00,0.000000000000000000e+00,0.000000000000000000e+00
1.874822312899469878e+00,1.149379391377030224e+01,1.581326139250896379e+00,6.072138323814173927e-02,3.309197996875529180e-02,7.689059246760833188e-01,6.356111338526178045e-01,1.577792586351600690e-01,-2.216711837496364301e-01,-3.756818353799052934e-01,2.830635770545608665e-01,-3.180006711586123025e-01,8.506362827073306321e-02,-7.011961869557794547e-01,-3.527591360761390127e-01,-2.885564181174306020e-01,2.110596016226679028e-01,4.706336991266266145e-02,2.423385189368585657e-01,-3.146564585117169188e-01,0.000000000000000000e+00,0.000000000000000000e+00,0.000000000000000000e+00,0.000000000000000000e+00,0.000000000000000000e+00,0.000000000000000000e+00,0.000000000000000000e+00,0.000000000000000000e+00,0.000000000000000000e+00,0.000000000000000000e+00,0.000000000000000000e+00,0.000000000000000000e+00,0.000000000000000000e+00,0.000000000000000000e+00,0.000000000000000000e+00,0.000000000000000000e+00
1.880035048130137110e+00,1.153488474370472439e+01,1.574468556526829266e+00,5.235681477436020942e-02,3.765075447615780224e-02,7.751272747095265814e-01,6.285052844928517013e-01,1.915389538874653907e-01,-1.932349840844043154e-01,-3.957233623281916635e-01,2.876695286042207367e-01,-2.722665134129684805e-01,5.471590329588078838e-02,-7.001287569895688900e-01,-3.451032304130035588e-01,-2.939354831712757132e-01,2.220639820004185749e-01,5.794656045160741231e-02,2.303311581012636444e-01,-3.375670017347512930e-01,0.000000000000000000e+00,0.000000000000000000e+00,0.000000000000000000e+00,0.000000000000000000e+00,0.000000000000000000e+00,0.000000000000000000e+00,0.000000000000000000e+00,0.000000000000000000e+00,0.000000000000000000e+00,0.000000000000000000e+00,0.000000000000000000e+00,0.000000000000000000e+00,0.000000000000000000e+00,0.000000000000000000e+00,0.000000000000000000e+00,0.000000000000000000e+00
1.885665184075745682e+00,1.157582524437072991e+01,1.566971677078986991e+00,4.287295000757165159e-02,4.023576667775301263e-02,7.823389290690418996e-01,6.200716033657766024e-01,2.215214092554377012e-01,-1.623698422431114896e-01,-4.137078826300837897e-01,3.029816960801824388e-01,-1.984114618199122049e-01,1.960526546749162893e-02,-6.817103710921463833e-01,-3.352460992679640039e-01,-3.017166840472444989e-01,2.512426439032002246e-01,8.901086840888930429e-02,2.040246812331638626e-01,-3.599635881920772995e-01,0.000000000000000000e+00,0.000000000000000000e+00,0.000000000000000000e+00,0.000000000000000000e+00,0.000000000000000000e+00,0.000000000000000000e+00,0.000000000000000000e+00,0.000000000000000000e+00,0.000000000000000000e+00,0.000000000000000000e+00,0.000000000000000000e+00,0.000000000000000000e+00,0.000000000000000000e+00,0.000000000000000000e+00,0.000000000000000000e+00,0.000000000000000000e+00
1.891443343305120761e+00,1.161488289953668129e+01,1.560323271485688501e+00,2.573137868428758412e-02,3.790774959308858272e-02,7.868202807738615689e-01,6.154792802643592742e-01,2.327325481522785067e-01,-1.209688948468842923e-01,-4.304582915388451836e-01,3.240677019862563402e-01,-7.515772869852350990e-02,-2.737996815105295245e-02,-6.685493828621479340e-01,-3.063411344810638703e-01,-3.212666992659338749e-01,2.902834416246713456e-01,1.108473540571261462e-01,1.606256573553855593e-01,-3.741336683448694411e-01,0.000000000000000000e+00,0.000000000000000000e+00,0.000000000000000000e+00,0.000000000000000000e+00,0.000000000000000000e+00,0.000000000000000000e+00,0.000000000000000000e+00,0.000000000000000000e+00,0.000000000000000000e+00,0.000000000000000000e+00,0.000000000000000000e+00,0.000000000000000000e+00,0.000000000000000000e+00,0.000000000000000000e+00,0.000000000000000000e+00,0.000000000000000000e+00
1.896999224706904297e+00,1.165190503544741496e+01,1.554578484040564978e+00,2.003158103344598179e-03,3.245685270551496721e-02,7.885836613185113197e-01,6.140670559243145421e-01,2.253368408179426963e-01,-6.829627502152180174e-02,-4.388860411352439317e-01,3.493882543506095506e-01,1.065585826835145355e-01,-8.705261120973856181e-02,-6.654206319627139488e-01,-2.638281752958776538e-01,-3.514086979630042240e-01,3.403004167455332962e-01,1.245406517853093614e-01,1.025031778603197885e-01,-3.814503212937681020e-01,0.000000000000000000e+00,0.000000000000000000e+00,0.000000000000000000e+00,0.000000000000000000e+00,0.000000000000000000e+00,0.000000000000000000e+00,0.000000000000000000e+00,0.000000000000000000e+00,0.000000000000000000e+00,0.000000000000000000e+00,0.000000000000000000e+00,0.000000000000000000e+00,0.000000000000000000e+00,0.000000000000000000e+00,0.000000000000000000e+00,0.000000000000000000e+00
1.902125710420551785e+00,1.168774997900620072e+01,1.551955292156268706e+00,-2.064200844222421893e-02,2.744110468251393514e-02,7.852297349855912323e-01,6.182516935324410268e-01,2.064911138300460358e-01,-1.663423687934059703e-02,-4.277697708067690896e-01,3.811256882889020869e-01,3.163819909530588559e-01,-1.459921043488076053e-01,-6.654878126064460719e-01,-2.176184021514851463e-01,-3.742992936325259534e-01,3.928587735465658426e-01,1.196350568270371784e-01,3.858614594362429207e-02,-3.698253736258581004e-01,0.000000000000000000e+00,0.000000000000000000e+00,0.000000000000000000e+00,0.000000000000000000e+00,0.000000000000000000e+00,0.000000000000000000e+00,0.000000000000000000e+00,0.000000000000000000e+00,0.000000000000000000e+00,0.000000000000000000e+00,0.000000000000000000e+00,0.000000000000000000e+00,0.000000000000000000e+00,0.000000000000000000e+00,0.000000000000000000e+00,0.000000000000000000e+00
1.906884194700495083e+00,1.172556059316377564e+01,1.555845242010976737e+00,-3.256839414084576612e-02,2.611671391529703928e-02,7.754564034687638774e-01,6.300195102349142040e-01,1.660819602338170498e-01,5.760137979448357731e-03,-3.761583726825976637e-01,4.359200658045806476e-01,4.931071866290943628e-01,-1.693142373756886809e-01,-6.516484407230130893e-01,-1.724445597128040075e-01,-3.551946182916963513e-01,4.258508326473400829e-01,9.941125689318029701e-02,-1.365285107056771891e-02,-3.333721144959976845e-01,0.000000000000000000e+00,0.000000000000000000e+00,0.000000000000000000e+00,0.000000000000000000e+00,0.000000000000000000e+00,0.000000000000000000e+00,0.000000000000000000e+00,0.000000000000000000e+00,0.000000000000000000e+00,0.000000000000000000e+00,0.000000000000000000e+00,0.000000000000000000e+00,0.000000000000000000e+00,0.000000000000000000e+00,0.000000000000000000e+00,0.000000000000000000e+00
1.912537519648002782e+00,1.176745823934187030e+01,1.562450715567243575e+00,-3.074072574712003597e-02,2.189122174509595259e-02,7.562300431257111821e-01,6.532165828154783416e-01,8.195098306668685550e-02,5.874696524592840086e-03,-2.818998692080886825e-01,5.987230457431567121e-01,4.966168733997543550e-01,-1.418066250306372900e-01,-5.994883551700836977e-01,-1.178659858896486251e-01,-3.041307086550675276e-01,4.343622534333828056e-01,6.729096747115473343e-02,-4.350325410907322776e-02,-2.739775138889680717e-01,0.000000000000000000e+00,0.000000000000000000e+00,0.000000000000000000e+00,0.000000000000000000e+00,0.000000000000000000e+00,0.000000000000000000e+00,0.000000000000000000e+00,0.000000000000000000e+00,0.000000000000000000e+00,0.000000000000000000e+00,0.000000000000000000e+00,0.000000000000000000e+00,0.000000000000000000e+00,0.000000000000000000e+00,0.000000000000000000e+00,0.000000000000000000e+00
1.918486852782178342e+00,1.180812714053867296e+01,1.574192862937433102e+00,-1.941996574306635928e-02,3.025661688398420535e-02,7.363613216767508352e-01,6.756325969073286863e-01,-9.480018510556563818e-03,-6.985233138908582967e-03,-1.773947863756884513e-01,6.660432219162812917e-01,4.956096457323732607e-01,-8.247135271511028820e-02,-5.411201090102769617e-01,-9.927695771441558126e-02,-2.351602103811127609e-01,4.195070541769452821e-01,4.400522123606821767e-02,-4.833277495125577056e-02,-2.081356133717920942e-01,0.000000000000000000e+00,0.000000000000000000e+00,0.000000000000000000e+00,0.000000000000000000e+00,0.000000000000000000e+00,0.000000000000000000e+00,0.000000000000000000e+00,0.000000000000000000e+00,0.000000000000000000e+00,0.000000000000000000e+00,0.000000000000000000e+00,0.000000000000000000e+00,0.000000000000000000e+00,0.000000000000000000e+00,0.000000000000000000e+00,0.000000000000000000e+00
1.924869009210507409e+00,1.184732908210317426e+01,1.586685297880032763e+00,-4.923190037235454335e-03,4.162768698616514662e-02,7.166735021959782515e-01,6.961479649659175761e-01,-1.216603186759667998e-01,-2.937817856671989108e-02,-7.422743677593952871e-02,7.056546589693788452e-01,4.623388063229861844e-01,-1.749574874177361322e-02,-4.721541806999110524e-01,-9.859903161068350741e-02,-1.706476277703913025e-01,3.825542019097906699e-01,2.108957430363420094e-02,-4.125628605427934803e-02,-1.357934068423645169e-01,0.000000000000000000e+00,0.000000000000000000e+00,0.000000000000000000e+00,0.000000000000000000e+00,0.000000000000000000e+00,0.000000000000000000e+00,0.000000000000000000e+00,0.000000000000000000e+00,0.000000000000000000e+00,0.000000000000000000e+00,0.000000000000000000e+00,0.000000000000000000e+00,0.000000000000000000e+00,0.000000000000000000e+00,0.000000000000000000e+00,0.000000000000000000e+00
1.930884806273924559e+00,1.188601201273555752e+01,1.593321403871984510e+00,5.070344329369194311e-03,4.087676981393103398e-02,6.949265631569950807e-01,7.179000300297857518e-01,-2.420628649166679525e-01,-2.747440237867744897e-02,7.756957450299965806e-03,7.551783884944343050e-01,3.610057130014845406e-01,3.471828818203370054e-02,-3.934265110438551205e-01,-8.305853522046144355e-02,-1.163953094445432379e-01,3.463980869627135695e-01,1.078274438249135492e-02,-2.561016468784607300e-02,-5.663414481515029880e-02,0.000000000000000000e+00,0.000000000000000000e+00,0.000000000000000000e+00,0.000000000000000000e+00,0.000000000000000000e+00,0.000000000000000000e+00,0.000000000000000000e+00,0.000000000000000000e+00,0.000000000000000000e+00,0.000000000000000000e+00,0.000000000000000000e+00,0.000000000000000000e+00,0.000000000000000000e+00,0.000000000000000000e+00,0.000000000000000000e+00,0.000000000000000000e+00
1.936543212273848402e+00,1.192406218996782208e+01,1.597660966410554551e+00,1.297157346656549470e-02,3.864425288605252695e-02,6.711159627842011588e-01,7.402308589196444633e-01,-3.483991237576645195e-01,-1.858971803974899042e-02,5.930868893324597185e-02,7.427994767949654964e-01,2.572526911386515680e-01,6.541411493714976988e-02,-3.210775551279703155e-01,-6.864424641162034102e-02,-6.718944051996006417e-02,3.136427374111475652e-01,1.091488097185132344e-02,-9.782080851982599343e-03,1.787046913009242635e-02,0.000000000000000000e+00,0.000000000000000000e+00,0.000000000000000000e+00,0.000000000000000000e+00,0.000000000000000000e+00,0.000000000000000000e+00,0.000000000000000000e+00,0.000000000000000000e+00,0.000000000000000000e+00,0.000000000000000000e+00,0.000000000000000000e+00,0.000000000000000000e+00,0.000000000000000000e+00,0.000000000000000000e+00,0.000000000000000000e+00,0.000000000000000000e+00
1.941860204526591138e+00,1.196212221309407653e+01,1.599234550589486936e+00,1.680551271251326528e-02,3.271545766636652780e-02,6.467184354468551444e-01,7.618415444338283438e-01,-4.305537924640862046e-01,9.237324467203107681e-03,1.038415166529724903e-01,6.563730412879490439e-01,1.603413906807117928e-01,7.230945343349159948e-02,-2.553146999536768935e-01,-4.803324562333928516e-02,-2.563803299561523766e-02,2.871500872349310174e-01,4.439067133563262546e-03,9.124077654880585059e-03,8.926612887505902538e-02,0.000000000000000000e+00,0.000000000000000000e+00,0.000000000000000000e+00,0.000000000000000000e+00,0.000000000000000000e+00,0.000000000000000000e+00,0.000000000000000000e+00,0.000000000000000000e+00,0.000000000000000000e+00,0.000000000000000000e+00,0.000000000000000000e+00,0.000000000000000000e+00,0.000000000000000000e+00,0.000000000000000000e+00,0.000000000000000000e+00,0.000000000000000000e+00
1.946760449053245079e+00,1.200049633775473090e+01,1.597976932844997977e+00,1.023382595927677802e-02,2.632581459362051332e-02,6.210455866667335956e-01,7.832653442952710598e-01,-5.000674842769675665e-01,4.856740441740584058e-02,1.433609716464828987e-01,5.445728639355715828e-01,1.053131397977203759e-01,6.651441147273187693e-02,-1.949385259069554288e-01,-1.732284224924074412e-02,2.085310743400266981e-02,2.639069679256038081e-01,-1.680358511954986589e-02,2.740106576677386885e-02,1.541116207418054829e-01,0.000000000000000000e+00,0.000000000000000000e+00,0.000000000000000000e+00,0.000000000000000000e+00,0.000000000000000000e+00,0.000000000000000000e+00,0.000000000000000000e+00,0.000000000000000000e+00,0.000000000000000000e+00,0.000000000000000000e+00,0.000000000000000000e+00,0.000000000000000000e+00,0.000000000000000000e+00,0.000000000000000000e+00,0.000000000000000000e+00,0.000000000000000000e+00
1.951535521396863704e+00,1.203909478181161674e+01,1.593891394359358449e+00,-1.506288642731791992e-03,2.138778154805895740e-02,5.965527579883433962e-01,8.022874178444266979e-01,-5.500516840970363086e-01,9.737238447932246299e-02,1.775677749495646052e-01,4.321192031349838647e-01,6.879684316787329501e-02,4.071860504530692981e-02,-1.393100566301388454e-01,1.145029895532692979e-02,6.363482420409871665e-02,2.376042446198330105e-01,-4.834860452184493174e-02,3.483500642059833563e-02,2.104013128128927879e-01,0.000000000000000000e+00,0.000000000000000000e+00,0.000000000000000000e+00,0.000000000000000000e+00,0.000000000000000000e+00,0.000000000000000000e+00,0.000000000000000000e+00,0.000000000000000000e+00,0.000000000000000000e+00,0.000000000000000000e+00,0.000000000000000000e+00,0.000000000000000000e+00,0.000000000000000000e+00,0.000000000000000000e+00,0.000000000000000000e+00,0.000000000000000000e+00
1.956274194467902072e+00,1.207751968066867754e+01,1.587737655151084226e+00,-9.634514475813669987e-03,1.733411223207627361e-02,5.772014037524758612e-01,8.163609766458170824e-01,-6.013603534651431604e-01,1.368909686735527709e-01,2.179880119974857422e-01,3.359257483758998908e-01,1.205578775196581437e-02,1.409065609224144019e-02,-8.776582051353297442e-02,2.881110738897611767e-02,1.024389678444118518e-01,2.212291168828341981e-01,-8.359450997341891232e-02,3.673485026829857031e-02,2.520828152467023409e-01,0.000000000000000000e+00,0.000000000000000000e+00,0.000000000000000000e+00,0.000000000000000000e+00,0.000000000000000000e+00,0.000000000000000000e+00,0.000000000000000000e+00,0.000000000000000000e+00,0.000000000000000000e+00,0.000000000000000000e+00,0.000000000000000000e+00,0.000000000000000000e+00,0.000000000000000000e+00,0.000000000000000000e+00,0.000000000000000000e+00,0.000000000000000000e+00
1.961248083419900867e+00,1.211544206254290401e+01,1.580195185014728887e+00,-1.725946612929822946e-02,1.727750239120669218e-02,5.616121621674246001e-01,8.270401308556217801e-01,-6.531818212245804611e-01,1.661021456544331532e-01,2.434302732753504395e-01,2.558746454423368455e-01,-3.001362186880804361e-02,-9.202081440058348244e-03,-4.391899872712094061e-02,3.713410682933806356e-02,1.392063090279113402e-01,2.121688698651230942e-01,-1.296811155208750788e-01,3.507669106595957820e-02,2.861589291050640194e-01,0.000000000000000000e+00,0.000000000000000000e+00,0.000000000000000000e+00,0.000000000000000000e+00,0.000000000000000000e+00,0.000000000000000000e+00,0.000000000000000000e+00,0.000000000000000000e+00,0.000000000000000000e+00,0.000000000000000000e+00,0.000000000000000000e+00,0.000000000000000000e+00,0.000000000000000000e+00,0.000000000000000000e+00,0.000000000000000000e+00,0.000000000000000000e+00
1.966226533374586305e+00,1.215338051972111444e+01,1.569964963684908899e+00,-2.441578912222980638e-02,1.805522943837718775e-02,5.472855530337257246e-01,8.363948836357352201e-01,-6.925176460794980615e-01,1.891012480793786699e-01,2.662024124105044076e-01,1.918695588326674029e-01,-4.625978294912618666e-02,-2.809462410548693723e-02,-1.022780154797325175e-03,4.245311102499474409e-02,1.662240043970276138e-01,2.095889698428095582e-01,-1.680793971690636157e-01,3.228668194973036837e-02,3.161370936012385946e-01,0.000000000000000000e+00,0.000000000000000000e+00,0.000000000000000000e+00,0.000000000000000000e+00,0.000000000000000000e+00,0.000000000000000000e+00,0.000000000000000000e+00,0.000000000000000000e+00,0.000000000000000000e+00,0.000000000000000000e+00,0.000000000000000000e+00,0.000000000000000000e+00,0.000000000000000000e+00,0.000000000000000000e+00,0.000000000000000000e+00,0.000000000000000000e+00
1.971250364707476166e+00,1.219157501124634813e+01,1.557183469997360792e+00,-2.902168946453783510e-02,1.768103383751774491e-02,5.352398816363388434e-01,8.440162271479018097e-01,-7.143346024173359288e-01,1.981382307342118565e-01,2.772047556944490232e-01,1.705972646885556276e-01,-4.920932379809040552e-02,-2.641039961844701689e-02,4.023297457384691911e-02,3.998082897712266354e-02,1.965262304758760015e-01,2.206031197373275465e-01,-1.805878109439047474e-01,3.717618713033606775e-02,3.459012453747054572e-01,0.000000000000000000e+00,0.000000000000000000e+00,0.000000000000000000e+00,0.000000000000000000e+00,0.000000000000000000e+00,0.000000000000000000e+00,0.000000000000000000e+00,0.000000000000000000e+00,0.000000000000000000e+00,0.000000000000000000e+00,0.000000000000000000e+00,0.000000000000000000e+00,0.000000000000000000e+00,0.000000000000000000e+00,0.000000000000000000e+00,0.000000000000000000e+00
1.976357356043798585e+00,1.223073438022964154e+01,1.543665478720118722e+00,-3.332601931335053835e-02,1.412896675439487097e-02,5.230838015915680872e-01,8.515122343499785806e-01,-7.189349541265523946e-01,2.164070496190387827e-01,2.946268551371535316e-01,2.030667833332528427e-01,-3.319919668297451748e-02,-1.094728164527741625e-02,8.344077326084389790e-02,3.575551659389323428e-02,2.240055356448729662e-01,2.363742912900407278e-01,-1.706112612177855536e-01,4.842650176743200363e-02,3.768159191434709565e-01,0.000000000000000000e+00,0.000000000000000000e+00,0.000000000000000000e+00,0.000000000000000000e+00,0.000000000000000000e+00,0.000000000000000000e+00,0.000000000000000000e+00,0.000000000000000000e+00,0.000000000000000000e+00,0.000000000000000000e+00,0.000000000000000000e+00,0.000000000000000000e+00,0.000000000000000000e+00,0.000000000000000000e+00,0.000000000000000000e+00,0.000000000000000000e+00
1.981612463997031170e+00,1.227010946128484647e+01,1.531200621246079141e+00,-3.437099384224109877e-02,1.410474717736878193e-02,5.131796897696232485e-01,8.574767034137502630e-01,-7.141516717356988231e-01,2.211509296696409776e-01,3.041687637346222051e-01,2.646032448968439477e-01,-3.486865670446127885e-03,1.479322427339162596e-02,1.196798469491044820e-01,1.857414126963752299e-02,2.563887716419394058e-01,2.646218664969965384e-01,-1.217934954222660432e-01,7.398369146127510565e-02,4.081999783037997820e-01,0.000000000000000000e+00,0.000000000000000000e+00,0.000000000000000000e+00,0.000000000000000000e+00,0.000000000000000000e+00,0.000000000000000000e+00,0.000000000000000000e+00,0.000000000000000000e+00,0.000000000000000000e+00,0.000000000000000000e+00,0.000000000000000000e+00,0.000000000000000000e+00,0.000000000000000000e+00,0.000000000000000000e+00,0.000000000000000000e+00,0.000000000000000000e+00
1.986771221518529362e+00,1.230784031743292140e+01,1.520540348302858114e+00,-3.017644447802708685e-02,2.260099105836287092e-02,5.067828009209104367e-01,8.612489594145246175e-01,-7.076970089582086398e-01,1.974695713481045001e-01,3.158306321890965718e-01,3.252615988953659887e-01,2.654151564464272972e-02,4.895571237911520296e-02,1.356512179490125813e-01,-2.468752053281849518e-02,2.742082087749868613e-01,2.952043229093860299e-01,-3.192486472144540066e-03,1.219887642808357847e-01,4.300386292319701709e-01,0.000000000000000000e+00,0.000000000000000000e+00,0.000000000000000000e+00,0.000000000000000000e+00,0.000000000000000000e+00,0.000000000000000000e+00,0.000000000000000000e+00,0.000000000000000000e+00,0.000000000000000000e+00,0.000000000000000000e+00,0.000000000000000000e+00,0.000000000000000000e+00,0.000000000000000000e+00,0.000000000000000000e+00,0.000000000000000000e+00,0.000000000000000000e+00
1.992264801176099498e+00,1.234371994440326503e+01,1.513090206088151701e+00,-2.284364138301589117e-02,3.938810137065570233e-02,5.071120108402941140e-01,8.606765675794203485e-01,-7.074582854699229539e-01,1.546932183530759231e-01,3.297559566226308525e-01,3.824051884365519682e-01,4.598467400426226037e-02,9.090638337485701381e-02,1.333682713100881045e-01,-8.621458612405991095e-02,2.600109623558128913e-01,3.382804667697034695e-01,1.871711613889437409e-01,1.667681198228106176e-01,4.460003330907862384e-01,0.000000000000000000e+00,0.000000000000000000e+00,0.000000000000000000e+00,0.000000000000000000e+00,0.000000000000000000e+00,0.000000000000000000e+00,0.000000000000000000e+00,0.000000000000000000e+00,0.000000000000000000e+00,0.000000000000000000e+00,0.000000000000000000e+00,0.000000000000000000e+00,0.000000000000000000e+00,0.000000000000000000e+00,0.000000000000000000e+00,0.000000000000000000e+00
1.997805025068373874e+00,1.238066297259904225e+01,1.512701651426029414e+00,-2.002772555702236543e-02,5.418638937866314398e-02,5.161721013763852506e-01,8.545344271448654938e-01,-7.032879250072550104e-01,1.057288946038820732e-01,3.275017979274106317e-01,4.221051702590727928e-01,4.375231728329097985e-02,1.322539239319000803e-01,1.185210227513990716e-01,-1.175235720634159875e-01,2.370666948694334919e-01,4.004355595213052177e-01,3.821675308331189957e-01,2.019035672239708201e-01,4.447270052350702496e-01,0.000000000000000000e+00,0.000000000000000000e+00,0.000000000000000000e+00,0.000000000000000000e+00,0.000000000000000000e+00,0.000000000000000000e+00,0.000000000000000000e+00,0.000000000000000000e+00,0.000000000000000000e+00,0.000000000000000000e+00,0.000000000000000000e+00,0.000000000000000000e+00,0.000000000000000000e+00,0.000000000000000000e+00,0.000000000000000000e+00,0.000000000000000000e+00
2.003170583589587217e+00,1.242135240023183584e+01,1.519748210973080216e+00,-1.691845985370281011e-02,5.765687492312650958e-02,5.334338922806600713e-01,8.437047665247502382e-01,-6.697708981710199794e-01,5.128613332391963181e-02,3.026187081543540991e-01,4.363296117803318053e-01,1.259864016372930218e-03,1.645379450750547867e-01,7.262795339570567166e-02,-1.301282332051469093e-01,1.858284108807629897e-01,5.119814592830002065e-01,4.943150589139921891e-01,2.046543013880568473e-01,4.119983476041834125e-01,0.000000000000000000e+00,0.000000000000000000e+00,0.000000000000000000e+00,0.000000000000000000e+00,0.000000000000000000e+00,0.000000000000000000e+00,0.000000000000000000e+00,0.000000000000000000e+00,0.000000000000000000e+00,0.000000000000000000e+00,0.000000000000000000e+00,0.000000000000000000e+00,0.000000000000000000e+00,0.000000000000000000e+00,0.000000000000000000e+00,0.000000000000000000e+00
2.007723851335176501e+00,1.246467893996833176e+01,1.530720264730122127e+00,-9.909667088086188125e-03,5.160070862548893356e-02,5.552995581147659454e-01,8.299888951817953053e-01,-6.052166820092192978e-01,3.987018901934168136e-04,2.589718099646162730e-01,4.314854846488397899e-01,-5.019494447581526742e-02,1.925299823769116292e-01,-1.151324414891670422e-02,-1.342298514551019395e-01,9.962052100792503917e-02,6.570564765376586402e-01,4.961364365123255293e-01,1.538494666557361779e-01,3.576519743851478417e-01,0.000000000000000000e+00,0.000000000000000000e+00,0.000000000000000000e+00,0.000000000000000000e+00,0.000000000000000000e+00,0.000000000000000000e+00,0.000000000000000000e+00,0.000000000000000000e+00,0.000000000000000000e+00,0.000000000000000000e+00,0.000000000000000000e+00,0.000000000000000000e+00,0.000000000000000000e+00,0.000000000000000000e+00,0.000000000000000000e+00,0.000000000000000000e+00
2.010515116415044989e+00,1.250658870403825240e+01,1.544789237023897144e+00,-1.294014997523433054e-02,4.449091063195117352e-02,5.749220117384453710e-01,8.168952147052751522e-01,-5.408362720505585086e-01,-2.053073069895149094e-02,2.117846685062965140e-01,4.053492945967352989e-01,-8.676838575848563884e-02,2.024337563997513634e-01,-1.059998293589712037e-01,-1.264779339954343329e-01,1.891378869736071860e-02,6.983576419660038059e-01,4.938644143372008521e-01,8.823946332822575622e-02,2.860919205727204262e-01,0.000000000000000000e+00,0.000000000000000000e+00,0.000000000000000000e+00,0.000000000000000000e+00,0.000000000000000000e+00,0.000000000000000000e+00,0.000000000000000000e+00,0.000000000000000000e+00,0.000000000000000000e+00,0.000000000000000000e+00,0.000000000000000000e+00,0.000000000000000000e+00,0.000000000000000000e+00,0.000000000000000000e+00,0.000000000000000000e+00,0.000000000000000000e+00
2.013335015168542075e+00,1.254789791726194004e+01,1.552644596241432584e+00,-6.532694334459763184e-03,3.693552899606853540e-02,5.989592706520335819e-01,7.999005455070634651e-01,-4.634912354229318021e-01,-5.622515584103256192e-02,1.667674028690105670e-01,3.776222079422190125e-01,-1.144234376776695483e-01,2.064361061162622579e-01,-2.181637247409344560e-01,-1.472110853387922913e-01,-7.878587376178133872e-02,7.666723022761778861e-01,4.027445886098577899e-01,4.066133355317466669e-02,2.076791422295463652e-01,0.000000000000000000e+00,0.000000000000000000e+00,0.000000000000000000e+00,0.000000000000000000e+00,0.000000000000000000e+00,0.000000000000000000e+00,0.000000000000000000e+00,0.000000000000000000e+00,0.000000000000000000e+00,0.000000000000000000e+00,0.000000000000000000e+00,0.000000000000000000e+00,0.000000000000000000e+00,0.000000000000000000e+00,0.000000000000000000e+00,0.000000000000000000e+00
2.015864687261641475e+00,1.258787524277206415e+01,1.557317914840594897e+00,1.235539419232686668e-03,3.025701319992791724e-02,6.213438712059733415e-01,7.829526041270556957e-01,-3.870801536577301305e-01,-8.814996448360779002e-02,1.240409329570495017e-01,3.561805806390731521e-01,-1.409251176209823653e-01,2.021248398109014022e-01,-3.118200223585537167e-01,-1.795134704902265621e-01,-1.663591166692223178e-01,7.688509214915169032e-01,3.225585841066483939e-01,1.772147115595307937e-02,1.342072287931502517e-01,0.000000000000000000e+00,0.000000000000000000e+00,0.000000000000000000e+00,0.000000000000000000e+00,0.000000000000000000e+00,0.000000000000000000e+00,0.000000000000000000e+00,0.000000000000000000e+00,0.000000000000000000e+00,0.000000000000000000e+00,0.000000000000000000e+00,0.000000000000000000e+00,0.000000000000000000e+00,0.000000000000000000e+00,0.000000000000000000e+00,0.000000000000000000e+00
2.018314125209621057e+00,1.262747706743137144e+01,1.559210644158061321e+00,6.805044550604352586e-03,2.631505111257460144e-02,6.458380708780030455e-01,7.629904295980299844e-01,-3.171241705724255344e-01,-1.211253053226073739e-01,6.552140975423811908e-02,3.389941130303287253e-01,-1.696731511527199143e-01,1.932802941432076316e-01,-3.968531141351248626e-01,-2.147402073572169390e-01,-2.305378204748644022e-01,7.345122986292726974e-01,2.576469569520042358e-01,1.688604277720482522e-02,6.123418170393724047e-02,0.000000000000000000e+00,0.000000000000000000e+00,0.000000000000000000e+00,0.000000000000000000e+00,0.000000000000000000e+00,0.000000000000000000e+00,0.000000000000000000e+00,0.000000000000000000e+00,0.000000000000000000e+00,0.000000000000000000e+00,0.000000000000000000e+00,0.000000000000000000e+00,0.000000000000000000e+00,0.000000000000000000e+00,0.000000000000000000e+00,0.000000000000000000e+00
2.021213291242702326e+00,1.266665728120472956e+01,1.557679651725772274e+00,1.632538881087647678e-02,2.355054548229502248e-02,6.687593119443721035e-01,7.429265348440248218e-01,-2.460161546698718393e-01,-1.536895182398128057e-01,6.928832247548200041e-03,3.285755658665294177e-01,-1.968561959492553803e-01,1.765893039167704126e-01,-4.621088541941040795e-01,-2.483082794306409880e-01,-2.767017006923072620e-01,6.541165404359160496e-01,2.104929111624640192e-01,3.028713093793822253e-02,-3.383214815489812236e-03,0.000000000000000000e+00,0.000000000000000000e+00,0.000000000000000000e+00,0.000000000000000000e+00,0.000000000000000000e+00,0.000000000000000000e+00,0.000000000000000000e+00,0.000000000000000000e+00,0.000000000000000000e+00,0.000000000000000000e+00,0.000000000000000000e+00,0.000000000000000000e+00,0.000000000000000000e+00,0.000000000000000000e+00,0.000000000000000000e+00,0.000000000000000000e+00
2.024603953461295180e+00,1.270615055638029034e+01,1.554123364048698219e+00,2.618581271400111446e-02,2.253771893675767662e-02,6.919058898068688457e-01,7.211605882798922673e-01,-1.754177812694395766e-01,-1.810389327756512512e-01,-5.053519850095515575e-02,3.146761320018116037e-01,-2.204635916054450695e-01,1.590118373828880161e-01,-5.165037352265362536e-01,-2.755138959468033111e-01,-3.014468080486630841e-01,5.612030577484357075e-01,1.642586012442379118e-01,5.965615474503434962e-02,-7.151983878987838716e-02,0.000000000000000000e+00,0.000000000000000000e+00,0.000000000000000000e+00,0.000000000000000000e+00,0.000000000000000000e+00,0.000000000000000000e+00,0.000000000000000000e+00,0.000000000000000000e+00,0.000000000000000000e+00,0.000000000000000000e+00,0.000000000000000000e+00,0.000000000000000000e+00,0.000000000000000000e+00,0.000000000000000000e+00,0.000000000000000000e+00,0.000000000000000000e+00
2.028584374079288377e+00,1.274628884388772043e+01,1.548570406658234200e+00,3.738155680433330463e-02,2.259546473388026125e-02,7.126961834427881781e-01,7.001115727442506209e-01,-1.045875612190299841e-01,-2.065107287847792183e-01,-1.158785803152755367e-01,3.035340806927404045e-01,-2.482058300042453425e-01,1.440779595528052237e-01,-5.645444129980267123e-01,-2.955117985716918527e-01,-3.026054126067096450e-01,4.574984925980460915e-01,1.182081829442058890e-01,1.011119864803991936e-01,-1.381652641898184763e-01,0.000000000000000000e+00,0.000000000000000000e+00,0.000000000000000000e+00,0.000000000000000000e+00,0.000000000000000000e+00,0.000000000000000000e+00,0.000000000000000000e+00,0.000000000000000000e+00,0.000000000000000000e+00,0.000000000000000000e+00,0.000000000000000000e+00,0.000000000000000000e+00,0.000000000000000000e+00,0.000000000000000000e+00,0.000000000000000000e+00,0.000000000000000000e+00
2.033091423660743136e+00,1.278664713366294592e+01,1.542398329891490727e+00,4.554795215941460224e-02,2.322061583515416458e-02,7.314612546198943077e-01,6.799636902395672644e-01,-3.918929809854224122e-02,-2.220895481815922945e-01,-1.866633644104773726e-01,2.935922897402495346e-01,-2.838709314722309140e-01,1.332903638498769971e-01,-6.108373875036047229e-01,-3.084353280102345995e-01,-2.765552923410437014e-01,3.623825195866609006e-01,6.180451233519845128e-02,1.431915061919451226e-01,-1.950633534687264969e-01,0.000000000000000000e+00,0.000000000000000000e+00,0.000000000000000000e+00,0.000000000000000000e+00,0.000000000000000000e+00,0.000000000000000000e+00,0.000000000000000000e+00,0.000000000000000000e+00,0.000000000000000000e+00,0.000000000000000000e+00,0.000000000000000000e+00,0.000000000000000000e+00,0.000000000000000000e+00,0.000000000000000000e+00,0.000000000000000000e+00,0.000000000000000000e+00
2.038256636280996847e+00,1.282668137114233886e+01,1.534433542286334218e+00,5.014274155318790976e-02,2.808062164265049884e-02,7.421605723334202542e-01,6.677535990404115385e-01,2.079139832994498366e-02,-2.296682175805667692e-01,-2.431851741197576522e-01,2.770802771195790548e-01,-3.280852436241270542e-01,1.222645566718628951e-01,-6.540006363086726671e-01,-3.164043676414384776e-01,-2.604917038214573655e-01,2.706743615171264272e-01,1.129665880593019867e-02,1.866494742411269614e-01,-2.360394549403482811e-01,0.000000000000000000e+00,0.000000000000000000e+00,0.000000000000000000e+00,0.000000000000000000e+00,0.000000000000000000e+00,0.000000000000000000e+00,0.000000000000000000e+00,0.000000000000000000e+00,0.000000000000000000e+00,0.000000000000000000e+00,0.000000000000000000e+00,0.000000000000000000e+00,0.000000000000000000e+00,0.000000000000000000e+00,0.000000000000000000e+00,0.000000000000000000e+00
2.043980897150833087e+00,1.286704933352226909e+01,1.524989711436849582e+00,5.100769069007921735e-02,3.428295925160727842e-02,7.483034586208453520e-01,6.605034655560095835e-01,7.046717792631967958e-02,-2.313905575315376717e-01,-2.974338990909507485e-01,2.723178169872875753e-01,-3.604104801257292379e-01,1.138663363057108580e-01,-6.912521120178035661e-01,-3.154767420413215340e-01,-2.439714148349926282e-01,2.219265597513443988e-01,-1.745499212247303422e-02,2.122479436350098170e-01,-2.645677151642447655e-01,0.000000000000000000e+00,0.000000000000000000e+00,0.000000000000000000e+00,0.000000000000000000e+00,0.000000000000000000e+00,0.000000000000000000e+00,0.000000000000000000e+00,0.000000000000000000e+00,0.000000000000000000e+00,0.000000000000000000e+00,0.000000000000000000e+00,0.000000000000000000e+00,0.000000000000000000e+00,0.000000000000000000e+00,0.000000000000000000e+00,0.000000000000000000e+00
2.050115916197911670e+00,1.290889709656848083e+01,1.512568710408424444e+00,4.877164245098732087e-02,4.262327681249752920e-02,7.529255281202584804e-01,6.549104765318907173e-01,1.101140979313708357e-01,-2.306509712510861343e-01,-3.452873721239854699e-01,2.889080465650815666e-01,-3.744791074394261399e-01,1.045304584632285455e-01,-7.085718123944565461e-01,-3.085509742445970982e-01,-2.209418370711217217e-01,2.115633897636144678e-01,-1.884595620148052375e-02,2.135067073813958216e-01,-2.877216562259587440e-01,0.000000000000000000e+00,0.000000000000000000e+00,0.000000000000000000e+00,0.000000000000000000e+00,0.000000000000000000e+00,0.000000000000000000e+00,0.000000000000000000e+00,0.000000000000000000e+00,0.000000000000000000e+00,0.000000000000000000e+00,0.000000000000000000e+00,0.000000000000000000e+00,0.000000000000000000e+00,0.000000000000000000e+00,0.000000000000000000e+00,0.000000000000000000e+00
2.056678284991222405e+00,1.295076268332520186e+01,1.504464804195511540e+00,4.340141199806413219e-02,4.583039124327623753e-02,7.595510584187401548e-01,6.473778512816411590e-01,1.493586168933660752e-01,-2.048004718107307442e-01,-3.554482226207811291e-01,3.007945148217756604e-01,-3.337841641936454273e-01,7.460222178374630031e-02,-7.067472284718163689e-01,-2.984038920576816967e-01,-2.264186541948556286e-01,2.299033185293268278e-01,-7.314367759014492321e-03,2.003315832209753011e-01,-3.112532101245438221e-01,0.000000000000000000e+00,0.000000000000000000e+00,0.000000000000000000e+00,0.000000000000000000e+00,0.000000000000000000e+00,0.000000000000000000e+00,0.000000000000000000e+00,0.000000000000000000e+00,0.000000000000000000e+00,0.000000000000000000e+00,0.000000000000000000e+00,0.000000000000000000e+00,0.000000000000000000e+00,0.000000000000000000e+00,0.000000000000000000e+00,0.000000000000000000e+00
2.063371128620953954e+00,1.299216317769386642e+01,1.495911318568808879e+00,3.567302451728374124e-02,4.632793150149347450e-02,7.662922342517664021e-01,6.398260465235992012e-01,1.810397016609700260e-01,-1.747856788734730993e-01,-3.714245461225781364e-01,3.226321648437490697e-01,-2.602845335544589078e-01,4.044362759188756956e-02,-6.911672931057921687e-01,-2.837015019207032585e-01,-2.418510402789440794e-01,2.678294327998380076e-01,2.010018292628486247e-02,1.689859487217669209e-01,-3.321876450714515983e-01,0.000000000000000000e+00,0.000000000000000000e+00,0.000000000000000000e+00,0.000000000000000000e+00,0.000000000000000000e+00,0.000000000000000000e+00,0.000000000000000000e+00,0.000000000000000000e+00,0.000000000000000000e+00,0.000000000000000000e+00,0.000000000000000000e+00,0.000000000000000000e+00,0.000000000000000000e+00,0.000000000000000000e+00,0.000000000000000000e+00,0.000000000000000000e+00
2.069992252282696565e+00,1.303170982699632674e+01,1.487962340739266587e+00,1.890788399560516114e-02,4.396165546667199497e-02,7.713590003068397927e-01,6.345984221671782111e-01,1.972288276744255664e-01,-1.287702001089539305e-01,-3.836602346483362069e-01,3.478365144832733513e-01,-1.280502475737237134e-01,-5.903760667851030638e-03,-6.758161608296892053e-01,-2.546267606393639582e-01,-2.650273951595791821e-01,3.157588955256799834e-01,4.922352179155999041e-02,1.220990310870254392e-01,-3.506355701304845751e-01,0.000000000000000000e+00,0.000000000000000000e+00,0.000000000000000000e+00,0.000000000000000000e+00,0.000000000000000000e+00,0.000000000000000000e+00,0.000000000000000000e+00,0.000000000000000000e+00,0.000000000000000000e+00,0.000000000000000000e+00,0.000000000000000000e+00,0.000000000000000000e+00,0.000000000000000000e+00,0.000000000000000000e+00,0.000000000000000000e+00,0.000000000000000000e+00
2.076454045829097872e+00,1.306873819505068823e+01,1.481641171854944927e+00,-5.348926631170970898e-03,3.715562332814153351e-02,7.710811593510252804e-01,6.356293686834106893e-01,1.890864193448663633e-01,-7.290061900317813814e-02,-3.811212772110273428e-01,3.802579871997986971e-01,6.734710729146330122e-02,-6.097018749101261459e-02,-6.722039134087123280e-01,-2.115665754236455975e-01,-2.989718295589526842e-01,3.737175436229396852e-01,5.719249602295815860e-02,6.140171175739125853e-02,-3.504005252338916465e-01,0.000000000000000000e+00,0.000000000000000000e+00,0.000000000000000000e+00,0.000000000000000000e+00,0.000000000000000000e+00,0.000000000000000000e+00,0.000000000000000000e+00,0.000000000000000000e+00,0.000000000000000000e+00,0.000000000000000000e+00,0.000000000000000000e+00,0.000000000000000000e+00,0.000000000000000000e+00,0.000000000000000000e+00,0.000000000000000000e+00,0.000000000000000000e+00
2.082735553397188966e+00,1.310502738409651258e+01,1.479346166338356250e+00,-2.660420725215287274e-02,3.016419440829620768e-02,7.651649867292882323e-01,6.425767507588117100e-01,1.639330315104648161e-01,-2.566123806297727211e-02,-3.546697976232973115e-01,4.200363317636772731e-01,2.778765562770012520e-01,-1.122582469099906027e-01,-6.697730997444130141e-01,-1.670999417185143332e-01,-3.281555317457109378e-01,4.286079311554151783e-01,3.831151111182548585e-02,-2.340024562592182486e-03,-3.333581602381803788e-01,0.000000000000000000e+00,0.000000000000000000e+00,0.000000000000000000e+00,0.000000000000000000e+00,0.000000000000000000e+00,0.000000000000000000e+00,0.000000000000000000e+00,0.000000000000000000e+00,0.000000000000000000e+00,0.000000000000000000e+00,0.000000000000000000e+00,0.000000000000000000e+00,0.000000000000000000e+00,0.000000000000000000e+00,0.000000000000000000e+00,0.000000000000000000e+00
2.088892825507734141e+00,1.314344457002935052e+01,1.483304205851044610e+00,-3.296030699631774530e-02,2.884045305382059582e-02,7.539837160031451768e-01,6.554314628032806844e-01,1.165619883660322376e-01,-8.503716633183083795e-03,-2.932510072574637250e-01,4.868940185363796469e-01,4.372842791404779605e-01,-1.287110930088602445e-01,-6.464963459804006218e-01,-1.264478106140186353e-01,-3.055983602398282817e-01,4.550820027191391226e-01,8.952907790967676305e-03,-4.847294557971915108e-02,-2.944970068798724028e-01,0.000000000000000000e+00,0.000000000000000000e+00,0.000000000000000000e+00,0.000000000000000000e+00,0.000000000000000000e+00,0.000000000000000000e+00,0.000000000000000000e+00,0.000000000000000000e+00,0.000000000000000000e+00,0.000000000000000000e+00,0.000000000000000000e+00,0.000000000000000000e+00,0.000000000000000000e+00,0.000000000000000000e+00,0.000000000000000000e+00,0.000000000000000000e+00
2.095488209279275704e+00,1.318380219911230178e+01,1.491745552585306722e+00,-2.770636529183721081e-02,3.167477931125529250e-02,7.368379922683835348e-01,6.747583558784556734e-01,3.993213602571366733e-02,-1.142571628505349192e-02,-2.028996207228580262e-01,5.731263365189084302e-01,4.930040799840146315e-01,-1.021590361500949590e-01,-5.934299790857066048e-01,-9.477048991993350380e-02,-2.601051029850126595e-01,4.468720522463701661e-01,-2.580364362486443908e-02,-6.971812151008531522e-02,-2.383504799405374852e-01,0.000000000000000000e+00,0.000000000000000000e+00,0.000000000000000000e+00,0.000000000000000000e+00,0.000000000000000000e+00,0.000000000000000000e+00,0.000000000000000000e+00,0.000000000000000000e+00,0.000000000000000000e+00,0.000000000000000000e+00,0.000000000000000000e+00,0.000000000000000000e+00,0.000000000000000000e+00,0.000000000000000000e+00,0.000000000000000000e+00,0.000000000000000000e+00
2.102466202593618050e+00,1.322387517844116189e+01,1.500238234787295344e+00,-1.864634149207961347e-02,3.487463698472781370e-02,7.177604376673258901e-01,6.951661871550954830e-01,-5.207297013327411017e-02,-1.477322607474119802e-02,-1.099689403043176139e-01,6.633437635680107247e-01,4.778707870416697978e-01,-5.137143426683998121e-02,-5.303795793995029761e-01,-6.983467429829536000e-02,-2.031961399988330141e-01,4.274046134559140731e-01,-5.231645593442420250e-02,-7.619928436132546168e-02,-1.787474473486818649e-01,0.000000000000000000e+00,0.000000000000000000e+00,0.000000000000000000e+00,0.000000000000000000e+00,0.000000000000000000e+00,0.000000000000000000e+00,0.000000000000000000e+00,0.000000000000000000e+00,0.000000000000000000e+00,0.000000000000000000e+00,0.000000000000000000e+00,0.000000000000000000e+00,0.000000000000000000e+00,0.000000000000000000e+00,0.000000000000000000e+00,0.000000000000000000e+00
2.109453189294613562e+00,1.326299374545139820e+01,1.507294693912733852e+00,-8.683839845500905888e-03,3.487000540177027930e-02,6.964313460335874728e-01,7.167231361625381325e-01,-1.565818631086571266e-01,-1.213070059000797944e-02,-2.602026968759377917e-02,7.320063667423664100e-01,4.122308807600743585e-01,5.092299161168691024e-03,-4.579917241703869157e-01,-4.849758866088441783e-02,-1.463989653515683775e-01,3.959422663997151370e-01,-6.721607404018252463e-02,-6.617279552458203706e-02,-1.138844165661867525e-01,0.000000000000000000e+00,0.000000000000000000e+00,0.000000000000000000e+00,0.000000000000000000e+00,0.000000000000000000e+00,0.000000000000000000e+00,0.000000000000000000e+00,0.000000000000000000e+00,0.000000000000000000e+00,0.000000000000000000e+00,0.000000000000000000e+00,0.000000000000000000e+00,0.000000000000000000e+00,0.000000000000000000e+00,0.000000000000000000e+00,0.000000000000000000e+00
2.116150436001678070e+00,1.330110703852341203e+01,1.513201618453862807e+00,9.616135863917216892e-04,3.491419008375241245e-02,6.755727289056575602e-01,7.364655881906967405e-01,-2.574875135812453308e-01,-1.064934324990394858e-02,2.317440907959172208e-02,7.569525866113477885e-01,3.211316383009359399e-01,4.114357676205983999e-02,-3.865926979520177276e-01,-3.303873812658750936e-02,-8.991301264594350751e-02,3.636895403165600893e-01,-6.957625636951740578e-02,-5.039610593485108203e-02,-4.734584292678147704e-02,0.000000000000000000e+00,0.000000000000000000e+00,0.000000000000000000e+00,0.000000000000000000e+00,0.000000000000000000e+00,0.000000000000000000e+00,0.000000000000000000e+00,0.000000000000000000e+00,0.000000000000000000e+00,0.000000000000000000e+00,0.000000000000000000e+00,0.000000000000000000e+00,0.000000000000000000e+00,0.000000000000000000e+00,0.000000000000000000e+00,0.000000000000000000e+00
2.122645154327494676e+00,1.333875925966907161e+01,1.516886110565932144e+00,9.471052190362124271e-03,3.246880933651889733e-02,6.534427025118011434e-01,7.562200143640407379e-01,-3.571279516608016347e-01,-5.620961631896091715e-04,6.737730074954048631e-02,7.388086790062596831e-01,2.177908132917004691e-01,6.982285953675743118e-02,-3.138920274959413614e-01,-2.212652470141615937e-02,-4.228857088300226608e-02,3.283146554598442290e-01,-6.088980479054756367e-02,-2.855857568047416237e-02,2.307466280609583170e-02,0.000000000000000000e+00,0.000000000000000000e+00,0.000000000000000000e+00,0.000000000000000000e+00,0.000000000000000000e+00,0.000000000000000000e+00,0.000000000000000000e+00,0.000000000000000000e+00,0.000000000000000000e+00,0.000000000000000000e+00,0.000000000000000000e+00,0.000000000000000000e+00,0.000000000000000000e+00,0.000000000000000000e+00,0.000000000000000000e+00,0.000000000000000000e+00
2.128898120450557929e+00,1.337620893324763927e+01,1.518517268459459890e+00,1.505083100343847582e-02,2.870809964368508868e-02,6.295418966665006222e-01,7.762900990238763566e-01,-4.417440244618159317e-01,2.504823865357129822e-02,1.140027723084285627e-01,6.711532983991784773e-01,1.170142592268526432e-01,7.974628381713627645e-02,-2.439235698425016585e-01,-1.102809896989617733e-02,3.141109083706281058e-03,2.937720624498953992e-01,-5.624491004488897661e-02,-4.134996130606954229e-03,8.883624943364687443e-02,0.000000000000000000e+00,0.000000000000000000e+00,0.000000000000000000e+00,0.000000000000000000e+00,0.000000000000000000e+00,0.000000000000000000e+00,0.000000000000000000e+00,0.000000000000000000e+00,0.000000000000000000e+00,0.000000000000000000e+00,0.000000000000000000e+00,0.000000000000000000e+00,0.000000000000000000e+00,0.000000000000000000e+00,0.000000000000000000e+00,0.000000000000000000e+00
2.134672107842368938e+00,1.341394479562141662e+01,1.517384714004751389e+00,9.631535289885542750e-03,2.306794715191837555e-02,6.051080686335551517e-01,7.957507955489114826e-01,-5.089453665972567542e-01,6.234506963405560959e-02,1.574959242594175524e-01,5.748959910131140605e-01,6.397969784537087257e-02,7.405959909985010414e-02,-1.801613032889205768e-01,1.087891970047114021e-02,4.643380262175519912e-02,2.582336024267858909e-01,-6.166414934428848804e-02,1.409027250324750187e-02,1.483207979095948481e-01,0.000000000000000000e+00,0.000000000000000000e+00,0.000000000000000000e+00,0.000000000000000000e+00,0.000000000000000000e+00,0.000000000000000000e+00,0.000000000000000000e+00,0.000000000000000000e+00,0.000000000000000000e+00,0.000000000000000000e+00,0.000000000000000000e+00,0.000000000000000000e+00,0.000000000000000000e+00,0.000000000000000000e+00,0.000000000000000000e+00,0.000000000000000000e+00
2.140386910319761249e+00,1.345192914978827226e+01,1.513836795888186204e+00,-8.981131779909109353e-04,1.729498127480169276e-02,5.813561332062251452e-01,8.134648876251082683e-01,-5.545264100154883025e-01,1.061156446235832496e-01,1.905720452579538204e-01,4.508475033970829049e-01,2.270089500302659158e-02,5.414985010309129876e-02,-1.253485902214001024e-01,3.655478308122640102e-02,9.061297413807420376e-02,2.366738817969710751e-01,-8.515554748724810108e-02,2.182523675209348604e-02,1.972623084312887798e-01,0.000000000000000000e+00,0.000000000000000000e+00,0.000000000000000000e+00,0.000000000000000000e+00,0.000000000000000000e+00,0.000000000000000000e+00,0.000000000000000000e+00,0.000000000000000000e+00,0.000000000000000000e+00,0.000000000000000000e+00,0.000000000000000000e+00,0.000000000000000000e+00,0.000000000000000000e+00,0.000000000000000000e+00,0.000000000000000000e+00,0.000000000000000000e+00
2.146105243203509705e+00,1.348938791757928612e+01,1.509300490754243329e+00,-7.814725197176431229e-03,1.430031178942896969e-02,5.605416868000562269e-01,8.279658498465778393e-01,-6.034984091397920247e-01,1.491341796126200159e-01,2.338481934548996000e-01,3.508483544913935104e-01,-3.009844026740096656e-02,2.308324964461045889e-02,-7.361695939862880622e-02,4.957407436277318918e-02,1.263808234483861925e-01,2.247873203788137153e-01,-1.214016548672477852e-01,2.170313200624442510e-02,2.387345104398770901e-01,0.000000000000000000e+00,0.000000000000000000e+00,0.000000000000000000e+00,0.000000000000000000e+00,0.000000000000000000e+00,0.000000000000000000e+00,0.000000000000000000e+00,0.000000000000000000e+00,0.000000000000000000e+00,0.000000000000000000e+00,0.000000000000000000e+00,0.000000000000000000e+00,0.000000000000000000e+00,0.000000000000000000e+00,0.000000000000000000e+00,0.000000000000000000e+00
2.152011902164820079e+00,1.352632589114249662e+01,1.503120502241252820e+00,-1.204890086756942903e-02,1.622077315456428234e-02,5.466352903261112450e-01,8.371269735686696079e-01,-6.490456563178109706e-01,1.695148249235738369e-01,2.641017243412717708e-01,2.597903583115597215e-01,-6.385713035641353563e-02,-6.213579062366091782e-03,-2.990983525998022058e-02,4.655897505310807594e-02,1.546394317958972309e-01,2.186650430205028806e-01,-1.464069640726173571e-01,3.018363178170621261e-02,2.701693493395076473e-01,0.000000000000000000e+00,0.000000000000000000e+00,0.000000000000000000e+00,0.000000000000000000e+00,0.000000000000000000e+00,0.000000000000000000e+00,0.000000000000000000e+00,0.000000000000000000e+00,0.000000000000000000e+00,0.000000000000000000e+00,0.000000000000000000e+00,0.000000000000000000e+00,0.000000000000000000e+00,0.000000000000000000e+00,0.000000000000000000e+00,0.000000000000000000e+00
2.157808853738696353e+00,1.356302800297898870e+01,1.495031763253398926e+00,-1.758393552090700349e-02,1.968153385080289447e-02,5.343582742324977097e-01,8.448459487954850244e-01,-6.872322738496103867e-01,1.806893075080104605e-01,2.784559968280632680e-01,1.917635778072550590e-01,-7.247480318025784074e-02,-2.113083287484418538e-02,8.687711018161622251e-03,4.176733638838379253e-02,1.834789768851756153e-01,2.207925616278742231e-01,-1.656520590789740954e-01,3.351601293067347359e-02,2.958119862415085621e-01,0.000000000000000000e+00,0.000000000000000000e+00,0.000000000000000000e+00,0.000000000000000000e+00,0.000000000000000000e+00,0.000000000000000000e+00,0.000000000000000000e+00,0.000000000000000000e+00,0.000000000000000000e+00,0.000000000000000000e+00,0.000000000000000000e+00,0.000000000000000000e+00,0.000000000000000000e+00,0.000000000000000000e+00,0.000000000000000000e+00,0.000000000000000000e+00
2.163533336418848485e+00,1.360000752115404943e+01,1.484577107565676624e+00,-2.270959207167914939e-02,1.975310850956582542e-02,5.230557879876537308e-01,8.517668294696393305e-01,-7.110036094809565332e-01,1.890032667130802091e-01,2.940889438486668506e-01,1.748689744036638627e-01,-6.979695248580616851e-02,-1.844268418303207299e-02,4.451412529330368850e-02,3.419149887142774319e-02,2.066013953753723098e-01,2.369982798273646551e-01,-1.706717587956752546e-01,4.102470532582702667e-02,3.207035650792978143e-01,0.000000000000000000e+00,0.000000000000000000e+00,0.000000000000000000e+00,0.000000000000000000e+00,0.000000000000000000e+00,0.000000000000000000e+00,0.000000000000000000e+00,0.000000000000000000e+00,0.000000000000000000e+00,0.000000000000000000e+00,0.000000000000000000e+00,0.000000000000000000e+00,0.000000000000000000e+00,0.000000000000000000e+00,0.000000000000000000e+00,0.000000000000000000e+00
2.169404789821180124e+00,1.363785341754698344e+01,1.472101273995578552e+00,-2.626946615453160105e-02,1.633277710971388005e-02,5.081346370955190928e-01,8.607219911932340040e-01,-7.160133087744876557e-01,2.101485895721797448e-01,3.104507237492828420e-01,2.184317356353864537e-01,-3.887206460250180323e-02,-4.354776453630039221e-03,8.243561552293142414e-02,2.292668157195699302e-02,2.299263497775404508e-01,2.610482894673948340e-01,-1.437128928441473164e-01,6.039188643301397069e-02,3.556104449319699157e-01,0.000000000000000000e+00,0.000000000000000000e+00,0.000000000000000000e+00,0.000000000000000000e+00,0.000000000000000000e+00,0.000000000000000000e+00,0.000000000000000000e+00,0.000000000000000000e+00,0.000000000000000000e+00,0.000000000000000000e+00,0.000000000000000000e+00,0.000000000000000000e+00,0.000000000000000000e+00,0.000000000000000000e+00,0.000000000000000000e+00,0.000000000000000000e+00
2.175366925438664278e+00,1.367502662042470618e+01,1.460581993018984948e+00,-2.403998335612164347e-02,1.737153779614500695e-02,4.990247498180737096e-01,8.660800239838367665e-01,-7.092919157996866453e-01,2.097616530814016000e-01,3.308323660459144278e-01,2.749124008971729483e-01,-4.739890976801289235e-04,2.397765280801323479e-02,1.127811134507971658e-01,-2.049957687612349692e-03,2.546582995397282945e-01,2.889333643083417114e-01,-7.031838241267571177e-02,9.042264262521333695e-02,3.835090958187920007e-01,0.000000000000000000e+00,0.000000000000000000e+00,0.000000000000000000e+00,0.000000000000000000e+00,0.000000000000000000e+00,0.000000000000000000e+00,0.000000000000000000e+00,0.000000000000000000e+00,0.000000000000000000e+00,0.000000000000000000e+00,0.000000000000000000e+00,0.000000000000000000e+00,0.000000000000000000e+00,0.000000000000000000e+00,0.000000000000000000e+00,0.000000000000000000e+00
2.181255403238093749e+00,1.371060717250104233e+01,1.451074619340065874e+00,-1.857474096947244607e-02,2.649267466545438335e-02,4.916248186891878369e-01,8.702058117685785854e-01,-7.052680031690428120e-01,1.853432973987165500e-01,3.448548142375253978e-01,3.315484639754199270e-01,3.125163309244296389e-02,5.954777687960098598e-02,1.275893612338193650e-01,-4.793752982175806393e-02,2.651292195051553890e-01,3.198242819575594087e-01,6.362747456132337998e-02,1.346134959330740621e-01,4.037640168606433932e-01,0.000000000000000000e+00,0.000000000000000000e+00,0.000000000000000000e+00,0.000000000000000000e+00,0.000000000000000000e+00,0.000000000000000000e+00,0.000000000000000000e+00,0.000000000000000000e+00,0.000000000000000000e+00,0.000000000000000000e+00,0.000000000000000000e+00,0.000000000000000000e+00,0.000000000000000000e+00,0.000000000000000000e+00,0.000000000000000000e+00,0.000000000000000000e+00
2.187339636097152429e+00,1.374503081250215786e+01,1.445399524243971223e+00,-1.394777239055049189e-02,4.005551682559748555e-02,4.934940011969937701e-01,8.687143868958066006e-01,-7.050870472791799237e-01,1.431109481889006885e-01,3.528713083831428454e-01,3.816442213323246735e-01,4.715318631229310081e-02,1.022746829318407213e-01,1.226148207223594633e-01,-9.743698837496182763e-02,2.539540256936225759e-01,3.645896894725644266e-01,2.478494616175970777e-01,1.755047715653124396e-01,4.134919451631176579e-01,0.000000000000000000e+00,0.000000000000000000e+00,0.000000000000000000e+00,0.000000000000000000e+00,0.000000000000000000e+00,0.000000000000000000e+00,0.000000000000000000e+00,0.000000000000000000e+00,0.000000000000000000e+00,0.000000000000000000e+00,0.000000000000000000e+00,0.000000000000000000e+00,0.000000000000000000e+00,0.000000000000000000e+00,0.000000000000000000e+00,0.000000000000000000e+00
2.193622935521187589e+00,1.378052977755443642e+01,1.446804666760153735e+00,-1.362033797944558165e-02,5.181959174170897714e-02,5.051070620433794067e-01,8.613919387705890607e-01,-6.966845220838876473e-01,9.547330858235485163e-02,3.458767414658456829e-01,4.107160007289947234e-01,4.150222943434371536e-02,1.427590389094161860e-01,1.068728894728891432e-01,-1.175776534403616957e-01,2.418325187153204936e-01,4.269873075993597666e-01,4.380914742842583198e-01,2.107376007468220180e-01,4.084797443392299554e-01,0.000000000000000000e+00,0.000000000000000000e+00,0.000000000000000000e+00,0.000000000000000000e+00,0.000000000000000000e+00,0.000000000000000000e+00,0.000000000000000000e+00,0.000000000000000000e+00,0.000000000000000000e+00,0.000000000000000000e+00,0.000000000000000000e+00,0.000000000000000000e+00,0.000000000000000000e+00,0.000000000000000000e+00,0.000000000000000000e+00,0.000000000000000000e+00
2.200049471918497979e+00,1.382007662041254825e+01,1.453715133544102978e+00,-7.348966313698059027e-03,5.322799896647986695e-02,5.250067648188279090e-01,8.494001823137391494e-01,-6.530470727568353784e-01,3.724162904149400100e-02,3.152365298389051551e-01,4.216854522460368737e-01,1.754514098194770444e-04,1.736112900684215199e-01,5.211115409517663027e-02,-1.270407123048660769e-01,1.886372425849627277e-01,5.790060115664846796e-01,4.959816076756801695e-01,2.107816585916685581e-01,3.759740447674942976e-01,0.000000000000000000e+00,0.000000000000000000e+00,0.000000000000000000e+00,0.000000000000000000e+00,0.000000000000000000e+00,0.000000000000000000e+00,0.000000000000000000e+00,0.000000000000000000e+00,0.000000000000000000e+00,0.000000000000000000e+00,0.000000000000000000e+00,0.000000000000000000e+00,0.000000000000000000e+00,0.000000000000000000e+00,0.000000000000000000e+00,0.000000000000000000e+00
2.204926079693809715e+00,1.386093524068076555e+01,1.465551933594517520e+00,-4.689135227526362859e-03,4.633935305764685930e-02,5.494101549060346201e-01,8.342536533064416338e-01,-5.898546948562529701e-01,-8.769731266158899835e-03,2.705914073272132070e-01,4.109711801247300511e-01,-4.858140055908157645e-02,1.967166928674513593e-01,-3.412743014686955845e-02,-1.289364490690861897e-01,1.048970978010075467e-01,6.986563303389955459e-01,4.968604400518726871e-01,1.544002229224330502e-01,3.201610103154184928e-01,0.000000000000000000e+00,0.000000000000000000e+00,0.000000000000000000e+00,0.000000000000000000e+00,0.000000000000000000e+00,0.000000000000000000e+00,0.000000000000000000e+00,0.000000000000000000e+00,0.000000000000000000e+00,0.000000000000000000e+00,0.000000000000000000e+00,0.000000000000000000e+00,0.000000000000000000e+00,0.000000000000000000e+00,0.000000000000000000e+00,0.000000000000000000e+00
2.207685822683191912e+00,1.390041514034023429e+01,1.479353270954208766e+00,-7.947679781053738207e-03,3.785635364474294884e-02,5.696794606542089356e-01,8.209561760432481092e-01,-5.194954007188447020e-01,-3.467434101983699751e-02,2.218947644166705535e-01,3.784269047696803279e-01,-8.728565238639945933e-02,2.129250714918311249e-01,-1.351083443535550932e-01,-1.226839504140070786e-01,8.900442072052400233e-03,7.338949700963613987e-01,4.943122935865231771e-01,8.402639615065357614e-02,2.557778915306537226e-01,0.000000000000000000e+00,0.000000000000000000e+00,0.000000000000000000e+00,0.000000000000000000e+00,0.000000000000000000e+00,0.000000000000000000e+00,0.000000000000000000e+00,0.000000000000000000e+00,0.000000000000000000e+00,0.000000000000000000e+00,0.000000000000000000e+00,0.000000000000000000e+00,0.000000000000000000e+00,0.000000000000000000e+00,0.000000000000000000e+00,0.000000000000000000e+00
2.210671967720593933e+00,1.393952845577998190e+01,1.486614557213947752e+00,-1.897449471928963627e-03,3.171231647673888876e-02,5.945923749537763703e-01,8.033994251404521503e-01,-4.420795561992860168e-01,-7.675922352076304522e-02,1.668011993744517585e-01,3.456975605726693712e-01,-1.154166964876484208e-01,2.171930893571458465e-01,-2.456781077015385839e-01,-1.372876088450002419e-01,-7.950169991186409324e-02,7.945180454524302105e-01,4.101213563727755806e-01,3.551200859212790689e-02,1.813909855955365968e-01,0.000000000000000000e+00,0.000000000000000000e+00,0.000000000000000000e+00,0.000000000000000000e+00,0.000000000000000000e+00,0.000000000000000000e+00,0.000000000000000000e+00,0.000000000000000000e+00,0.000000000000000000e+00,0.000000000000000000e+00,0.000000000000000000e+00,0.000000000000000000e+00,0.000000000000000000e+00,0.000000000000000000e+00,0.000000000000000000e+00,0.000000000000000000e+00
2.212896890508808223e+00,1.397802193809200588e+01,1.491000453171291262e+00,3.966729069094802364e-03,2.610467070448506399e-02,6.206663998640747915e-01,7.836300347151534673e-01,-3.643578661951364928e-01,-1.142368724365669386e-01,1.100448239989522820e-01,3.118880495597591285e-01,-1.382732389205114931e-01,2.095772652966267080e-01,-3.414559063219584356e-01,-1.634038148203650065e-01,-1.541124307667122162e-01,7.970885522277425528e-01,3.315761452535402332e-01,1.569610811130052463e-02,1.091380319382574821e-01,0.000000000000000000e+00,0.000000000000000000e+00,0.000000000000000000e+00,0.000000000000000000e+00,0.000000000000000000e+00,0.000000000000000000e+00,0.000000000000000000e+00,0.000000000000000000e+00,0.000000000000000000e+00,0.000000000000000000e+00,0.000000000000000000e+00,0.000000000000000000e+00,0.000000000000000000e+00,0.000000000000000000e+00,0.000000000000000000e+00,0.000000000000000000e+00
2.214571923254067709e+00,1.401614849248987760e+01,1.492140879533704112e+00,1.151695783938077103e-02,2.146683237379571479e-02,6.475156734890765708e-01,7.616626466986223809e-01,-2.892354727601682551e-01,-1.513964278941122843e-01,4.616638616458059591e-02,2.904908893942893533e-01,-1.626489987325655806e-01,2.013955041115702560e-01,-4.173351977295414184e-01,-1.982520578830056779e-01,-2.200242126237175189e-01,7.514295658270833123e-01,2.803736708135375899e-01,1.634357233047172009e-02,4.060223389300039731e-02,0.000000000000000000e+00,0.000000000000000000e+00,0.000000000000000000e+00,0.000000000000000000e+00,0.000000000000000000e+00,0.000000000000000000e+00,0.000000000000000000e+00,0.000000000000000000e+00,0.000000000000000000e+00,0.000000000000000000e+00,0.000000000000000000e+00,0.000000000000000000e+00,0.000000000000000000e+00,0.000000000000000000e+00,0.000000000000000000e+00,0.000000000000000000e+00
2.216315416973233088e+00,1.405459077329700257e+01,1.489793869138342775e+00,2.121110292743252218e-02,1.977044850983547541e-02,6.726796621921320440e-01,7.393654648084411196e-01,-2.214489246126133959e-01,-1.873290779242456072e-01,-1.610541727001070511e-02,2.846664011581861997e-01,-1.887907213609777979e-01,1.903875391761680191e-01,-4.762891826557478780e-01,-2.336872700894191413e-01,-2.642494798520562682e-01,6.638938179262776629e-01,2.396492752585701047e-01,3.242852865382009342e-02,-2.097530718527730945e-02,0.000000000000000000e+00,0.000000000000000000e+00,0.000000000000000000e+00,0.000000000000000000e+00,0.000000000000000000e+00,0.000000000000000000e+00,0.000000000000000000e+00,0.000000000000000000e+00,0.000000000000000000e+00,0.000000000000000000e+00,0.000000000000000000e+00,0.000000000000000000e+00,0.000000000000000000e+00,0.000000000000000000e+00,0.000000000000000000e+00,0.000000000000000000e+00
2.218145035173109569e+00,1.409366278671987160e+01,1.485865412528923235e+00,2.957723794965018416e-02,1.976792631424876059e-02,6.949469433572705857e-01,7.181804522561804349e-01,-1.565349809929399427e-01,-2.143061416786455342e-01,-7.193980252415085874e-02,2.775829679815939310e-01,-2.096824279290448734e-01,1.750777140962137546e-01,-5.248480234576626824e-01,-2.615065515280670105e-01,-2.962871685250066944e-01,5.694781420296176622e-01,1.873536092234703576e-01,5.378546818804239710e-02,-8.284425399142311686e-02,0.000000000000000000e+00,0.000000000000000000e+00,0.000000000000000000e+00,0.000000000000000000e+00,0.000000000000000000e+00,0.000000000000000000e+00,0.000000000000000000e+00,0.000000000000000000e+00,0.000000000000000000e+00,0.000000000000000000e+00,0.000000000000000000e+00,0.000000000000000000e+00,0.000000000000000000e+00,0.000000000000000000e+00,0.000000000000000000e+00,0.000000000000000000e+00
2.220288909474235073e+00,1.413365499633024136e+01,1.479519101204103571e+00,3.890559039168199618e-02,2.237108271957329725e-02,7.158124876871369002e-01,6.968488876114977693e-01,-9.192323760885140471e-02,-2.418440417129881503e-01,-1.358643897144250490e-01,2.730158922800663412e-01,-2.402373424261282642e-01,1.633607563383415451e-01,-5.647786159550370888e-01,-2.855872076881176280e-01,-3.046746221825072931e-01,4.644798609118789279e-01,1.446584043733112890e-01,9.726069089200284346e-02,-1.461218973827559109e-01,0.000000000000000000e+00,0.000000000000000000e+00,0.000000000000000000e+00,0.000000000000000000e+00,0.000000000000000000e+00,0.000000000000000000e+00,0.000000000000000000e+00,0.000000000000000000e+00,0.000000000000000000e+00,0.000000000000000000e+00,0.000000000000000000e+00,0.000000000000000000e+00,0.000000000000000000e+00,0.000000000000000000e+00,0.000000000000000000e+00,0.000000000000000000e+00
2.222774609225453890e+00,1.417423239307586513e+01,1.472534188502086394e+00,4.645806437867436300e-02,2.257934619929079928e-02,7.329015594215267937e-01,6.783709350914841618e-01,-2.385953909168969655e-02,-2.567160797894852964e-01,-1.992063778574136856e-01,2.679511354404681134e-01,-2.765268700049701156e-01,1.553623525925738325e-01,-6.087558435151341207e-01,-2.999465588085605261e-01,-2.936198111201889227e-01,3.633925477464403642e-01,8.662889993969744018e-02,1.423437170758738712e-01,-1.995874947144414269e-01,0.000000000000000000e+00,0.000000000000000000e+00,0.000000000000000000e+00,0.000000000000000000e+00,0.000000000000000000e+00,0.000000000000000000e+00,0.000000000000000000e+00,0.000000000000000000e+00,0.000000000000000000e+00,0.000000000000000000e+00,0.000000000000000000e+00,0.000000000000000000e+00,0.000000000000000000e+00,0.000000000000000000e+00,0.000000000000000000e+00,0.000000000000000000e+00
2.225821459250557854e+00,1.421440556423898549e+01,1.465512095455888897e+00,4.726476458933123737e-02,2.485504384809217662e-02,7.431664580403233300e-01,6.669721766816257835e-01,3.414938788371210676e-02,-2.563879482180018154e-01,-2.517365026610603462e-01,2.528425053605530270e-01,-3.086850153236320726e-01,1.421933099604861528e-01,-6.526223936671278203e-01,-3.011604124143470451e-01,-2.941956075943255589e-01,2.670358813863530911e-01,2.753680457617418281e-02,1.899063609652426599e-01,-2.369067853605193452e-01,0.000000000000000000e+00,0.000000000000000000e+00,0.000000000000000000e+00,0.000000000000000000e+00,0.000000000000000000e+00,0.000000000000000000e+00,0.000000000000000000e+00,0.000000000000000000e+00,0.000000000000000000e+00,0.000000000000000000e+00,0.000000000000000000e+00,0.000000000000000000e+00,0.000000000000000000e+00,0.000000000000000000e+00,0.000000000000000000e+00,0.000000000000000000e+00
2.229871805226140147e+00,1.425472998520113599e+01,1.457163604010377922e+00,4.639020646827732991e-02,2.920160037176484577e-02,7.484154704243685119e-01,6.609610418996194614e-01,7.958740112119111476e-02,-2.541011536294934259e-01,-3.066362150950804333e-01,2.461365432060871328e-01,-3.270782534482500892e-01,1.250242915538410104e-01,-6.922427048103757530e-01,-3.005296235890532741e-01,-2.994633655925276194e-01,2.082344908146245288e-01,-9.683747672415768393e-04,2.175397638591506921e-01,-2.637033715452877236e-01,0.000000000000000000e+00,0.000000000000000000e+00,0.000000000000000000e+00,0.000000000000000000e+00,0.000000000000000000e+00,0.000000000000000000e+00,0.000000000000000000e+00,0.000000000000000000e+00,0.000000000000000000e+00,0.000000000000000000e+00,0.000000000000000000e+00,0.000000000000000000e+00,0.000000000000000000e+00,0.000000000000000000e+00,0.000000000000000000e+00,0.000000000000000000e+00
2.234343161175234904e+00,1.429646399487002917e+01,1.445548289960282951e+00,4.496482428936401238e-02,3.629397538377869548e-02,7.515546443761368378e-01,6.571350914721632019e-01,1.225574734700880242e-01,-2.544967412037506538e-01,-3.450859278279023168e-01,2.564067223259928197e-01,-3.514297454042579760e-01,1.162918739156887510e-01,-7.178656570741751564e-01,-3.026428380868129153e-01,-2.957517044552170904e-01,1.846837306629333098e-01,-1.020660029182573342e-02,2.319904666481288624e-01,-2.863799198479447528e-01,0.000000000000000000e+00,0.000000000000000000e+00,0.000000000000000000e+00,0.000000000000000000e+00,0.000000000000000000e+00,0.000000000000000000e+00,0.000000000000000000e+00,0.000000000000000000e+00,0.000000000000000000e+00,0.000000000000000000e+00,0.000000000000000000e+00,0.000000000000000000e+00,0.000000000000000000e+00,0.000000000000000000e+00,0.000000000000000000e+00,0.000000000000000000e+00
2.239127516430562181e+00,1.433933857319824767e+01,1.431834124796753205e+00,4.272643214167659576e-02,4.159595555483532048e-02,7.589345577095653050e-01,6.484308487357078876e-01,1.609594966460774768e-01,-2.454793468931621980e-01,-3.673487743629024749e-01,2.806617710200585147e-01,-3.472230465032273838e-01,1.028354563657578741e-01,-7.184233356221668698e-01,-3.028754108151073265e-01,-2.855103430292249000e-01,2.015278504667569193e-01,1.326438381095577934e-03,2.190951898071160642e-01,-3.075700082349031583e-01,0.000000000000000000e+00,0.000000000000000000e+00,0.000000000000000000e+00,0.000000000000000000e+00,0.000000000000000000e+00,0.000000000000000000e+00,0.000000000000000000e+00,0.000000000000000000e+00,0.000000000000000000e+00,0.000000000000000000e+00,0.000000000000000000e+00,0.000000000000000000e+00,0.000000000000000000e+00,0.000000000000000000e+00,0.000000000000000000e+00,0.000000000000000000e+00
2.244323338271833279e+00,1.438179205992143039e+01,1.422250424955576520e+00,3.518724455969738513e-02,4.192683942763673205e-02,7.666584172106561956e-01,6.397178044075039205e-01,1.948758534957449329e-01,-2.171270788371082172e-01,-3.851084420964034361e-01,3.012752992047291745e-01,-2.760473287153992761e-01,6.925944309833617640e-02,-7.007711135388187129e-01,-2.874895796725768227e-01,-2.916621671347883749e-01,2.392697446927023186e-01,2.988792951195611003e-02,1.891486495330416684e-01,-3.320250226556409334e-01,0.000000000000000000e+00,0.000000000000000000e+00,0.000000000000000000e+00,0.000000000000000000e+00,0.000000000000000000e+00,0.000000000000000000e+00,0.000000000000000000e+00,0.000000000000000000e+00,0.000000000000000000e+00,0.000000000000000000e+00,0.000000000000000000e+00,0.000000000000000000e+00,0.000000000000000000e+00,0.000000000000000000e+00,0.000000000000000000e+00,0.000000000000000000e+00
2.249575957331341414e+00,1.442249885561508904e+01,1.413888964647440183e+00,1.832008706715942611e-02,3.952832777231515826e-02,7.745563008945348660e-01,6.310027119259884465e-01,2.183686199670682448e-01,-1.776806773012769292e-01,-4.155328184534836100e-01,3.274941842764065858e-01,-1.574454590715873292e-01,2.078816622721214175e-02,-6.848475784530867472e-01,-2.594094756951457192e-01,-3.093735964811894501e-01,2.813827402609652695e-01,5.989913734743151225e-02,1.458966301667732612e-01,-3.549094200998984538e-01,0.000000000000000000e+00,0.000000000000000000e+00,0.000000000000000000e+00,0.000000000000000000e+00,0.000000000000000000e+00,0.000000000000000000e+00,0.000000000000000000e+00,0.000000000000000000e+00,0.000000000000000000e+00,0.000000000000000000e+00,0.000000000000000000e+00,0.000000000000000000e+00,0.000000000000000000e+00,0.000000000000000000e+00,0.000000000000000000e+00,0.000000000000000000e+00
2.255097484722718537e+00,1.446052580309761559e+01,1.406632979026636532e+00,-5.631313363415177062e-03,3.263250540766277075e-02,7.802176318109044217e-01,6.246309749860370353e-01,2.179150764628202397e-01,-1.248399845092687810e-01,-4.386089878845126910e-01,3.569787650862124573e-01,2.885564353705863394e-02,-4.385063502403106078e-02,-6.797107598235071491e-01,-2.172074390636389296e-01,-3.316751646146459120e-01,3.360404313138801724e-01,8.011822960609375766e-02,8.856711315790932737e-02,-3.646487431013666902e-01,0.000000000000000000e+00,0.000000000000000000e+00,0.000000000000000000e+00,0.000000000000000000e+00,0.000000000000000000e+00,0.000000000000000000e+00,0.000000000000000000e+00,0.000000000000000000e+00,0.000000000000000000e+00,0.000000000000000000e+00,0.000000000000000000e+00,0.000000000000000000e+00,0.000000000000000000e+00,0.000000000000000000e+00,0.000000000000000000e+00,0.000000000000000000e+00
2.260270797700833167e+00,1.449692167999661230e+01,1.402642881549756471e+00,-2.989364590706001037e-02,2.297870253590490741e-02,7.778743539054321365e-01,6.272876841612288201e-01,1.959363501412199893e-01,-7.491482063596460739e-02,-4.310323988011328655e-01,4.004506350687802030e-01,2.584742283701444432e-01,-1.137420325380739533e-01,-6.770094355625040361e-01,-1.681320452239721264e-01,-3.544892549934502424e-01,3.876011289868145915e-01,8.218846273319074802e-02,2.338737157087292240e-02,-3.476422568217617526e-01,0.000000000000000000e+00,0.000000000000000000e+00,0.000000000000000000e+00,0.000000000000000000e+00,0.000000000000000000e+00,0.000000000000000000e+00,0.000000000000000000e+00,0.000000000000000000e+00,0.000000000000000000e+00,0.000000000000000000e+00,0.000000000000000000e+00,0.000000000000000000e+00,0.000000000000000000e+00,0.000000000000000000e+00,0.000000000000000000e+00,0.000000000000000000e+00
2.264826832778247478e+00,1.453469538597528832e+01,1.405596267655056852e+00,-4.087145197958045456e-02,1.785855745551163595e-02,7.684534702706419251e-01,6.383493247178214647e-01,1.508539194052389010e-01,-5.101033134932300012e-02,-3.817564407376317637e-01,4.591860500171528470e-01,4.551714660986109773e-01,-1.571643219950022430e-01,-6.608634421576756734e-01,-1.245648854129372263e-01,-3.432349303445196842e-01,4.189023529987740413e-01,6.241031981738376366e-02,-2.884158991575231507e-02,-3.073924568215117281e-01,0.000000000000000000e+00,0.000000000000000000e+00,0.000000000000000000e+00,0.000000000000000000e+00,0.000000000000000000e+00,0.000000000000000000e+00,0.000000000000000000e+00,0.000000000000000000e+00,0.000000000000000000e+00,0.000000000000000000e+00,0.000000000000000000e+00,0.000000000000000000e+00,0.000000000000000000e+00,0.000000000000000000e+00,0.000000000000000000e+00,0.000000000000000000e+00
2.269998346749453333e+00,1.457579973484642366e+01,1.412217552854472702e+00,-3.741029524572898890e-02,1.140903961718960254e-02,7.512617939221700736e-01,6.588444585920758545e-01,6.860986287543269224e-02,-5.015222187155845418e-02,-2.932417620167924177e-01,6.004685968995334688e-01,4.958645626825718411e-01,-1.525904698390033731e-01,-6.062839840441573980e-01,-7.660451879626672955e-02,-3.016462289781501327e-01,4.222138975225736557e-01,3.291487506902095878e-02,-5.785842199179700579e-02,-2.488033481971140548e-01,0.000000000000000000e+00,0.000000000000000000e+00,0.000000000000000000e+00,0.000000000000000000e+00,0.000000000000000000e+00,0.000000000000000000e+00,0.000000000000000000e+00,0.000000000000000000e+00,0.000000000000000000e+00,0.000000000000000000e+00,0.000000000000000000e+00,0.000000000000000000e+00,0.000000000000000000e+00,0.000000000000000000e+00,0.000000000000000000e+00,0.000000000000000000e+00
2.275393976354390002e+00,1.461627211211302324e+01,1.422233657066908741e+00,-2.731428560236670924e-02,1.250842748779715415e-02,7.330825096743031066e-01,6.794759032176503899e-01,-2.415939998740956537e-02,-4.876370971531940324e-02,-1.835158696292800706e-01,6.822355955481399503e-01,4.960858477260295940e-01,-1.046860260147686045e-01,-5.411072483243835052e-01,-4.592238724707030373e-02,-2.376771882098806521e-01,4.046943739451855371e-01,6.070815086013023332e-03,-6.822013097627641076e-02,-1.880275225427304187e-01,0.000000000000000000e+00,0.000000000000000000e+00,0.000000000000000000e+00,0.000000000000000000e+00,0.000000000000000000e+00,0.000000000000000000e+00,0.000000000000000000e+00,0.000000000000000000e+00,0.000000000000000000e+00,0.000000000000000000e+00,0.000000000000000000e+00,0.000000000000000000e+00,0.000000000000000000e+00,0.000000000000000000e+00,0.000000000000000000e+00,0.000000000000000000e+00
2.280905373338792064e+00,1.465487383612803285e+01,1.434057441905705499e+00,-1.334358436194095672e-02,2.353695215931493612e-02,7.163318702211153299e-01,6.972349764211106526e-01,-1.157826858277296728e-01,-5.361986514488673028e-02,-8.357353934552533281e-02,6.869487287590057001e-01,4.936764549434881633e-01,-4.111191900697108714e-02,-4.728612411263135029e-01,-4.493967355913068562e-02,-1.750089647214541910e-01,3.649460956643260090e-01,-9.635349768704143392e-03,-5.887335291833906137e-02,-1.286109871818459371e-01,0.000000000000000000e+00,0.000000000000000000e+00,0.000000000000000000e+00,0.000000000000000000e+00,0.000000000000000000e+00,0.000000000000000000e+00,0.000000000000000000e+00,0.000000000000000000e+00,0.000000000000000000e+00,0.000000000000000000e+00,0.000000000000000000e+00,0.000000000000000000e+00,0.000000000000000000e+00,0.000000000000000000e+00,0.000000000000000000e+00,0.000000000000000000e+00
2.286566412718445296e+00,1.469367769270214197e+01,1.442476169994190816e+00,-2.542841491259914370e-03,2.692236547403861757e-02,6.939919852070034478e-01,7.194747005023004460e-01,-2.334796280485235687e-01,-3.779069281349849846e-02,8.169087252822400391e-03,7.262264085811652725e-01,4.098928444285461214e-01,1.691807363404525949e-02,-3.918613128550327285e-01,-3.413530352087171260e-02,-1.213705956519281620e-01,3.219146584347288842e-01,-2.305630432142957709e-02,-4.196550709873113350e-02,-5.637124427319799985e-02,0.000000000000000000e+00,0.000000000000000000e+00,0.000000000000000000e+00,0.000000000000000000e+00,0.000000000000000000e+00,0.000000000000000000e+00,0.000000000000000000e+00,0.000000000000000000e+00,0.000000000000000000e+00,0.000000000000000000e+00,0.000000000000000000e+00,0.000000000000000000e+00,0.000000000000000000e+00,0.000000000000000000e+00,0.000000000000000000e+00,0.000000000000000000e+00
2.291685948172266674e+00,1.473187066361471231e+01,1.447869404217741129e+00,7.329493751847585351e-03,2.552874615499109434e-02,6.669520768526240317e-01,7.446270803718244569e-01,-3.494460997579094674e-01,-7.605069359597996237e-03,6.958049562695274581e-02,7.171186362408248360e-01,3.051927839941754872e-01,4.901980482905629599e-02,-3.069591362608226071e-01,-2.011551666896101848e-02,-6.215810739466252205e-02,2.775752735230779811e-01,-2.805021806907198600e-02,-1.484784523878631725e-02,2.113246994955265967e-02,0.000000000000000000e+00,0.000000000000000000e+00,0.000000000000000000e+00,0.000000000000000000e+00,0.000000000000000000e+00,0.000000000000000000e+00,0.000000000000000000e+00,0.000000000000000000e+00,0.000000000000000000e+00,0.000000000000000000e+00,0.000000000000000000e+00,0.000000000000000000e+00,0.000000000000000000e+00,0.000000000000000000e+00,0.000000000000000000e+00,0.000000000000000000e+00
2.296717698765410542e+00,1.477024491684422536e+01,1.448907798816712500e+00,1.381850925401886809e-02,2.003008546106843646e-02,6.398228936957226498e-01,7.681370380220262639e-01,-4.377985153559994513e-01,3.209501879763043686e-02,1.185839492743072654e-01,6.432063060494788154e-01,2.139357540981052241e-01,6.275623863529804225e-02,-2.348807167832393517e-01,-3.033721105884346070e-03,-6.116742013690661117e-03,2.486942137184325885e-01,-1.926717334107198865e-02,9.861230408791235580e-03,9.048330564312311031e-02,0.000000000000000000e+00,0.000000000000000000e+00,0.000000000000000000e+00,0.000000000000000000e+00,0.000000000000000000e+00,0.000000000000000000e+00,0.000000000000000000e+00,0.000000000000000000e+00,0.000000000000000000e+00,0.000000000000000000e+00,0.000000000000000000e+00,0.000000000000000000e+00,0.000000000000000000e+00,0.000000000000000000e+00,0.000000000000000000e+00,0.000000000000000000e+00
2.301396412716560480e+00,1.480903748136679710e+01,1.446523105381355201e+00,8.009785682901471651e-03,1.246075385837739843e-02,6.152778092666768561e-01,7.881711681929216562e-01,-4.964064729164226475e-01,7.535893595853031257e-02,1.461178596886833492e-01,5.377669587269313656e-01,1.793108302427223189e-01,5.270424242674465187e-02,-1.781209910240756922e-01,2.696896529029750231e-02,5.230448635029145976e-02,2.303768156934871691e-01,-2.246004217524046054e-02,2.816881120139291816e-02,1.537619119648269972e-01,0.000000000000000000e+00,0.000000000000000000e+00,0.000000000000000000e+00,0.000000000000000000e+00,0.000000000000000000e+00,0.000000000000000000e+00,0.000000000000000000e+00,0.000000000000000000e+00,0.000000000000000000e+00,0.000000000000000000e+00,0.000000000000000000e+00,0.000000000000000000e+00,0.000000000000000000e+00,0.000000000000000000e+00,0.000000000000000000e+00,0.000000000000000000e+00
2.306059099497247633e+00,1.484858969141549601e+01,1.442573340624401235e+00,-2.825240188705524860e-03,3.264723403238534334e-03,5.870231925695466035e-01,8.095586025634179395e-01,-5.487715972757210015e-01,1.330397855261010176e-01,1.815020287204666405e-01,4.232134857024484331e-01,1.390719682607050867e-01,2.517675108575324894e-02,-1.162495914059427649e-01,5.956664395915244048e-02,1.126018752331478245e-01,2.126073273310933320e-01,-5.177799264979586480e-02,3.648406298736080883e-02,2.166219683940360519e-01,0.000000000000000000e+00,0.000000000000000000e+00,0.000000000000000000e+00,0.000000000000000000e+00,0.000000000000000000e+00,0.000000000000000000e+00,0.000000000000000000e+00,0.000000000000000000e+00,0.000000000000000000e+00,0.000000000000000000e+00,0.000000000000000000e+00,0.000000000000000000e+00,0.000000000000000000e+00,0.000000000000000000e+00,0.000000000000000000e+00,0.000000000000000000e+00
2.310730232058170408e+00,1.488782150479859467e+01,1.437360167147892831e+00,-9.386014505903079660e-03,-5.258874711092367468e-03,5.659630198017597813e-01,8.243604231071146593e-01,-6.063395888875451334e-01,1.783863590402785526e-01,2.294245421049162514e-01,3.150992668066422975e-01,8.600790047235427893e-02,-1.111391890456282783e-02,-5.632406829654292013e-02,7.368712766420290605e-02,1.602481196829124988e-01,2.009754369381573091e-01,-8.679188334596514565e-02,4.264732192889992418e-02,2.635919312216631893e-01,0.000000000000000000e+00,0.000000000000000000e+00,0.000000000000000000e+00,0.000000000000000000e+00,0.000000000000000000e+00,0.000000000000000000e+00,0.000000000000000000e+00,0.000000000000000000e+00,0.000000000000000000e+00,0.000000000000000000e+00,0.000000000000000000e+00,0.000000000000000000e+00,0.000000000000000000e+00,0.000000000000000000e+00,0.000000000000000000e+00,0.000000000000000000e+00
2.315616093533432451e+00,1.492684622102217062e+01,1.431229919659878336e+00,-1.358477525862767168e-02,-7.144196356196267153e-03,5.491121197302784029e-01,8.356077394955827575e-01,-6.597710555486608897e-01,2.070767353801864219e-01,2.551078637738621868e-01,2.318284376924016066e-01,4.830786396271451177e-02,-4.600124585120912019e-02,-9.641872311758031833e-03,7.347756487926011826e-02,2.023854743372513199e-01,1.994168541294349672e-01,-1.210776259458888338e-01,4.069398044621429927e-02,2.990747422539361544e-01,0.000000000000000000e+00,0.000000000000000000e+00,0.000000000000000000e+00,0.000000000000000000e+00,0.000000000000000000e+00,0.000000000000000000e+00,0.000000000000000000e+00,0.000000000000000000e+00,0.000000000000000000e+00,0.000000000000000000e+00,0.000000000000000000e+00,0.000000000000000000e+00,0.000000000000000000e+00,0.000000000000000000e+00,0.000000000000000000e+00,0.000000000000000000e+00
2.320442903481323871e+00,1.496531814258770332e+01,1.423803901942292338e+00,-1.748525180188295960e-02,-4.424150294229825357e-03,5.359978585861856493e-01,8.440266515072986087e-01,-7.011431312807202554e-01,2.168244362866301456e-01,2.713854348322058962e-01,1.645261659960581546e-01,2.394316154118484793e-02,-6.314198024619208094e-02,2.672432982543911789e-02,6.353218809644238518e-02,2.256072354474929209e-01,1.985055977357773060e-01,-1.452919348640019648e-01,3.782542777688098490e-02,3.257445575697611728e-01,0.000000000000000000e+00,0.000000000000000000e+00,0.000000000000000000e+00,0.000000000000000000e+00,0.000000000000000000e+00,0.000000000000000000e+00,0.000000000000000000e+00,0.000000000000000000e+00,0.000000000000000000e+00,0.000000000000000000e+00,0.000000000000000000e+00,0.000000000000000000e+00,0.000000000000000000e+00,0.000000000000000000e+00,0.000000000000000000e+00,0.000000000000000000e+00
2.325109586920786064e+00,1.500479502797387710e+01,1.413458655038965839e+00,-2.204477564434629416e-02,-4.233618231861333708e-03,5.230625853200271402e-01,8.519986127816098209e-01,-7.210880997465393127e-01,2.333356390789222412e-01,2.792337837472654849e-01,1.512473348957081298e-01,2.402567643969960934e-02,-6.448508699811215938e-02,6.207582328472862482e-02,5.465263016978848254e-02,2.483847122707904531e-01,2.087006951732758298e-01,-1.576240543042778663e-01,4.434343516325364026e-02,3.533617153915089570e-01,0.000000000000000000e+00,0.000000000000000000e+00,0.000000000000000000e+00,0.000000000000000000e+00,0.000000000000000000e+00,0.000000000000000000e+00,0.000000000000000000e+00,0.000000000000000000e+00,0.000000000000000000e+00,0.000000000000000000e+00,0.000000000000000000e+00,0.000000000000000000e+00,0.000000000000000000e+00,0.000000000000000000e+00,0.000000000000000000e+00,0.000000000000000000e+00
2.329838019692444639e+00,1.504545646295942873e+01,1.401275681300594433e+00,-2.480696894151658213e-02,-7.913744577379528203e-03,5.102598986703239525e-01,8.596259784043582819e-01,-7.148791191369020526e-01,2.527392012548589917e-01,2.956498787288164287e-01,1.831292477222518089e-01,4.926245519971877984e-02,-5.367015381438774990e-02,1.002519088884020471e-01,4.600290209021663801e-02,2.792728795059329361e-01,2.293102060084944993e-01,-1.433645532658557598e-01,5.614766120890470752e-02,3.813959785024869653e-01,0.000000000000000000e+00,0.000000000000000000e+00,0.000000000000000000e+00,0.000000000000000000e+00,0.000000000000000000e+00,0.000000000000000000e+00,0.000000000000000000e+00,0.000000000000000000e+00,0.000000000000000000e+00,0.000000000000000000e+00,0.000000000000000000e+00,0.000000000000000000e+00,0.000000000000000000e+00,0.000000000000000000e+00,0.000000000000000000e+00,0.000000000000000000e+00
2.334646981460807069e+00,1.508627986907522001e+01,1.388506392005053991e+00,-2.479797558711165778e-02,-6.758885910517998738e-03,5.038224449706595331e-01,8.634247632607126022e-01,-7.022093867289023184e-01,2.533531082994588401e-01,3.073653373951204526e-01,2.399060972164101246e-01,8.274715570348661897e-02,-2.615683865754740711e-02,1.311292201163137827e-01,2.642076987421385081e-02,3.012123525949815805e-01,2.596476928752610158e-01,-1.036382809991038545e-01,7.971650788280217059e-02,4.021046311463895018e-01,0.000000000000000000e+00,0.000000000000000000e+00,0.000000000000000000e+00,0.000000000000000000e+00,0.000000000000000000e+00,0.000000000000000000e+00,0.000000000000000000e+00,0.000000000000000000e+00,0.000000000000000000e+00,0.000000000000000000e+00,0.000000000000000000e+00,0.000000000000000000e+00,0.000000000000000000e+00,0.000000000000000000e+00,0.000000000000000000e+00,0.000000000000000000e+00
2.339281020731883487e+00,1.512509146682963213e+01,1.376695759867287761e+00,-1.993092512085898813e-02,6.435235077630699699e-03,4.987917845196849220e-01,8.664687540061625226e-01,-6.920673745776085850e-01,2.241594641815403133e-01,3.227106773043055821e-01,2.904366699941522412e-01,1.092000455814265691e-01,1.022335862826202930e-02,1.407131429053340987e-01,-2.098599771475860923e-02,3.064857497350883531e-01,2.872365885690749687e-01,4.847188472120372849e-03,1.251343703952543518e-01,4.165488912071628747e-01,0.000000000000000000e+00,0.000000000000000000e+00,0.000000000000000000e+00,0.000000000000000000e+00,0.000000000000000000e+00,0.000000000000000000e+00,0.000000000000000000e+00,0.000000000000000000e+00,0.000000000000000000e+00,0.000000000000000000e+00,0.000000000000000000e+00,0.000000000000000000e+00,0.000000000000000000e+00,0.000000000000000000e+00,0.000000000000000000e+00,0.000000000000000000e+00
2.344042566420831974e+00,1.516069584099946077e+01,1.368114090713506537e+00,-1.106396331973712004e-02,2.929192910437147107e-02,4.982945633464025970e-01,8.664422079656689535e-01,-6.979395830330306083e-01,1.696616577511712021e-01,3.414527869583504072e-01,3.491023342048290012e-01,1.237878909801465033e-01,5.814379528746924097e-02,1.354038355062903987e-01,-9.861169260959105898e-02,2.846815318202589040e-01,3.210665618418084843e-01,2.184811791975810880e-01,1.808646831761072105e-01,4.268248291391259497e-01,0.000000000000000000e+00,0.000000000000000000e+00,0.000000000000000000e+00,0.000000000000000000e+00,0.000000000000000000e+00,0.000000000000000000e+00,0.000000000000000000e+00,0.000000000000000000e+00,0.000000000000000000e+00,0.000000000000000000e+00,0.000000000000000000e+00,0.000000000000000000e+00,0.000000000000000000e+00,0.000000000000000000e+00,0.000000000000000000e+00,0.000000000000000000e+00
2.348488745415330925e+00,1.519676103906303943e+01,1.366769719588401655e+00,-8.915853286594397145e-03,4.658406491255091819e-02,5.084960543558938451e-01,8.597570558947945640e-01,-6.928051044353359389e-01,1.139076044771245300e-01,3.450888448177055201e-01,3.817174326315561639e-01,1.247647116721930793e-01,9.932680444031144473e-02,1.247021181965319164e-01,-1.350869280830097885e-01,2.672487380198985685e-01,3.710717863663521299e-01,4.263677999849511124e-01,2.260655632024773098e-01,4.174755817938669566e-01,0.000000000000000000e+00,0.000000000000000000e+00,0.000000000000000000e+00,0.000000000000000000e+00,0.000000000000000000e+00,0.000000000000000000e+00,0.000000000000000000e+00,0.000000000000000000e+00,0.000000000000000000e+00,0.000000000000000000e+00,0.000000000000000000e+00,0.000000000000000000e+00,0.000000000000000000e+00,0.000000000000000000e+00,0.000000000000000000e+00,0.000000000000000000e+00
2.353312508268218917e+00,1.523734342594377544e+01,1.371519639662292622e+00,4.668425015650181156e-05,5.257140385256050402e-02,5.284211991098949346e-01,8.473531032862352541e-01,-6.501914577248084637e-01,3.829840371936384102e-02,3.208415738220274371e-01,3.959820371949930862e-01,8.886244236065259094e-02,1.400642912194497158e-01,7.864896659079130548e-02,-1.493910453444237396e-01,2.203752834068710420e-01,5.402326237783963148e-01,4.973312282553798425e-01,2.329385875741228351e-01,3.887891813744029923e-01,0.000000000000000000e+00,0.000000000000000000e+00,0.000000000000000000e+00,0.000000000000000000e+00,0.000000000000000000e+00,0.000000000000000000e+00,0.000000000000000000e+00,0.000000000000000000e+00,0.000000000000000000e+00,0.000000000000000000e+00,0.000000000000000000e+00,0.000000000000000000e+00,0.000000000000000000e+00,0.000000000000000000e+00,0.000000000000000000e+00,0.000000000000000000e+00
2.355806635098369739e+00,1.527854292663073466e+01,1.383363232392816444e+00,9.668346132055905678e-03,5.760565515656818070e-02,5.418106030177647359e-01,8.384684740850906204e-01,-5.704137316694791737e-01,-3.301110780508891701e-02,3.156820957897144009e-01,3.402259655880496836e-01,5.482814420165699199e-02,1.783157856239192540e-01,-1.755984066007106048e-02,-1.696322204354524799e-01,1.766941873403826135e-01,6.938638012620219619e-01,4.999774922206919325e-01,1.947943379330937252e-01,3.469182233547578043e-01,0.000000000000000000e+00,0.000000000000000000e+00,0.000000000000000000e+00,0.000000000000000000e+00,0.000000000000000000e+00,0.000000000000000000e+00,0.000000000000000000e+00,0.000000000000000000e+00,0.000000000000000000e+00,0.000000000000000000e+00,0.000000000000000000e+00,0.000000000000000000e+00,0.000000000000000000e+00,0.000000000000000000e+00,0.000000000000000000e+00,0.000000000000000000e+00
2.356934028880122600e+00,1.532078220540014613e+01,1.394425818779484239e+00,1.556134374892449799e-03,4.152510433198048495e-02,5.757810963621750044e-01,8.165472265754122327e-01,-5.215903787769539113e-01,-5.388655146818088770e-02,2.320058422952939736e-01,3.659802358383822951e-01,-2.888200316601886863e-02,1.930153667859742517e-01,-7.258208633153095946e-02,-1.442567781110709602e-01,5.623963438847877361e-02,7.223633244622761351e-01,4.973813782147917251e-01,1.277597094901054553e-01,2.685256795194996826e-01,0.000000000000000000e+00,0.000000000000000000e+00,0.000000000000000000e+00,0.000000000000000000e+00,0.000000000000000000e+00,0.000000000000000000e+00,0.000000000000000000e+00,0.000000000000000000e+00,0.000000000000000000e+00,0.000000000000000000e+00,0.000000000000000000e+00,0.000000000000000000e+00,0.000000000000000000e+00,0.000000000000000000e+00,0.000000000000000000e+00,0.000000000000000000e+00
2.356089065887670309e+00,1.536010100096598485e+01,1.406085230242209771e+00,-3.790240552304328849e-03,3.008847859252061427e-02,5.950072187678222546e-01,8.031480107344626251e-01,-4.509263143146634567e-01,-6.962342544781799369e-02,1.825163042357328680e-01,3.409327944906044849e-01,-7.214019625677714487e-02,2.051653789102608483e-01,-1.668545619135554381e-01,-1.352881211166301056e-01,-2.854751234724307862e-02,7.166086262039701449e-01,4.802173162704731491e-01,6.914508693099302716e-02,1.981038417409081709e-01,0.000000000000000000e+00,0.000000000000000000e+00,0.000000000000000000e+00,0.000000000000000000e+00,0.000000000000000000e+00,0.000000000000000000e+00,0.000000000000000000e+00,0.000000000000000000e+00,0.000000000000000000e+00,0.000000000000000000e+00,0.000000000000000000e+00,0.000000000000000000e+00,0.000000000000000000e+00,0.000000000000000000e+00,0.000000000000000000e+00,0.000000000000000000e+00
2.355868686958039415e+00,1.539985730436586131e+01,1.411413855397455563e+00,1.993760431477196657e-03,2.109984768356448423e-02,6.235373524175156223e-01,7.815062325325551340e-01,-3.693977244485740496e-01,-1.093067397313031014e-01,1.173476668948532781e-01,3.113915098358840949e-01,-1.010114376146025728e-01,2.006056322059630581e-01,-2.662824968565397632e-01,-1.439331598623509456e-01,-1.023965067972997800e-01,7.525157341675038358e-01,3.912333739137812127e-01,3.996590154412401480e-02,1.223602178470709068e-01,0.000000000000000000e+00,0.000000000000000000e+00,0.000000000000000000e+00,0.000000000000000000e+00,0.000000000000000000e+00,0.000000000000000000e+00,0.000000000000000000e+00,0.000000000000000000e+00,0.000000000000000000e+00,0.000000000000000000e+00,0.000000000000000000e+00,0.000000000000000000e+00,0.000000000000000000e+00,0.000000000000000000e+00,0.000000000000000000e+00,0.000000000000000000e+00
2.355177845979035567e+00,1.543946435725362143e+01,1.413408970850288604e+00,9.448081637816171940e-03,1.604239935499782513e-02,6.509674698830395512e-01,7.588772814693919289e-01,-2.902540241470072946e-01,-1.488773008847093515e-01,4.983544555736408449e-02,2.830256493591469802e-01,-1.279872938875396549e-01,1.917191266090448876e-01,-3.525616750283808720e-01,-1.732206553072576927e-01,-1.745126209996891165e-01,7.355793113419424323e-01,3.081509156144604522e-01,2.439986152197965580e-02,5.173032535501846663e-02,0.000000000000000000e+00,0.000000000000000000e+00,0.000000000000000000e+00,0.000000000000000000e+00,0.000000000000000000e+00,0.000000000000000000e+00,0.000000000000000000e+00,0.000000000000000000e+00,0.000000000000000000e+00,0.000000000000000000e+00,0.000000000000000000e+00,0.000000000000000000e+00,0.000000000000000000e+00,0.000000000000000000e+00,0.000000000000000000e+00,0.000000000000000000e+00
2.354202430321515216e+00,1.547920191401833812e+01,1.412344332593590268e+00,1.827515448389969641e-02,1.367275723544888327e-02,6.808714498728766218e-01,7.320472274287893599e-01,-2.130314556645088453e-01,-1.883442162638720163e-01,-2.844972319001391747e-02,2.628380892559418758e-01,-1.504192160737594652e-01,1.761888755218621316e-01,-4.231576692715081078e-01,-2.067852722154470135e-01,-2.273062477272226600e-01,6.680853649944208383e-01,2.571822875628351768e-01,3.407412092811907406e-02,-2.302065062695358641e-02,0.000000000000000000e+00,0.000000000000000000e+00,0.000000000000000000e+00,0.000000000000000000e+00,0.000000000000000000e+00,0.000000000000000000e+00,0.000000000000000000e+00,0.000000000000000000e+00,0.000000000000000000e+00,0.000000000000000000e+00,0.000000000000000000e+00,0.000000000000000000e+00,0.000000000000000000e+00,0.000000000000000000e+00,0.000000000000000000e+00,0.000000000000000000e+00
2.353139250954722872e+00,1.551950427644581332e+01,1.408420826425561323e+00,2.623241906092287079e-02,1.441857403145704181e-02,7.053914312486481153e-01,7.081856350097022190e-01,-1.433564281198356771e-01,-2.190411718573650190e-01,-9.247151719027416061e-02,2.511908045890581254e-01,-1.770327794714454395e-01,1.678729331520301404e-01,-4.773433640782134280e-01,-2.410824739069965528e-01,-2.615318751729990288e-01,5.754267938649256786e-01,2.028250823105408052e-01,5.308813250797446426e-02,-9.132479654363911958e-02,0.000000000000000000e+00,0.000000000000000000e+00,0.000000000000000000e+00,0.000000000000000000e+00,0.000000000000000000e+00,0.000000000000000000e+00,0.000000000000000000e+00,0.000000000000000000e+00,0.000000000000000000e+00,0.000000000000000000e+00,0.000000000000000000e+00,0.000000000000000000e+00,0.000000000000000000e+00,0.000000000000000000e+00,0.000000000000000000e+00,0.000000000000000000e+00
2.352225500437827410e+00,1.556062564105426738e+01,1.402551320593206308e+00,3.455238242480679345e-02,1.499317296352821807e-02,7.279908060790045710e-01,6.845514764411051445e-01,-7.397205229954183225e-02,-2.434230374257324303e-01,-1.605198543050158355e-01,2.457473449991271208e-01,-2.017015322751777862e-01,1.576639046082164708e-01,-5.210577331467173279e-01,-2.693489504351842534e-01,-2.764684266660883960e-01,4.828035983806735487e-01,1.629628098962232763e-01,8.654419462080066572e-02,-1.541565283652353568e-01,0.000000000000000000e+00,0.000000000000000000e+00,0.000000000000000000e+00,0.000000000000000000e+00,0.000000000000000000e+00,0.000000000000000000e+00,0.000000000000000000e+00,0.000000000000000000e+00,0.000000000000000000e+00,0.000000000000000000e+00,0.000000000000000000e+00,0.000000000000000000e+00,0.000000000000000000e+00,0.000000000000000000e+00,0.000000000000000000e+00,0.000000000000000000e+00
2.351854069521883694e+00,1.560275534870282854e+01,1.395492250101840526e+00,4.124029533998220531e-02,1.615780314398772982e-02,7.468758550240014449e-01,6.634867147275804733e-01,-3.543561306711424247e-03,-2.570598553919306584e-01,-2.279681579704043171e-01,2.354015757542413101e-01,-2.250151819253460028e-01,1.468198549253868224e-01,-5.650620485620975186e-01,-2.880868518537640366e-01,-2.750479546857634849e-01,3.792771201982843010e-01,1.150602933933912997e-01,1.332286487304739087e-01,-2.159237092406313951e-01,0.000000000000000000e+00,0.000000000000000000e+00,0.000000000000000000e+00,0.000000000000000000e+00,0.000000000000000000e+00,0.000000000000000000e+00,0.000000000000000000e+00,0.000000000000000000e+00,0.000000000000000000e+00,0.000000000000000000e+00,0.000000000000000000e+00,0.000000000000000000e+00,0.000000000000000000e+00,0.000000000000000000e+00,0.000000000000000000e+00,0.000000000000000000e+00
2.351903491547080005e+00,1.564431613131239551e+01,1.388401960432296134e+00,4.037742397826097479e-02,1.733817487592648893e-02,7.575045394348891570e-01,6.513493103246430493e-01,5.311038448813153179e-02,-2.538999583180284736e-01,-2.804360858035547244e-01,2.256779149903138659e-01,-2.593728490529969566e-01,1.404938899527821417e-01,-6.159394623038249028e-01,-2.957623135730696462e-01,-2.845465284474542056e-01,2.808671269951515392e-01,4.742554933666502659e-02,1.803190877923284141e-01,-2.602807325964762164e-01,0.000000000000000000e+00,0.000000000000000000e+00,0.000000000000000000e+00,0.000000000000000000e+00,0.000000000000000000e+00,0.000000000000000000e+00,0.000000000000000000e+00,0.000000000000000000e+00,0.000000000000000000e+00,0.000000000000000000e+00,0.000000000000000000e+00,0.000000000000000000e+00,0.000000000000000000e+00,0.000000000000000000e+00,0.000000000000000000e+00,0.000000000000000000e+00
2.352953667985426822e+00,1.568577541273844034e+01,1.379746034681687883e+00,3.739807013958264259e-02,1.996711247239107284e-02,7.640969949465693523e-01,6.437068285197631301e-01,9.715955275128615454e-02,-2.497296468038208983e-01,-3.413122455080365714e-01,2.257996240398457144e-01,-2.865179845413670656e-01,1.309149078028433721e-01,-6.692816907972338747e-01,-2.932765363383236790e-01,-2.794120509825944731e-01,2.168756071307335609e-01,4.607078516079235464e-03,2.141069472353306358e-01,-2.872957513285821496e-01,0.000000000000000000e+00,0.000000000000000000e+00,0.000000000000000000e+00,0.000000000000000000e+00,0.000000000000000000e+00,0.000000000000000000e+00,0.000000000000000000e+00,0.000000000000000000e+00,0.000000000000000000e+00,0.000000000000000000e+00,0.000000000000000000e+00,0.000000000000000000e+00,0.000000000000000000e+00,0.000000000000000000e+00,0.000000000000000000e+00,0.000000000000000000e+00
2.354746556378487288e+00,1.572828920115736473e+01,1.368741302761956380e+00,3.444170597197105527e-02,2.569492418073808168e-02,7.676750170503140458e-01,6.393970659597099093e-01,1.397296252578769660e-01,-2.463937602210028721e-01,-3.881655491828679416e-01,2.271103745825670261e-01,-3.017174487810201366e-01,1.173725710465865490e-01,-7.023518462166947751e-01,-2.890340539523689745e-01,-2.857346644654061851e-01,1.830702995385630749e-01,-1.058975497785258346e-02,2.309677947853054636e-01,-3.074136688423983466e-01,0.000000000000000000e+00,0.000000000000000000e+00,0.000000000000000000e+00,0.000000000000000000e+00,0.000000000000000000e+00,0.000000000000000000e+00,0.000000000000000000e+00,0.000000000000000000e+00,0.000000000000000000e+00,0.000000000000000000e+00,0.000000000000000000e+00,0.000000000000000000e+00,0.000000000000000000e+00,0.000000000000000000e+00,0.000000000000000000e+00,0.000000000000000000e+00
2.356944305432118192e+00,1.577253895822988206e+01,1.353789475840790457e+00,3.385682391487632864e-02,3.453853151629378976e-02,7.742410353648183641e-01,6.310401132038343519e-01,1.797610294809623421e-01,-2.498336387967898253e-01,-4.309140052575910484e-01,2.519686421407199006e-01,-3.153683041586150537e-01,1.105853885144403304e-01,-7.096023847880796875e-01,-2.913188406139255449e-01,-2.768735960320339862e-01,1.907363521234262671e-01,-1.156367210140132884e-03,2.250702031955277294e-01,-3.283717546772708107e-01,0.000000000000000000e+00,0.000000000000000000e+00,0.000000000000000000e+00,0.000000000000000000e+00,0.000000000000000000e+00,0.000000000000000000e+00,0.000000000000000000e+00,0.000000000000000000e+00,0.000000000000000000e+00,0.000000000000000000e+00,0.000000000000000000e+00,0.000000000000000000e+00,0.000000000000000000e+00,0.000000000000000000e+00,0.000000000000000000e+00,0.000000000000000000e+00
2.359229651878296252e+00,1.581646365690405887e+01,1.338684435180060639e+00,3.021370013269118054e-02,3.631807078452550103e-02,7.836378624657273084e-01,6.194189459234570316e-01,2.139774160421974436e-01,-2.290833558947878157e-01,-4.438189429741199454e-01,2.813883290107850321e-01,-2.826448300496470223e-01,8.942360136630962686e-02,-6.960607644474181566e-01,-2.864816503526607105e-01,-2.737720318038696643e-01,2.261693141124758721e-01,2.198728440508542631e-02,2.019908864480163546e-01,-3.522957189615802953e-01,0.000000000000000000e+00,0.000000000000000000e+00,0.000000000000000000e+00,0.000000000000000000e+00,0.000000000000000000e+00,0.000000000000000000e+00,0.000000000000000000e+00,0.000000000000000000e+00,0.000000000000000000e+00,0.000000000000000000e+00,0.000000000000000000e+00,0.000000000000000000e+00,0.000000000000000000e+00,0.000000000000000000e+00,0.000000000000000000e+00,0.000000000000000000e+00
2.362092190890578536e+00,1.585853474237764260e+01,1.328971669199154881e+00,1.946842107516074533e-02,3.426585767458429493e-02,7.923006207265649303e-01,6.088567631019333737e-01,2.396424902280520353e-01,-1.929502918598970107e-01,-4.685870639199429255e-01,3.020773861552801254e-01,-1.807496825504893434e-01,4.298414345603780717e-02,-6.742099787852943171e-01,-2.619973623123262874e-01,-2.824204284096701323e-01,2.656399375392066164e-01,5.201934499706838133e-02,1.646856843803093662e-01,-3.769455176484460823e-01,0.000000000000000000e+00,0.000000000000000000e+00,0.000000000000000000e+00,0.000000000000000000e+00,0.000000000000000000e+00,0.000000000000000000e+00,0.000000000000000000e+00,0.000000000000000000e+00,0.000000000000000000e+00,0.000000000000000000e+00,0.000000000000000000e+00,0.000000000000000000e+00,0.000000000000000000e+00,0.000000000000000000e+00,0.000000000000000000e+00,0.000000000000000000e+00
2.364974334505772546e+00,1.589790540579166311e+01,1.319662916226708393e+00,-1.519460723035929127e-03,2.534972328425488808e-02,8.000455172106436530e-01,5.994015792101947682e-01,2.483917941155292519e-01,-1.435890399197423672e-01,-5.032287140172471140e-01,3.293077521141976050e-01,-1.546109237650047930e-02,-2.567607520247176117e-02,-6.629087882815341004e-01,-2.192010773275221980e-01,-3.007255865518014271e-01,3.111723011299088459e-01,7.768070406985093379e-02,1.157045347295266452e-01,-3.938901996144639206e-01,0.000000000000000000e+00,0.000000000000000000e+00,0.000000000000000000e+00,0.000000000000000000e+00,0.000000000000000000e+00,0.000000000000000000e+00,0.000000000000000000e+00,0.000000000000000000e+00,0.000000000000000000e+00,0.000000000000000000e+00,0.000000000000000000e+00,0.000000000000000000e+00,0.000000000000000000e+00,0.000000000000000000e+00,0.000000000000000000e+00,0.000000000000000000e+00
2.367832559306483731e+00,1.593456244386651299e+01,1.312792255730042879e+00,-2.384323413339625719e-02,1.151705146985328512e-02,8.017289723450206074e-01,5.971009233070212474e-01,2.327520680899907157e-01,-8.616133465030756389e-02,-5.040303111618383847e-01,3.622988270605500549e-01,1.967044971501045736e-01,-1.053242576526254304e-01,-6.612806084727762546e-01,-1.677656659545451734e-01,-3.242052667585811343e-01,3.635734096691912165e-01,7.904965757396731352e-02,5.780391581030214221e-02,-3.917636280943411764e-01,0.000000000000000000e+00,0.000000000000000000e+00,0.000000000000000000e+00,0.000000000000000000e+00,0.000000000000000000e+00,0.000000000000000000e+00,0.000000000000000000e+00,0.000000000000000000e+00,0.000000000000000000e+00,0.000000000000000000e+00,0.000000000000000000e+00,0.000000000000000000e+00,0.000000000000000000e+00,0.000000000000000000e+00,0.000000000000000000e+00,0.000000000000000000e+00
2.369988310624811856e+00,1.597140948082003753e+01,1.312208992952588860e+00,-3.593486751763655396e-02,2.698206374901383677e-03,7.953814028794646829e-01,6.050370475700989070e-01,1.965105847437772779e-01,-5.415590178574369862e-02,-4.669799581017338719e-01,4.177740366820472118e-01,4.043039132110910483e-01,-1.695207241222244088e-01,-6.518531041038694296e-01,-1.240942879743275884e-01,-3.264158487078011039e-01,4.072598714499627848e-01,6.261728723189879942e-02,-1.267452619402035380e-03,-3.566807652426584041e-01,0.000000000000000000e+00,0.000000000000000000e+00,0.000000000000000000e+00,0.000000000000000000e+00,0.000000000000000000e+00,0.000000000000000000e+00,0.000000000000000000e+00,0.000000000000000000e+00,0.000000000000000000e+00,0.000000000000000000e+00,0.000000000000000000e+00,0.000000000000000000e+00,0.000000000000000000e+00,0.000000000000000000e+00,0.000000000000000000e+00,0.000000000000000000e+00
2.372095844230655448e+00,1.601105786322374769e+01,1.317238777816228890e+00,-3.304431441387513380e-02,-2.087656689688071644e-03,7.823254330398354828e-01,6.219892537604618798e-01,1.341530096301228603e-01,-4.973088578451964614e-02,-3.918692063090777333e-01,5.338942882461144013e-01,4.950517990186802386e-01,-1.875500431530309209e-01,-6.123593966499516483e-01,-8.605381887335497582e-02,-3.010992982392218242e-01,4.295710570586008248e-01,3.430017079855446349e-02,-4.254802152099623064e-02,-3.031870169918973734e-01,0.000000000000000000e+00,0.000000000000000000e+00,0.000000000000000000e+00,0.000000000000000000e+00,0.000000000000000000e+00,0.000000000000000000e+00,0.000000000000000000e+00,0.000000000000000000e+00,0.000000000000000000e+00,0.000000000000000000e+00,0.000000000000000000e+00,0.000000000000000000e+00,0.000000000000000000e+00,0.000000000000000000e+00,0.000000000000000000e+00,0.000000000000000000e+00
2.374482920712895240e+00,1.605156077373021617e+01,1.326281440166346970e+00,-2.376819062404273222e-02,-1.730225208204985536e-03,7.636966385624810449e-01,6.451352754915469223e-01,3.698203845078588958e-02,-5.208379419782425968e-02,-2.716864221497388709e-01,6.505659848701037529e-01,4.963808401766448553e-01,-1.518859588965512930e-01,-5.496906381793180696e-01,-5.360140481626680942e-02,-2.493408977486536449e-01,4.212775621029399842e-01,8.679874576301843669e-04,-5.550155051064670914e-02,-2.371640874298060198e-01,0.000000000000000000e+00,0.000000000000000000e+00,0.000000000000000000e+00,0.000000000000000000e+00,0.000000000000000000e+00,0.000000000000000000e+00,0.000000000000000000e+00,0.000000000000000000e+00,0.000000000000000000e+00,0.000000000000000000e+00,0.000000000000000000e+00,0.000000000000000000e+00,0.000000000000000000e+00,0.000000000000000000e+00,0.000000000000000000e+00,0.000000000000000000e+00
2.377165058295273248e+00,1.609037042158155373e+01,1.337952303517563779e+00,-1.093976296936231135e-02,9.934636579378295501e-03,7.471495263690154376e-01,6.644916928214863461e-01,-5.828793570846765859e-02,-5.995201156099819184e-02,-1.631591187187503011e-01,6.882224695928162994e-01,4.947003977354589299e-01,-8.946839643551710020e-02,-4.847098311776058543e-01,-5.068345909206890820e-02,-1.929267733002393848e-01,3.906565564837800597e-01,-1.769950677770633363e-02,-5.541318406831096527e-02,-1.751021778186995226e-01,0.000000000000000000e+00,0.000000000000000000e+00,0.000000000000000000e+00,0.000000000000000000e+00,0.000000000000000000e+00,0.000000000000000000e+00,0.000000000000000000e+00,0.000000000000000000e+00,0.000000000000000000e+00,0.000000000000000000e+00,0.000000000000000000e+00,0.000000000000000000e+00,0.000000000000000000e+00,0.000000000000000000e+00,0.000000000000000000e+00,0.000000000000000000e+00
2.380005772612465265e+00,1.612843637121257601e+01,1.348321588813105931e+00,1.229207936031635404e-03,1.884409340937255595e-02,7.308537494850783078e-01,6.822728091130627615e-01,-1.660588031977073553e-01,-5.329078294775485558e-02,-6.066500421819990413e-02,7.164386758444808434e-01,4.535320999776766837e-01,-2.071471525827410509e-02,-4.129549333479936024e-01,-5.078127381125995682e-02,-1.422179177778324366e-01,3.494083128294861451e-01,-2.650154793380024576e-02,-4.692882980241222524e-02,-1.104280489965528272e-01,0.000000000000000000e+00,0.000000000000000000e+00,0.000000000000000000e+00,0.000000000000000000e+00,0.000000000000000000e+00,0.000000000000000000e+00,0.000000000000000000e+00,0.000000000000000000e+00,0.000000000000000000e+00,0.000000000000000000e+00,0.000000000000000000e+00,0.000000000000000000e+00,0.000000000000000000e+00,0.000000000000000000e+00,0.000000000000000000e+00,0.000000000000000000e+00
2.382769103315026005e+00,1.616676055208496265e+01,1.354865250219405848e+00,1.103011312972955286e-02,2.060368869554250748e-02,7.112457843795205736e-01,7.025548084091673973e-01,-2.793522857566704820e-01,-3.155531013725383638e-02,1.905606722967317923e-02,7.412705378413169122e-01,3.548919413789448640e-01,3.106474007989822733e-02,-3.400336749781092682e-01,-4.061177094825042105e-02,-1.021118623278493287e-01,3.109136421335821354e-01,-2.812341800021632421e-02,-3.263118075544619440e-02,-3.940057315893421425e-02,0.000000000000000000e+00,0.000000000000000000e+00,0.000000000000000000e+00,0.000000000000000000e+00,0.000000000000000000e+00,0.000000000000000000e+00,0.000000000000000000e+00,0.000000000000000000e+00,0.000000000000000000e+00,0.000000000000000000e+00,0.000000000000000000e+00,0.000000000000000000e+00,0.000000000000000000e+00,0.000000000000000000e+00,0.000000000000000000e+00,0.000000000000000000e+00
2.385169253702942527e+00,1.620522702822693262e+01,1.359106861758363927e+00,1.845995086970950855e-02,2.049729634566060596e-02,6.870331796400299673e-01,7.261022663028365853e-01,-3.821319065864836051e-01,-1.996607423154383998e-03,7.989788010138629271e-02,7.039406516773691891e-01,2.480678335707544035e-01,5.684131558977449650e-02,-2.692005575174262200e-01,-3.193078585800160352e-02,-6.286884862342193014e-02,2.705568056833762003e-01,-2.374951511946107874e-02,-6.217277455968270305e-03,3.105421425967471588e-02,0.000000000000000000e+00,0.000000000000000000e+00,0.000000000000000000e+00,0.000000000000000000e+00,0.000000000000000000e+00,0.000000000000000000e+00,0.000000000000000000e+00,0.000000000000000000e+00,0.000000000000000000e+00,0.000000000000000000e+00,0.000000000000000000e+00,0.000000000000000000e+00,0.000000000000000000e+00,0.000000000000000000e+00,0.000000000000000000e+00,0.000000000000000000e+00
2.387068772986435938e+00,1.624417074313769405e+01,1.359523186075336509e+00,1.793981599564153234e-02,1.624962287625600008e-02,6.604389817613477431e-01,7.504894830232168301e-01,-4.631219147695992411e-01,4.044134344592692498e-02,1.277639747279950277e-01,6.205839490258243663e-01,1.761695595246205726e-01,5.679357610679154622e-02,-2.036739175475871244e-01,-1.229692723206007691e-02,-1.634974913335082713e-02,2.346310457849391795e-01,-2.304401161976697698e-02,2.266780092502967275e-02,1.068134724818645548e-01,0.000000000000000000e+00,0.000000000000000000e+00,0.000000000000000000e+00,0.000000000000000000e+00,0.000000000000000000e+00,0.000000000000000000e+00,0.000000000000000000e+00,0.000000000000000000e+00,0.000000000000000000e+00,0.000000000000000000e+00,0.000000000000000000e+00,0.000000000000000000e+00,0.000000000000000000e+00,0.000000000000000000e+00,0.000000000000000000e+00,0.000000000000000000e+00
2.388611749529408357e+00,1.628384753745366709e+01,1.355913523513062824e+00,1.048678508667606757e-02,9.804015523287856748e-03,6.349997797500076535e-01,7.723789149993710579e-01,-5.181447460034227515e-01,8.929780099766433665e-02,1.657896536683579891e-01,5.136270849961747098e-01,1.448280863630166948e-01,4.024693751976761436e-02,-1.482106634248809007e-01,1.188698448066788892e-02,3.853619386591880525e-02,2.085477486626208521e-01,-2.688517916881086323e-02,4.432439192714026505e-02,1.699157098593905013e-01,0.000000000000000000e+00,0.000000000000000000e+00,0.000000000000000000e+00,0.000000000000000000e+00,0.000000000000000000e+00,0.000000000000000000e+00,0.000000000000000000e+00,0.000000000000000000e+00,0.000000000000000000e+00,0.000000000000000000e+00,0.000000000000000000e+00,0.000000000000000000e+00,0.000000000000000000e+00,0.000000000000000000e+00,0.000000000000000000e+00,0.000000000000000000e+00
2.390100950276465408e+00,1.632410696429287356e+01,1.349183140764375510e+00,1.343456718922263551e-03,1.919730224189281206e-03,6.095173771418275210e-01,7.927692455702710639e-01,-5.729171575772823433e-01,1.407651644735001262e-01,1.996737970589824718e-01,3.852925585599611402e-01,9.119488334980704880e-02,1.003444501374220824e-02,-9.452480447698712041e-02,3.648054269742814770e-02,9.637855418212148972e-02,1.932866523441706952e-01,-5.641838351314896333e-02,4.976044389329082468e-02,2.254739220421658197e-01,0.000000000000000000e+00,0.000000000000000000e+00,0.000000000000000000e+00,0.000000000000000000e+00,0.000000000000000000e+00,0.000000000000000000e+00,0.000000000000000000e+00,0.000000000000000000e+00,0.000000000000000000e+00,0.000000000000000000e+00,0.000000000000000000e+00,0.000000000000000000e+00,0.000000000000000000e+00,0.000000000000000000e+00,0.000000000000000000e+00,0.000000000000000000e+00
2.391678768472832228e+00,1.636405892879873747e+01,1.343709561346632331e+00,-2.716408754217607656e-03,-1.610736016313629032e-03,5.923335304682997293e-01,8.056866731775601531e-01,-6.276776869272580051e-01,1.813015299339286734e-01,2.309841416842262907e-01,2.894462546347266185e-01,4.565064394711958184e-02,-2.492738466496128430e-02,-4.922850376251276111e-02,4.353223671707576181e-02,1.401439873931404345e-01,1.909900928704767464e-01,-8.284718674375349257e-02,4.983039356128254882e-02,2.694664097515157564e-01,0.000000000000000000e+00,0.000000000000000000e+00,0.000000000000000000e+00,0.000000000000000000e+00,0.000000000000000000e+00,0.000000000000000000e+00,0.000000000000000000e+00,0.000000000000000000e+00,0.000000000000000000e+00,0.000000000000000000e+00,0.000000000000000000e+00,0.000000000000000000e+00,0.000000000000000000e+00,0.000000000000000000e+00,0.000000000000000000e+00,0.000000000000000000e+00
2.393276733159169556e+00,1.640320038040282213e+01,1.337613124237149398e+00,-6.576847632412648539e-03,-2.317433335990918067e-03,5.789885931544649367e-01,8.153058221152145180e-01,-6.796174207079117568e-01,2.073370092291166311e-01,2.556883279006703646e-01,2.171602964638152666e-01,1.732364719500523176e-02,-5.001742703313567101e-02,-1.143509314851472863e-02,4.174132653351259048e-02,1.744473376661693498e-01,1.895980632162769519e-01,-1.105710147571559443e-01,4.992012545348134545e-02,3.004532377491136996e-01,0.000000000000000000e+00,0.000000000000000000e+00,0.000000000000000000e+00,0.000000000000000000e+00,0.000000000000000000e+00,0.000000000000000000e+00,0.000000000000000000e+00,0.000000000000000000e+00,0.000000000000000000e+00,0.000000000000000000e+00,0.000000000000000000e+00,0.000000000000000000e+00,0.000000000000000000e+00,0.000000000000000000e+00,0.000000000000000000e+00,0.000000000000000000e+00
2.395041625944021924e+00,1.644214945314662302e+01,1.329971301339840428e+00,-1.162204805949930073e-02,6.577016441608636577e-05,5.691403690673655369e-01,8.221582353604752758e-01,-7.203727840204902089e-01,2.173968286433209940e-01,2.708451760137563502e-01,1.725318913941187582e-01,-2.346129308013721049e-03,-5.753194259777312525e-02,1.669066267329356174e-02,3.512611740144774841e-02,1.883637688682789357e-01,1.980851594505312896e-01,-1.393839985070168264e-01,4.727047274043218172e-02,3.272475326291421904e-01,0.000000000000000000e+00,0.000000000000000000e+00,0.000000000000000000e+00,0.000000000000000000e+00,0.000000000000000000e+00,0.000000000000000000e+00,0.000000000000000000e+00,0.000000000000000000e+00,0.000000000000000000e+00,0.000000000000000000e+00,0.000000000000000000e+00,0.000000000000000000e+00,0.000000000000000000e+00,0.000000000000000000e+00,0.000000000000000000e+00,0.000000000000000000e+00
2.396572613308382671e+00,1.648210754000323064e+01,1.319759169622675810e+00,-1.654299490766183295e-02,-1.028243701517666305e-03,5.575632458349472076e-01,8.299689746781944155e-01,-7.298877167216867301e-01,2.356584679282504036e-01,2.805995998759885368e-01,1.778742667040345005e-01,4.855532303838845654e-03,-5.507304682302347626e-02,4.964403453045435066e-02,3.343743047549917191e-02,2.129740729070382366e-01,2.167749246835623256e-01,-1.535378750558981098e-01,4.837780258837080793e-02,3.540760532327894006e-01,0.000000000000000000e+00,0.000000000000000000e+00,0.000000000000000000e+00,0.000000000000000000e+00,0.000000000000000000e+00,0.000000000000000000e+00,0.000000000000000000e+00,0.000000000000000000e+00,0.000000000000000000e+00,0.000000000000000000e+00,0.000000000000000000e+00,0.000000000000000000e+00,0.000000000000000000e+00,0.000000000000000000e+00,0.000000000000000000e+00,0.000000000000000000e+00
2.398050570606961696e+00,1.652274907514152602e+01,1.308224901950506336e+00,-1.888339955731655612e-02,-2.289907431132315492e-03,5.486832230133780186e-01,8.358139113036867629e-01,-7.205661790583924864e-01,2.444518672307249840e-01,2.907101437076755612e-01,2.217859675285734355e-01,3.301711401273398072e-02,-3.765952994806066878e-02,8.355025707883609321e-02,2.669766735839204999e-02,2.403259808518991847e-01,2.438261859015142807e-01,-1.352560197218697080e-01,5.940410175521992214e-02,3.783100764517284831e-01,0.000000000000000000e+00,0.000000000000000000e+00,0.000000000000000000e+00,0.000000000000000000e+00,0.000000000000000000e+00,0.000000000000000000e+00,0.000000000000000000e+00,0.000000000000000000e+00,0.000000000000000000e+00,0.000000000000000000e+00,0.000000000000000000e+00,0.000000000000000000e+00,0.000000000000000000e+00,0.000000000000000000e+00,0.000000000000000000e+00,0.000000000000000000e+00
2.399370542301324072e+00,1.656249910560377003e+01,1.296728437267971490e+00,-1.810133425275826935e-02,3.701531015042907550e-03,5.430074973221951096e-01,8.395245667747315288e-01,-7.064948142410384380e-01,2.317683099589290530e-01,2.990662823804974835e-01,2.733678031926255469e-01,6.473982957341571642e-02,-1.064508714943820412e-02,1.050555038489210391e-01,7.507316134501354488e-04,2.631091646063442591e-01,2.733729778978238878e-01,-7.450432556502964432e-02,9.060686751489561985e-02,3.956041849317732395e-01,0.000000000000000000e+00,0.000000000000000000e+00,0.000000000000000000e+00,0.000000000000000000e+00,0.000000000000000000e+00,0.000000000000000000e+00,0.000000000000000000e+00,0.000000000000000000e+00,0.000000000000000000e+00,0.000000000000000000e+00,0.000000000000000000e+00,0.000000000000000000e+00,0.000000000000000000e+00,0.000000000000000000e+00,0.000000000000000000e+00,0.000000000000000000e+00
2.400734230894812971e+00,1.659968305570678737e+01,1.286912019279413899e+00,-1.121402871896611149e-02,2.074696328691814570e-02,5.397482383332492528e-01,8.414960774064340621e-01,-7.009027349106199400e-01,1.838623678629907887e-01,3.083794797945586530e-01,3.309672789548387395e-01,8.993637467575202327e-02,2.923959176806065208e-02,1.105817070767894372e-01,-6.207504783063023945e-02,2.643447339864083978e-01,3.036851218255338103e-01,8.760381916810990044e-02,1.425589785676502352e-01,4.086093180712687123e-01,0.000000000000000000e+00,0.000000000000000000e+00,0.000000000000000000e+00,0.000000000000000000e+00,0.000000000000000000e+00,0.000000000000000000e+00,0.000000000000000000e+00,0.000000000000000000e+00,0.000000000000000000e+00,0.000000000000000000e+00,0.000000000000000000e+00,0.000000000000000000e+00,0.000000000000000000e+00,0.000000000000000000e+00,0.000000000000000000e+00,0.000000000000000000e+00
2.402147035883246406e+00,1.663543863212214191e+01,1.281620895045669561e+00,-7.410697416065550013e-03,3.832212412303403343e-02,5.436818882851292001e-01,8.383832660050071217e-01,-7.003166478746254420e-01,1.278502307160818419e-01,3.169344017985877837e-01,3.816833083622171441e-01,9.867913684468276880e-02,7.483306298097201770e-02,1.001356768860406643e-01,-1.227881930602698068e-01,2.359436988910330324e-01,3.530211726312058040e-01,2.963560383343297744e-01,1.791817786503308585e-01,4.121179588955501960e-01,0.000000000000000000e+00,0.000000000000000000e+00,0.000000000000000000e+00,0.000000000000000000e+00,0.000000000000000000e+00,0.000000000000000000e+00,0.000000000000000000e+00,0.000000000000000000e+00,0.000000000000000000e+00,0.000000000000000000e+00,0.000000000000000000e+00,0.000000000000000000e+00,0.000000000000000000e+00,0.000000000000000000e+00,0.000000000000000000e+00,0.000000000000000000e+00
2.402654191417327834e+00,1.667263976402901093e+01,1.284612680750367497e+00,-8.440888413198500279e-03,4.944688513543192554e-02,5.557116461203489566e-01,8.298604239987661391e-01,-6.810366040344147942e-01,7.831563228986326841e-02,3.108156800271130726e-01,4.025401065322570249e-01,8.768159011126575031e-02,1.155267411747664813e-01,8.075590314692249194e-02,-1.447379941458230013e-01,2.057431708331370623e-01,4.185193834419160264e-01,4.928020007083047660e-01,2.128909999244605333e-01,3.963249025217434052e-01,0.000000000000000000e+00,0.000000000000000000e+00,0.000000000000000000e+00,0.000000000000000000e+00,0.000000000000000000e+00,0.000000000000000000e+00,0.000000000000000000e+00,0.000000000000000000e+00,0.000000000000000000e+00,0.000000000000000000e+00,0.000000000000000000e+00,0.000000000000000000e+00,0.000000000000000000e+00,0.000000000000000000e+00,0.000000000000000000e+00,0.000000000000000000e+00
2.402782989591743856e+00,1.671517854616172727e+01,1.291096995222285937e+00,-1.585035990117737194e-04,5.095136463907710273e-02,5.821793291047082652e-01,8.114623602368854494e-01,-6.246765613775410175e-01,2.555320755701155980e-03,2.776226885027716640e-01,4.067545443403720595e-01,4.136349039732426652e-02,1.513048667238965916e-01,1.570668859367005399e-02,-1.519142994045065698e-01,1.458206973514759586e-01,6.113062532880754185e-01,4.978959359484064207e-01,1.912238311763899412e-01,3.471647753181086871e-01,0.000000000000000000e+00,0.000000000000000000e+00,0.000000000000000000e+00,0.000000000000000000e+00,0.000000000000000000e+00,0.000000000000000000e+00,0.000000000000000000e+00,0.000000000000000000e+00,0.000000000000000000e+00,0.000000000000000000e+00,0.000000000000000000e+00,0.000000000000000000e+00,0.000000000000000000e+00,0.000000000000000000e+00,0.000000000000000000e+00,0.000000000000000000e+00
2.400194709522513126e+00,1.675713648188524019e+01,1.305123713638489225e+00,-5.462367199384745783e-04,4.199419456960554881e-02,6.031813512688288803e-01,7.964976125070342139e-01,-5.469991910823933656e-01,-3.478019784864658237e-02,2.279478508892347488e-01,3.800664418260900623e-01,-3.584680475111692854e-04,1.724878312260890445e-01,-6.746055908890052910e-02,-1.372421950788914047e-01,6.322050851346812383e-02,6.994957231303593481e-01,4.973507793539058697e-01,1.290338441620552112e-01,2.897649178710565709e-01,0.000000000000000000e+00,0.000000000000000000e+00,0.000000000000000000e+00,0.000000000000000000e+00,0.000000000000000000e+00,0.000000000000000000e+00,0.000000000000000000e+00,0.000000000000000000e+00,0.000000000000000000e+00,0.000000000000000000e+00,0.000000000000000000e+00,0.000000000000000000e+00,0.000000000000000000e+00,0.000000000000000000e+00,0.000000000000000000e+00,0.000000000000000000e+00
2.396116004536231525e+00,1.679658495140356678e+01,1.317345021757788892e+00,-7.653664236757833951e-03,3.085570962216563698e-02,6.224466234679668641e-01,7.820163345741512062e-01,-4.839088914520082163e-01,-4.852111433999568152e-02,1.773982189503826579e-01,3.599569597043451030e-01,-4.093809732556862035e-02,1.893044068322033702e-01,-1.590476938776080040e-01,-1.231420628964880332e-01,-1.721587042896050718e-02,7.076960869927052533e-01,4.941564488013427403e-01,6.818918560876677248e-02,2.215606116146702220e-01,0.000000000000000000e+00,0.000000000000000000e+00,0.000000000000000000e+00,0.000000000000000000e+00,0.000000000000000000e+00,0.000000000000000000e+00,0.000000000000000000e+00,0.000000000000000000e+00,0.000000000000000000e+00,0.000000000000000000e+00,0.000000000000000000e+00,0.000000000000000000e+00,0.000000000000000000e+00,0.000000000000000000e+00,0.000000000000000000e+00,0.000000000000000000e+00
2.392463619677984266e+00,1.683629995163825654e+01,1.323818191725072868e+00,-1.516659548650820151e-03,2.132979020450546936e-02,6.477463797273232959e-01,7.615558858966240408e-01,-4.031136374760172503e-01,-8.782446344638897284e-02,1.148612447283842014e-01,3.337772538895579788e-01,-7.713583019255074169e-02,1.897241244445647401e-01,-2.644416512036686373e-01,-1.303167652018583367e-01,-9.371289597610472921e-02,7.540171174739326299e-01,4.020637377054407380e-01,3.464288677766033664e-02,1.406585027004275679e-01,0.000000000000000000e+00,0.000000000000000000e+00,0.000000000000000000e+00,0.000000000000000000e+00,0.000000000000000000e+00,0.000000000000000000e+00,0.000000000000000000e+00,0.000000000000000000e+00,0.000000000000000000e+00,0.000000000000000000e+00,0.000000000000000000e+00,0.000000000000000000e+00,0.000000000000000000e+00,0.000000000000000000e+00,0.000000000000000000e+00,0.000000000000000000e+00
2.388569397859463539e+00,1.687569688913627886e+01,1.327911328982926964e+00,2.864150580917173075e-03,1.597639613662131530e-02,6.716439214813826331e-01,7.406962900845701636e-01,-3.264718520197633644e-01,-1.218036948157029536e-01,5.464666774713210218e-02,3.028482095332072355e-01,-1.052200060429470813e-01,1.826338638824346050e-01,-3.587147888223245484e-01,-1.555770516516045976e-01,-1.641088483219991234e-01,7.551222437272012700e-01,3.203409920352464635e-01,2.030172317462391324e-02,6.794677530439587054e-02,0.000000000000000000e+00,0.000000000000000000e+00,0.000000000000000000e+00,0.000000000000000000e+00,0.000000000000000000e+00,0.000000000000000000e+00,0.000000000000000000e+00,0.000000000000000000e+00,0.000000000000000000e+00,0.000000000000000000e+00,0.000000000000000000e+00,0.000000000000000000e+00,0.000000000000000000e+00,0.000000000000000000e+00,0.000000000000000000e+00,0.000000000000000000e+00
2.384764007851240208e+00,1.691517379553061673e+01,1.327946305244092073e+00,1.114931375114821578e-02,1.416674516820980514e-02,6.961755257289823362e-01,7.176452002976068112e-01,-2.512840365408638421e-01,-1.608358506358195938e-01,-1.009237014875125071e-02,2.816516474233554113e-01,-1.369378790297138826e-01,1.705684670110563794e-01,-4.336987968838966756e-01,-2.000115184762687459e-01,-2.290111393937092066e-01,6.945514464451313374e-01,2.573991412427655279e-01,2.358107938552284760e-02,-2.890221872630604604e-03,0.000000000000000000e+00,0.000000000000000000e+00,0.000000000000000000e+00,0.000000000000000000e+00,0.000000000000000000e+00,0.000000000000000000e+00,0.000000000000000000e+00,0.000000000000000000e+00,0.000000000000000000e+00,0.000000000000000000e+00,0.000000000000000000e+00,0.000000000000000000e+00,0.000000000000000000e+00,0.000000000000000000e+00,0.000000000000000000e+00,0.000000000000000000e+00
2.381279240402875086e+00,1.695488674167889442e+01,1.325218667964296326e+00,1.888412146356108906e-02,1.471801594909889419e-02,7.180540587288426480e-01,6.955754011651842372e-01,-1.801511937164164134e-01,-1.914105413897936037e-01,-6.259227550886620195e-02,2.642061939153976247e-01,-1.666726631059782249e-01,1.616542347185296880e-01,-4.892923984158518147e-01,-2.393251726318970651e-01,-2.712693339313473895e-01,6.046304131223927403e-01,2.060111335372765140e-01,3.950858624892759213e-02,-7.413274562323039774e-02,0.000000000000000000e+00,0.000000000000000000e+00,0.000000000000000000e+00,0.000000000000000000e+00,0.000000000000000000e+00,0.000000000000000000e+00,0.000000000000000000e+00,0.000000000000000000e+00,0.000000000000000000e+00,0.000000000000000000e+00,0.000000000000000000e+00,0.000000000000000000e+00,0.000000000000000000e+00,0.000000000000000000e+00,0.000000000000000000e+00,0.000000000000000000e+00
2.378495978723915272e+00,1.699536504156214889e+01,1.320109653578057873e+00,2.650435483427217298e-02,1.691895326533984084e-02,7.388052593450711303e-01,6.731850094582366717e-01,-1.121472407148861317e-01,-2.198755454960014399e-01,-1.301780979437640595e-01,2.521898548788489292e-01,-1.954165841006212101e-01,1.518882002963025946e-01,-5.376990548198211650e-01,-2.684953766048793766e-01,-2.881589612789606236e-01,5.064399821651601741e-01,1.563080673458759062e-01,7.630186543990288839e-02,-1.454245284896373003e-01,0.000000000000000000e+00,0.000000000000000000e+00,0.000000000000000000e+00,0.000000000000000000e+00,0.000000000000000000e+00,0.000000000000000000e+00,0.000000000000000000e+00,0.000000000000000000e+00,0.000000000000000000e+00,0.000000000000000000e+00,0.000000000000000000e+00,0.000000000000000000e+00,0.000000000000000000e+00,0.000000000000000000e+00,0.000000000000000000e+00,0.000000000000000000e+00
2.376704961396598925e+00,1.703662889283789994e+01,1.313592471765747227e+00,3.378188882939666543e-02,1.753724110372735512e-02,7.563702735074017136e-01,6.530354037232022346e-01,-4.514603930073902982e-02,-2.387060411238091373e-01,-2.003410406662337606e-01,2.497210714003014198e-01,-2.230253711756737811e-01,1.472526857832252289e-01,-5.804572452820697670e-01,-2.886056209266318340e-01,-2.792909822415959864e-01,3.954026162885397877e-01,1.119966269630794098e-01,1.265002607335592999e-01,-2.052748049229014549e-01,0.000000000000000000e+00,0.000000000000000000e+00,0.000000000000000000e+00,0.000000000000000000e+00,0.000000000000000000e+00,0.000000000000000000e+00,0.000000000000000000e+00,0.000000000000000000e+00,0.000000000000000000e+00,0.000000000000000000e+00,0.000000000000000000e+00,0.000000000000000000e+00,0.000000000000000000e+00,0.000000000000000000e+00,0.000000000000000000e+00,0.000000000000000000e+00
2.375853001039383905e+00,1.707717206155402323e+01,1.307353688768358113e+00,3.561709545715174841e-02,1.733163726081448502e-02,7.683869189816834311e-01,6.387586238939485517e-01,1.522548571202135895e-02,-2.373528220564347091e-01,-2.501215530127974818e-01,2.412242405841313331e-01,-2.546850479678166024e-01,1.405283135113287729e-01,-6.291461711824075653e-01,-2.988959300153223864e-01,-2.768273657228363382e-01,2.940479207003555140e-01,5.520901882349069090e-02,1.746476271530002788e-01,-2.556945462041411155e-01,0.000000000000000000e+00,0.000000000000000000e+00,0.000000000000000000e+00,0.000000000000000000e+00,0.000000000000000000e+00,0.000000000000000000e+00,0.000000000000000000e+00,0.000000000000000000e+00,0.000000000000000000e+00,0.000000000000000000e+00,0.000000000000000000e+00,0.000000000000000000e+00,0.000000000000000000e+00,0.000000000000000000e+00,0.000000000000000000e+00,0.000000000000000000e+00
2.376575368800508681e+00,1.711755302159420467e+01,1.298785036411538751e+00,3.562633185433457944e-02,2.041670174339455315e-02,7.722870525555500798e-01,6.339452904025600910e-01,6.202726792810409062e-02,-2.384826655030571896e-01,-2.987492777670862631e-01,2.441657350491731049e-01,-2.965278130544161672e-01,1.326991712927513001e-01,-6.831542846968176041e-01,-3.040756131565740539e-01,-2.774428275060301652e-01,2.298343504603448662e-01,1.427230796707860960e-02,2.097230290882383663e-01,-2.883971989015377546e-01,0.000000000000000000e+00,0.000000000000000000e+00,0.000000000000000000e+00,0.000000000000000000e+00,0.000000000000000000e+00,0.000000000000000000e+00,0.000000000000000000e+00,0.000000000000000000e+00,0.000000000000000000e+00,0.000000000000000000e+00,0.000000000000000000e+00,0.000000000000000000e+00,0.000000000000000000e+00,0.000000000000000000e+00,0.000000000000000000e+00,0.000000000000000000e+00
2.378335174421413623e+00,1.715860811367993222e+01,1.289113976125877414e+00,3.155829121564377587e-02,2.591061665366751338e-02,7.727352696789454578e-01,6.334137014577294611e-01,9.925996238169271235e-02,-2.390338055083274238e-01,-3.565906611126913317e-01,2.482343538353023460e-01,-3.119070726084777756e-01,1.231933157576183824e-01,-7.191079748327847687e-01,-2.990686605621584171e-01,-2.814601382365890525e-01,1.951794947836423821e-01,-3.558109014354063349e-03,2.247994666255520024e-01,-3.078664985001929866e-01,0.000000000000000000e+00,0.000000000000000000e+00,0.000000000000000000e+00,0.000000000000000000e+00,0.000000000000000000e+00,0.000000000000000000e+00,0.000000000000000000e+00,0.000000000000000000e+00,0.000000000000000000e+00,0.000000000000000000e+00,0.000000000000000000e+00,0.000000000000000000e+00,0.000000000000000000e+00,0.000000000000000000e+00,0.000000000000000000e+00,0.000000000000000000e+00
2.380912609225896315e+00,1.720113983301616756e+01,1.276318297586410910e+00,3.085838764310301977e-02,3.075099756365708148e-02,7.754373480929783735e-01,6.299198800192258307e-01,1.397272987326195759e-01,-2.406597972531788476e-01,-4.007784717448897305e-01,2.727331380029344166e-01,-3.289277218078398568e-01,1.171980400337947481e-01,-7.318958508836825860e-01,-3.030959765938449624e-01,-2.757086319777193872e-01,1.980457952114141884e-01,-3.345453123156927333e-04,2.255005111989836775e-01,-3.265505097323820882e-01,0.000000000000000000e+00,0.000000000000000000e+00,0.000000000000000000e+00,0.000000000000000000e+00,0.000000000000000000e+00,0.000000000000000000e+00,0.000000000000000000e+00,0.000000000000000000e+00,0.000000000000000000e+00,0.000000000000000000e+00,0.000000000000000000e+00,0.000000000000000000e+00,0.000000000000000000e+00,0.000000000000000000e+00,0.000000000000000000e+00,0.000000000000000000e+00
2.383919017916909855e+00,1.724427583234135497e+01,1.262051025600310794e+00,3.038003077273736946e-02,3.322297005835667810e-02,7.821988095005774078e-01,6.214002819492662200e-01,1.779223502980496197e-01,-2.292083174928875589e-01,-4.191917999478341206e-01,3.022124228486682829e-01,-3.180854947799529597e-01,1.035209263742937619e-01,-7.182597735285419782e-01,-3.011115129883440433e-01,-2.675033406136045344e-01,2.309422223541164887e-01,1.940707397886514557e-02,2.071208135534440553e-01,-3.498719314116143231e-01,0.000000000000000000e+00,0.000000000000000000e+00,0.000000000000000000e+00,0.000000000000000000e+00,0.000000000000000000e+00,0.000000000000000000e+00,0.000000000000000000e+00,0.000000000000000000e+00,0.000000000000000000e+00,0.000000000000000000e+00,0.000000000000000000e+00,0.000000000000000000e+00,0.000000000000000000e+00,0.000000000000000000e+00,0.000000000000000000e+00,0.000000000000000000e+00
2.387303274277015053e+00,1.728620654191520600e+01,1.252685521322714157e+00,2.156430684597436878e-02,2.752713130644844630e-02,7.889855993722691974e-01,6.134158146766925945e-01,2.059713123057855810e-01,-1.953964548691592695e-01,-4.328802495856469146e-01,3.312003062436297829e-01,-2.390492839782920875e-01,6.901315732889276577e-02,-6.984510647219354107e-01,-2.812669985671623629e-01,-2.720489111989757847e-01,2.724115903326844723e-01,4.979579699861496483e-02,1.729007654901281166e-01,-3.735827025471776808e-01,0.000000000000000000e+00,0.000000000000000000e+00,0.000000000000000000e+00,0.000000000000000000e+00,0.000000000000000000e+00,0.000000000000000000e+00,0.000000000000000000e+00,0.000000000000000000e+00,0.000000000000000000e+00,0.000000000000000000e+00,0.000000000000000000e+00,0.000000000000000000e+00,0.000000000000000000e+00,0.000000000000000000e+00,0.000000000000000000e+00,0.000000000000000000e+00
2.391540608373259325e+00,1.732642821148411372e+01,1.244613622861819646e+00,5.205859871200257949e-03,2.114536667027786671e-02,7.932803385394520124e-01,6.084669892262953850e-01,2.235002809647483324e-01,-1.597623548995119880e-01,-4.657600209844593997e-01,3.535037858833042224e-01,-1.048572785736983093e-01,1.408121966092246852e-02,-6.794530390464307290e-01,-2.463962050132134929e-01,-2.867793158166647705e-01,3.127202645097016398e-01,7.618255217332496609e-02,1.305488070481094498e-01,-3.888883509134565819e-01,0.000000000000000000e+00,0.000000000000000000e+00,0.000000000000000000e+00,0.000000000000000000e+00,0.000000000000000000e+00,0.000000000000000000e+00,0.000000000000000000e+00,0.000000000000000000e+00,0.000000000000000000e+00,0.000000000000000000e+00,0.000000000000000000e+00,0.000000000000000000e+00,0.000000000000000000e+00,0.000000000000000000e+00,0.000000000000000000e+00,0.000000000000000000e+00
2.395622964389446441e+00,1.736435525821632098e+01,1.238784290746868022e+00,-1.802897805227160824e-02,8.587887582757367314e-03,7.944707746749888333e-01,6.069739634651388771e-01,2.169360948466944328e-01,-1.058980856931052567e-01,-4.664379623733965197e-01,3.809510447450658588e-01,8.809887888596677763e-02,-5.282825266620881643e-02,-6.744488819069154317e-01,-1.945869306107268493e-01,-3.175814432802154808e-01,3.682582352709366513e-01,8.203274522746566155e-02,7.222424674616594042e-02,-3.900732946100238796e-01,0.000000000000000000e+00,0.000000000000000000e+00,0.000000000000000000e+00,0.000000000000000000e+00,0.000000000000000000e+00,0.000000000000000000e+00,0.000000000000000000e+00,0.000000000000000000e+00,0.000000000000000000e+00,0.000000000000000000e+00,0.000000000000000000e+00,0.000000000000000000e+00,0.000000000000000000e+00,0.000000000000000000e+00,0.000000000000000000e+00,0.000000000000000000e+00
2.399574623228689862e+00,1.740195060648791525e+01,1.237635542250432152e+00,-3.501655921198801313e-02,-2.956869233532141532e-03,7.889388845042537568e-01,6.134660007062109344e-01,1.825113992554684428e-01,-5.909390584743543645e-02,-4.346822734815740108e-01,4.278988539125888613e-01,3.016594585864039724e-01,-1.207211653176865906e-01,-6.689484028183432240e-01,-1.428774965166285660e-01,-3.288003654087193750e-01,4.165353781629125285e-01,5.282256645691518759e-02,1.108519039011719720e-02,-3.623499863676860056e-01,0.000000000000000000e+00,0.000000000000000000e+00,0.000000000000000000e+00,0.000000000000000000e+00,0.000000000000000000e+00,0.000000000000000000e+00,0.000000000000000000e+00,0.000000000000000000e+00,0.000000000000000000e+00,0.000000000000000000e+00,0.000000000000000000e+00,0.000000000000000000e+00,0.000000000000000000e+00,0.000000000000000000e+00,0.000000000000000000e+00,0.000000000000000000e+00
2.403245372878352271e+00,1.744196261089738442e+01,1.243405255620509298e+00,-3.573886899676690515e-02,-3.943035311132498354e-03,7.778102905262503919e-01,6.274697902423965745e-01,1.298780727033440052e-01,-5.210151707861333803e-02,-3.802397787344720670e-01,4.959436048372167227e-01,4.482604111999223262e-01,-1.480180733279818639e-01,-6.425818694986115132e-01,-1.082325948337385241e-01,-3.054964910818844248e-01,4.408947074462105653e-01,2.219653894144449358e-02,-3.515039703121530801e-02,-3.145897245267764153e-01,0.000000000000000000e+00,0.000000000000000000e+00,0.000000000000000000e+00,0.000000000000000000e+00,0.000000000000000000e+00,0.000000000000000000e+00,0.000000000000000000e+00,0.000000000000000000e+00,0.000000000000000000e+00,0.000000000000000000e+00,0.000000000000000000e+00,0.000000000000000000e+00,0.000000000000000000e+00,0.000000000000000000e+00,0.000000000000000000e+00,0.000000000000000000e+00
2.407196163591744487e+00,1.748378970265441978e+01,1.252601294823407319e+00,-2.676195075808766519e-02,-2.793938433406669211e-03,7.637622890401484232e-01,6.449365532669124601e-01,5.004394598576942382e-02,-5.758977654526221263e-02,-2.918334359894514396e-01,5.989392496719015968e-01,4.939095287400807610e-01,-1.274007323994260921e-01,-5.896945605050322170e-01,-8.010547491443792412e-02,-2.629557036734977427e-01,4.401368741410160434e-01,-1.005574544249390745e-03,-5.938547204456805922e-02,-2.579596595022941585e-01,0.000000000000000000e+00,0.000000000000000000e+00,0.000000000000000000e+00,0.000000000000000000e+00,0.000000000000000000e+00,0.000000000000000000e+00,0.000000000000000000e+00,0.000000000000000000e+00,0.000000000000000000e+00,0.000000000000000000e+00,0.000000000000000000e+00,0.000000000000000000e+00,0.000000000000000000e+00,0.000000000000000000e+00,0.000000000000000000e+00,0.000000000000000000e+00
2.411615219982276237e+00,1.752512997063062627e+01,1.267547661410185267e+00,-1.289332970294083600e-02,7.342819368699271196e-03,7.499193383720422768e-01,6.613628587912446788e-01,-4.299855173640668160e-02,-6.352893002073807527e-02,-1.882699431491750286e-01,6.680284418758561937e-01,4.934176232199996015e-01,-7.592170199812647846e-02,-5.210207727615087103e-01,-7.205651662501949550e-02,-2.171075202107598801e-01,4.077803958657911232e-01,-1.376736672689365948e-02,-6.254657252376141785e-02,-1.964577627425832529e-01,0.000000000000000000e+00,0.000000000000000000e+00,0.000000000000000000e+00,0.000000000000000000e+00,0.000000000000000000e+00,0.000000000000000000e+00,0.000000000000000000e+00,0.000000000000000000e+00,0.000000000000000000e+00,0.000000000000000000e+00,0.000000000000000000e+00,0.000000000000000000e+00,0.000000000000000000e+00,0.000000000000000000e+00,0.000000000000000000e+00,0.000000000000000000e+00
2.416049937210097198e+00,1.756599148162771584e+01,1.278857111023972148e+00,-2.303307855440204013e-03,1.134922568817960803e-02,7.323365713141593014e-01,6.808443553155322236e-01,-1.583066847177052039e-01,-5.115150487409352020e-02,-7.042934074771656228e-02,7.411746874633926563e-01,4.277687195519006558e-01,-6.839166941832862390e-03,-4.456451793186468890e-01,-5.398737771434664739e-02,-1.633639580949981240e-01,3.707844165824994431e-01,-3.389163276592116469e-02,-5.462602092007225185e-02,-1.265981383876037258e-01,0.000000000000000000e+00,0.000000000000000000e+00,0.000000000000000000e+00,0.000000000000000000e+00,0.000000000000000000e+00,0.000000000000000000e+00,0.000000000000000000e+00,0.000000000000000000e+00,0.000000000000000000e+00,0.000000000000000000e+00,0.000000000000000000e+00,0.000000000000000000e+00,0.000000000000000000e+00,0.000000000000000000e+00,0.000000000000000000e+00,0.000000000000000000e+00
2.420199787060581809e+00,1.760579004146192617e+01,1.286322992254818720e+00,7.653979895487871346e-03,1.330004743574071668e-02,7.145596551509117988e-01,6.994061942537944665e-01,-2.729666189238394991e-01,-2.870161306216205410e-02,1.820967010336795727e-02,7.825416805317531033e-01,3.418325891367512970e-01,4.360926124833749973e-02,-3.711111388745843565e-01,-4.390212978610048139e-02,-1.247433994288942027e-01,3.312634599014713244e-01,-3.898112173170527328e-02,-3.879626585876378569e-02,-5.685461819630677205e-02,0.000000000000000000e+00,0.000000000000000000e+00,0.000000000000000000e+00,0.000000000000000000e+00,0.000000000000000000e+00,0.000000000000000000e+00,0.000000000000000000e+00,0.000000000000000000e+00,0.000000000000000000e+00,0.000000000000000000e+00,0.000000000000000000e+00,0.000000000000000000e+00,0.000000000000000000e+00,0.000000000000000000e+00,0.000000000000000000e+00,0.000000000000000000e+00
2.423954386692926732e+00,1.764493624355484869e+01,1.291270629032420736e+00,1.597015083288353191e-02,1.274996354149165144e-02,6.941782742344817514e-01,7.195129715946073645e-01,-3.683770583624281225e-01,-5.489339505112558748e-03,7.584751671029923981e-02,7.549777045535236430e-01,2.565084157545073351e-01,6.542500145064029937e-02,-2.983264844349997613e-01,-3.208650768997298869e-02,-8.853314411933095596e-02,2.885455784589856520e-01,-3.443302345974579015e-02,-1.539349576102075692e-02,1.044668412908045241e-02,0.000000000000000000e+00,0.000000000000000000e+00,0.000000000000000000e+00,0.000000000000000000e+00,0.000000000000000000e+00,0.000000000000000000e+00,0.000000000000000000e+00,0.000000000000000000e+00,0.000000000000000000e+00,0.000000000000000000e+00,0.000000000000000000e+00,0.000000000000000000e+00,0.000000000000000000e+00,0.000000000000000000e+00,0.000000000000000000e+00,0.000000000000000000e+00
2.427407981132068571e+00,1.768416774574511052e+01,1.293177096015537986e+00,1.884882265914585714e-02,8.718061245920828012e-03,6.671880556370913817e-01,7.445997688071586129e-01,-4.544515635898148109e-01,3.290244067778340387e-02,1.260960952779872080e-01,6.673707901245005125e-01,1.780459381580802025e-01,6.845677868704658220e-02,-2.316285184602539515e-01,-1.391589462219195231e-02,-4.744416108252809405e-02,2.480731084188172453e-01,-2.949234774511141910e-02,1.305877204084589065e-02,8.579695526397151939e-02,0.000000000000000000e+00,0.000000000000000000e+00,0.000000000000000000e+00,0.000000000000000000e+00,0.000000000000000000e+00,0.000000000000000000e+00,0.000000000000000000e+00,0.000000000000000000e+00,0.000000000000000000e+00,0.000000000000000000e+00,0.000000000000000000e+00,0.000000000000000000e+00,0.000000000000000000e+00,0.000000000000000000e+00,0.000000000000000000e+00,0.000000000000000000e+00
2.430586245624424713e+00,1.772346681422641268e+01,1.291172279259988454e+00,1.149994711680614110e-02,2.927388984055071322e-03,6.405286995802477179e-01,7.678425402542391476e-01,-5.107599729337086725e-01,7.409388178274403658e-02,1.540472944511777076e-01,5.592156320254584312e-01,1.525906998924087821e-01,4.590821455893680236e-02,-1.756538213032643181e-01,1.464163698192989804e-02,6.652774424159020594e-03,2.120369167582419334e-01,-3.106542810282443556e-02,4.194592780671478616e-02,1.489552683091431018e-01,0.000000000000000000e+00,0.000000000000000000e+00,0.000000000000000000e+00,0.000000000000000000e+00,0.000000000000000000e+00,0.000000000000000000e+00,0.000000000000000000e+00,0.000000000000000000e+00,0.000000000000000000e+00,0.000000000000000000e+00,0.000000000000000000e+00,0.000000000000000000e+00,0.000000000000000000e+00,0.000000000000000000e+00,0.000000000000000000e+00,0.000000000000000000e+00
2.433899670992176301e+00,1.776310104600345952e+01,1.285492530413113954e+00,2.065094373105766726e-03,-8.254534716182065912e-03,6.139830369296135348e-01,7.892733546779200360e-01,-5.612558716938006453e-01,1.269104170728249659e-01,1.935966617916259347e-01,4.279846789612233859e-01,1.010087595430802232e-01,1.770416192838496910e-02,-1.176501300242514397e-01,4.844070796646293003e-02,6.825763805088493064e-02,1.951146292618038403e-01,-5.449940902044033558e-02,5.535423588670666112e-02,2.091305098202604906e-01,0.000000000000000000e+00,0.000000000000000000e+00,0.000000000000000000e+00,0.000000000000000000e+00,0.000000000000000000e+00,0.000000000000000000e+00,0.000000000000000000e+00,0.000000000000000000e+00,0.000000000000000000e+00,0.000000000000000000e+00,0.000000000000000000e+00,0.000000000000000000e+00,0.000000000000000000e+00,0.000000000000000000e+00,0.000000000000000000e+00,0.000000000000000000e+00
2.438003719721574925e+00,1.780255560769695222e+01,1.279549236677886448e+00,-4.397881665914414075e-03,-1.366728676669429904e-02,5.928910444635593358e-01,8.051546890531028344e-01,-6.126609750500963125e-01,1.697366202857650552e-01,2.221801243202181642e-01,3.140969946608958008e-01,5.440481758197078521e-02,-1.671668933215993483e-02,-6.900257293899998701e-02,6.490073004173367577e-02,1.198933727220089507e-01,1.871995370008613102e-01,-8.491298058566495999e-02,4.895329753124342403e-02,2.535069554829086913e-01,0.000000000000000000e+00,0.000000000000000000e+00,0.000000000000000000e+00,0.000000000000000000e+00,0.000000000000000000e+00,0.000000000000000000e+00,0.000000000000000000e+00,0.000000000000000000e+00,0.000000000000000000e+00,0.000000000000000000e+00,0.000000000000000000e+00,0.000000000000000000e+00,0.000000000000000000e+00,0.000000000000000000e+00,0.000000000000000000e+00,0.000000000000000000e+00
2.442802897386382011e+00,1.784145300855383454e+01,1.273865503026638590e+00,-7.770049838846262644e-03,-1.364018746939937507e-02,5.783897214521575014e-01,8.156095277335819738e-01,-6.662599495238780145e-01,1.969679779537167885e-01,2.387881732532918244e-01,2.300246620105901307e-01,1.826943631377850319e-02,-4.656118485898464582e-02,-2.974606559099721506e-02,6.577924295103766694e-02,1.584579346031859404e-01,1.871745041522656361e-01,-1.189092252525430493e-01,4.289650354032092244e-02,2.861816157422868434e-01,0.000000000000000000e+00,0.000000000000000000e+00,0.000000000000000000e+00,0.000000000000000000e+00,0.000000000000000000e+00,0.000000000000000000e+00,0.000000000000000000e+00,0.000000000000000000e+00,0.000000000000000000e+00,0.000000000000000000e+00,0.000000000000000000e+00,0.000000000000000000e+00,0.000000000000000000e+00,0.000000000000000000e+00,0.000000000000000000e+00,0.000000000000000000e+00
2.447898616380143277e+00,1.788033849672925157e+01,1.267908958075831594e+00,-1.112511881778159052e-02,-9.594850311594852604e-03,5.663186838773431875e-01,8.240554100727820463e-01,-7.060731485808623420e-01,2.094570895197227778e-01,2.461570969119712404e-01,1.699911840568728849e-01,-3.407298747336445777e-04,-6.144094515233301107e-02,-9.203145201642989881e-04,5.890730232263433064e-02,1.849971678653879459e-01,1.924942920572714211e-01,-1.423374437292241057e-01,3.971007682006397199e-02,3.130135974793645803e-01,0.000000000000000000e+00,0.000000000000000000e+00,0.000000000000000000e+00,0.000000000000000000e+00,0.000000000000000000e+00,0.000000000000000000e+00,0.000000000000000000e+00,0.000000000000000000e+00,0.000000000000000000e+00,0.000000000000000000e+00,0.000000000000000000e+00,0.000000000000000000e+00,0.000000000000000000e+00,0.000000000000000000e+00,0.000000000000000000e+00,0.000000000000000000e+00
2.453128236851199517e+00,1.792041928049470201e+01,1.260697333647235574e+00,-1.393461693426035694e-02,-7.279272818903744988e-03,5.539787270208610392e-01,8.323823692549405795e-01,-7.279349857847632332e-01,2.209647701772690098e-01,2.513585504361791623e-01,1.581310767965822817e-01,-2.004786439152791977e-03,-6.008206143676510236e-02,2.897678410310448871e-02,5.159041487071593102e-02,2.048394727335187127e-01,2.071372253026876054e-01,-1.544849023507514907e-01,3.780046372700535118e-02,3.411002478814878502e-01,0.000000000000000000e+00,0.000000000000000000e+00,0.000000000000000000e+00,0.000000000000000000e+00,0.000000000000000000e+00,0.000000000000000000e+00,0.000000000000000000e+00,0.000000000000000000e+00,0.000000000000000000e+00,0.000000000000000000e+00,0.000000000000000000e+00,0.000000000000000000e+00,0.000000000000000000e+00,0.000000000000000000e+00,0.000000000000000000e+00,0.000000000000000000e+00
2.457985006990976107e+00,1.796210048393356118e+01,1.250692139243578138e+00,-1.757751986724219104e-02,-9.874696596962127815e-03,5.420057774201771927e-01,8.401328813976883803e-01,-7.187167949645665299e-01,2.373397093567979899e-01,2.637923447564671786e-01,1.882846489935319223e-01,1.843130011979875887e-02,-4.912096583578944020e-02,6.430907321398543486e-02,5.063587987012418273e-02,2.416945127781280345e-01,2.278685212696952012e-01,-1.504440982466888621e-01,4.609611525590150832e-02,3.683787045931856130e-01,0.000000000000000000e+00,0.000000000000000000e+00,0.000000000000000000e+00,0.000000000000000000e+00,0.000000000000000000e+00,0.000000000000000000e+00,0.000000000000000000e+00,0.000000000000000000e+00,0.000000000000000000e+00,0.000000000000000000e+00,0.000000000000000000e+00,0.000000000000000000e+00,0.000000000000000000e+00,0.000000000000000000e+00,0.000000000000000000e+00,0.000000000000000000e+00
2.462743654826677009e+00,1.800448483388394649e+01,1.240162972599745395e+00,-1.821466192898830994e-02,-8.448358571868925040e-03,5.328561037486856389e-01,8.459676258734859511e-01,-7.013883846832007496e-01,2.364134603235956700e-01,2.698800254551672051e-01,2.411296736569369381e-01,5.331676346467502381e-02,-2.719566717447223503e-02,9.509036291117506368e-02,3.664816238041718188e-02,2.700370216928161815e-01,2.610620402869246459e-01,-1.197343140276294765e-01,6.279471155849036812e-02,3.870155801394317696e-01,0.000000000000000000e+00,0.000000000000000000e+00,0.000000000000000000e+00,0.000000000000000000e+00,0.000000000000000000e+00,0.000000000000000000e+00,0.000000000000000000e+00,0.000000000000000000e+00,0.000000000000000000e+00,0.000000000000000000e+00,0.000000000000000000e+00,0.000000000000000000e+00,0.000000000000000000e+00,0.000000000000000000e+00,0.000000000000000000e+00,0.000000000000000000e+00
2.466881949879185854e+00,1.804563488537345606e+01,1.228905530556119396e+00,-1.329700691149577479e-02,6.332419588639850560e-04,5.290606746059016707e-01,8.484795761816330550e-01,-6.849487588838558683e-01,2.062336262493942585e-01,2.792969917384170442e-01,2.906138521126639396e-01,9.400119427732278599e-02,1.354009737883195719e-03,1.147462292740077106e-01,1.722396170508589189e-03,2.940446339257248298e-01,2.929506418230016784e-01,-2.018091907020420905e-02,1.045273907670492275e-01,3.999952119019614671e-01,0.000000000000000000e+00,0.000000000000000000e+00,0.000000000000000000e+00,0.000000000000000000e+00,0.000000000000000000e+00,0.000000000000000000e+00,0.000000000000000000e+00,0.000000000000000000e+00,0.000000000000000000e+00,0.000000000000000000e+00,0.000000000000000000e+00,0.000000000000000000e+00,0.000000000000000000e+00,0.000000000000000000e+00,0.000000000000000000e+00,0.000000000000000000e+00
2.470653223628845652e+00,1.808384606583643972e+01,1.221435434580630863e+00,-5.940063973801819330e-03,1.973310813381832715e-02,5.291997722919896674e-01,8.482469693959836521e-01,-6.846729563278382003e-01,1.564983854084464054e-01,2.977357497240474271e-01,3.470486462422177620e-01,1.133927003120687727e-01,4.363544023234273983e-02,1.177430257386608836e-01,-6.672123700839233118e-02,2.818872313172984811e-01,3.294144742303098949e-01,1.660994445185507429e-01,1.558701321770738779e-01,4.105439640583988248e-01,0.000000000000000000e+00,0.000000000000000000e+00,0.000000000000000000e+00,0.000000000000000000e+00,0.000000000000000000e+00,0.000000000000000000e+00,0.000000000000000000e+00,0.000000000000000000e+00,0.000000000000000000e+00,0.000000000000000000e+00,0.000000000000000000e+00,0.000000000000000000e+00,0.000000000000000000e+00,0.000000000000000000e+00,0.000000000000000000e+00,0.000000000000000000e+00
2.473864287058189948e+00,1.812133713831893544e+01,1.219946651436172980e+00,-4.075581392483644538e-03,3.520336951658878388e-02,5.361760455672323067e-01,8.433619392472458953e-01,-6.808327810972703009e-01,1.030881720148001945e-01,2.986082466511438827e-01,3.873997943833615287e-01,1.077177640038001899e-01,8.203029435048775353e-02,1.046595710451473232e-01,-1.149594999306420701e-01,2.558041822034097801e-01,3.782509875151469081e-01,3.727085321548964103e-01,2.069252376704657781e-01,4.041541821761298059e-01,0.000000000000000000e+00,0.000000000000000000e+00,0.000000000000000000e+00,0.000000000000000000e+00,0.000000000000000000e+00,0.000000000000000000e+00,0.000000000000000000e+00,0.000000000000000000e+00,0.000000000000000000e+00,0.000000000000000000e+00,0.000000000000000000e+00,0.000000000000000000e+00,0.000000000000000000e+00,0.000000000000000000e+00,0.000000000000000000e+00,0.000000000000000000e+00
2.476652420992324632e+00,1.816160857290780939e+01,1.226645167650119994e+00,-1.595994598722099995e-03,4.296376165320944795e-02,5.530157599811905689e-01,8.320607773463857271e-01,-6.461713801808742774e-01,4.355376409280910938e-02,2.843645012349442780e-01,3.988629918069650504e-01,8.260001527112378894e-02,1.208895734277808803e-01,6.994664930597378760e-02,-1.280368640642188249e-01,2.183485957420421009e-01,4.958742788270880664e-01,4.950186622528935376e-01,2.261180824504093745e-01,3.749910658305710687e-01,0.000000000000000000e+00,0.000000000000000000e+00,0.000000000000000000e+00,0.000000000000000000e+00,0.000000000000000000e+00,0.000000000000000000e+00,0.000000000000000000e+00,0.000000000000000000e+00,0.000000000000000000e+00,0.000000000000000000e+00,0.000000000000000000e+00,0.000000000000000000e+00,0.000000000000000000e+00,0.000000000000000000e+00,0.000000000000000000e+00,0.000000000000000000e+00
2.478277065169067317e+00,1.820401424084790776e+01,1.236687044846803030e+00,4.724840745080029908e-03,4.101693469404509018e-02,5.771686529539152843e-01,8.155805496672903221e-01,-5.830862005157809724e-01,-2.022075587023958176e-02,2.461558880382475611e-01,3.909382168695807458e-01,3.600682743520094292e-02,1.537521896345911132e-01,4.981417776159310570e-03,-1.302124803511374163e-01,1.509591765587005030e-01,6.455252547002505725e-01,4.981456574779088431e-01,1.874624942388295745e-01,3.261002801715238153e-01,0.000000000000000000e+00,0.000000000000000000e+00,0.000000000000000000e+00,0.000000000000000000e+00,0.000000000000000000e+00,0.000000000000000000e+00,0.000000000000000000e+00,0.000000000000000000e+00,0.000000000000000000e+00,0.000000000000000000e+00,0.000000000000000000e+00,0.000000000000000000e+00,0.000000000000000000e+00,0.000000000000000000e+00,0.000000000000000000e+00,0.000000000000000000e+00
2.477657551331145847e+00,1.824490605239632401e+01,1.249546669088289041e+00,8.921142706702937450e-04,3.173496211867011391e-02,5.968522907206906813e-01,8.017227945948135481e-01,-5.129791871044090401e-01,-4.470143389921966970e-02,2.027984948013627498e-01,3.625740584552721302e-01,-8.868937579735801380e-03,1.733683895877398407e-01,-7.701419672296483387e-02,-1.239840059518636239e-01,5.945613184653651684e-02,7.034667556952043377e-01,4.966367830211594336e-01,1.258399469753312960e-01,2.648434618064947066e-01,0.000000000000000000e+00,0.000000000000000000e+00,0.000000000000000000e+00,0.000000000000000000e+00,0.000000000000000000e+00,0.000000000000000000e+00,0.000000000000000000e+00,0.000000000000000000e+00,0.000000000000000000e+00,0.000000000000000000e+00,0.000000000000000000e+00,0.000000000000000000e+00,0.000000000000000000e+00,0.000000000000000000e+00,0.000000000000000000e+00,0.000000000000000000e+00
2.475830224446250227e+00,1.828358745995429757e+01,1.260654638578195375e+00,-4.224606357912595936e-03,2.039873402599453808e-02,6.157638780431042846e-01,7.876553122074230195e-01,-4.461306665352178791e-01,-5.702250182470835344e-02,1.580517523185752393e-01,3.386334031476504469e-01,-4.878840568378908782e-02,1.842594544010524027e-01,-1.723694305563370222e-01,-1.157369042754698846e-01,-2.555556927848556467e-02,7.152150525077948240e-01,4.730895437257174874e-01,6.817163735502596023e-02,1.932868005541058531e-01,0.000000000000000000e+00,0.000000000000000000e+00,0.000000000000000000e+00,0.000000000000000000e+00,0.000000000000000000e+00,0.000000000000000000e+00,0.000000000000000000e+00,0.000000000000000000e+00,0.000000000000000000e+00,0.000000000000000000e+00,0.000000000000000000e+00,0.000000000000000000e+00,0.000000000000000000e+00,0.000000000000000000e+00,0.000000000000000000e+00,0.000000000000000000e+00
2.474484168027348829e+00,1.832222550661619564e+01,1.266074659522371970e+00,1.812728258131274597e-03,1.234515863617280038e-02,6.392878276130596893e-01,7.688662982211428298e-01,-3.694780012044944772e-01,-9.091937546410144844e-02,1.106697282199043814e-01,3.136333433595699383e-01,-7.964893065059261423e-02,1.826286723719033889e-01,-2.714863344124480160e-01,-1.333564767009878249e-01,-1.029759941213648777e-01,7.521136178445166909e-01,3.933990905448266906e-01,4.143252284015917775e-02,1.211571102699902369e-01,0.000000000000000000e+00,0.000000000000000000e+00,0.000000000000000000e+00,0.000000000000000000e+00,0.000000000000000000e+00,0.000000000000000000e+00,0.000000000000000000e+00,0.000000000000000000e+00,0.000000000000000000e+00,0.000000000000000000e+00,0.000000000000000000e+00,0.000000000000000000e+00,0.000000000000000000e+00,0.000000000000000000e+00,0.000000000000000000e+00,0.000000000000000000e+00
2.472970127671278995e+00,1.836071955960719393e+01,1.269260683708174131e+00,6.575212502821468907e-03,8.105819736391468855e-03,6.614619603478817389e-01,7.499060856398486186e-01,-3.010764359400817658e-01,-1.231091880097991559e-01,4.954452136137611068e-02,2.919759499817405901e-01,-9.827230665966857348e-02,1.710153196917535423e-01,-3.599688273590688214e-01,-1.579072019346352829e-01,-1.688819275107594220e-01,7.422534849546007507e-01,3.129675966922593755e-01,2.348061845294746597e-02,4.919503923235718501e-02,0.000000000000000000e+00,0.000000000000000000e+00,0.000000000000000000e+00,0.000000000000000000e+00,0.000000000000000000e+00,0.000000000000000000e+00,0.000000000000000000e+00,0.000000000000000000e+00,0.000000000000000000e+00,0.000000000000000000e+00,0.000000000000000000e+00,0.000000000000000000e+00,0.000000000000000000e+00,0.000000000000000000e+00,0.000000000000000000e+00,0.000000000000000000e+00
2.471585131817763514e+00,1.839918805327467055e+01,1.269013700636569153e+00,1.578675002742237210e-02,6.790277232567337728e-03,6.855657253871847434e-01,7.278078776937071392e-01,-2.290900625994614359e-01,-1.614695260710642122e-01,-1.574663149119809313e-02,2.733543010135891516e-01,-1.187938280262192114e-01,1.570775113202482476e-01,-4.270675249154678443e-01,-1.975223797416474913e-01,-2.261532221292651412e-01,6.710309892650854202e-01,2.704403685983027272e-01,3.028543169615750819e-02,-2.653782694868214026e-02,0.000000000000000000e+00,0.000000000000000000e+00,0.000000000000000000e+00,0.000000000000000000e+00,0.000000000000000000e+00,0.000000000000000000e+00,0.000000000000000000e+00,0.000000000000000000e+00,0.000000000000000000e+00,0.000000000000000000e+00,0.000000000000000000e+00,0.000000000000000000e+00,0.000000000000000000e+00,0.000000000000000000e+00,0.000000000000000000e+00,0.000000000000000000e+00
2.470285198732518950e+00,1.843803934156192170e+01,1.266081282800033181e+00,2.264799795437062724e-02,9.353644006463541008e-03,7.077012485110157902e-01,7.060867654816983530e-01,-1.666122453178535134e-01,-1.933076781534908417e-01,-7.388108072581577035e-02,2.613595721653469983e-01,-1.495369536554356504e-01,1.527147024199573266e-01,-4.772149088601246314e-01,-2.329133953114713718e-01,-2.537207113066803355e-01,5.751410358906645648e-01,2.257210356137739349e-01,5.696860914832683337e-02,-9.259184629690798973e-02,0.000000000000000000e+00,0.000000000000000000e+00,0.000000000000000000e+00,0.000000000000000000e+00,0.000000000000000000e+00,0.000000000000000000e+00,0.000000000000000000e+00,0.000000000000000000e+00,0.000000000000000000e+00,0.000000000000000000e+00,0.000000000000000000e+00,0.000000000000000000e+00,0.000000000000000000e+00,0.000000000000000000e+00,0.000000000000000000e+00,0.000000000000000000e+00
2.469489267848405945e+00,1.847741906091240693e+01,1.261320184615482232e+00,2.971499159840352428e-02,1.065316007731661671e-02,7.265347592724603620e-01,6.864042344155373288e-01,-1.053320522447774993e-01,-2.170173587292556217e-01,-1.327138087524218912e-01,2.593816449031075555e-01,-1.765770452066364182e-01,1.468319971489903675e-01,-5.182636550300977474e-01,-2.598684606734468217e-01,-2.640516686635548393e-01,4.776551431010480075e-01,1.810957211029267655e-01,9.295006310225710500e-02,-1.560932105499985845e-01,0.000000000000000000e+00,0.000000000000000000e+00,0.000000000000000000e+00,0.000000000000000000e+00,0.000000000000000000e+00,0.000000000000000000e+00,0.000000000000000000e+00,0.000000000000000000e+00,0.000000000000000000e+00,0.000000000000000000e+00,0.000000000000000000e+00,0.000000000000000000e+00,0.000000000000000000e+00,0.000000000000000000e+00,0.000000000000000000e+00,0.000000000000000000e+00
2.469342480985721178e+00,1.851750296299251275e+01,1.255303500304435937e+00,3.570057705309728074e-02,1.084221136775221500e-02,7.432925965813355074e-01,6.679251688011980104e-01,-4.230357072686288800e-02,-2.324752112208969268e-01,-1.974736647973234227e-01,2.605725010262158192e-01,-2.140081354527750557e-01,1.463259410346003375e-01,-5.679892963289087104e-01,-2.803561972120275914e-01,-2.460913316528675066e-01,3.824597150313964189e-01,1.304429220543459889e-01,1.402241379016263001e-01,-2.227503205488221283e-01,0.000000000000000000e+00,0.000000000000000000e+00,0.000000000000000000e+00,0.000000000000000000e+00,0.000000000000000000e+00,0.000000000000000000e+00,0.000000000000000000e+00,0.000000000000000000e+00,0.000000000000000000e+00,0.000000000000000000e+00,0.000000000000000000e+00,0.000000000000000000e+00,0.000000000000000000e+00,0.000000000000000000e+00,0.000000000000000000e+00,0.000000000000000000e+00
2.470233281911596190e+00,1.855700457062100739e+01,1.249415719336254504e+00,3.848260551111997579e-02,9.681676986228179155e-03,7.546627142316714165e-01,6.549118581552000329e-01,1.690769942374706694e-02,-2.310482544718528153e-01,-2.444010246977091627e-01,2.567835377690526610e-01,-2.395247417782014887e-01,1.405963093681007470e-01,-6.160330073494166836e-01,-2.916322303857634690e-01,-2.461616763378444706e-01,2.938091806608826850e-01,8.152393344053074364e-02,1.803609037330143050e-01,-2.744243617142488878e-01,0.000000000000000000e+00,0.000000000000000000e+00,0.000000000000000000e+00,0.000000000000000000e+00,0.000000000000000000e+00,0.000000000000000000e+00,0.000000000000000000e+00,0.000000000000000000e+00,0.000000000000000000e+00,0.000000000000000000e+00,0.000000000000000000e+00,0.000000000000000000e+00,0.000000000000000000e+00,0.000000000000000000e+00,0.000000000000000000e+00,0.000000000000000000e+00
2.472466891136305911e+00,1.859599809129443670e+01,1.241638028796654858e+00,3.805849329023132388e-02,1.145456458637956511e-02,7.562510963587321111e-01,6.530732143449381466e-01,6.437301326055758222e-02,-2.303697572406743777e-01,-2.914703021592455756e-01,2.551790824730674201e-01,-2.696319677310837215e-01,1.289030463012653949e-01,-6.718295189929414102e-01,-2.928882153867312654e-01,-2.614254928078980078e-01,2.265690560558176747e-01,3.049510712544381552e-02,2.143542784306406435e-01,-3.009190556420848206e-01,0.000000000000000000e+00,0.000000000000000000e+00,0.000000000000000000e+00,0.000000000000000000e+00,0.000000000000000000e+00,0.000000000000000000e+00,0.000000000000000000e+00,0.000000000000000000e+00,0.000000000000000000e+00,0.000000000000000000e+00,0.000000000000000000e+00,0.000000000000000000e+00,0.000000000000000000e+00,0.000000000000000000e+00,0.000000000000000000e+00,0.000000000000000000e+00
2.475511567540630065e+00,1.863604089322424429e+01,1.231508386105119923e+00,3.621739891199483863e-02,1.782578204256075535e-02,7.572976773171093967e-01,6.518211176701257381e-01,1.049422149386553815e-01,-2.365265942378041442e-01,-3.537304846878866482e-01,2.554253228840379086e-01,-2.872862446791007995e-01,1.200252465839535820e-01,-7.101415856303963103e-01,-2.939338419158626925e-01,-2.659706326232303408e-01,1.931361591771143249e-01,1.410199247896835872e-02,2.308419102079124485e-01,-3.255808736491493938e-01,0.000000000000000000e+00,0.000000000000000000e+00,0.000000000000000000e+00,0.000000000000000000e+00,0.000000000000000000e+00,0.000000000000000000e+00,0.000000000000000000e+00,0.000000000000000000e+00,0.000000000000000000e+00,0.000000000000000000e+00,0.000000000000000000e+00,0.000000000000000000e+00,0.000000000000000000e+00,0.000000000000000000e+00,0.000000000000000000e+00,0.000000000000000000e+00
2.478854547697735278e+00,1.867778122770986826e+01,1.218367132587730994e+00,3.773517830591924943e-02,2.470377678425873108e-02,7.612673867174294395e-01,6.468676415243149735e-01,1.456842411067812426e-01,-2.437376798403008415e-01,-3.918972745963931192e-01,2.763621067155587752e-01,-3.070017478538539790e-01,1.167096091793522750e-01,-7.224694422981401409e-01,-2.998139734531765077e-01,-2.652261167158764255e-01,1.925464883525380422e-01,2.158743449841443729e-02,2.326749819578144141e-01,-3.498649081973215780e-01,0.000000000000000000e+00,0.000000000000000000e+00,0.000000000000000000e+00,0.000000000000000000e+00,0.000000000000000000e+00,0.000000000000000000e+00,0.000000000000000000e+00,0.000000000000000000e+00,0.000000000000000000e+00,0.000000000000000000e+00,0.000000000000000000e+00,0.000000000000000000e+00,0.000000000000000000e+00,0.000000000000000000e+00,0.000000000000000000e+00,0.000000000000000000e+00
2.482219362164075349e+00,1.872019972477480465e+01,1.204332404126076339e+00,3.966523347672985811e-02,2.641530035786323477e-02,7.692477783638922428e-01,6.371709006557475519e-01,1.854536398660604768e-01,-2.358186696920221426e-01,-4.082931569411236694e-01,3.076404759098857467e-01,-3.021951429893234287e-01,1.069177956947734154e-01,-7.056257970446062622e-01,-3.040983783649839900e-01,-2.677466740507401521e-01,2.156331542926784028e-01,4.823021068539161404e-02,2.206756673930627133e-01,-3.740189925644679114e-01,0.000000000000000000e+00,0.000000000000000000e+00,0.000000000000000000e+00,0.000000000000000000e+00,0.000000000000000000e+00,0.000000000000000000e+00,0.000000000000000000e+00,0.000000000000000000e+00,0.000000000000000000e+00,0.000000000000000000e+00,0.000000000000000000e+00,0.000000000000000000e+00,0.000000000000000000e+00,0.000000000000000000e+00,0.000000000000000000e+00,0.000000000000000000e+00
2.485702538314314314e+00,1.876197828383664756e+01,1.189130158510226076e+00,3.406927422973826669e-02,2.781553839583002924e-02,7.747814809103118483e-01,6.306974212850667838e-01,2.128166076453321121e-01,-2.245381156555065205e-01,-4.350127450683586305e-01,3.414330092578209963e-01,-2.661182659648942961e-01,9.031502425668293255e-02,-6.842224040777539207e-01,-2.879445537158840662e-01,-2.565213566591468819e-01,2.486896973819447132e-01,6.587102725433661987e-02,1.914077379244478461e-01,-3.915838495076590098e-01,0.000000000000000000e+00,0.000000000000000000e+00,0.000000000000000000e+00,0.000000000000000000e+00,0.000000000000000000e+00,0.000000000000000000e+00,0.000000000000000000e+00,0.000000000000000000e+00,0.000000000000000000e+00,0.000000000000000000e+00,0.000000000000000000e+00,0.000000000000000000e+00,0.000000000000000000e+00,0.000000000000000000e+00,0.000000000000000000e+00,0.000000000000000000e+00
2.489693420254786460e+00,1.880173284629380248e+01,1.180917104855761401e+00,1.744692344939138134e-02,2.395974749945416551e-02,7.821521558885802250e-01,6.223821498089093796e-01,2.332482362372474971e-01,-1.895941715441654407e-01,-4.717990918427136249e-01,3.598640962893222550e-01,-1.401174208589986425e-01,3.433973806884137864e-02,-6.640272435944638563e-01,-2.533404826957921241e-01,-2.713690050940112952e-01,2.878290917692822859e-01,8.701975496497807439e-02,1.470150393744310557e-01,-4.092013734416831694e-01,0.000000000000000000e+00,0.000000000000000000e+00,0.000000000000000000e+00,0.000000000000000000e+00,0.000000000000000000e+00,0.000000000000000000e+00,0.000000000000000000e+00,0.000000000000000000e+00,0.000000000000000000e+00,0.000000000000000000e+00,0.000000000000000000e+00,0.000000000000000000e+00,0.000000000000000000e+00,0.000000000000000000e+00,0.000000000000000000e+00,0.000000000000000000e+00
2.493962604016321638e+00,1.883939661013369005e+01,1.174957641562000221e+00,-2.497059337583143988e-03,1.674853366802785126e-02,7.857291465481044401e-01,6.183388711535310334e-01,2.303722423240222028e-01,-1.375135679705131175e-01,-4.783441051249794906e-01,3.749304513610157708e-01,2.552324190016189154e-02,-2.862770550666569533e-02,-6.557071766511319844e-01,-2.111246147654946559e-01,-2.926774832652369041e-01,3.353174857798690289e-01,9.141168090561220538e-02,9.705620903705186597e-02,-4.041606975599817408e-01,0.000000000000000000e+00,0.000000000000000000e+00,0.000000000000000000e+00,0.000000000000000000e+00,0.000000000000000000e+00,0.000000000000000000e+00,0.000000000000000000e+00,0.000000000000000000e+00,0.000000000000000000e+00,0.000000000000000000e+00,0.000000000000000000e+00,0.000000000000000000e+00,0.000000000000000000e+00,0.000000000000000000e+00,0.000000000000000000e+00,0.000000000000000000e+00
2.498013079806927106e+00,1.887527697537394289e+01,1.171420438258576002e+00,-2.410487364696285717e-02,4.949830539387323550e-03,7.830137134425019241e-01,6.215174806914758321e-01,2.024050175512251415e-01,-8.308779400230144330e-02,-4.544625168199948329e-01,4.087961372590381837e-01,2.334293592052986699e-01,-1.017000672517065357e-01,-6.545684183852851223e-01,-1.583490545609861355e-01,-3.166649210158865579e-01,3.869762174048296255e-01,6.728629529253249419e-02,3.797083180445906536e-02,-3.836633399987871007e-01,0.000000000000000000e+00,0.000000000000000000e+00,0.000000000000000000e+00,0.000000000000000000e+00,0.000000000000000000e+00,0.000000000000000000e+00,0.000000000000000000e+00,0.000000000000000000e+00,0.000000000000000000e+00,0.000000000000000000e+00,0.000000000000000000e+00,0.000000000000000000e+00,0.000000000000000000e+00,0.000000000000000000e+00,0.000000000000000000e+00,0.000000000000000000e+00
2.501791454943250059e+00,1.891216588930894460e+01,1.173602427035126849e+00,-3.074000878456603983e-02,-7.566741560218982407e-04,7.741553117703057207e-01,6.322483946693473467e-01,1.601389705482934300e-01,-6.226099749585094212e-02,-4.125609196190224148e-01,4.648705921513228700e-01,4.047645876577539159e-01,-1.475764373736223045e-01,-6.379027680915635434e-01,-1.190807134170303178e-01,-3.054710675164390987e-01,4.204356655234106066e-01,3.906227093016918783e-02,-1.272562998826700861e-02,-3.401736867062455927e-01,0.000000000000000000e+00,0.000000000000000000e+00,0.000000000000000000e+00,0.000000000000000000e+00,0.000000000000000000e+00,0.000000000000000000e+00,0.000000000000000000e+00,0.000000000000000000e+00,0.000000000000000000e+00,0.000000000000000000e+00,0.000000000000000000e+00,0.000000000000000000e+00,0.000000000000000000e+00,0.000000000000000000e+00,0.000000000000000000e+00,0.000000000000000000e+00
2.505680266077062956e+00,1.895052636914595467e+01,1.181691886353863685e+00,-2.427862663720747535e-02,1.386055699474629879e-03,7.605998040585092435e-01,6.487654161593119362e-01,9.440076198718488909e-02,-6.596781564628445560e-02,-3.332883345017181309e-01,5.381404703727057370e-01,4.866726732392925303e-01,-1.371245798873197697e-01,-5.975623512866495846e-01,-9.641568867493580108e-02,-2.711118637046695534e-01,4.288268682803951792e-01,1.687317243309038872e-02,-3.789459285897978091e-02,-2.867141699304155411e-01,0.000000000000000000e+00,0.000000000000000000e+00,0.000000000000000000e+00,0.000000000000000000e+00,0.000000000000000000e+00,0.000000000000000000e+00,0.000000000000000000e+00,0.000000000000000000e+00,0.000000000000000000e+00,0.000000000000000000e+00,0.000000000000000000e+00,0.000000000000000000e+00,0.000000000000000000e+00,0.000000000000000000e+00,0.000000000000000000e+00,0.000000000000000000e+00
2.510358729339801087e+00,1.898874276405917527e+01,1.191097772698849200e+00,-1.406306179568743431e-02,6.507347449985436197e-03,7.463471712026766847e-01,6.653764233573784548e-01,7.149385609771649261e-03,-6.328032082784446066e-02,-2.283000370934554768e-01,6.241272865726354979e-01,4.935537398684374244e-01,-9.477820703446190875e-02,-5.380594865139427529e-01,-7.800423223596461564e-02,-2.318740486588193317e-01,4.137290072768289306e-01,-3.743511421818015994e-03,-5.037028008814400243e-02,-2.286314016617549960e-01,0.000000000000000000e+00,0.000000000000000000e+00,0.000000000000000000e+00,0.000000000000000000e+00,0.000000000000000000e+00,0.000000000000000000e+00,0.000000000000000000e+00,0.000000000000000000e+00,0.000000000000000000e+00,0.000000000000000000e+00,0.000000000000000000e+00,0.000000000000000000e+00,0.000000000000000000e+00,0.000000000000000000e+00,0.000000000000000000e+00,0.000000000000000000e+00
2.515317716844287066e+00,1.902608777964679021e+01,1.201255998992839080e+00,-2.180739219499995551e-03,1.282943537151904137e-02,7.297548812521635897e-01,6.835850080664027661e-01,-9.730569445103028070e-02,-5.810411276623209803e-02,-1.196297997122601209e-01,6.910301950407068405e-01,4.571879509935814490e-01,-3.286506876829239227e-02,-4.689080707758160882e-01,-6.613182841340560503e-02,-1.805068650548450615e-01,3.823723380191789700e-01,-1.801632716262470402e-02,-4.800980095886802496e-02,-1.624516600710201042e-01,0.000000000000000000e+00,0.000000000000000000e+00,0.000000000000000000e+00,0.000000000000000000e+00,0.000000000000000000e+00,0.000000000000000000e+00,0.000000000000000000e+00,0.000000000000000000e+00,0.000000000000000000e+00,0.000000000000000000e+00,0.000000000000000000e+00,0.000000000000000000e+00,0.000000000000000000e+00,0.000000000000000000e+00,0.000000000000000000e+00,0.000000000000000000e+00
2.520288422084481894e+00,1.906257887634446746e+01,1.208483643236868854e+00,8.325399930450958288e-03,1.465646612721545339e-02,7.119285241282731214e-01,7.020496081112769238e-01,-2.063839146623236143e-01,-4.016041589762558289e-02,-2.138307630957489436e-02,7.406485741549784230e-01,3.786723294712904253e-01,2.686218064266240879e-02,-3.962964101984238763e-01,-5.512005440740903872e-02,-1.359743590184809559e-01,3.484721355701431156e-01,-2.064960995277047295e-02,-3.485316540985392009e-02,-9.666027627718581927e-02,0.000000000000000000e+00,0.000000000000000000e+00,0.000000000000000000e+00,0.000000000000000000e+00,0.000000000000000000e+00,0.000000000000000000e+00,0.000000000000000000e+00,0.000000000000000000e+00,0.000000000000000000e+00,0.000000000000000000e+00,0.000000000000000000e+00,0.000000000000000000e+00,0.000000000000000000e+00,0.000000000000000000e+00,0.000000000000000000e+00,0.000000000000000000e+00
2.525144635383875347e+00,1.909841147001910144e+01,1.213819574027512616e+00,1.774118892044056553e-02,1.563587496248167522e-02,6.929681855271903057e-01,7.205802269539456351e-01,-3.096169820648126403e-01,-2.527284098317837333e-02,4.464844474881839859e-02,7.533856126591236269e-01,2.934205036460015847e-01,6.416964206308321816e-02,-3.273690372808682469e-01,-4.737390341307259889e-02,-9.644353814178800721e-02,3.100013775021880358e-01,-1.542186809210593923e-02,-1.694356448982461613e-02,-2.851747276179618373e-02,0.000000000000000000e+00,0.000000000000000000e+00,0.000000000000000000e+00,0.000000000000000000e+00,0.000000000000000000e+00,0.000000000000000000e+00,0.000000000000000000e+00,0.000000000000000000e+00,0.000000000000000000e+00,0.000000000000000000e+00,0.000000000000000000e+00,0.000000000000000000e+00,0.000000000000000000e+00,0.000000000000000000e+00,0.000000000000000000e+00,0.000000000000000000e+00
2.529838364746996859e+00,1.913421967555444780e+01,1.216946488728676945e+00,2.537959948261904464e-02,1.176136998867936823e-02,6.696366478840239944e-01,7.421619135449744054e-01,-4.025740204949738166e-01,-3.480057643543352230e-03,9.734901817310878669e-02,7.026395144922663594e-01,1.976542486947055755e-01,7.655172940142951354e-02,-2.617537622243904516e-01,-3.768096613968691111e-02,-6.272697656422636381e-02,2.754583263674488247e-01,-9.123322176665921157e-03,1.027026729821717971e-02,4.158092566541989055e-02,0.000000000000000000e+00,0.000000000000000000e+00,0.000000000000000000e+00,0.000000000000000000e+00,0.000000000000000000e+00,0.000000000000000000e+00,0.000000000000000000e+00,0.000000000000000000e+00,0.000000000000000000e+00,0.000000000000000000e+00,0.000000000000000000e+00,0.000000000000000000e+00,0.000000000000000000e+00,0.000000000000000000e+00,0.000000000000000000e+00,0.000000000000000000e+00
2.534147170846334340e+00,1.917036289088081702e+01,1.216824322077167952e+00,2.187912305841063082e-02,6.264966167135509710e-03,6.412111920198365622e-01,7.670268974433811504e-01,-4.650107217289326522e-01,3.566490341867865899e-02,1.399037061369357571e-01,6.020052644621542992e-01,1.419356646467447303e-01,6.254171628029188412e-02,-2.019334986644784891e-01,-1.251367961804918626e-02,-1.902915909036907716e-02,2.326575519538324477e-01,-1.422549837661710170e-02,3.896612841775265457e-02,1.097889090934614925e-01,0.000000000000000000e+00,0.000000000000000000e+00,0.000000000000000000e+00,0.000000000000000000e+00,0.000000000000000000e+00,0.000000000000000000e+00,0.000000000000000000e+00,0.000000000000000000e+00,0.000000000000000000e+00,0.000000000000000000e+00,0.000000000000000000e+00,0.000000000000000000e+00,0.000000000000000000e+00,0.000000000000000000e+00,0.000000000000000000e+00,0.000000000000000000e+00
2.538657175334549265e+00,1.920732084737227297e+01,1.213216671489091736e+00,1.291643656798846518e-02,-2.904888096055586663e-03,6.116859731176822468e-01,7.909898846272357398e-01,-5.183501408001511823e-01,8.266860611192175523e-02,1.752056455536171731e-01,4.823689525196785954e-01,1.011668272857196710e-01,4.364116997844548484e-02,-1.477133775630794510e-01,2.106124140470361575e-02,4.009678778289659656e-02,2.097408945173134531e-01,-2.990225121433726096e-02,6.111386668762734675e-02,1.764175276297851869e-01,0.000000000000000000e+00,0.000000000000000000e+00,0.000000000000000000e+00,0.000000000000000000e+00,0.000000000000000000e+00,0.000000000000000000e+00,0.000000000000000000e+00,0.000000000000000000e+00,0.000000000000000000e+00,0.000000000000000000e+00,0.000000000000000000e+00,0.000000000000000000e+00,0.000000000000000000e+00,0.000000000000000000e+00,0.000000000000000000e+00,0.000000000000000000e+00
2.543859722270642720e+00,1.924455122471828972e+01,1.207400500230729978e+00,3.853710531779705115e-03,-1.042683925692177403e-02,5.885042405215780148e-01,8.084177068980904490e-01,-5.656078365895513826e-01,1.281008843680129516e-01,2.084733686582654899e-01,3.562210672190098681e-01,5.625181719020341115e-02,5.248466835641892730e-03,-9.707680819288663776e-02,4.562571146572506897e-02,8.856745128924810306e-02,1.950660011154782825e-01,-5.771515573480281991e-02,6.397148700500895901e-02,2.268594260808444729e-01,0.000000000000000000e+00,0.000000000000000000e+00,0.000000000000000000e+00,0.000000000000000000e+00,0.000000000000000000e+00,0.000000000000000000e+00,0.000000000000000000e+00,0.000000000000000000e+00,0.000000000000000000e+00,0.000000000000000000e+00,0.000000000000000000e+00,0.000000000000000000e+00,0.000000000000000000e+00,0.000000000000000000e+00,0.000000000000000000e+00,0.000000000000000000e+00
2.549794769244494219e+00,1.928136870793023050e+01,1.202355559569789900e+00,3.967195859334634450e-04,-1.349743178425235994e-02,5.697529994423246036e-01,8.217050453631600249e-01,-6.175762815782082082e-01,1.637648862361844038e-01,2.315456529344347147e-01,2.720702499796834317e-01,2.190273724999086680e-02,-2.835756855040530433e-02,-5.287280471653778291e-02,5.296009570854270931e-02,1.344996994762449050e-01,1.909700106894388627e-01,-8.600350628590197610e-02,6.015572867690296976e-02,2.697800128920023188e-01,0.000000000000000000e+00,0.000000000000000000e+00,0.000000000000000000e+00,0.000000000000000000e+00,0.000000000000000000e+00,0.000000000000000000e+00,0.000000000000000000e+00,0.000000000000000000e+00,0.000000000000000000e+00,0.000000000000000000e+00,0.000000000000000000e+00,0.000000000000000000e+00,0.000000000000000000e+00,0.000000000000000000e+00,0.000000000000000000e+00,0.000000000000000000e+00
2.556154498889855908e+00,1.931794381128018756e+01,1.196882821432989186e+00,-3.465456606952205948e-03,-1.181537251447948612e-02,5.558967690836646991e-01,8.311601348147004131e-01,-6.658165494223120540e-01,1.830013352062913601e-01,2.498237929295715753e-01,2.008288396803402098e-01,-5.262125537838377443e-03,-5.260099679618421287e-02,-2.022372073019363878e-02,5.113783724924141072e-02,1.710726962560905617e-01,1.894655309559493683e-01,-1.116900486777146484e-01,5.959435569905476016e-02,2.974540189340202367e-01,0.000000000000000000e+00,0.000000000000000000e+00,0.000000000000000000e+00,0.000000000000000000e+00,0.000000000000000000e+00,0.000000000000000000e+00,0.000000000000000000e+00,0.000000000000000000e+00,0.000000000000000000e+00,0.000000000000000000e+00,0.000000000000000000e+00,0.000000000000000000e+00,0.000000000000000000e+00,0.000000000000000000e+00,0.000000000000000000e+00,0.000000000000000000e+00
2.562976638082882452e+00,1.935504364325293380e+01,1.190705458741072142e+00,-7.916709165626980085e-03,-9.484961490260188435e-03,5.419829431172072942e-01,8.402986674936026024e-01,-6.930365302434817742e-01,1.970688915824397314e-01,2.575795297242562398e-01,1.616292348079612917e-01,-1.223755300589703110e-02,-6.307765206012513892e-02,9.112160604248915885e-03,4.513364545626337432e-02,1.828952835309402281e-01,1.940164284471692369e-01,-1.300954977546444069e-01,5.479728944736153573e-02,3.243092759563995786e-01,0.000000000000000000e+00,0.000000000000000000e+00,0.000000000000000000e+00,0.000000000000000000e+00,0.000000000000000000e+00,0.000000000000000000e+00,0.000000000000000000e+00,0.000000000000000000e+00,0.000000000000000000e+00,0.000000000000000000e+00,0.000000000000000000e+00,0.000000000000000000e+00,0.000000000000000000e+00,0.000000000000000000e+00,0.000000000000000000e+00,0.000000000000000000e+00
2.569795440876346149e+00,1.939370112001265767e+01,1.182221159194682292e+00,-1.481731115413161513e-02,-9.966176364798851051e-03,5.283190435243748651e-01,8.488581217543457180e-01,-7.001238596969932004e-01,2.172749759188882523e-01,2.754755933699590265e-01,1.707457869677826978e-01,-2.010561663306424662e-03,-6.222159017417738802e-02,4.055064845062550383e-02,4.635064738389284289e-02,2.079670985265765215e-01,2.043118691722649871e-01,-1.397770644127117878e-01,5.816752938130254069e-02,3.504930418634215616e-01,0.000000000000000000e+00,0.000000000000000000e+00,0.000000000000000000e+00,0.000000000000000000e+00,0.000000000000000000e+00,0.000000000000000000e+00,0.000000000000000000e+00,0.000000000000000000e+00,0.000000000000000000e+00,0.000000000000000000e+00,0.000000000000000000e+00,0.000000000000000000e+00,0.000000000000000000e+00,0.000000000000000000e+00,0.000000000000000000e+00,0.000000000000000000e+00
2.576631406549503289e+00,1.943352636120625831e+01,1.172714587993030522e+00,-1.697536042720678220e-02,-1.379889265148173325e-02,5.158128696928131474e-01,8.564219235629263460e-01,-6.900122457676317600e-01,2.358904281221401722e-01,2.832627721825368705e-01,2.169955045097972102e-01,3.353991917961100799e-02,-4.855933036527666086e-02,7.640893622923029815e-02,4.182034663219020426e-02,2.311810533544832735e-01,2.317254937174924034e-01,-1.280471629430524616e-01,6.538112477919229282e-02,3.753042640832318089e-01,0.000000000000000000e+00,0.000000000000000000e+00,0.000000000000000000e+00,0.000000000000000000e+00,0.000000000000000000e+00,0.000000000000000000e+00,0.000000000000000000e+00,0.000000000000000000e+00,0.000000000000000000e+00,0.000000000000000000e+00,0.000000000000000000e+00,0.000000000000000000e+00,0.000000000000000000e+00,0.000000000000000000e+00,0.000000000000000000e+00,0.000000000000000000e+00
2.583070075361495910e+00,1.947290930031552847e+01,1.164056540615141966e+00,-1.558202572065639155e-02,-8.799454502801127079e-03,5.084355599721639418e-01,8.609140790059623960e-01,-6.711597911913755876e-01,2.218859141016730485e-01,2.878195916323944004e-01,2.617627547616397377e-01,6.688112968390792779e-02,-2.196831975856487068e-02,1.001285422839264805e-01,2.128785832396101058e-02,2.604879120440720675e-01,2.586144254128229791e-01,-7.218428957868668061e-02,9.152111694544302900e-02,3.885855086206726483e-01,0.000000000000000000e+00,0.000000000000000000e+00,0.000000000000000000e+00,0.000000000000000000e+00,0.000000000000000000e+00,0.000000000000000000e+00,0.000000000000000000e+00,0.000000000000000000e+00,0.000000000000000000e+00,0.000000000000000000e+00,0.000000000000000000e+00,0.000000000000000000e+00,0.000000000000000000e+00,0.000000000000000000e+00,0.000000000000000000e+00,0.000000000000000000e+00
2.588758056942802366e+00,1.951050737810648172e+01,1.155986174785513132e+00,-6.848851915909406896e-03,4.885537756128302891e-03,5.057791304721884762e-01,8.626219890120264688e-01,-6.636938213322596258e-01,1.765057358563591472e-01,3.017772830534625750e-01,3.137456316306334592e-01,8.879777297557438220e-02,1.762625490639725678e-02,1.122145817038079918e-01,-2.533006108320549898e-02,2.797245964412852226e-01,2.882191783008126174e-01,5.786457557547493996e-02,1.422067844466392006e-01,3.971258217570700078e-01,0.000000000000000000e+00,0.000000000000000000e+00,0.000000000000000000e+00,0.000000000000000000e+00,0.000000000000000000e+00,0.000000000000000000e+00,0.000000000000000000e+00,0.000000000000000000e+00,0.000000000000000000e+00,0.000000000000000000e+00,0.000000000000000000e+00,0.000000000000000000e+00,0.000000000000000000e+00,0.000000000000000000e+00,0.000000000000000000e+00,0.000000000000000000e+00
2.594065131311000805e+00,1.954640967603085500e+01,1.150468589535667885e+00,-1.249408667469134246e-04,2.408295676295385893e-02,5.090599341344792528e-01,8.603940835700426559e-01,-6.642662582972981289e-01,1.218215825553651960e-01,3.144826078880923470e-01,3.638568422623369436e-01,9.882391049323771548e-02,5.906572250531245960e-02,1.068651932773496960e-01,-8.582429980833845840e-02,2.647391733184288332e-01,3.301793634104969177e-01,2.461616224466438574e-01,1.889005836628105950e-01,3.988593800286467927e-01,0.000000000000000000e+00,0.000000000000000000e+00,0.000000000000000000e+00,0.000000000000000000e+00,0.000000000000000000e+00,0.000000000000000000e+00,0.000000000000000000e+00,0.000000000000000000e+00,0.000000000000000000e+00,0.000000000000000000e+00,0.000000000000000000e+00,0.000000000000000000e+00,0.000000000000000000e+00,0.000000000000000000e+00,0.000000000000000000e+00,0.000000000000000000e+00
2.598566450653245763e+00,1.958231493367680187e+01,1.153955557898904694e+00,1.234327759905228493e-03,3.817337997459051280e-02,5.203417431047312469e-01,8.531035927008082664e-01,-6.503563205895807053e-01,6.640798983459084148e-02,3.101913955399720479e-01,3.856990204994994453e-01,9.122843011649739431e-02,9.852131570161183627e-02,9.497854012594883488e-02,-1.173690928197314576e-01,2.483517652465763725e-01,3.865629541340169784e-01,4.533366368746083452e-01,2.403585409618702595e-01,3.844350217659879831e-01,0.000000000000000000e+00,0.000000000000000000e+00,0.000000000000000000e+00,0.000000000000000000e+00,0.000000000000000000e+00,0.000000000000000000e+00,0.000000000000000000e+00,0.000000000000000000e+00,0.000000000000000000e+00,0.000000000000000000e+00,0.000000000000000000e+00,0.000000000000000000e+00,0.000000000000000000e+00,0.000000000000000000e+00,0.000000000000000000e+00,0.000000000000000000e+00
2.602099793388128024e+00,1.962214156555370437e+01,1.160463257343587351e+00,1.230734302046977702e-02,5.159456933999164580e-02,5.290448034010912792e-01,8.469345463001836105e-01,-5.889965275594631899e-01,-8.903299513449475580e-03,3.302465561684894135e-01,3.442210378811014770e-01,7.717711705418639490e-02,1.442390058571487998e-01,1.611480683027164892e-02,-1.499763859609831163e-01,2.380236825956554003e-01,5.772276941704419517e-01,4.998873349927014376e-01,2.556942458842603738e-01,3.576930041808928373e-01,0.000000000000000000e+00,0.000000000000000000e+00,0.000000000000000000e+00,0.000000000000000000e+00,0.000000000000000000e+00,0.000000000000000000e+00,0.000000000000000000e+00,0.000000000000000000e+00,0.000000000000000000e+00,0.000000000000000000e+00,0.000000000000000000e+00,0.000000000000000000e+00,0.000000000000000000e+00,0.000000000000000000e+00,0.000000000000000000e+00,0.000000000000000000e+00
2.604797848984007569e+00,1.966273321184152678e+01,1.169988110021700445e+00,1.351503155766961908e-02,4.454336169736018008e-02,5.572584155098170289e-01,8.290333474560485083e-01,-5.246400719437663840e-01,-5.838345854322823242e-02,2.759105786681851358e-01,3.274542182309071459e-01,3.487251325744888941e-02,1.715784830322423238e-01,-5.028764094720344913e-02,-1.429180331730965370e-01,1.501651908198453067e-01,6.902205498231603897e-01,4.999375670807294503e-01,2.001115590863147276e-01,2.959914568266209245e-01,0.000000000000000000e+00,0.000000000000000000e+00,0.000000000000000000e+00,0.000000000000000000e+00,0.000000000000000000e+00,0.000000000000000000e+00,0.000000000000000000e+00,0.000000000000000000e+00,0.000000000000000000e+00,0.000000000000000000e+00,0.000000000000000000e+00,0.000000000000000000e+00,0.000000000000000000e+00,0.000000000000000000e+00,0.000000000000000000e+00,0.000000000000000000e+00
2.605073262782934496e+00,1.970234843983719486e+01,1.181368185875549814e+00,1.987512146542536225e-03,2.624427736865410019e-02,5.886358091483949728e-01,8.079697840198474257e-01,-4.794593588548286545e-01,-6.443030316938046231e-02,1.943908081835304946e-01,3.557556859864533516e-01,-3.294722417764148203e-02,1.866285275676283495e-01,-1.135869100490849715e-01,-1.130143018027971319e-01,4.348416825815734632e-02,7.100167879953858119e-01,4.961673993774423641e-01,1.321095285120625629e-01,2.144246296732113533e-01,0.000000000000000000e+00,0.000000000000000000e+00,0.000000000000000000e+00,0.000000000000000000e+00,0.000000000000000000e+00,0.000000000000000000e+00,0.000000000000000000e+00,0.000000000000000000e+00,0.000000000000000000e+00,0.000000000000000000e+00,0.000000000000000000e+00,0.000000000000000000e+00,0.000000000000000000e+00,0.000000000000000000e+00,0.000000000000000000e+00,0.000000000000000000e+00
2.603827630498311674e+00,1.973939603367200490e+01,1.190701724069727963e+00,-3.448606601174022783e-03,1.632035115212092727e-02,6.084401754584157773e-01,7.934244174078042278e-01,-4.159099978648313489e-01,-7.807455586999992314e-02,1.493408318801707213e-01,3.333717876284032489e-01,-7.633578627629261648e-02,1.934372775476439210e-01,-2.102924830570110926e-01,-1.097831855186469779e-01,-3.488327209430933107e-02,7.181335392542365081e-01,4.534076248612892712e-01,8.111331249450438874e-02,1.415438757906687939e-01,0.000000000000000000e+00,0.000000000000000000e+00,0.000000000000000000e+00,0.000000000000000000e+00,0.000000000000000000e+00,0.000000000000000000e+00,0.000000000000000000e+00,0.000000000000000000e+00,0.000000000000000000e+00,0.000000000000000000e+00,0.000000000000000000e+00,0.000000000000000000e+00,0.000000000000000000e+00,0.000000000000000000e+00,0.000000000000000000e+00,0.000000000000000000e+00
2.602998099044126601e+00,1.977670785579686097e+01,1.195216134949977471e+00,1.001422829774917256e-03,8.545186746209899181e-03,6.349282683691903628e-01,7.725231847404258056e-01,-3.403707617626340887e-01,-1.099090963340627336e-01,9.529777856888099752e-02,3.035383887007226944e-01,-1.043775465688288190e-01,1.869902226158531300e-01,-3.144966838767480066e-01,-1.267539947258624622e-01,-1.112793486255728159e-01,7.563769009346675842e-01,3.690512997966661768e-01,5.148436513560750855e-02,6.470090287309739063e-02,0.000000000000000000e+00,0.000000000000000000e+00,0.000000000000000000e+00,0.000000000000000000e+00,0.000000000000000000e+00,0.000000000000000000e+00,0.000000000000000000e+00,0.000000000000000000e+00,0.000000000000000000e+00,0.000000000000000000e+00,0.000000000000000000e+00,0.000000000000000000e+00,0.000000000000000000e+00,0.000000000000000000e+00,0.000000000000000000e+00,0.000000000000000000e+00
2.602103135417858315e+00,1.981411766118353768e+01,1.196691000000265737e+00,6.304675800360060381e-03,6.981514127458208346e-03,6.586221305297599304e-01,7.524150441744106299e-01,-2.733863357447229858e-01,-1.471859800125699669e-01,2.919564555795017835e-02,2.785097427056628661e-01,-1.277873345400206695e-01,1.757171961048351883e-01,-3.991000613856525159e-01,-1.618451782302281761e-01,-1.690415730837120378e-01,7.238655162572393831e-01,2.995119076065088648e-01,4.146800800729066178e-02,-9.859968829866488232e-03,0.000000000000000000e+00,0.000000000000000000e+00,0.000000000000000000e+00,0.000000000000000000e+00,0.000000000000000000e+00,0.000000000000000000e+00,0.000000000000000000e+00,0.000000000000000000e+00,0.000000000000000000e+00,0.000000000000000000e+00,0.000000000000000000e+00,0.000000000000000000e+00,0.000000000000000000e+00,0.000000000000000000e+00,0.000000000000000000e+00,0.000000000000000000e+00
2.601116301117838425e+00,1.985129172156299404e+01,1.194971867577887537e+00,1.461620685257304479e-02,6.313451756135454035e-03,6.815200976008896072e-01,7.316261773544192604e-01,-2.062913606777236897e-01,-1.818016865262878645e-01,-2.852870672578514122e-02,2.637025495308293888e-01,-1.557817841115423652e-01,1.689963543631939624e-01,-4.632394156391834161e-01,-1.960775707672627044e-01,-2.066404770979223537e-01,6.578206516323629183e-01,2.453941314208902824e-01,4.794644012046662268e-02,-7.909281884582276823e-02,0.000000000000000000e+00,0.000000000000000000e+00,0.000000000000000000e+00,0.000000000000000000e+00,0.000000000000000000e+00,0.000000000000000000e+00,0.000000000000000000e+00,0.000000000000000000e+00,0.000000000000000000e+00,0.000000000000000000e+00,0.000000000000000000e+00,0.000000000000000000e+00,0.000000000000000000e+00,0.000000000000000000e+00,0.000000000000000000e+00,0.000000000000000000e+00
2.600537648109046973e+00,1.988922476092888658e+01,1.191544362968256499e+00,2.039955235373535833e-02,9.567670331318372384e-03,7.024999921010337545e-01,7.113269846183584155e-01,-1.472221191471425050e-01,-2.117589003842158812e-01,-9.026760175110887241e-02,2.513209102403476947e-01,-1.799550471332326818e-01,1.617054929146974351e-01,-5.094637483267788758e-01,-2.222508326957283453e-01,-2.198221499978385285e-01,5.627170433207471234e-01,2.013655348151229818e-01,7.394576615080901416e-02,-1.471839998676434946e-01,0.000000000000000000e+00,0.000000000000000000e+00,0.000000000000000000e+00,0.000000000000000000e+00,0.000000000000000000e+00,0.000000000000000000e+00,0.000000000000000000e+00,0.000000000000000000e+00,0.000000000000000000e+00,0.000000000000000000e+00,0.000000000000000000e+00,0.000000000000000000e+00,0.000000000000000000e+00,0.000000000000000000e+00,0.000000000000000000e+00,0.000000000000000000e+00
2.600503068957602526e+00,1.992797306227612708e+01,1.186343472478849970e+00,2.779794151510565220e-02,1.072675355890073505e-02,7.222386561255196291e-01,6.910018341535814068e-01,-8.264748999873863800e-02,-2.357059102517949922e-01,-1.581836289356156611e-01,2.449154828544463092e-01,-2.025626659219914860e-01,1.576996395897760916e-01,-5.486531200286708376e-01,-2.459845882293678621e-01,-2.216047083828633357e-01,4.623147632393068140e-01,1.585941175880890008e-01,1.111122046237462552e-01,-2.086290431973778225e-01,0.000000000000000000e+00,0.000000000000000000e+00,0.000000000000000000e+00,0.000000000000000000e+00,0.000000000000000000e+00,0.000000000000000000e+00,0.000000000000000000e+00,0.000000000000000000e+00,0.000000000000000000e+00,0.000000000000000000e+00,0.000000000000000000e+00,0.000000000000000000e+00,0.000000000000000000e+00,0.000000000000000000e+00,0.000000000000000000e+00,0.000000000000000000e+00
2.601342721317402074e+00,1.996715672267295005e+01,1.180037325572110385e+00,3.413684423583508709e-02,1.144748481822221650e-02,7.385128830470606420e-01,6.732773221566832333e-01,-1.606569047607867701e-02,-2.486783502661800427e-01,-2.214733530392114513e-01,2.369270993982506013e-01,-2.322294755109737263e-01,1.527727168159919713e-01,-5.908486092394494849e-01,-2.630292270074630068e-01,-2.143491952047316129e-01,3.655933950205084715e-01,1.054401260857333877e-01,1.560169789948462893e-01,-2.672840485376235531e-01,0.000000000000000000e+00,0.000000000000000000e+00,0.000000000000000000e+00,0.000000000000000000e+00,0.000000000000000000e+00,0.000000000000000000e+00,0.000000000000000000e+00,0.000000000000000000e+00,0.000000000000000000e+00,0.000000000000000000e+00,0.000000000000000000e+00,0.000000000000000000e+00,0.000000000000000000e+00,0.000000000000000000e+00,0.000000000000000000e+00,0.000000000000000000e+00
2.603114332968443634e+00,2.000593233381986380e+01,1.173307304409565655e+00,3.695412262370881273e-02,1.223333565732826964e-02,7.491509312313079372e-01,6.612545807441126966e-01,3.965103750572390034e-02,-2.502069539551688426e-01,-2.694452720855103900e-01,2.354429692248461992e-01,-2.614425720547722265e-01,1.489294361209917705e-01,-6.366831204867160476e-01,-2.658481017371912003e-01,-2.086146985686531119e-01,2.702803812660142246e-01,5.805291526678441755e-02,1.978893166700094464e-01,-3.160581586816215149e-01,0.000000000000000000e+00,0.000000000000000000e+00,0.000000000000000000e+00,0.000000000000000000e+00,0.000000000000000000e+00,0.000000000000000000e+00,0.000000000000000000e+00,0.000000000000000000e+00,0.000000000000000000e+00,0.000000000000000000e+00,0.000000000000000000e+00,0.000000000000000000e+00,0.000000000000000000e+00,0.000000000000000000e+00,0.000000000000000000e+00,0.000000000000000000e+00
2.606322373429720063e+00,2.004433190061531889e+01,1.165485757543467615e+00,3.620108906410034189e-02,1.524708116571375262e-02,7.525950128767358027e-01,6.573110026916985094e-01,8.261816849681030694e-02,-2.479861339464300707e-01,-3.148490596812575371e-01,2.335690165496040194e-01,-2.828812542134095387e-01,1.327141175527354333e-01,-6.855892767287916634e-01,-2.603203688531127713e-01,-2.257998518337944460e-01,2.094420459535150936e-01,1.848656107749219180e-02,2.251913132152901509e-01,-3.412698696851005353e-01,0.000000000000000000e+00,0.000000000000000000e+00,0.000000000000000000e+00,0.000000000000000000e+00,0.000000000000000000e+00,0.000000000000000000e+00,0.000000000000000000e+00,0.000000000000000000e+00,0.000000000000000000e+00,0.000000000000000000e+00,0.000000000000000000e+00,0.000000000000000000e+00,0.000000000000000000e+00,0.000000000000000000e+00,0.000000000000000000e+00,0.000000000000000000e+00
2.610136673805688368e+00,2.008418000285847782e+01,1.154440057059670011e+00,3.286560674841505075e-02,2.447705238958437085e-02,7.529626378435760881e-01,6.567861081136082690e-01,1.138783208020867771e-01,-2.563416959052750577e-01,-3.650755687247568271e-01,2.433702733491468484e-01,-3.093532972092166711e-01,1.286543535920977588e-01,-7.182046938897409527e-01,-2.610845511028134780e-01,-2.283654122508655959e-01,1.858925265063384735e-01,1.690549009801256553e-03,2.386000792127568326e-01,-3.579691080090700028e-01,0.000000000000000000e+00,0.000000000000000000e+00,0.000000000000000000e+00,0.000000000000000000e+00,0.000000000000000000e+00,0.000000000000000000e+00,0.000000000000000000e+00,0.000000000000000000e+00,0.000000000000000000e+00,0.000000000000000000e+00,0.000000000000000000e+00,0.000000000000000000e+00,0.000000000000000000e+00,0.000000000000000000e+00,0.000000000000000000e+00,0.000000000000000000e+00
2.614474437476247193e+00,2.012561985625692174e+01,1.141392413223834001e+00,3.498061201705292278e-02,3.080710541177305098e-02,7.594163308104261434e-01,6.489330593655177060e-01,1.571740691072247564e-01,-2.617282203768814819e-01,-4.127290027050594667e-01,2.628616503558553474e-01,-3.206816463905733938e-01,1.245133032867458273e-01,-7.218417142316101431e-01,-2.671058765409972668e-01,-2.219571896378110254e-01,1.939416380878638269e-01,1.763607396885889800e-02,2.348778402419085531e-01,-3.812572085607132677e-01,0.000000000000000000e+00,0.000000000000000000e+00,0.000000000000000000e+00,0.000000000000000000e+00,0.000000000000000000e+00,0.000000000000000000e+00,0.000000000000000000e+00,0.000000000000000000e+00,0.000000000000000000e+00,0.000000000000000000e+00,0.000000000000000000e+00,0.000000000000000000e+00,0.000000000000000000e+00,0.000000000000000000e+00,0.000000000000000000e+00,0.000000000000000000e+00
2.618859789912185043e+00,2.016740846248736219e+01,1.127766189609636038e+00,3.406515707045338487e-02,3.314547969931588151e-02,7.660083141487716851e-01,6.410711387234847569e-01,1.927817946191171805e-01,-2.516712896361914531e-01,-4.294991893937884497e-01,2.899926563290601278e-01,-3.065381647852889468e-01,1.139689702274795935e-01,-7.048268799266981244e-01,-2.665111788019415839e-01,-2.237573374296086826e-01,2.251004251999535744e-01,4.154633418100459052e-02,2.135005206521956855e-01,-3.963195184925667469e-01,0.000000000000000000e+00,0.000000000000000000e+00,0.000000000000000000e+00,0.000000000000000000e+00,0.000000000000000000e+00,0.000000000000000000e+00,0.000000000000000000e+00,0.000000000000000000e+00,0.000000000000000000e+00,0.000000000000000000e+00,0.000000000000000000e+00,0.000000000000000000e+00,0.000000000000000000e+00,0.000000000000000000e+00,0.000000000000000000e+00,0.000000000000000000e+00
2.623701838687555465e+00,2.020806485119520701e+01,1.118959405301682697e+00,2.471064399078835155e-02,3.252091751747016035e-02,7.728107144478213453e-01,6.333209088858753333e-01,2.151812577718817676e-01,-2.261784307387427195e-01,-4.546649394245092513e-01,3.111234612352822282e-01,-2.278726566971231438e-01,7.914292072790009291e-02,-6.860822952800605945e-01,-2.467459382260940859e-01,-2.317843568742987137e-01,2.638900383616569201e-01,6.710136992406232070e-02,1.787251202980570663e-01,-4.109009215876673338e-01,0.000000000000000000e+00,0.000000000000000000e+00,0.000000000000000000e+00,0.000000000000000000e+00,0.000000000000000000e+00,0.000000000000000000e+00,0.000000000000000000e+00,0.000000000000000000e+00,0.000000000000000000e+00,0.000000000000000000e+00,0.000000000000000000e+00,0.000000000000000000e+00,0.000000000000000000e+00,0.000000000000000000e+00,0.000000000000000000e+00,0.000000000000000000e+00
2.628510976184504244e+00,2.024699706634683238e+01,1.111220448528635663e+00,7.801055073280879076e-03,2.631630263737149561e-02,7.778072621955429700e-01,6.279032239375083035e-01,2.271005070105358847e-01,-1.882286077595306251e-01,-4.804135874224129688e-01,3.346490062443132629e-01,-1.050089673266784984e-01,2.445505017955145952e-02,-6.706850404150354050e-01,-2.137800639866408725e-01,-2.490429673802791455e-01,3.078243727947773123e-01,9.030011092151352114e-02,1.359299128991575123e-01,-4.198143313801659948e-01,0.000000000000000000e+00,0.000000000000000000e+00,0.000000000000000000e+00,0.000000000000000000e+00,0.000000000000000000e+00,0.000000000000000000e+00,0.000000000000000000e+00,0.000000000000000000e+00,0.000000000000000000e+00,0.000000000000000000e+00,0.000000000000000000e+00,0.000000000000000000e+00,0.000000000000000000e+00,0.000000000000000000e+00,0.000000000000000000e+00,0.000000000000000000e+00
2.633342074082692275e+00,2.028363255172414270e+01,1.105170748774265910e+00,-1.663336157322299960e-02,1.651679118557582843e-02,7.789339490293162305e-01,6.266677189239143742e-01,2.113655738046496257e-01,-1.334909500172603014e-01,-4.803912370196479209e-01,3.644259847559015442e-01,8.147309002868949324e-02,-5.054289058862648787e-02,-6.664138311686853555e-01,-1.626456023731477352e-01,-2.771376044509885062e-01,3.553476081828216837e-01,8.838509102846578425e-02,8.650253469392388261e-02,-4.108458728885674982e-01,0.000000000000000000e+00,0.000000000000000000e+00,0.000000000000000000e+00,0.000000000000000000e+00,0.000000000000000000e+00,0.000000000000000000e+00,0.000000000000000000e+00,0.000000000000000000e+00,0.000000000000000000e+00,0.000000000000000000e+00,0.000000000000000000e+00,0.000000000000000000e+00,0.000000000000000000e+00,0.000000000000000000e+00,0.000000000000000000e+00,0.000000000000000000e+00
2.637673731632692586e+00,2.031959887187308667e+01,1.103463385570139010e+00,-3.478623461431966379e-02,5.805558084881578054e-03,7.736602297551947727e-01,6.326184175882180183e-01,1.785573859929108220e-01,-8.799648356255707071e-02,-4.471622907409063541e-01,4.139282188446452015e-01,2.863117466710995984e-01,-1.181868828858767262e-01,-6.652413315318327358e-01,-1.169874726482557359e-01,-2.884621198163517808e-01,4.041688794566744569e-01,6.886877508841622586e-02,2.796052882416120294e-02,-3.789112986761149493e-01,0.000000000000000000e+00,0.000000000000000000e+00,0.000000000000000000e+00,0.000000000000000000e+00,0.000000000000000000e+00,0.000000000000000000e+00,0.000000000000000000e+00,0.000000000000000000e+00,0.000000000000000000e+00,0.000000000000000000e+00,0.000000000000000000e+00,0.000000000000000000e+00,0.000000000000000000e+00,0.000000000000000000e+00,0.000000000000000000e+00,0.000000000000000000e+00
2.641468925644403942e+00,2.035702094248360083e+01,1.108482212722257332e+00,-3.740602506461476739e-02,3.107424551456358132e-03,7.623935656077457379e-01,6.460241360208081041e-01,1.261276036154465874e-01,-7.664344678464247995e-02,-3.839607502246528137e-01,4.801303642751809653e-01,4.395721101135693920e-01,-1.475010691160074383e-01,-6.400807608124665649e-01,-8.302246946692033724e-02,-2.658035870110500021e-01,4.327210060051526752e-01,4.256818030404019293e-02,-1.647798651381580590e-02,-3.257046984201450446e-01,0.000000000000000000e+00,0.000000000000000000e+00,0.000000000000000000e+00,0.000000000000000000e+00,0.000000000000000000e+00,0.000000000000000000e+00,0.000000000000000000e+00,0.000000000000000000e+00,0.000000000000000000e+00,0.000000000000000000e+00,0.000000000000000000e+00,0.000000000000000000e+00,0.000000000000000000e+00,0.000000000000000000e+00,0.000000000000000000e+00,0.000000000000000000e+00
2.645541802095313422e+00,2.039573792756812409e+01,1.117622743000968200e+00,-2.896665595459600728e-02,7.467659363532492926e-03,7.467941242906067645e-01,6.643821963534736197e-01,4.391885061135268609e-02,-7.925895200544481878e-02,-2.814931168741821033e-01,5.650187793389978008e-01,4.932408752711446853e-01,-1.284031868072551819e-01,-5.864336712717578282e-01,-6.020608426583369532e-02,-2.255367603375372509e-01,4.293052176762663930e-01,1.000435692035249458e-02,-4.016288879299674541e-02,-2.615687979670260899e-01,0.000000000000000000e+00,0.000000000000000000e+00,0.000000000000000000e+00,0.000000000000000000e+00,0.000000000000000000e+00,0.000000000000000000e+00,0.000000000000000000e+00,0.000000000000000000e+00,0.000000000000000000e+00,0.000000000000000000e+00,0.000000000000000000e+00,0.000000000000000000e+00,0.000000000000000000e+00,0.000000000000000000e+00,0.000000000000000000e+00,0.000000000000000000e+00
2.649994595752341198e+00,2.043389147033825282e+01,1.128257554750061731e+00,-1.527925781063804722e-02,1.247632676784039656e-02,7.318450732269182746e-01,6.811854918776718559e-01,-5.635794808554026730e-02,-7.312143167473790506e-02,-1.572213699907604179e-01,6.362164043502311905e-01,4.815562271641316006e-01,-7.020568680613765988e-02,-5.147867048099576959e-01,-4.844363690329684530e-02,-1.765061683115444757e-01,4.053512562845650868e-01,-1.953813516083022228e-02,-4.805125519768147641e-02,-1.962931644444508295e-01,0.000000000000000000e+00,0.000000000000000000e+00,0.000000000000000000e+00,0.000000000000000000e+00,0.000000000000000000e+00,0.000000000000000000e+00,0.000000000000000000e+00,0.000000000000000000e+00,0.000000000000000000e+00,0.000000000000000000e+00,0.000000000000000000e+00,0.000000000000000000e+00,0.000000000000000000e+00,0.000000000000000000e+00,0.000000000000000000e+00,0.000000000000000000e+00
2.654527317850372548e+00,2.047155216559321289e+01,1.136905795230452210e+00,-2.055457069095708439e-03,1.669242713414891693e-02,7.157087091910633303e-01,6.981963775046896581e-01,-1.687911584540404131e-01,-5.429582775090181779e-02,-4.807861718478750879e-02,7.010155547377748819e-01,4.014653327797984006e-01,-2.032207418810390298e-03,-4.429007013890294830e-01,-3.976346970008656778e-02,-1.264197236863478235e-01,3.765111130886916180e-01,-3.422257505060788407e-02,-4.361635423648070609e-02,-1.302477151968415015e-01,0.000000000000000000e+00,0.000000000000000000e+00,0.000000000000000000e+00,0.000000000000000000e+00,0.000000000000000000e+00,0.000000000000000000e+00,0.000000000000000000e+00,0.000000000000000000e+00,0.000000000000000000e+00,0.000000000000000000e+00,0.000000000000000000e+00,0.000000000000000000e+00,0.000000000000000000e+00,0.000000000000000000e+00,0.000000000000000000e+00,0.000000000000000000e+00
2.658680600581740716e+00,2.050831336228727508e+01,1.143795406144820781e+00,9.775756394262294716e-03,1.898143663889071547e-02,6.978078408711997360e-01,7.159667288839048904e-01,-2.824776548066425530e-01,-2.723369221386716041e-02,4.138931604314840390e-02,7.327940776994258387e-01,3.092796438314411867e-01,4.860104496957828868e-02,-3.673868479984148672e-01,-3.782451954988738652e-02,-9.283197923283342812e-02,3.354999597808758782e-01,-3.837495445772641511e-02,-2.453006147375993984e-02,-6.121403171854644665e-02,0.000000000000000000e+00,0.000000000000000000e+00,0.000000000000000000e+00,0.000000000000000000e+00,0.000000000000000000e+00,0.000000000000000000e+00,0.000000000000000000e+00,0.000000000000000000e+00,0.000000000000000000e+00,0.000000000000000000e+00,0.000000000000000000e+00,0.000000000000000000e+00,0.000000000000000000e+00,0.000000000000000000e+00,0.000000000000000000e+00,0.000000000000000000e+00
2.662192359027504285e+00,2.054479789885307639e+01,1.148310554635102676e+00,1.937115716280526923e-02,1.677220351431557913e-02,6.763525357957277384e-01,7.361322563114170991e-01,-3.811437277915896149e-01,-4.084588394208277240e-03,9.631439449848143430e-02,7.057097408564253493e-01,2.019067470967959577e-01,6.984122353901739411e-02,-2.979861585800147039e-01,-2.909615259247851082e-02,-5.226243405985887824e-02,3.023735651130970981e-01,-3.451233909342192596e-02,-4.927789666117187578e-04,8.623192375344375382e-03,0.000000000000000000e+00,0.000000000000000000e+00,0.000000000000000000e+00,0.000000000000000000e+00,0.000000000000000000e+00,0.000000000000000000e+00,0.000000000000000000e+00,0.000000000000000000e+00,0.000000000000000000e+00,0.000000000000000000e+00,0.000000000000000000e+00,0.000000000000000000e+00,0.000000000000000000e+00,0.000000000000000000e+00,0.000000000000000000e+00,0.000000000000000000e+00
2.665351101322203320e+00,2.058150378937465774e+01,1.149778825032577334e+00,2.081912012797931810e-02,1.202860173714200356e-02,6.520348992268587551e-01,7.578076056411461314e-01,-4.528944679001820628e-01,3.096415436457744877e-02,1.357928625697085168e-01,6.114225808097086823e-01,1.430873019477203190e-01,5.807224444737217606e-02,-2.337231448925386479e-01,-1.186592310932860911e-02,-1.443670677828523541e-02,2.632237955430291043e-01,-3.083839491171644354e-02,2.530791644743797530e-02,8.198146213938035942e-02,0.000000000000000000e+00,0.000000000000000000e+00,0.000000000000000000e+00,0.000000000000000000e+00,0.000000000000000000e+00,0.000000000000000000e+00,0.000000000000000000e+00,0.000000000000000000e+00,0.000000000000000000e+00,0.000000000000000000e+00,0.000000000000000000e+00,0.000000000000000000e+00,0.000000000000000000e+00,0.000000000000000000e+00,0.000000000000000000e+00,0.000000000000000000e+00
2.668043631864795984e+00,2.061911905722835670e+01,1.146520019557007775e+00,1.080454945279119700e-02,2.626160319974789499e-03,6.256686925467251914e-01,7.800096487608136897e-01,-5.107134347545576603e-01,7.975857186577978153e-02,1.652486703122545697e-01,4.961799118504668371e-01,1.142761777426529735e-01,3.278380750539892918e-02,-1.747463712087323762e-01,2.516660742246128180e-02,4.461186547567286970e-02,2.310570759691182030e-01,-4.683379813531408919e-02,5.251913507769451900e-02,1.537307134256814811e-01,0.000000000000000000e+00,0.000000000000000000e+00,0.000000000000000000e+00,0.000000000000000000e+00,0.000000000000000000e+00,0.000000000000000000e+00,0.000000000000000000e+00,0.000000000000000000e+00,0.000000000000000000e+00,0.000000000000000000e+00,0.000000000000000000e+00,0.000000000000000000e+00,0.000000000000000000e+00,0.000000000000000000e+00,0.000000000000000000e+00,0.000000000000000000e+00
2.671161177032133516e+00,2.065703067064547582e+01,1.141181006207586446e+00,1.481713163817201945e-03,-5.399078208154748509e-03,6.018903201192739028e-01,7.985591380901730929e-01,-5.644377105350658619e-01,1.268726994281430820e-01,1.928734382522695467e-01,3.736417612755026374e-01,7.288727991161859932e-02,-2.105316521746204705e-03,-1.191669638250662661e-01,5.021505515687341853e-02,9.952228492755881006e-02,2.056933591961830343e-01,-6.579253231000506408e-02,6.391264465445140042e-02,2.083863435831389277e-01,0.000000000000000000e+00,0.000000000000000000e+00,0.000000000000000000e+00,0.000000000000000000e+00,0.000000000000000000e+00,0.000000000000000000e+00,0.000000000000000000e+00,0.000000000000000000e+00,0.000000000000000000e+00,0.000000000000000000e+00,0.000000000000000000e+00,0.000000000000000000e+00,0.000000000000000000e+00,0.000000000000000000e+00,0.000000000000000000e+00,0.000000000000000000e+00
2.674943480767037141e+00,2.069468827291284541e+01,1.135378919096953210e+00,-4.069022142421000604e-03,-1.057456016918388933e-02,5.831369281778731040e-01,8.122948631693461818e-01,-6.255719608098063711e-01,1.675368761407795004e-01,2.105860662983065623e-01,2.826147675599245401e-01,3.034537004098832730e-02,-3.835109336078001974e-02,-7.203079314267057942e-02,6.286734458661548397e-02,1.553829990394495209e-01,1.975608425784436128e-01,-9.675814399867457838e-02,6.124809566942547578e-02,2.569331466329113356e-01,0.000000000000000000e+00,0.000000000000000000e+00,0.000000000000000000e+00,0.000000000000000000e+00,0.000000000000000000e+00,0.000000000000000000e+00,0.000000000000000000e+00,0.000000000000000000e+00,0.000000000000000000e+00,0.000000000000000000e+00,0.000000000000000000e+00,0.000000000000000000e+00,0.000000000000000000e+00,0.000000000000000000e+00,0.000000000000000000e+00,0.000000000000000000e+00
2.679476465993159806e+00,2.073235726272483248e+01,1.129737087850691823e+00,-7.362613730236612121e-03,-1.195991706650804606e-02,5.681822792235562414e-01,8.227828692183292159e-01,-6.814472006737549714e-01,1.968370573692298509e-01,2.247861216513528382e-01,2.135014717121304362e-01,1.009338446330398237e-02,-6.443541799012014737e-02,-3.471339290003757488e-02,6.358857677283677456e-02,1.926168131432557384e-01,1.991429424248650215e-01,-1.256633611279642238e-01,5.537019659250479869e-02,2.941556381822861277e-01,0.000000000000000000e+00,0.000000000000000000e+00,0.000000000000000000e+00,0.000000000000000000e+00,0.000000000000000000e+00,0.000000000000000000e+00,0.000000000000000000e+00,0.000000000000000000e+00,0.000000000000000000e+00,0.000000000000000000e+00,0.000000000000000000e+00,0.000000000000000000e+00,0.000000000000000000e+00,0.000000000000000000e+00,0.000000000000000000e+00,0.000000000000000000e+00
2.684484972238908362e+00,2.077035834662836322e+01,1.123248985638315434e+00,-1.316289809542059951e-02,-8.640658405298979119e-03,5.561073404087577554e-01,8.309613126250527948e-01,-7.231229712413846933e-01,2.122483530509038097e-01,2.285300194394245532e-01,1.643501609098617644e-01,-7.143627313427332315e-03,-7.377428303540149723e-02,-6.241898760859156126e-03,5.931734157186577261e-02,2.120562549212194892e-01,2.002307818675372053e-01,-1.515922131004257267e-01,4.826127931794878950e-02,3.215578949074646697e-01,0.000000000000000000e+00,0.000000000000000000e+00,0.000000000000000000e+00,0.000000000000000000e+00,0.000000000000000000e+00,0.000000000000000000e+00,0.000000000000000000e+00,0.000000000000000000e+00,0.000000000000000000e+00,0.000000000000000000e+00,0.000000000000000000e+00,0.000000000000000000e+00,0.000000000000000000e+00,0.000000000000000000e+00,0.000000000000000000e+00,0.000000000000000000e+00
2.689673968271465210e+00,2.080990270430674727e+01,1.114763159497369482e+00,-1.974069038748407778e-02,-8.445909248239031469e-03,5.426511427712572555e-01,8.396836958099429538e-01,-7.401002824015701087e-01,2.374247062817372855e-01,2.441033580130130276e-01,1.608743463844595767e-01,-4.422420992609178703e-03,-7.195859560793239906e-02,2.590651305134909071e-02,5.785660071802115056e-02,2.296809508635521691e-01,2.087362595640864238e-01,-1.676835269874430434e-01,4.454445724870835510e-02,3.501461319248049264e-01,0.000000000000000000e+00,0.000000000000000000e+00,0.000000000000000000e+00,0.000000000000000000e+00,0.000000000000000000e+00,0.000000000000000000e+00,0.000000000000000000e+00,0.000000000000000000e+00,0.000000000000000000e+00,0.000000000000000000e+00,0.000000000000000000e+00,0.000000000000000000e+00,0.000000000000000000e+00,0.000000000000000000e+00,0.000000000000000000e+00,0.000000000000000000e+00
2.695064734831187803e+00,2.085132811632096406e+01,1.105324099440521790e+00,-2.258569377917060694e-02,-9.285517589447737224e-03,5.324768865228702852e-01,8.460922118294910144e-01,-7.344100304476041119e-01,2.567953576042201203e-01,2.626289480991673697e-01,1.987845447119636344e-01,1.875287844067449056e-02,-6.027556694608064702e-02,6.125095913508679657e-02,4.977378153158831808e-02,2.453283169418892240e-01,2.286267045866364478e-01,-1.607852304657126086e-01,5.052863228969686760e-02,3.758282788998568713e-01,0.000000000000000000e+00,0.000000000000000000e+00,0.000000000000000000e+00,0.000000000000000000e+00,0.000000000000000000e+00,0.000000000000000000e+00,0.000000000000000000e+00,0.000000000000000000e+00,0.000000000000000000e+00,0.000000000000000000e+00,0.000000000000000000e+00,0.000000000000000000e+00,0.000000000000000000e+00,0.000000000000000000e+00,0.000000000000000000e+00,0.000000000000000000e+00
2.700155486795383641e+00,2.089344768738614277e+01,1.094780976979424780e+00,-2.324260741060123203e-02,-7.399954590734763443e-03,5.259174289817006853e-01,8.501857913221618768e-01,-7.182837143602611718e-01,2.590278012496915472e-01,2.708658847230170919e-01,2.530987766351486257e-01,5.633509311790229485e-02,-3.501152741471281332e-02,9.356764486954623206e-02,3.543825480479519119e-02,2.672459616486917988e-01,2.557071526803967876e-01,-1.302354590795705147e-01,6.602906510748474123e-02,3.931808164076862622e-01,0.000000000000000000e+00,0.000000000000000000e+00,0.000000000000000000e+00,0.000000000000000000e+00,0.000000000000000000e+00,0.000000000000000000e+00,0.000000000000000000e+00,0.000000000000000000e+00,0.000000000000000000e+00,0.000000000000000000e+00,0.000000000000000000e+00,0.000000000000000000e+00,0.000000000000000000e+00,0.000000000000000000e+00,0.000000000000000000e+00,0.000000000000000000e+00
2.704444371491158794e+00,2.093413326462573565e+01,1.085113169636728658e+00,-1.807917331462618321e-02,4.066162503955875196e-03,5.216206141234515092e-01,8.529762861511599459e-01,-7.044676305305154207e-01,2.279111663747703520e-01,2.880756239275761854e-01,3.031382202447628904e-01,8.423866421396471182e-02,-1.082747040650394732e-03,1.104390844445646419e-01,-3.345687168260211286e-03,2.835803111887097439e-01,2.793674991480599723e-01,-2.825253195697778608e-02,1.066609508465518469e-01,4.018377251556415897e-01,0.000000000000000000e+00,0.000000000000000000e+00,0.000000000000000000e+00,0.000000000000000000e+00,0.000000000000000000e+00,0.000000000000000000e+00,0.000000000000000000e+00,0.000000000000000000e+00,0.000000000000000000e+00,0.000000000000000000e+00,0.000000000000000000e+00,0.000000000000000000e+00,0.000000000000000000e+00,0.000000000000000000e+00,0.000000000000000000e+00,0.000000000000000000e+00
2.708083902471502658e+00,2.097260326812189746e+01,1.077760369566287624e+00,-9.662287900657595685e-03,2.261941351156009430e-02,5.209714160199356847e-01,8.532196587134533994e-01,-7.026344873212529984e-01,1.739286310472230590e-01,3.044696470004183975e-01,3.594456594992551102e-01,1.003638907684495096e-01,4.142898406989026228e-02,1.146520195487579913e-01,-6.552716278077501399e-02,2.821015265949124440e-01,3.097137771404421258e-01,1.489409252479522161e-01,1.617478360752659661e-01,4.067731868195310074e-01,0.000000000000000000e+00,0.000000000000000000e+00,0.000000000000000000e+00,0.000000000000000000e+00,0.000000000000000000e+00,0.000000000000000000e+00,0.000000000000000000e+00,0.000000000000000000e+00,0.000000000000000000e+00,0.000000000000000000e+00,0.000000000000000000e+00,0.000000000000000000e+00,0.000000000000000000e+00,0.000000000000000000e+00,0.000000000000000000e+00,0.000000000000000000e+00
2.711098548412317566e+00,2.101059055133697484e+01,1.077999398267327935e+00,-7.419526762666039769e-03,3.635670819074300619e-02,5.278370205351996525e-01,8.485347489317549563e-01,-7.030290946727033585e-01,1.227411566016794880e-01,3.026313472947125272e-01,4.053992875000607121e-01,9.840335092831656305e-02,7.982532658628865851e-02,1.057266565744793690e-01,-1.115235059788163702e-01,2.614368536826671696e-01,3.563211291585320906e-01,3.283962786498914044e-01,2.026075653293359369e-01,4.002714972138942673e-01,0.000000000000000000e+00,0.000000000000000000e+00,0.000000000000000000e+00,0.000000000000000000e+00,0.000000000000000000e+00,0.000000000000000000e+00,0.000000000000000000e+00,0.000000000000000000e+00,0.000000000000000000e+00,0.000000000000000000e+00,0.000000000000000000e+00,0.000000000000000000e+00,0.000000000000000000e+00,0.000000000000000000e+00,0.000000000000000000e+00,0.000000000000000000e+00
2.713288462554852121e+00,2.104965275140890313e+01,1.084474218222049924e+00,-6.658439625869067881e-03,4.579492388869690206e-02,5.407343487053526410e-01,8.399195522536521130e-01,-6.795410834778918829e-01,6.930914231613247156e-02,2.917751124981582400e-01,4.208627612517562011e-01,7.541218059626514369e-02,1.172430812445910825e-01,8.311990703024761673e-02,-1.256779798933604364e-01,2.330924519098715453e-01,4.284581396457186053e-01,4.931515667847972129e-01,2.308428036728397692e-01,3.729625885755565307e-01,0.000000000000000000e+00,0.000000000000000000e+00,0.000000000000000000e+00,0.000000000000000000e+00,0.000000000000000000e+00,0.000000000000000000e+00,0.000000000000000000e+00,0.000000000000000000e+00,0.000000000000000000e+00,0.000000000000000000e+00,0.000000000000000000e+00,0.000000000000000000e+00,0.000000000000000000e+00,0.000000000000000000e+00,0.000000000000000000e+00,0.000000000000000000e+00
2.714764469059602892e+00,2.109241947634947323e+01,1.094043389603198468e+00,-5.867938564850789900e-04,4.381841037915044923e-02,5.634984627506586241e-01,8.249539896639443981e-01,-6.237083101101774663e-01,6.821669608484421526e-03,2.581374535096448986e-01,4.234871469482918149e-01,3.487458996390152555e-02,1.490555529942980406e-01,2.073429752124046274e-02,-1.256240568341663866e-01,1.680964506253626867e-01,5.901992891797384067e-01,4.969050117753683327e-01,1.984144280100905988e-01,3.207189371082926899e-01,0.000000000000000000e+00,0.000000000000000000e+00,0.000000000000000000e+00,0.000000000000000000e+00,0.000000000000000000e+00,0.000000000000000000e+00,0.000000000000000000e+00,0.000000000000000000e+00,0.000000000000000000e+00,0.000000000000000000e+00,0.000000000000000000e+00,0.000000000000000000e+00,0.000000000000000000e+00,0.000000000000000000e+00,0.000000000000000000e+00,0.000000000000000000e+00
2.714257357859467756e+00,2.113376655480293564e+01,1.105522787962196718e+00,-5.190993456108614068e-04,3.794282403417639088e-02,5.839641568869092803e-01,8.108920619364468063e-01,-5.574490901691828704e-01,-3.511138296167232858e-02,2.147132572385349047e-01,4.021341500367100474e-01,-8.769239209613872987e-03,1.750558713420663492e-01,-5.517621322709615611e-02,-1.140000054223138520e-01,9.692703716613536302e-02,6.736436570503248067e-01,4.968923629907690542e-01,1.462900266004191208e-01,2.591946112688138237e-01,0.000000000000000000e+00,0.000000000000000000e+00,0.000000000000000000e+00,0.000000000000000000e+00,0.000000000000000000e+00,0.000000000000000000e+00,0.000000000000000000e+00,0.000000000000000000e+00,0.000000000000000000e+00,0.000000000000000000e+00,0.000000000000000000e+00,0.000000000000000000e+00,0.000000000000000000e+00,0.000000000000000000e+00,0.000000000000000000e+00,0.000000000000000000e+00
2.711967037290736293e+00,2.117234437930071067e+01,1.118314507904974775e+00,-7.562176148032284662e-03,2.633962435413749609e-02,6.004684484364960495e-01,7.991787535420696864e-01,-4.879454543292377489e-01,-4.645008022462809166e-02,1.743689876901053926e-01,3.733443199977289906e-01,-5.653625981742740197e-02,1.883529242024886696e-01,-1.459873492523905136e-01,-9.489826991934750822e-02,1.819779184703002733e-02,6.774894365374422023e-01,4.879012626173804823e-01,8.943368570740221901e-02,1.902367934595455001e-01,0.000000000000000000e+00,0.000000000000000000e+00,0.000000000000000000e+00,0.000000000000000000e+00,0.000000000000000000e+00,0.000000000000000000e+00,0.000000000000000000e+00,0.000000000000000000e+00,0.000000000000000000e+00,0.000000000000000000e+00,0.000000000000000000e+00,0.000000000000000000e+00,0.000000000000000000e+00,0.000000000000000000e+00,0.000000000000000000e+00,0.000000000000000000e+00
2.710274597707466704e+00,2.121080987817028785e+01,1.125077351185712615e+00,-1.388158137856537397e-03,1.743389715023875922e-02,6.226740081509148927e-01,7.822858888030731483e-01,-4.045232199864927103e-01,-8.549567413070172095e-02,1.242023721754262344e-01,3.386567142004038855e-01,-8.934050903093755658e-02,1.901974723614481277e-01,-2.436571993531933267e-01,-9.668906952143764555e-02,-4.849117386821602538e-02,7.290345872856869303e-01,3.974831622736434422e-01,6.144507551868891304e-02,1.109990249742371649e-01,0.000000000000000000e+00,0.000000000000000000e+00,0.000000000000000000e+00,0.000000000000000000e+00,0.000000000000000000e+00,0.000000000000000000e+00,0.000000000000000000e+00,0.000000000000000000e+00,0.000000000000000000e+00,0.000000000000000000e+00,0.000000000000000000e+00,0.000000000000000000e+00,0.000000000000000000e+00,0.000000000000000000e+00,0.000000000000000000e+00,0.000000000000000000e+00
2.708404185431205757e+00,2.124818317981194227e+01,1.129263834005431066e+00,3.332854754126557753e-03,1.009330801115626564e-02,6.448773746015983299e-01,7.642121360849554179e-01,-3.282480091677750234e-01,-1.154864359315711658e-01,7.081985603903470650e-02,3.077525176610833024e-01,-1.115989352573954208e-01,1.796507286568677086e-01,-3.352109148123663118e-01,-1.120230598418198581e-01,-1.107171427848016865e-01,7.338643179274737527e-01,3.085768405854047991e-01,4.086455619378051574e-02,3.808301600828745137e-02,0.000000000000000000e+00,0.000000000000000000e+00,0.000000000000000000e+00,0.000000000000000000e+00,0.000000000000000000e+00,0.000000000000000000e+00,0.000000000000000000e+00,0.000000000000000000e+00,0.000000000000000000e+00,0.000000000000000000e+00,0.000000000000000000e+00,0.000000000000000000e+00,0.000000000000000000e+00,0.000000000000000000e+00,0.000000000000000000e+00,0.000000000000000000e+00
2.706451861446302676e+00,2.128573209420262558e+01,1.130880818055311821e+00,7.511727855783871879e-03,6.702129486072925212e-03,6.660401751816359406e-01,7.458479338638603906e-01,-2.589591618627870018e-01,-1.429943907985438134e-01,2.138979838211062245e-02,2.825228769989336919e-01,-1.374803227041286602e-01,1.704820764344073258e-01,-4.138348185552433445e-01,-1.539661114016142029e-01,-1.781662973619921320e-01,6.898507690486456179e-01,2.200078442468531570e-01,3.128847523327581148e-02,-3.325570724334489525e-02,0.000000000000000000e+00,0.000000000000000000e+00,0.000000000000000000e+00,0.000000000000000000e+00,0.000000000000000000e+00,0.000000000000000000e+00,0.000000000000000000e+00,0.000000000000000000e+00,0.000000000000000000e+00,0.000000000000000000e+00,0.000000000000000000e+00,0.000000000000000000e+00,0.000000000000000000e+00,0.000000000000000000e+00,0.000000000000000000e+00,0.000000000000000000e+00
2.705259584641325876e+00,2.132317361823775315e+01,1.128476852017987975e+00,1.612953248706882128e-02,8.250585341492783220e-03,6.893052368169149124e-01,7.242444728957546651e-01,-1.913933403699338565e-01,-1.810325446092490853e-01,-4.023328542363806271e-02,2.611263851636592137e-01,-1.661393949828661731e-01,1.611105054825230087e-01,-4.661425556429296124e-01,-1.854481168913642564e-01,-2.008668419312090170e-01,5.986419727944656266e-01,1.764306153817209177e-01,5.956734363223403772e-02,-1.065420748625610925e-01,0.000000000000000000e+00,0.000000000000000000e+00,0.000000000000000000e+00,0.000000000000000000e+00,0.000000000000000000e+00,0.000000000000000000e+00,0.000000000000000000e+00,0.000000000000000000e+00,0.000000000000000000e+00,0.000000000000000000e+00,0.000000000000000000e+00,0.000000000000000000e+00,0.000000000000000000e+00,0.000000000000000000e+00,0.000000000000000000e+00,0.000000000000000000e+00
2.704794033744073456e+00,2.136126057183932403e+01,1.124077574631413112e+00,2.433535346012583034e-02,1.095514923815336938e-02,7.078086144036820349e-01,7.058999508804926215e-01,-1.287384892628853084e-01,-2.140507437022907966e-01,-1.083112156012506072e-01,2.502578384533014066e-01,-1.919793861728907314e-01,1.522291956765443044e-01,-5.103787714996664837e-01,-2.139052146523846287e-01,-2.138408692060141947e-01,5.068590195078248595e-01,1.388804139694704287e-01,9.282680878018374770e-02,-1.719003896940825282e-01,0.000000000000000000e+00,0.000000000000000000e+00,0.000000000000000000e+00,0.000000000000000000e+00,0.000000000000000000e+00,0.000000000000000000e+00,0.000000000000000000e+00,0.000000000000000000e+00,0.000000000000000000e+00,0.000000000000000000e+00,0.000000000000000000e+00,0.000000000000000000e+00,0.000000000000000000e+00,0.000000000000000000e+00,0.000000000000000000e+00,0.000000000000000000e+00
2.705310980828273149e+00,2.139989355717589703e+01,1.118445599678384861e+00,3.059763923506469627e-02,1.271488217701909063e-02,7.237119471580661934e-01,6.893062699447520814e-01,-6.833820211349199425e-02,-2.345883717861685092e-01,-1.681785441217465427e-01,2.480395359147422318e-01,-2.251539614067233352e-01,1.523062945152513503e-01,-5.563493163322814627e-01,-2.424063653623947656e-01,-2.113086427256601896e-01,4.087945889402158084e-01,9.163622068701199330e-02,1.283937751563428431e-01,-2.290152886479724370e-01,0.000000000000000000e+00,0.000000000000000000e+00,0.000000000000000000e+00,0.000000000000000000e+00,0.000000000000000000e+00,0.000000000000000000e+00,0.000000000000000000e+00,0.000000000000000000e+00,0.000000000000000000e+00,0.000000000000000000e+00,0.000000000000000000e+00,0.000000000000000000e+00,0.000000000000000000e+00,0.000000000000000000e+00,0.000000000000000000e+00,0.000000000000000000e+00
2.707000265817996354e+00,2.143839710879079519e+01,1.112786557232011253e+00,3.472111228799294042e-02,1.274781536934079668e-02,7.379787113381316432e-01,6.738095867353817159e-01,-1.000411791730814251e-02,-2.408199987747045023e-01,-2.243417024035557761e-01,2.455715104467480758e-01,-2.499650575027974886e-01,1.436173376001121660e-01,-6.046428190664466795e-01,-2.553109605568606444e-01,-2.007258003663571766e-01,3.150453184548812069e-01,4.906297796980295389e-02,1.718282986184126448e-01,-2.785460709906907861e-01,0.000000000000000000e+00,0.000000000000000000e+00,0.000000000000000000e+00,0.000000000000000000e+00,0.000000000000000000e+00,0.000000000000000000e+00,0.000000000000000000e+00,0.000000000000000000e+00,0.000000000000000000e+00,0.000000000000000000e+00,0.000000000000000000e+00,0.000000000000000000e+00,0.000000000000000000e+00,0.000000000000000000e+00,0.000000000000000000e+00,0.000000000000000000e+00
2.709841839215306081e+00,2.147635450264851187e+01,1.106346200940609537e+00,3.437588243037720259e-02,1.393795257051059881e-02,7.422691849463514124e-01,6.690743525680503678e-01,3.685232746444716545e-02,-2.387104781496330042e-01,-2.668458003345596796e-01,2.445478102686320931e-01,-2.787054034812813663e-01,1.318525241339659759e-01,-6.587331906785256486e-01,-2.587475935074351474e-01,-2.087964785630642695e-01,2.422876858657190824e-01,1.713226643043991304e-03,2.054521185179725706e-01,-3.063866542690676931e-01,0.000000000000000000e+00,0.000000000000000000e+00,0.000000000000000000e+00,0.000000000000000000e+00,0.000000000000000000e+00,0.000000000000000000e+00,0.000000000000000000e+00,0.000000000000000000e+00,0.000000000000000000e+00,0.000000000000000000e+00,0.000000000000000000e+00,0.000000000000000000e+00,0.000000000000000000e+00,0.000000000000000000e+00,0.000000000000000000e+00,0.000000000000000000e+00
2.713565097774419677e+00,2.151468129122536510e+01,1.097995803386353719e+00,2.929261219719994994e-02,2.037919957414153355e-02,7.415501058184269523e-01,6.699478126362252706e-01,7.122655044665573976e-02,-2.381473855901191650e-01,-3.104863684884220931e-01,2.389824037818594205e-01,-3.018996037143462097e-01,1.205029084064074690e-01,-7.024263073907780486e-01,-2.547337481540445370e-01,-2.172224287143174060e-01,1.943831771002343667e-01,-2.896512695088738348e-02,2.296648937809183944e-01,-3.221145836272770180e-01,0.000000000000000000e+00,0.000000000000000000e+00,0.000000000000000000e+00,0.000000000000000000e+00,0.000000000000000000e+00,0.000000000000000000e+00,0.000000000000000000e+00,0.000000000000000000e+00,0.000000000000000000e+00,0.000000000000000000e+00,0.000000000000000000e+00,0.000000000000000000e+00,0.000000000000000000e+00,0.000000000000000000e+00,0.000000000000000000e+00,0.000000000000000000e+00
2.717983798119819383e+00,2.155460068095660020e+01,1.086178919097839701e+00,3.100507206987015291e-02,2.786225554089068190e-02,7.462331799629469131e-01,6.643782216061158152e-01,1.124487322340224776e-01,-2.483655613965144449e-01,-3.578023931049215678e-01,2.537879978166641126e-01,-3.278194523120643855e-01,1.199062493082286296e-01,-7.198272574093385057e-01,-2.634447500285695964e-01,-2.104337139541447299e-01,1.926276332712390238e-01,-2.663407533555013640e-02,2.344578947093908794e-01,-3.409631909100898084e-01,0.000000000000000000e+00,0.000000000000000000e+00,0.000000000000000000e+00,0.000000000000000000e+00,0.000000000000000000e+00,0.000000000000000000e+00,0.000000000000000000e+00,0.000000000000000000e+00,0.000000000000000000e+00,0.000000000000000000e+00,0.000000000000000000e+00,0.000000000000000000e+00,0.000000000000000000e+00,0.000000000000000000e+00,0.000000000000000000e+00,0.000000000000000000e+00
2.722755055585160733e+00,2.159537155288785470e+01,1.073296811352452140e+00,3.281198102200929417e-02,3.191106381038637252e-02,7.517585823969924474e-01,6.578480764586654983e-01,1.526141707000179260e-01,-2.500649789829755276e-01,-3.908590610062250836e-01,2.798632299985377436e-01,-3.308062211923815665e-01,1.136255439285706048e-01,-7.107576916496129993e-01,-2.681604155160850489e-01,-2.029632207104818398e-01,2.227607944612129687e-01,-6.790945956966304431e-03,2.173080114471815649e-01,-3.574825031092522809e-01,0.000000000000000000e+00,0.000000000000000000e+00,0.000000000000000000e+00,0.000000000000000000e+00,0.000000000000000000e+00,0.000000000000000000e+00,0.000000000000000000e+00,0.000000000000000000e+00,0.000000000000000000e+00,0.000000000000000000e+00,0.000000000000000000e+00,0.000000000000000000e+00,0.000000000000000000e+00,0.000000000000000000e+00,0.000000000000000000e+00,0.000000000000000000e+00
2.727875206351157988e+00,2.163578677883739942e+01,1.060761957244244158e+00,3.098657805777181237e-02,3.255296953959000567e-02,7.592873144755567516e-01,6.492017484811035688e-01,1.833936007541781543e-01,-2.338002328626196391e-01,-3.968806793776015751e-01,3.093045299344224230e-01,-2.981571279289723653e-01,9.403917094073961647e-02,-6.897246398738964279e-01,-2.660423130174768835e-01,-2.088860652242305327e-01,2.633272063679606978e-01,2.437872505086538522e-02,1.937191574676439543e-01,-3.765436084354739088e-01,0.000000000000000000e+00,0.000000000000000000e+00,0.000000000000000000e+00,0.000000000000000000e+00,0.000000000000000000e+00,0.000000000000000000e+00,0.000000000000000000e+00,0.000000000000000000e+00,0.000000000000000000e+00,0.000000000000000000e+00,0.000000000000000000e+00,0.000000000000000000e+00,0.000000000000000000e+00,0.000000000000000000e+00,0.000000000000000000e+00,0.000000000000000000e+00
2.733374124488308965e+00,2.167448448876828593e+01,1.052789645230147952e+00,1.799526716878984203e-02,2.838487278558665672e-02,7.662779487449592475e-01,6.416296241786909604e-01,2.062703283620676287e-01,-2.041655526852817482e-01,-4.331368557280231291e-01,3.306643638739515945e-01,-1.927499597454447600e-01,4.918714390851986612e-02,-6.667330262713050404e-01,-2.401572530963729524e-01,-2.204473968869169187e-01,3.015861104783076896e-01,5.541466366940529797e-02,1.571709868844380631e-01,-3.965749413319820116e-01,0.000000000000000000e+00,0.000000000000000000e+00,0.000000000000000000e+00,0.000000000000000000e+00,0.000000000000000000e+00,0.000000000000000000e+00,0.000000000000000000e+00,0.000000000000000000e+00,0.000000000000000000e+00,0.000000000000000000e+00,0.000000000000000000e+00,0.000000000000000000e+00,0.000000000000000000e+00,0.000000000000000000e+00,0.000000000000000000e+00,0.000000000000000000e+00
2.739198651748802504e+00,2.171109895642148402e+01,1.046021697882890900e+00,-2.066838355776427945e-03,1.739303126353470424e-02,7.690028233519479173e-01,6.390053742492393107e-01,2.142450285916051578e-01,-1.625205997946998770e-01,-4.623152628643776296e-01,3.537184990289811704e-01,-3.009281591569031022e-02,-1.859679084136884805e-02,-6.531736523455865528e-01,-1.936114497300564508e-01,-2.427097511637974214e-01,3.483299183788674536e-01,7.288426148339946509e-02,1.089598046338244169e-01,-4.040010513467550135e-01,0.000000000000000000e+00,0.000000000000000000e+00,0.000000000000000000e+00,0.000000000000000000e+00,0.000000000000000000e+00,0.000000000000000000e+00,0.000000000000000000e+00,0.000000000000000000e+00,0.000000000000000000e+00,0.000000000000000000e+00,0.000000000000000000e+00,0.000000000000000000e+00,0.000000000000000000e+00,0.000000000000000000e+00,0.000000000000000000e+00,0.000000000000000000e+00
2.745122547796678525e+00,2.174631881332429728e+01,1.042690853476028190e+00,-2.435775911531381371e-02,4.319433647090508907e-03,7.675909193038948919e-01,6.404625068386526898e-01,1.929881924021364659e-01,-1.086708900510504339e-01,-4.557267616265880950e-01,3.878927545252744413e-01,1.774316650434057396e-01,-9.598808734845672153e-02,-6.503055190071419522e-01,-1.376438071524110629e-01,-2.706746216267120198e-01,3.980581572663206558e-01,5.301867954221470280e-02,5.180965467826574578e-02,-3.886032769461035818e-01,0.000000000000000000e+00,0.000000000000000000e+00,0.000000000000000000e+00,0.000000000000000000e+00,0.000000000000000000e+00,0.000000000000000000e+00,0.000000000000000000e+00,0.000000000000000000e+00,0.000000000000000000e+00,0.000000000000000000e+00,0.000000000000000000e+00,0.000000000000000000e+00,0.000000000000000000e+00,0.000000000000000000e+00,0.000000000000000000e+00,0.000000000000000000e+00
2.750632071890331432e+00,2.178290133430341058e+01,1.045013813360260446e+00,-3.146009861545554648e-02,-3.234145169513057139e-03,7.594588816933818265e-01,6.497861259808238588e-01,1.532761063881435126e-01,-8.265357585421222175e-02,-4.175326867402735509e-01,4.441405322265343236e-01,3.605353091359230211e-01,-1.514147360281938304e-01,-6.301326547074362905e-01,-9.390237588639802069e-02,-2.647474425155362798e-01,4.257381385891061965e-01,2.704365952098521791e-02,4.401277019560704065e-03,-3.562608668021041702e-01,0.000000000000000000e+00,0.000000000000000000e+00,0.000000000000000000e+00,0.000000000000000000e+00,0.000000000000000000e+00,0.000000000000000000e+00,0.000000000000000000e+00,0.000000000000000000e+00,0.000000000000000000e+00,0.000000000000000000e+00,0.000000000000000000e+00,0.000000000000000000e+00,0.000000000000000000e+00,0.000000000000000000e+00,0.000000000000000000e+00,0.000000000000000000e+00
2.756198243454265562e+00,2.182149046446960128e+01,1.053539032410455656e+00,-2.554716663705387802e-02,-1.237793995878507317e-04,7.481144767846413801e-01,6.630777153401565815e-01,8.794508072424982170e-02,-8.037903305557993205e-02,-3.285122150187619328e-01,5.212448327914820378e-01,4.766475227816069360e-01,-1.565053009252203031e-01,-5.875066524772749599e-01,-7.079146336175427823e-02,-2.355013927699877718e-01,4.282447920151852272e-01,-6.572309318365193720e-04,-2.864545075291365095e-02,-3.047614764839744472e-01,0.000000000000000000e+00,0.000000000000000000e+00,0.000000000000000000e+00,0.000000000000000000e+00,0.000000000000000000e+00,0.000000000000000000e+00,0.000000000000000000e+00,0.000000000000000000e+00,0.000000000000000000e+00,0.000000000000000000e+00,0.000000000000000000e+00,0.000000000000000000e+00,0.000000000000000000e+00,0.000000000000000000e+00,0.000000000000000000e+00,0.000000000000000000e+00
2.762324794978846754e+00,2.186104264006261388e+01,1.068576187339567829e+00,-1.059569160953407162e-02,9.843941268741406014e-03,7.356619290149314372e-01,6.771944730560369718e-01,8.094034359299936976e-04,-8.549749980760168455e-02,-2.102764734560978455e-01,6.109248566171358030e-01,4.926865282886044306e-01,-1.096359540090089957e-01,-5.212145061535953250e-01,-6.923767114933362943e-02,-1.959795107642464118e-01,4.011026342738643335e-01,-5.445400766038860363e-03,-3.462907513797781195e-02,-2.483214739126365089e-01,0.000000000000000000e+00,0.000000000000000000e+00,0.000000000000000000e+00,0.000000000000000000e+00,0.000000000000000000e+00,0.000000000000000000e+00,0.000000000000000000e+00,0.000000000000000000e+00,0.000000000000000000e+00,0.000000000000000000e+00,0.000000000000000000e+00,0.000000000000000000e+00,0.000000000000000000e+00,0.000000000000000000e+00,0.000000000000000000e+00,0.000000000000000000e+00
2.768603096939763031e+00,2.189982763228748652e+01,1.080822429419678210e+00,2.847284704909082767e-03,1.661006532514961928e-02,7.220544795346974798e-01,6.916309183976530051e-01,-1.041087662558200233e-01,-7.617234501815649261e-02,-8.763057586969388857e-02,7.020369832397426180e-01,4.412510818580371308e-01,-4.676144801677808993e-02,-4.487472204139821286e-01,-6.545204753022827726e-02,-1.544654123959206260e-01,3.652756108339897390e-01,-2.349124133249402835e-02,-3.076256084274416047e-02,-1.884829316488857431e-01,0.000000000000000000e+00,0.000000000000000000e+00,0.000000000000000000e+00,0.000000000000000000e+00,0.000000000000000000e+00,0.000000000000000000e+00,0.000000000000000000e+00,0.000000000000000000e+00,0.000000000000000000e+00,0.000000000000000000e+00,0.000000000000000000e+00,0.000000000000000000e+00,0.000000000000000000e+00,0.000000000000000000e+00,0.000000000000000000e+00,0.000000000000000000e+00
2.774277840880710500e+00,2.193766120798353469e+01,1.089623434157293902e+00,1.124302688765034183e-02,1.899468103644908618e-02,7.065039842941465142e-01,7.073647691362805467e-01,-2.205365862913849229e-01,-4.915632645217909297e-02,2.932822649443451654e-02,7.639722003337162670e-01,3.534776620178148310e-01,1.937122729907199067e-02,-3.764751346060865589e-01,-5.344451747317869456e-02,-1.102471863255365808e-01,3.233766447479869965e-01,-3.433530084730689047e-02,-1.884278175927639465e-02,-1.201837033396099819e-01,0.000000000000000000e+00,0.000000000000000000e+00,0.000000000000000000e+00,0.000000000000000000e+00,0.000000000000000000e+00,0.000000000000000000e+00,0.000000000000000000e+00,0.000000000000000000e+00,0.000000000000000000e+00,0.000000000000000000e+00,0.000000000000000000e+00,0.000000000000000000e+00,0.000000000000000000e+00,0.000000000000000000e+00,0.000000000000000000e+00,0.000000000000000000e+00
2.779526984623697405e+00,2.197425051323881817e+01,1.095984641771954315e+00,1.951065292726487238e-02,2.059617757961595963e-02,6.895071468898050782e-01,7.237230314694579336e-01,-3.245265153749595788e-01,-2.217956006587473716e-02,1.070020814097386586e-01,7.742601469641091638e-01,2.500111482082374437e-01,6.164626059800751290e-02,-3.094890434080667108e-01,-5.002545750953351494e-02,-7.486218724292041660e-02,2.858525705667618322e-01,-3.149852055241544879e-02,2.529174274142722331e-03,-5.430469507641296628e-02,0.000000000000000000e+00,0.000000000000000000e+00,0.000000000000000000e+00,0.000000000000000000e+00,0.000000000000000000e+00,0.000000000000000000e+00,0.000000000000000000e+00,0.000000000000000000e+00,0.000000000000000000e+00,0.000000000000000000e+00,0.000000000000000000e+00,0.000000000000000000e+00,0.000000000000000000e+00,0.000000000000000000e+00,0.000000000000000000e+00,0.000000000000000000e+00
2.784405001507680666e+00,2.201027964097578504e+01,1.098713609062176078e+00,2.500799785127670247e-02,1.808950028024442283e-02,6.682193532436919714e-01,7.433237961841828723e-01,-4.169267736928389811e-01,6.635147358755630331e-03,1.614830295832920259e-01,7.117922747605966993e-01,1.512660173569003730e-01,7.830920429700720387e-02,-2.502119768022404434e-01,-4.315384733809231321e-02,-4.526447641896727547e-02,2.596745789142159144e-01,-2.887358370611876890e-02,2.755957166639078082e-02,1.996240385490934133e-02,0.000000000000000000e+00,0.000000000000000000e+00,0.000000000000000000e+00,0.000000000000000000e+00,0.000000000000000000e+00,0.000000000000000000e+00,0.000000000000000000e+00,0.000000000000000000e+00,0.000000000000000000e+00,0.000000000000000000e+00,0.000000000000000000e+00,0.000000000000000000e+00,0.000000000000000000e+00,0.000000000000000000e+00,0.000000000000000000e+00,0.000000000000000000e+00
2.788090532383119768e+00,2.204584994232032358e+01,1.097414673002099050e+00,2.244287924069890416e-02,1.142536983390725694e-02,6.451888341397650217e-01,7.636079795267449732e-01,-4.718622261079338798e-01,4.114449732823032696e-02,1.914738464096137904e-01,6.050272149193569593e-01,1.037948682892520236e-01,5.926671735740288161e-02,-1.922876810849696860e-01,-2.491837279649664061e-02,-1.888191990735436226e-02,2.205864212686821091e-01,-2.430416997993323225e-02,5.733453256936716508e-02,8.313656048333585569e-02,0.000000000000000000e+00,0.000000000000000000e+00,0.000000000000000000e+00,0.000000000000000000e+00,0.000000000000000000e+00,0.000000000000000000e+00,0.000000000000000000e+00,0.000000000000000000e+00,0.000000000000000000e+00,0.000000000000000000e+00,0.000000000000000000e+00,0.000000000000000000e+00,0.000000000000000000e+00,0.000000000000000000e+00,0.000000000000000000e+00,0.000000000000000000e+00
2.791834585048209583e+00,2.208211326646669548e+01,1.093477554565686072e+00,1.382776612263053248e-02,3.836115080744243074e-03,6.207893129665856824e-01,7.838460984221463645e-01,-5.197278762829713461e-01,8.365920106724476779e-02,2.157566947026064441e-01,4.804409546531980268e-01,6.615994542870223816e-02,3.618875400038171208e-02,-1.461481399378052604e-01,3.728978956451668714e-03,2.852931118440731398e-02,2.022079162620764592e-01,-3.775988290294574057e-02,7.968367145029124632e-02,1.459191932463081709e-01,0.000000000000000000e+00,0.000000000000000000e+00,0.000000000000000000e+00,0.000000000000000000e+00,0.000000000000000000e+00,0.000000000000000000e+00,0.000000000000000000e+00,0.000000000000000000e+00,0.000000000000000000e+00,0.000000000000000000e+00,0.000000000000000000e+00,0.000000000000000000e+00,0.000000000000000000e+00,0.000000000000000000e+00,0.000000000000000000e+00,0.000000000000000000e+00
2.795858966234036735e+00,2.211829055920321352e+01,1.088336290439714027e+00,5.583927120956674178e-03,-2.181107017079960547e-03,6.002030317451877428e-01,7.998252204162946688e-01,-5.661592922395705108e-01,1.244535984223557046e-01,2.369387058718890882e-01,3.622673462366844399e-01,3.103370106854881627e-02,8.960912220270872419e-03,-1.023625138132224222e-01,2.585467774891724718e-02,7.782901402335272445e-02,1.902373044100629518e-01,-6.038908579308038815e-02,8.181677979535297018e-02,1.999076795257727357e-01,0.000000000000000000e+00,0.000000000000000000e+00,0.000000000000000000e+00,0.000000000000000000e+00,0.000000000000000000e+00,0.000000000000000000e+00,0.000000000000000000e+00,0.000000000000000000e+00,0.000000000000000000e+00,0.000000000000000000e+00,0.000000000000000000e+00,0.000000000000000000e+00,0.000000000000000000e+00,0.000000000000000000e+00,0.000000000000000000e+00,0.000000000000000000e+00
2.800200324507239991e+00,2.215432186652067514e+01,1.082987568027673042e+00,-8.090392895976974974e-04,-2.767537396112715580e-03,5.861866991952681127e-01,8.101708707913082286e-01,-6.123957261394665785e-01,1.582774211305752188e-01,2.564765684179162730e-01,2.695489236612225725e-01,-9.713271366153672370e-03,-2.849828051787222510e-02,-6.543491931059049194e-02,3.489563054338713083e-02,1.195257755404431771e-01,1.839835673324219656e-01,-9.371229953939316792e-02,7.574470142598346833e-02,2.385351833020445955e-01,0.000000000000000000e+00,0.000000000000000000e+00,0.000000000000000000e+00,0.000000000000000000e+00,0.000000000000000000e+00,0.000000000000000000e+00,0.000000000000000000e+00,0.000000000000000000e+00,0.000000000000000000e+00,0.000000000000000000e+00,0.000000000000000000e+00,0.000000000000000000e+00,0.000000000000000000e+00,0.000000000000000000e+00,0.000000000000000000e+00,0.000000000000000000e+00
2.804679986973608763e+00,2.219010847033341349e+01,1.077554214277399058e+00,-3.736947088909996564e-03,-6.014292655218660003e-04,5.745606830556764244e-01,8.184532332368719132e-01,-6.582384271570979051e-01,1.762234380459980487e-01,2.674347089527435717e-01,1.854052671513085615e-01,-3.882167801363520937e-02,-5.514952698427626893e-02,-3.312808778928302833e-02,2.995919603903695466e-02,1.417934447160252576e-01,1.788358224360995785e-01,-1.214180541243859018e-01,7.036046487569112828e-02,2.651558282586900517e-01,0.000000000000000000e+00,0.000000000000000000e+00,0.000000000000000000e+00,0.000000000000000000e+00,0.000000000000000000e+00,0.000000000000000000e+00,0.000000000000000000e+00,0.000000000000000000e+00,0.000000000000000000e+00,0.000000000000000000e+00,0.000000000000000000e+00,0.000000000000000000e+00,0.000000000000000000e+00,0.000000000000000000e+00,0.000000000000000000e+00,0.000000000000000000e+00
2.809214933441245954e+00,2.222691872019397152e+01,1.070797162852252349e+00,-9.579486405552641720e-03,2.791790465610289197e-03,5.655534996195811237e-01,8.246512465365273270e-01,-6.925081872996312615e-01,1.893993141965285010e-01,2.714066034753922496e-01,1.434107379965985363e-01,-5.528680781182086779e-02,-5.817023844446934933e-02,-7.716185806188463614e-03,2.890977140263426698e-02,1.647218390083589890e-01,1.833923029561835560e-01,-1.515158410935550370e-01,6.148419211219959685e-02,2.881654145881318851e-01,0.000000000000000000e+00,0.000000000000000000e+00,0.000000000000000000e+00,0.000000000000000000e+00,0.000000000000000000e+00,0.000000000000000000e+00,0.000000000000000000e+00,0.000000000000000000e+00,0.000000000000000000e+00,0.000000000000000000e+00,0.000000000000000000e+00,0.000000000000000000e+00,0.000000000000000000e+00,0.000000000000000000e+00,0.000000000000000000e+00,0.000000000000000000e+00
2.813510533011997161e+00,2.226601798224794138e+01,1.061605342946205122e+00,-1.721907203338869652e-02,-2.349495510079071918e-04,5.531405164339207037e-01,8.329099695862901553e-01,-7.014159766912112515e-01,2.124966603644067864e-01,2.821700168865837188e-01,1.551125279060792672e-01,-4.431426411712133251e-02,-5.485531579082857101e-02,2.559916797248971976e-02,3.708247297444608459e-02,1.975829967814257682e-01,1.978899533793679333e-01,-1.698869438294016432e-01,6.006969422807939551e-02,3.210707522133631753e-01,0.000000000000000000e+00,0.000000000000000000e+00,0.000000000000000000e+00,0.000000000000000000e+00,0.000000000000000000e+00,0.000000000000000000e+00,0.000000000000000000e+00,0.000000000000000000e+00,0.000000000000000000e+00,0.000000000000000000e+00,0.000000000000000000e+00,0.000000000000000000e+00,0.000000000000000000e+00,0.000000000000000000e+00,0.000000000000000000e+00,0.000000000000000000e+00
2.817387807639321728e+00,2.230651058758895289e+01,1.051394874461246465e+00,-2.125179281984394125e-02,-3.983581506468120842e-03,5.427981467802588389e-01,8.395848165803393437e-01,-6.927339681036961405e-01,2.307944598453867124e-01,2.924167373065084119e-01,2.032636187217841395e-01,-2.031621253176435493e-02,-3.559226359389940780e-02,6.195413041485447331e-02,3.813859009218648760e-02,2.305545071876679286e-01,2.253624485562057411e-01,-1.669700567745756592e-01,6.643952225250771004e-02,3.432685054176303208e-01,0.000000000000000000e+00,0.000000000000000000e+00,0.000000000000000000e+00,0.000000000000000000e+00,0.000000000000000000e+00,0.000000000000000000e+00,0.000000000000000000e+00,0.000000000000000000e+00,0.000000000000000000e+00,0.000000000000000000e+00,0.000000000000000000e+00,0.000000000000000000e+00,0.000000000000000000e+00,0.000000000000000000e+00,0.000000000000000000e+00,0.000000000000000000e+00
2.820829686137799275e+00,2.234708804776772340e+01,1.041661070532842182e+00,-1.966205044467756596e-02,-7.587147646125566060e-04,5.350821162539620701e-01,8.445708715018532819e-01,-6.782170535107249210e-01,2.210940386989097561e-01,2.908648179219300856e-01,2.575572331814016680e-01,1.306407958567232241e-02,-6.836749133181343162e-03,8.754551954022715687e-02,1.844550018651371776e-02,2.637172942412755461e-01,2.621155766644469032e-01,-1.182998349607344984e-01,9.278222417369297315e-02,3.598436623395096512e-01,0.000000000000000000e+00,0.000000000000000000e+00,0.000000000000000000e+00,0.000000000000000000e+00,0.000000000000000000e+00,0.000000000000000000e+00,0.000000000000000000e+00,0.000000000000000000e+00,0.000000000000000000e+00,0.000000000000000000e+00,0.000000000000000000e+00,0.000000000000000000e+00,0.000000000000000000e+00,0.000000000000000000e+00,0.000000000000000000e+00,0.000000000000000000e+00
2.823686224362912611e+00,2.238588272324841455e+01,1.032113273719266866e+00,-1.204159289310405972e-02,1.221162032354282216e-02,5.313915737668356565e-01,8.469526974390467755e-01,-6.713312163805500443e-01,1.790174895763277096e-01,3.032026540372221857e-01,3.122511869994260558e-01,4.077157342234595527e-02,2.841235633118044737e-02,1.009767084593009706e-01,-3.300594338565456670e-02,2.758528230574693318e-01,2.943563092506215062e-01,1.541671193329709200e-02,1.420715972278595030e-01,3.705015259352282264e-01,0.000000000000000000e+00,0.000000000000000000e+00,0.000000000000000000e+00,0.000000000000000000e+00,0.000000000000000000e+00,0.000000000000000000e+00,0.000000000000000000e+00,0.000000000000000000e+00,0.000000000000000000e+00,0.000000000000000000e+00,0.000000000000000000e+00,0.000000000000000000e+00,0.000000000000000000e+00,0.000000000000000000e+00,0.000000000000000000e+00,0.000000000000000000e+00
2.825885287115648570e+00,2.242282994599160517e+01,1.025971967240143501e+00,-6.083456992078965959e-03,2.939901730111685318e-02,5.313775706840403457e-01,8.466029569442121705e-01,-6.707859880825589594e-01,1.280732916187344583e-01,3.167428765156876658e-01,3.633458223054295555e-01,5.022094835784776667e-02,7.028055167083012422e-02,9.961558871379748437e-02,-9.764932251112987127e-02,2.546975341751585020e-01,3.392191222852748433e-01,2.083166266038506409e-01,1.863890734653470271e-01,3.764383059419633137e-01,0.000000000000000000e+00,0.000000000000000000e+00,0.000000000000000000e+00,0.000000000000000000e+00,0.000000000000000000e+00,0.000000000000000000e+00,0.000000000000000000e+00,0.000000000000000000e+00,0.000000000000000000e+00,0.000000000000000000e+00,0.000000000000000000e+00,0.000000000000000000e+00,0.000000000000000000e+00,0.000000000000000000e+00,0.000000000000000000e+00,0.000000000000000000e+00
2.827341863380878006e+00,2.246051980463256825e+01,1.028533625390081419e+00,-4.226559851296362788e-03,4.039994288488386182e-02,5.436410218838479969e-01,8.383343128679683343e-01,-6.601527652992398298e-01,6.951903745419520109e-02,3.023605422932353903e-01,3.879381486824329817e-01,3.917489398397773492e-02,1.098296137389153798e-01,8.329340174957317045e-02,-1.251975844488310285e-01,2.323614961430724990e-01,3.984615090117275549e-01,4.022490457338460668e-01,2.237124179286609227e-01,3.611651915089513776e-01,0.000000000000000000e+00,0.000000000000000000e+00,0.000000000000000000e+00,0.000000000000000000e+00,0.000000000000000000e+00,0.000000000000000000e+00,0.000000000000000000e+00,0.000000000000000000e+00,0.000000000000000000e+00,0.000000000000000000e+00,0.000000000000000000e+00,0.000000000000000000e+00,0.000000000000000000e+00,0.000000000000000000e+00,0.000000000000000000e+00,0.000000000000000000e+00
2.828321802512287153e+00,2.250146885931982155e+01,1.035233941166309402e+00,-1.588156186628240929e-03,4.289031579980051578e-02,5.635651151362511824e-01,8.249559137141729837e-01,-6.167320897118577783e-01,6.953903046758363668e-03,2.701963735241940667e-01,3.902208413445109603e-01,1.288103403522786183e-02,1.439367822005725717e-01,3.604534035971402456e-02,-1.306383346509993049e-01,1.886693483643751001e-01,5.360801651016349201e-01,4.954072129894071530e-01,2.270939597443352165e-01,3.214168140633025250e-01,0.000000000000000000e+00,0.000000000000000000e+00,0.000000000000000000e+00,0.000000000000000000e+00,0.000000000000000000e+00,0.000000000000000000e+00,0.000000000000000000e+00,0.000000000000000000e+00,0.000000000000000000e+00,0.000000000000000000e+00,0.000000000000000000e+00,0.000000000000000000e+00,0.000000000000000000e+00,0.000000000000000000e+00,0.000000000000000000e+00,0.000000000000000000e+00
2.827457474292171646e+00,2.254338522290945335e+01,1.046122862614539129e+00,-3.508171769359916953e-04,3.480737955088322733e-02,5.861235890390438241e-01,8.094735706791796881e-01,-5.455130066316761228e-01,-3.899446601420787639e-02,2.244501196921125374e-01,3.687152323904843154e-01,-2.773079811366518932e-02,1.713249005392576130e-01,-4.113007705683667525e-02,-1.208446962619367793e-01,1.176310893670227953e-01,6.552091070029527620e-01,4.965500458576281306e-01,1.791603791789891653e-01,2.592370243538668628e-01,0.000000000000000000e+00,0.000000000000000000e+00,0.000000000000000000e+00,0.000000000000000000e+00,0.000000000000000000e+00,0.000000000000000000e+00,0.000000000000000000e+00,0.000000000000000000e+00,0.000000000000000000e+00,0.000000000000000000e+00,0.000000000000000000e+00,0.000000000000000000e+00,0.000000000000000000e+00,0.000000000000000000e+00,0.000000000000000000e+00,0.000000000000000000e+00
2.824852588004081788e+00,2.258304433583337456e+01,1.058880493090458730e+00,-7.635744061535435466e-03,2.384700947817176148e-02,6.058244736917720585e-01,7.952042018423088887e-01,-4.757117491732772430e-01,-5.490958454620892965e-02,1.762434900494530554e-01,3.369828980332859047e-01,-6.342414025273571121e-02,1.842877013238977957e-01,-1.333881959012503393e-01,-9.939199682724632334e-02,3.946337427649790341e-02,6.997943128509933608e-01,4.942592357859085239e-01,1.253618053116005993e-01,1.904492728704813842e-01,0.000000000000000000e+00,0.000000000000000000e+00,0.000000000000000000e+00,0.000000000000000000e+00,0.000000000000000000e+00,0.000000000000000000e+00,0.000000000000000000e+00,0.000000000000000000e+00,0.000000000000000000e+00,0.000000000000000000e+00,0.000000000000000000e+00,0.000000000000000000e+00,0.000000000000000000e+00,0.000000000000000000e+00,0.000000000000000000e+00,0.000000000000000000e+00
2.822103089913082563e+00,2.262181643880799697e+01,1.066525570072412554e+00,-6.021859290159400913e-03,1.416434506510845862e-02,6.286751479831381717e-01,7.775157019944656245e-01,-3.975157194238257974e-01,-8.465239227790540000e-02,1.221406153087868790e-01,3.047694568567128059e-01,-9.540226156499483079e-02,1.856262693735587499e-01,-2.377117723373036451e-01,-9.876644157838722349e-02,-3.647952168936005601e-02,7.620847766356461106e-01,4.219693681121780005e-01,8.698374316322790567e-02,1.131343583665780778e-01,0.000000000000000000e+00,0.000000000000000000e+00,0.000000000000000000e+00,0.000000000000000000e+00,0.000000000000000000e+00,0.000000000000000000e+00,0.000000000000000000e+00,0.000000000000000000e+00,0.000000000000000000e+00,0.000000000000000000e+00,0.000000000000000000e+00,0.000000000000000000e+00,0.000000000000000000e+00,0.000000000000000000e+00,0.000000000000000000e+00,0.000000000000000000e+00
2.819407035828209729e+00,2.265985645885177036e+01,1.069929955709479241e+00,-8.418736512394962845e-04,7.188241535803965160e-03,6.520432341429627243e-01,7.581472424541060295e-01,-3.241061014807775087e-01,-1.159421949529901019e-01,7.068085982205743467e-02,2.809724923115372586e-01,-1.229289484242847841e-01,1.840041943649560752e-01,-3.396515332091282202e-01,-1.168953900343416424e-01,-9.452740001722845231e-02,7.860764289134080096e-01,3.388680542389970185e-01,6.930721780430176837e-02,3.390299876991610672e-02,0.000000000000000000e+00,0.000000000000000000e+00,0.000000000000000000e+00,0.000000000000000000e+00,0.000000000000000000e+00,0.000000000000000000e+00,0.000000000000000000e+00,0.000000000000000000e+00,0.000000000000000000e+00,0.000000000000000000e+00,0.000000000000000000e+00,0.000000000000000000e+00,0.000000000000000000e+00,0.000000000000000000e+00,0.000000000000000000e+00,0.000000000000000000e+00
2.816669727605276119e+00,2.269810803783967401e+01,1.071432075117490834e+00,2.767560675678263846e-03,5.159603808792790139e-03,6.755882369806607279e-01,7.372558939403649481e-01,-2.573403833312535305e-01,-1.466393673323915792e-01,1.033200629405922610e-02,2.554544363141025287e-01,-1.417332945802111666e-01,1.716284075462579106e-01,-4.235498811468128566e-01,-1.564199048131099667e-01,-1.561014734484610367e-01,7.498303160368576803e-01,2.677735499046585144e-01,5.270101856141630459e-02,-4.108705989211362819e-02,0.000000000000000000e+00,0.000000000000000000e+00,0.000000000000000000e+00,0.000000000000000000e+00,0.000000000000000000e+00,0.000000000000000000e+00,0.000000000000000000e+00,0.000000000000000000e+00,0.000000000000000000e+00,0.000000000000000000e+00,0.000000000000000000e+00,0.000000000000000000e+00,0.000000000000000000e+00,0.000000000000000000e+00,0.000000000000000000e+00,0.000000000000000000e+00
2.814378109378190995e+00,2.273618139959343409e+01,1.069217233672814960e+00,1.140322282553975566e-02,4.485469109056751218e-03,6.960501456165726353e-01,7.178885998977918570e-01,-1.895604283582806304e-01,-1.788924288567844134e-01,-4.242013610291381354e-02,2.445072493930443847e-01,-1.693391025093354263e-01,1.655824326618383080e-01,-4.782707070074804778e-01,-1.960992335853249391e-01,-1.906577595970289085e-01,6.583082226241677715e-01,2.219312879429735097e-01,6.527294607768535650e-02,-1.105387155742614536e-01,0.000000000000000000e+00,0.000000000000000000e+00,0.000000000000000000e+00,0.000000000000000000e+00,0.000000000000000000e+00,0.000000000000000000e+00,0.000000000000000000e+00,0.000000000000000000e+00,0.000000000000000000e+00,0.000000000000000000e+00,0.000000000000000000e+00,0.000000000000000000e+00,0.000000000000000000e+00,0.000000000000000000e+00,0.000000000000000000e+00,0.000000000000000000e+00
2.812990748523261697e+00,2.277516543968962281e+01,1.064628446183365496e+00,1.961441887163556733e-02,7.548025704729604407e-03,7.150841148227552457e-01,6.987224131287378404e-01,-1.279750442561298218e-01,-2.107161462263263951e-01,-1.040840339516103247e-01,2.384514049522164780e-01,-1.970509233595592047e-01,1.577330605957102672e-01,-5.235153893433178718e-01,-2.282838455506057962e-01,-2.040713066038595258e-01,5.579643377640733926e-01,1.788475715540235877e-01,9.327355848639791447e-02,-1.782291980831574030e-01,0.000000000000000000e+00,0.000000000000000000e+00,0.000000000000000000e+00,0.000000000000000000e+00,0.000000000000000000e+00,0.000000000000000000e+00,0.000000000000000000e+00,0.000000000000000000e+00,0.000000000000000000e+00,0.000000000000000000e+00,0.000000000000000000e+00,0.000000000000000000e+00,0.000000000000000000e+00,0.000000000000000000e+00,0.000000000000000000e+00,0.000000000000000000e+00
2.812552732704346692e+00,2.281484137999020589e+01,1.058766252727831203e+00,2.760056627219385078e-02,8.702860053337847790e-03,7.309522281991803760e-01,6.818147175435573804e-01,-6.325838951605465554e-02,-2.327629347571718021e-01,-1.639168632292379302e-01,2.377756912039637183e-01,-2.270552773188752316e-01,1.588754401496297874e-01,-5.626816817449824537e-01,-2.520938402368790854e-01,-2.052182960801520184e-01,4.460048716113445000e-01,1.215138004165171176e-01,1.293994326368283765e-01,-2.352040927337548937e-01,0.000000000000000000e+00,0.000000000000000000e+00,0.000000000000000000e+00,0.000000000000000000e+00,0.000000000000000000e+00,0.000000000000000000e+00,0.000000000000000000e+00,0.000000000000000000e+00,0.000000000000000000e+00,0.000000000000000000e+00,0.000000000000000000e+00,0.000000000000000000e+00,0.000000000000000000e+00,0.000000000000000000e+00,0.000000000000000000e+00,0.000000000000000000e+00
2.813119746003067245e+00,2.285461548054075465e+01,1.051963727574969809e+00,3.348396298669676502e-02,8.595802325547879930e-03,7.439154757442846266e-01,6.673789788068253959e-01,-9.897145513712533871e-04,-2.426130970541574006e-01,-2.168475214202718326e-01,2.417949237229891080e-01,-2.646080905866816102e-01,1.597014535781022260e-01,-6.049835941735896006e-01,-2.649263693288892996e-01,-1.978688148256914636e-01,3.349171012369339673e-01,6.351198764811866182e-02,1.685560712467773226e-01,-2.878578643917048541e-01,0.000000000000000000e+00,0.000000000000000000e+00,0.000000000000000000e+00,0.000000000000000000e+00,0.000000000000000000e+00,0.000000000000000000e+00,0.000000000000000000e+00,0.000000000000000000e+00,0.000000000000000000e+00,0.000000000000000000e+00,0.000000000000000000e+00,0.000000000000000000e+00,0.000000000000000000e+00,0.000000000000000000e+00,0.000000000000000000e+00,0.000000000000000000e+00
2.815330425392213787e+00,2.289372061834147232e+01,1.044708664923107211e+00,3.726075109460758733e-02,8.156014730407444221e-03,7.504102030525715561e-01,6.598709290506606928e-01,5.654992834680629132e-02,-2.422474817157286575e-01,-2.602096184894432396e-01,2.417455447170097638e-01,-2.937186361837798021e-01,1.447899574806248424e-01,-6.528019730820643352e-01,-2.626751433323149532e-01,-2.019529977940420773e-01,2.454865402648133410e-01,1.507142798773122849e-02,2.035552966855407320e-01,-3.257970638184838896e-01,0.000000000000000000e+00,0.000000000000000000e+00,0.000000000000000000e+00,0.000000000000000000e+00,0.000000000000000000e+00,0.000000000000000000e+00,0.000000000000000000e+00,0.000000000000000000e+00,0.000000000000000000e+00,0.000000000000000000e+00,0.000000000000000000e+00,0.000000000000000000e+00,0.000000000000000000e+00,0.000000000000000000e+00,0.000000000000000000e+00,0.000000000000000000e+00
2.818543199005212774e+00,2.293284073219279406e+01,1.035668289953464383e+00,3.431011313607721519e-02,1.324655942253995244e-02,7.496592902149845639e-01,6.608012510539167383e-01,9.489605203415620027e-02,-2.404018087238636581e-01,-2.892377947209709421e-01,2.400007352833100349e-01,-3.228516821145155369e-01,1.375666755751226988e-01,-6.978081237554646377e-01,-2.572085003467086128e-01,-2.070224903938672201e-01,1.898370526991902119e-01,-1.884064056580699031e-02,2.314610477624862717e-01,-3.480353443280660430e-01,0.000000000000000000e+00,0.000000000000000000e+00,0.000000000000000000e+00,0.000000000000000000e+00,0.000000000000000000e+00,0.000000000000000000e+00,0.000000000000000000e+00,0.000000000000000000e+00,0.000000000000000000e+00,0.000000000000000000e+00,0.000000000000000000e+00,0.000000000000000000e+00,0.000000000000000000e+00,0.000000000000000000e+00,0.000000000000000000e+00,0.000000000000000000e+00
2.822852259975936917e+00,2.297380208556527492e+01,1.023961945237269244e+00,3.351791542971682691e-02,2.127603665974100999e-02,7.516587121549703765e-01,6.583563321263284918e-01,1.340762399944699368e-01,-2.484461930973382859e-01,-3.438125525107189051e-01,2.464108295249907710e-01,-3.378682461074486998e-01,1.297118442729102705e-01,-7.152479924505185105e-01,-2.542646465925707533e-01,-2.019052499738011597e-01,1.747508895451865829e-01,-2.070951721163660775e-02,2.376605138959652086e-01,-3.662657282335481934e-01,0.000000000000000000e+00,0.000000000000000000e+00,0.000000000000000000e+00,0.000000000000000000e+00,0.000000000000000000e+00,0.000000000000000000e+00,0.000000000000000000e+00,0.000000000000000000e+00,0.000000000000000000e+00,0.000000000000000000e+00,0.000000000000000000e+00,0.000000000000000000e+00,0.000000000000000000e+00,0.000000000000000000e+00,0.000000000000000000e+00,0.000000000000000000e+00
2.827574494999222754e+00,2.301603388295844965e+01,1.009621691528612253e+00,3.650291880499024338e-02,2.813329659070365821e-02,7.576754420908055065e-01,6.510022880099266551e-01,1.755945645951011991e-01,-2.528628602662937874e-01,-3.701964925448652521e-01,2.716934396494743997e-01,-3.534495102859008808e-01,1.260821088341193552e-01,-7.065680692459881396e-01,-2.573295504522878363e-01,-1.976975821479125817e-01,1.943516953894598998e-01,-7.592451893868298884e-03,2.281273994308993247e-01,-3.832804442697737568e-01,0.000000000000000000e+00,0.000000000000000000e+00,0.000000000000000000e+00,0.000000000000000000e+00,0.000000000000000000e+00,0.000000000000000000e+00,0.000000000000000000e+00,0.000000000000000000e+00,0.000000000000000000e+00,0.000000000000000000e+00,0.000000000000000000e+00,0.000000000000000000e+00,0.000000000000000000e+00,0.000000000000000000e+00,0.000000000000000000e+00,0.000000000000000000e+00
2.832536042093172224e+00,2.305835154335607484e+01,9.946634471293476221e-01,3.497659340622175789e-02,3.147353717497871489e-02,7.627315664465090794e-01,6.450012495471979523e-01,2.090375751677367999e-01,-2.488714310329990798e-01,-4.043914477934686391e-01,3.060811787814647356e-01,-3.359719604871461152e-01,1.121567448254575522e-01,-6.822676418725215353e-01,-2.482479733330061888e-01,-1.979655209237822233e-01,2.305007952259313375e-01,1.540364871076690262e-02,2.013432947817298257e-01,-4.000633508802896587e-01,0.000000000000000000e+00,0.000000000000000000e+00,0.000000000000000000e+00,0.000000000000000000e+00,0.000000000000000000e+00,0.000000000000000000e+00,0.000000000000000000e+00,0.000000000000000000e+00,0.000000000000000000e+00,0.000000000000000000e+00,0.000000000000000000e+00,0.000000000000000000e+00,0.000000000000000000e+00,0.000000000000000000e+00,0.000000000000000000e+00,0.000000000000000000e+00
2.837617795012190136e+00,2.309881571196793715e+01,9.856957063095778127e-01,2.297356729166913705e-02,2.598478075540107401e-02,7.707301121492526885e-01,6.362170231936508102e-01,2.379181838989730402e-01,-2.154419297271349953e-01,-4.316888158703259259e-01,3.272924841526835826e-01,-2.315308731821572874e-01,6.443265463376890434e-02,-6.569493511530474228e-01,-2.177848509764815921e-01,-2.032123168070270880e-01,2.716871095331248598e-01,4.447185691635800048e-02,1.627548939077529677e-01,-4.232196602107599626e-01,0.000000000000000000e+00,0.000000000000000000e+00,0.000000000000000000e+00,0.000000000000000000e+00,0.000000000000000000e+00,0.000000000000000000e+00,0.000000000000000000e+00,0.000000000000000000e+00,0.000000000000000000e+00,0.000000000000000000e+00,0.000000000000000000e+00,0.000000000000000000e+00,0.000000000000000000e+00,0.000000000000000000e+00,0.000000000000000000e+00,0.000000000000000000e+00
2.843121536634718893e+00,2.313722780104033205e+01,9.794476829005842600e-01,3.639476639007908215e-03,1.809381862982876316e-02,7.754230072064332013e-01,6.311723440013180531e-01,2.384586269576709772e-01,-1.753611797596318633e-01,-4.604530790347913238e-01,3.563772877494963964e-01,-7.807346013709863530e-02,-1.806019803561087749e-03,-6.454231497072686619e-01,-1.723919061679338172e-01,-2.253119560416507738e-01,3.172107347033663594e-01,5.385014101213670551e-02,1.110618632696578206e-01,-4.257251974756169344e-01,0.000000000000000000e+00,0.000000000000000000e+00,0.000000000000000000e+00,0.000000000000000000e+00,0.000000000000000000e+00,0.000000000000000000e+00,0.000000000000000000e+00,0.000000000000000000e+00,0.000000000000000000e+00,0.000000000000000000e+00,0.000000000000000000e+00,0.000000000000000000e+00,0.000000000000000000e+00,0.000000000000000000e+00,0.000000000000000000e+00,0.000000000000000000e+00
2.848569572931677119e+00,2.317394379546312422e+01,9.763678429729557573e-01,-1.989488863311051833e-02,5.797013041037209387e-03,7.740112444021289839e-01,6.328326647583439879e-01,2.075987972213663435e-01,-1.191227600827754057e-01,-4.534017582612357988e-01,4.055864341655540661e-01,1.370074002999440155e-01,-8.087893368709503372e-02,-6.438384287327817423e-01,-1.223517981785342268e-01,-2.624676573425171466e-01,3.659237333934414194e-01,3.253079076301253203e-02,4.931082753601272184e-02,-4.061199956322107396e-01,0.000000000000000000e+00,0.000000000000000000e+00,0.000000000000000000e+00,0.000000000000000000e+00,0.000000000000000000e+00,0.000000000000000000e+00,0.000000000000000000e+00,0.000000000000000000e+00,0.000000000000000000e+00,0.000000000000000000e+00,0.000000000000000000e+00,0.000000000000000000e+00,0.000000000000000000e+00,0.000000000000000000e+00,0.000000000000000000e+00,0.000000000000000000e+00
2.853278932286486214e+00,2.321138718583747718e+01,9.776487056971314704e-01,-3.291849388211760125e-02,-1.617099250702224919e-03,7.665919310459564651e-01,6.412882105619739370e-01,1.646738274653050116e-01,-8.525330582379571365e-02,-4.221292250727431417e-01,4.581717576065588160e-01,3.366008948568092185e-01,-1.491157216131031304e-01,-6.298751813850356207e-01,-7.935631075047022698e-02,-2.708826870457922142e-01,3.986394270672296014e-01,4.610679098582551316e-03,-2.288350242350436787e-03,-3.670388119351772338e-01,0.000000000000000000e+00,0.000000000000000000e+00,0.000000000000000000e+00,0.000000000000000000e+00,0.000000000000000000e+00,0.000000000000000000e+00,0.000000000000000000e+00,0.000000000000000000e+00,0.000000000000000000e+00,0.000000000000000000e+00,0.000000000000000000e+00,0.000000000000000000e+00,0.000000000000000000e+00,0.000000000000000000e+00,0.000000000000000000e+00,0.000000000000000000e+00
2.857855295453819444e+00,2.325140520310732128e+01,9.856927841845390947e-01,-2.859572001054236715e-02,1.844367372605637719e-03,7.524855248143959008e-01,6.579851199312011234e-01,8.901819213895810490e-02,-8.348716634903714795e-02,-3.318679385879149124e-01,5.420467832926775253e-01,4.388471245016707378e-01,-1.470145666999519152e-01,-5.852398226047325069e-01,-5.454927848189178308e-02,-2.363162020050410539e-01,3.993364860218625578e-01,-2.880925524416506900e-02,-3.187861815211680966e-02,-3.018651455923969107e-01,0.000000000000000000e+00,0.000000000000000000e+00,0.000000000000000000e+00,0.000000000000000000e+00,0.000000000000000000e+00,0.000000000000000000e+00,0.000000000000000000e+00,0.000000000000000000e+00,0.000000000000000000e+00,0.000000000000000000e+00,0.000000000000000000e+00,0.000000000000000000e+00,0.000000000000000000e+00,0.000000000000000000e+00,0.000000000000000000e+00,0.000000000000000000e+00
2.863192564310035770e+00,2.329224767831697918e+01,9.978454888149604907e-01,-1.653618822029415125e-02,1.138996923576286908e-02,7.375292698595551366e-01,6.750165917815525995e-01,-1.554665195435428471e-02,-8.017668188268124718e-02,-2.022519540026588569e-01,6.417048421566204919e-01,4.450614257857967715e-01,-8.663197436880649971e-02,-5.234722854566308259e-01,-4.955959874365470363e-02,-1.913483293956106945e-01,3.774647612372289962e-01,-4.728564004667344667e-02,-3.787435778640250300e-02,-2.367516816336366903e-01,0.000000000000000000e+00,0.000000000000000000e+00,0.000000000000000000e+00,0.000000000000000000e+00,0.000000000000000000e+00,0.000000000000000000e+00,0.000000000000000000e+00,0.000000000000000000e+00,0.000000000000000000e+00,0.000000000000000000e+00,0.000000000000000000e+00,0.000000000000000000e+00,0.000000000000000000e+00,0.000000000000000000e+00,0.000000000000000000e+00,0.000000000000000000e+00
2.869095795309085872e+00,2.333209971919083614e+01,1.007831306977698071e+00,-3.868365590039046613e-03,1.724706033698242269e-02,7.222388137522679497e-01,6.914178697192540080e-01,-1.232949822083871522e-01,-6.552534631277417976e-02,-8.784002941387038244e-02,7.307412360922883598e-01,3.913766291251056795e-01,-2.189213804795765370e-02,-4.495150686122706407e-01,-4.459556242969735240e-02,-1.503238707803600804e-01,3.434896897105108038e-01,-6.113635042894799421e-02,-3.321638663599272429e-02,-1.695775736070922746e-01,0.000000000000000000e+00,0.000000000000000000e+00,0.000000000000000000e+00,0.000000000000000000e+00,0.000000000000000000e+00,0.000000000000000000e+00,0.000000000000000000e+00,0.000000000000000000e+00,0.000000000000000000e+00,0.000000000000000000e+00,0.000000000000000000e+00,0.000000000000000000e+00,0.000000000000000000e+00,0.000000000000000000e+00,0.000000000000000000e+00,0.000000000000000000e+00
2.874955572218066191e+00,2.337133002565739304e+01,1.014964089791669855e+00,4.952225041396231264e-03,1.921807477924370594e-02,7.028679750575328455e-01,7.110434239253193844e-01,-2.412558185711203285e-01,-4.404625092786291357e-02,1.601079229737889520e-02,7.879638899675415198e-01,2.967346477136960647e-01,5.084253366296684340e-02,-3.784481306572522463e-01,-3.097975716096419696e-02,-9.531061705075172252e-02,3.073830545640953149e-01,-7.101091325787665942e-02,-2.090413171232925055e-02,-9.742980375897725143e-02,0.000000000000000000e+00,0.000000000000000000e+00,0.000000000000000000e+00,0.000000000000000000e+00,0.000000000000000000e+00,0.000000000000000000e+00,0.000000000000000000e+00,0.000000000000000000e+00,0.000000000000000000e+00,0.000000000000000000e+00,0.000000000000000000e+00,0.000000000000000000e+00,0.000000000000000000e+00,0.000000000000000000e+00,0.000000000000000000e+00,0.000000000000000000e+00
2.880844800651421345e+00,2.340970502424348609e+01,1.019382676258792086e+00,1.316369065351560841e-02,1.926313935080146977e-02,6.826312390111083372e-01,7.303904710748142515e-01,-3.481692575937582190e-01,-1.598345811877570355e-02,9.779248694960644694e-02,7.901786643851981262e-01,1.871969217863777568e-01,8.866568634844843033e-02,-3.071179321629388115e-01,-2.105832603986090151e-02,-5.414804801378389487e-02,2.663840990444699131e-01,-7.039182435314575437e-02,-2.803877628555377644e-03,-2.687168870744185978e-02,0.000000000000000000e+00,0.000000000000000000e+00,0.000000000000000000e+00,0.000000000000000000e+00,0.000000000000000000e+00,0.000000000000000000e+00,0.000000000000000000e+00,0.000000000000000000e+00,0.000000000000000000e+00,0.000000000000000000e+00,0.000000000000000000e+00,0.000000000000000000e+00,0.000000000000000000e+00,0.000000000000000000e+00,0.000000000000000000e+00,0.000000000000000000e+00
2.886737648400179435e+00,2.344772531124199944e+01,1.021128811659387070e+00,1.674186708689653566e-02,1.634956422432157219e-02,6.577750730050457850e-01,7.528508185353360860e-01,-4.384193744558448902e-01,1.500939249109801976e-02,1.521086265342864452e-01,7.277199289040883201e-01,9.671672199386857627e-02,1.028635962356004435e-01,-2.442530240171071898e-01,-7.211821080183332400e-03,-1.536627845323815938e-02,2.328005425534401540e-01,-6.989454846497826501e-02,2.228230678551221949e-02,4.670163543492501790e-02,0.000000000000000000e+00,0.000000000000000000e+00,0.000000000000000000e+00,0.000000000000000000e+00,0.000000000000000000e+00,0.000000000000000000e+00,0.000000000000000000e+00,0.000000000000000000e+00,0.000000000000000000e+00,0.000000000000000000e+00,0.000000000000000000e+00,0.000000000000000000e+00,0.000000000000000000e+00,0.000000000000000000e+00,0.000000000000000000e+00,0.000000000000000000e+00
2.892664305683730230e+00,2.348611905622185247e+01,1.018465909871302255e+00,1.001336687126599956e-02,1.048601381797196162e-02,6.309091568173237352e-01,7.757212204407998302e-01,-4.977990421618752048e-01,5.142178268504803140e-02,1.828281089035356244e-01,6.176250769415435604e-01,5.680056257596015346e-02,9.039274676772292294e-02,-1.892666894892239549e-01,2.153428732447746144e-02,2.799222585937245766e-02,1.987990293358689875e-01,-7.686348763752365310e-02,4.212570227550910262e-02,1.137145140512995228e-01,0.000000000000000000e+00,0.000000000000000000e+00,0.000000000000000000e+00,0.000000000000000000e+00,0.000000000000000000e+00,0.000000000000000000e+00,0.000000000000000000e+00,0.000000000000000000e+00,0.000000000000000000e+00,0.000000000000000000e+00,0.000000000000000000e+00,0.000000000000000000e+00,0.000000000000000000e+00,0.000000000000000000e+00,0.000000000000000000e+00,0.000000000000000000e+00
2.899280253648417016e+00,2.352499641975444433e+01,1.013377888454832787e+00,-3.734500483725290698e-04,4.723716996783517905e-03,6.042065843143187287e-01,7.968136234427843911e-01,-5.459463040343582874e-01,8.773449065880570275e-02,2.083750464788786116e-01,5.010592527654517125e-01,1.496704821686943576e-02,7.166032364967858670e-02,-1.424746532992033632e-01,4.977970602747265605e-02,7.183123666621953063e-02,1.822694533266732142e-01,-9.821904404297704394e-02,5.400796290322964349e-02,1.751771555083505294e-01,0.000000000000000000e+00,0.000000000000000000e+00,0.000000000000000000e+00,0.000000000000000000e+00,0.000000000000000000e+00,0.000000000000000000e+00,0.000000000000000000e+00,0.000000000000000000e+00,0.000000000000000000e+00,0.000000000000000000e+00,0.000000000000000000e+00,0.000000000000000000e+00,0.000000000000000000e+00,0.000000000000000000e+00,0.000000000000000000e+00,0.000000000000000000e+00
2.906625718487557908e+00,2.356408585112983900e+01,1.007284378856157625e+00,-8.503003871995994806e-03,2.565891046527847379e-03,5.849401496377153453e-01,8.110278271860327237e-01,-5.863872107323412353e-01,1.158429904484143680e-01,2.318765379096686396e-01,3.672059900183428649e-01,-3.141687777522937652e-02,3.430868042652452515e-02,-9.665408712988107776e-02,6.750318610967379063e-02,1.173299582682415243e-01,1.703022179206491737e-01,-1.159717489110224514e-01,5.366030190349015822e-02,2.179526862128625675e-01,0.000000000000000000e+00,0.000000000000000000e+00,0.000000000000000000e+00,0.000000000000000000e+00,0.000000000000000000e+00,0.000000000000000000e+00,0.000000000000000000e+00,0.000000000000000000e+00,0.000000000000000000e+00,0.000000000000000000e+00,0.000000000000000000e+00,0.000000000000000000e+00,0.000000000000000000e+00,0.000000000000000000e+00,0.000000000000000000e+00,0.000000000000000000e+00
2.914452334810444967e+00,2.360271243471078861e+01,1.001193600388220029e+00,-1.344228465415757412e-02,3.951959867173383129e-03,5.696227090633213530e-01,8.217868679383043551e-01,-6.348216581083733212e-01,1.343451197188948454e-01,2.494427467352412497e-01,2.745088903717728401e-01,-6.832417638391147241e-02,5.659044613392630318e-03,-5.684107619910167691e-02,7.275167749522418181e-02,1.550231950259317315e-01,1.679563205793803971e-01,-1.418248427358105301e-01,4.879372000029392337e-02,2.550909633239512586e-01,0.000000000000000000e+00,0.000000000000000000e+00,0.000000000000000000e+00,0.000000000000000000e+00,0.000000000000000000e+00,0.000000000000000000e+00,0.000000000000000000e+00,0.000000000000000000e+00,0.000000000000000000e+00,0.000000000000000000e+00,0.000000000000000000e+00,0.000000000000000000e+00,0.000000000000000000e+00,0.000000000000000000e+00,0.000000000000000000e+00,0.000000000000000000e+00
2.922490527166613283e+00,2.364131586022117304e+01,9.938888815627778817e-01,-1.911725121781839010e-02,8.096418685338203913e-03,5.566836171109703635e-01,8.304651281965990117e-01,-6.771357195108992366e-01,1.404087433779022120e-01,2.475644743142028648e-01,1.892757333597294145e-01,-9.235003645249800774e-02,-1.415445680851582823e-02,-2.536438157911797414e-02,7.163234835964669978e-02,1.802962299648625255e-01,1.706010633366213114e-01,-1.747739754307263138e-01,4.404074253157228697e-02,2.825216121776009670e-01,0.000000000000000000e+00,0.000000000000000000e+00,0.000000000000000000e+00,0.000000000000000000e+00,0.000000000000000000e+00,0.000000000000000000e+00,0.000000000000000000e+00,0.000000000000000000e+00,0.000000000000000000e+00,0.000000000000000000e+00,0.000000000000000000e+00,0.000000000000000000e+00,0.000000000000000000e+00,0.000000000000000000e+00,0.000000000000000000e+00,0.000000000000000000e+00
2.930603343354813095e+00,2.368065916706467178e+01,9.851481622626505619e-01,-2.471923506708326168e-02,1.052426371997715326e-02,5.455680960033286730e-01,8.376357513347636452e-01,-7.018557389193940121e-01,1.491877400920110508e-01,2.524942503301826346e-01,1.504000200576414426e-01,-9.226545802787587680e-02,-2.108075742453187351e-02,6.293847331949965762e-03,7.093137523003080480e-02,1.974487783808486774e-01,1.840368644080739857e-01,-2.030443606642435839e-01,4.058554443610959406e-02,3.103161210810875259e-01,0.000000000000000000e+00,0.000000000000000000e+00,0.000000000000000000e+00,0.000000000000000000e+00,0.000000000000000000e+00,0.000000000000000000e+00,0.000000000000000000e+00,0.000000000000000000e+00,0.000000000000000000e+00,0.000000000000000000e+00,0.000000000000000000e+00,0.000000000000000000e+00,0.000000000000000000e+00,0.000000000000000000e+00,0.000000000000000000e+00,0.000000000000000000e+00
2.938417869592913956e+00,2.372114504463110762e+01,9.754549946796121640e-01,-2.715288317433645071e-02,9.990016967954503876e-03,5.315923942339965125e-01,8.465060229489620447e-01,-7.083860167246948114e-01,1.621696465493541739e-01,2.615728059387848470e-01,1.695461334156403987e-01,-7.674428423850242209e-02,-1.286012172965840875e-02,3.851564541792339147e-02,6.755838443401017412e-02,2.324733856398223386e-01,2.104337715551097832e-01,-2.049257987862364017e-01,4.796691723526885082e-02,3.404897676708891763e-01,0.000000000000000000e+00,0.000000000000000000e+00,0.000000000000000000e+00,0.000000000000000000e+00,0.000000000000000000e+00,0.000000000000000000e+00,0.000000000000000000e+00,0.000000000000000000e+00,0.000000000000000000e+00,0.000000000000000000e+00,0.000000000000000000e+00,0.000000000000000000e+00,0.000000000000000000e+00,0.000000000000000000e+00,0.000000000000000000e+00,0.000000000000000000e+00
2.945589094314304823e+00,2.376200943888030181e+01,9.650198179834824641e-01,-2.491448387032152434e-02,8.318581743298889691e-03,5.226267907035171412e-01,8.521568560600791820e-01,-7.001646820859296350e-01,1.638194822515183224e-01,2.746648227526642394e-01,2.208350783981420096e-01,-5.110407070053788608e-02,9.278105319077680976e-03,7.328824127986086068e-02,5.751557975021591440e-02,2.635399477100311416e-01,2.466198035915451447e-01,-1.789059827649918943e-01,6.254352536061411061e-02,3.608835412802089415e-01,0.000000000000000000e+00,0.000000000000000000e+00,0.000000000000000000e+00,0.000000000000000000e+00,0.000000000000000000e+00,0.000000000000000000e+00,0.000000000000000000e+00,0.000000000000000000e+00,0.000000000000000000e+00,0.000000000000000000e+00,0.000000000000000000e+00,0.000000000000000000e+00,0.000000000000000000e+00,0.000000000000000000e+00,0.000000000000000000e+00,0.000000000000000000e+00
2.951870633852889281e+00,2.380213742199187266e+01,9.552952666322653830e-01,-1.763494217041084583e-02,1.401297075842264026e-02,5.161214078555986795e-01,8.562192113111721792e-01,-6.866576056037215769e-01,1.425998515333767036e-01,2.913091910167688314e-01,2.767974861028946187e-01,-2.579551158641022607e-02,4.046197311154818566e-02,9.797840771198998433e-02,2.793595397887227438e-02,3.093165977855549809e-01,2.797973594594432845e-01,-9.943619152823969520e-02,1.083991555057339101e-01,3.779848938617068055e-01,0.000000000000000000e+00,0.000000000000000000e+00,0.000000000000000000e+00,0.000000000000000000e+00,0.000000000000000000e+00,0.000000000000000000e+00,0.000000000000000000e+00,0.000000000000000000e+00,0.000000000000000000e+00,0.000000000000000000e+00,0.000000000000000000e+00,0.000000000000000000e+00,0.000000000000000000e+00,0.000000000000000000e+00,0.000000000000000000e+00,0.000000000000000000e+00
2.957336399200077626e+00,2.384035996433719617e+01,9.472771802391798390e-01,-7.906213851582261781e-03,2.579699491238679476e-02,5.139537250418956260e-01,8.573934775536746766e-01,-6.808644694069102554e-01,9.843448805524082634e-02,3.099477466119247016e-01,3.328484418963474911e-01,-9.740865031600376422e-03,8.137990700452943371e-02,1.087026984282561809e-01,-2.380661890183171162e-02,3.154733464977514945e-01,3.138928902436020629e-01,4.577481013909685120e-02,1.670713497158441418e-01,3.892915193148483999e-01,0.000000000000000000e+00,0.000000000000000000e+00,0.000000000000000000e+00,0.000000000000000000e+00,0.000000000000000000e+00,0.000000000000000000e+00,0.000000000000000000e+00,0.000000000000000000e+00,0.000000000000000000e+00,0.000000000000000000e+00,0.000000000000000000e+00,0.000000000000000000e+00,0.000000000000000000e+00,0.000000000000000000e+00,0.000000000000000000e+00,0.000000000000000000e+00
2.962853951959147913e+00,2.387738798250677164e+01,9.454516363162129844e-01,-1.362599978247796065e-03,4.126655961395965522e-02,5.211344487945457349e-01,8.524752786201675869e-01,-6.752306355007899885e-01,4.240841538659523291e-02,3.174766395763958804e-01,3.735407237987360962e-01,6.113573006870376414e-05,1.217855028360552844e-01,1.008893364499164336e-01,-7.672340495052309972e-02,2.984123309319419159e-01,3.637866764790066432e-01,2.427600397438493818e-01,2.278296792847063768e-01,3.869432953869796910e-01,0.000000000000000000e+00,0.000000000000000000e+00,0.000000000000000000e+00,0.000000000000000000e+00,0.000000000000000000e+00,0.000000000000000000e+00,0.000000000000000000e+00,0.000000000000000000e+00,0.000000000000000000e+00,0.000000000000000000e+00,0.000000000000000000e+00,0.000000000000000000e+00,0.000000000000000000e+00,0.000000000000000000e+00,0.000000000000000000e+00,0.000000000000000000e+00
2.969533406534974329e+00,2.391455778715037539e+01,9.487291034395493039e-01,-1.027221303352409201e-03,5.084221878730381394e-02,5.349466497741015569e-01,8.433540748111928442e-01,-6.585545867152344801e-01,-8.250714759171780266e-03,2.969915163808469760e-01,3.935826775711911418e-01,-1.683673835482972503e-02,1.590414007582541811e-01,7.982528672351715815e-02,-9.809974876561577961e-02,2.553582775298616214e-01,4.252658800536456285e-01,4.358111474452830980e-01,2.597107617290115855e-01,3.656069543800821720e-01,0.000000000000000000e+00,0.000000000000000000e+00,0.000000000000000000e+00,0.000000000000000000e+00,0.000000000000000000e+00,0.000000000000000000e+00,0.000000000000000000e+00,0.000000000000000000e+00,0.000000000000000000e+00,0.000000000000000000e+00,0.000000000000000000e+00,0.000000000000000000e+00,0.000000000000000000e+00,0.000000000000000000e+00,0.000000000000000000e+00,0.000000000000000000e+00
2.973365964158057206e+00,2.395593400316361610e+01,9.569868740478374436e-01,2.039618575298170200e-03,4.954727400861647091e-02,5.550178525869110535e-01,8.303590132612497232e-01,-6.053535407557482095e-01,-6.290698932407856603e-02,2.582501971562850551e-01,3.895702764227636505e-01,-5.522629575448560063e-02,1.909708356913418226e-01,2.245718656574030928e-02,-1.059842711014780947e-01,1.960321770938802111e-01,5.580879862443559603e-01,4.950468237801705085e-01,2.529595176922089239e-01,3.186709293879347871e-01,0.000000000000000000e+00,0.000000000000000000e+00,0.000000000000000000e+00,0.000000000000000000e+00,0.000000000000000000e+00,0.000000000000000000e+00,0.000000000000000000e+00,0.000000000000000000e+00,0.000000000000000000e+00,0.000000000000000000e+00,0.000000000000000000e+00,0.000000000000000000e+00,0.000000000000000000e+00,0.000000000000000000e+00,0.000000000000000000e+00,0.000000000000000000e+00
2.977167150803543993e+00,2.399689689599803089e+01,9.692432493440652497e-01,-7.518234322546647752e-04,4.089568328154546267e-02,5.774958449745503097e-01,8.153683381684576625e-01,-5.333597266718194119e-01,-9.458998405230445439e-02,1.979099798689981093e-01,3.635571214896800019e-01,-9.306926827690012449e-02,2.087562026104096968e-01,-6.485493382044216215e-02,-9.529465843192341801e-02,1.101869051278566158e-01,6.559547389291190411e-01,4.948142038794170472e-01,1.914343361104101637e-01,2.487777404603339348e-01,0.000000000000000000e+00,0.000000000000000000e+00,0.000000000000000000e+00,0.000000000000000000e+00,0.000000000000000000e+00,0.000000000000000000e+00,0.000000000000000000e+00,0.000000000000000000e+00,0.000000000000000000e+00,0.000000000000000000e+00,0.000000000000000000e+00,0.000000000000000000e+00,0.000000000000000000e+00,0.000000000000000000e+00,0.000000000000000000e+00,0.000000000000000000e+00
2.979980613848180582e+00,2.403609602291368219e+01,9.803150727661062991e-01,-5.324466094516439735e-03,3.127477047522883580e-02,5.984543756091504907e-01,8.005285123634210409e-01,-4.587033859182124695e-01,-1.103484424330848923e-01,1.410461108470048019e-01,3.293684630436236604e-01,-1.228760698322433204e-01,2.142645791193968363e-01,-1.682344219625661053e-01,-8.193543671394162842e-02,3.238220019858085996e-02,7.233012750991559825e-01,4.618427036243127337e-01,1.395704629417834908e-01,1.761603488159061148e-01,0.000000000000000000e+00,0.000000000000000000e+00,0.000000000000000000e+00,0.000000000000000000e+00,0.000000000000000000e+00,0.000000000000000000e+00,0.000000000000000000e+00,0.000000000000000000e+00,0.000000000000000000e+00,0.000000000000000000e+00,0.000000000000000000e+00,0.000000000000000000e+00,0.000000000000000000e+00,0.000000000000000000e+00,0.000000000000000000e+00,0.000000000000000000e+00
2.982344890886790889e+00,2.407436326965540019e+01,9.861701076909530350e-01,-1.745012107743882171e-03,2.121504841333094263e-02,6.215531652275223529e-01,7.830827155857874589e-01,-3.793387013278889386e-01,-1.361200410475851275e-01,8.091368099853270268e-02,3.046077806586253711e-01,-1.539691222515035540e-01,2.112754480974443350e-01,-2.820607757181590181e-01,-1.035021400264855007e-01,-5.036660014357854237e-02,7.897280248352980259e-01,3.745795445423549253e-01,9.785149133397415266e-02,1.011631621124091385e-01,0.000000000000000000e+00,0.000000000000000000e+00,0.000000000000000000e+00,0.000000000000000000e+00,0.000000000000000000e+00,0.000000000000000000e+00,0.000000000000000000e+00,0.000000000000000000e+00,0.000000000000000000e+00,0.000000000000000000e+00,0.000000000000000000e+00,0.000000000000000000e+00,0.000000000000000000e+00,0.000000000000000000e+00,0.000000000000000000e+00,0.000000000000000000e+00
2.984787405619886425e+00,2.411200127619387956e+01,9.894217625868721999e-01,3.226530225028423002e-03,1.698982997478842849e-02,6.431232858952542486e-01,7.655673545282776216e-01,-3.013656750117843508e-01,-1.643059003130225570e-01,1.649777638775787314e-02,2.680712644109764509e-01,-1.686843705232541069e-01,1.928801301706032922e-01,-3.805658076082277796e-01,-1.426072532773295654e-01,-1.219504820773514020e-01,8.042191093693793480e-01,3.105598341561264242e-01,7.418891133873214971e-02,2.747796319518685734e-02,0.000000000000000000e+00,0.000000000000000000e+00,0.000000000000000000e+00,0.000000000000000000e+00,0.000000000000000000e+00,0.000000000000000000e+00,0.000000000000000000e+00,0.000000000000000000e+00,0.000000000000000000e+00,0.000000000000000000e+00,0.000000000000000000e+00,0.000000000000000000e+00,0.000000000000000000e+00,0.000000000000000000e+00,0.000000000000000000e+00,0.000000000000000000e+00
2.986891169159699544e+00,2.414945989175621932e+01,9.892358583264603267e-01,1.024908891541748829e-02,1.368159206690426621e-02,6.672478297287638416e-01,7.446395798889373641e-01,-2.280055686629517964e-01,-1.911480871431220363e-01,-4.340718250128300371e-02,2.481638435976898927e-01,-1.917502106446746790e-01,1.861029853527411959e-01,-4.558632218802956548e-01,-1.959186893021876152e-01,-1.864226827879212622e-01,7.424157386788738933e-01,2.467659855795450441e-01,6.547638067891231595e-02,-4.463433769291238334e-02,0.000000000000000000e+00,0.000000000000000000e+00,0.000000000000000000e+00,0.000000000000000000e+00,0.000000000000000000e+00,0.000000000000000000e+00,0.000000000000000000e+00,0.000000000000000000e+00,0.000000000000000000e+00,0.000000000000000000e+00,0.000000000000000000e+00,0.000000000000000000e+00,0.000000000000000000e+00,0.000000000000000000e+00,0.000000000000000000e+00,0.000000000000000000e+00
2.989416038400066533e+00,2.418717474118541944e+01,9.861779190712282039e-01,1.973912362024706629e-02,1.319115684267388629e-02,6.863964525852531695e-01,7.268399206553234349e-01,-1.568319396227827733e-01,-2.174180375624631956e-01,-9.646682781752045910e-02,2.330654060009511863e-01,-2.098883467247320833e-01,1.761612123915423656e-01,-5.077526409693816634e-01,-2.371970553879483301e-01,-2.235864899715535314e-01,6.511482070386803711e-01,2.054165663239702067e-01,7.480057087447877784e-02,-1.082211577049782686e-01,0.000000000000000000e+00,0.000000000000000000e+00,0.000000000000000000e+00,0.000000000000000000e+00,0.000000000000000000e+00,0.000000000000000000e+00,0.000000000000000000e+00,0.000000000000000000e+00,0.000000000000000000e+00,0.000000000000000000e+00,0.000000000000000000e+00,0.000000000000000000e+00,0.000000000000000000e+00,0.000000000000000000e+00,0.000000000000000000e+00,0.000000000000000000e+00
2.992524395435085083e+00,2.422602118362517842e+01,9.807679864556986260e-01,2.649199657221520260e-02,1.736103482306334753e-02,7.086134017835341581e-01,7.048856754114509737e-01,-9.415024013400158376e-02,-2.421599974218218154e-01,-1.632638050511158734e-01,2.221429242964759743e-01,-2.406010681329503742e-01,1.746207027265157807e-01,-5.483141284522705661e-01,-2.695541197861129890e-01,-2.282186628767127745e-01,5.397086898932292875e-01,1.513775199999102261e-01,9.925771217914859668e-02,-1.784302761400694270e-01,0.000000000000000000e+00,0.000000000000000000e+00,0.000000000000000000e+00,0.000000000000000000e+00,0.000000000000000000e+00,0.000000000000000000e+00,0.000000000000000000e+00,0.000000000000000000e+00,0.000000000000000000e+00,0.000000000000000000e+00,0.000000000000000000e+00,0.000000000000000000e+00,0.000000000000000000e+00,0.000000000000000000e+00,0.000000000000000000e+00,0.000000000000000000e+00
2.996607910960382259e+00,2.426563918473247128e+01,9.738678271696967759e-01,3.574821549692278055e-02,1.906086082230877554e-02,7.280222865682023370e-01,6.843553893508143027e-01,-2.954953199725625021e-02,-2.597049182412667356e-01,-2.262704080396434336e-01,2.264936369447151376e-01,-2.693132194005350422e-01,1.771034082967630763e-01,-5.857801029584260855e-01,-2.923870772690500552e-01,-2.119945885283013309e-01,4.223284465120580866e-01,1.093734367026360788e-01,1.398625972298470910e-01,-2.353556535563617325e-01,0.000000000000000000e+00,0.000000000000000000e+00,0.000000000000000000e+00,0.000000000000000000e+00,0.000000000000000000e+00,0.000000000000000000e+00,0.000000000000000000e+00,0.000000000000000000e+00,0.000000000000000000e+00,0.000000000000000000e+00,0.000000000000000000e+00,0.000000000000000000e+00,0.000000000000000000e+00,0.000000000000000000e+00,0.000000000000000000e+00,0.000000000000000000e+00
3.001729058878865430e+00,2.430469581307857396e+01,9.672106276087415466e-01,4.070886800654346938e-02,2.025605754049277646e-02,7.418727808978853311e-01,6.689972026558709262e-01,2.783187663135704842e-02,-2.596576516588389172e-01,-2.719100779903360077e-01,2.278817417925971811e-01,-2.933727046435268826e-01,1.667090554661208868e-01,-6.270579453148148463e-01,-3.073537974125655770e-01,-2.122387258924704478e-01,3.072199974234720021e-01,5.338518991891810783e-02,1.869345818630402112e-01,-2.787776755023020914e-01,0.000000000000000000e+00,0.000000000000000000e+00,0.000000000000000000e+00,0.000000000000000000e+00,0.000000000000000000e+00,0.000000000000000000e+00,0.000000000000000000e+00,0.000000000000000000e+00,0.000000000000000000e+00,0.000000000000000000e+00,0.000000000000000000e+00,0.000000000000000000e+00,0.000000000000000000e+00,0.000000000000000000e+00,0.000000000000000000e+00,0.000000000000000000e+00
3.007825429497320346e+00,2.434334063736363873e+01,9.583964456686202560e-01,4.489662254828520604e-02,2.383893245954351106e-02,7.493862181089286922e-01,6.601789868598846311e-01,7.600795196213512572e-02,-2.596984631118109399e-01,-3.084636317460415778e-01,2.358680324500012637e-01,-3.312485709806611278e-01,1.552346327676769611e-01,-6.692838225217775383e-01,-3.126327147340265400e-01,-2.092147219836847372e-01,2.189306008758095112e-01,1.976224367658770825e-02,2.292881464572957273e-01,-3.066761584672837437e-01,0.000000000000000000e+00,0.000000000000000000e+00,0.000000000000000000e+00,0.000000000000000000e+00,0.000000000000000000e+00,0.000000000000000000e+00,0.000000000000000000e+00,0.000000000000000000e+00,0.000000000000000000e+00,0.000000000000000000e+00,0.000000000000000000e+00,0.000000000000000000e+00,0.000000000000000000e+00,0.000000000000000000e+00,0.000000000000000000e+00,0.000000000000000000e+00
3.014573845992313927e+00,2.438225621807252352e+01,9.474594573853735158e-01,4.518875587286257101e-02,3.086816337733439691e-02,7.513669492955973306e-01,6.576114660942287138e-01,1.088700698697923491e-01,-2.615573498656842411e-01,-3.404592645506627768e-01,2.513712776964011630e-01,-3.681401418332401754e-01,1.464726990305930121e-01,-7.010255008682300115e-01,-3.114784152500760239e-01,-2.048022877722174284e-01,1.686057398639389526e-01,4.047999260399302857e-03,2.526785201659320079e-01,-3.192627062518239023e-01,0.000000000000000000e+00,0.000000000000000000e+00,0.000000000000000000e+00,0.000000000000000000e+00,0.000000000000000000e+00,0.000000000000000000e+00,0.000000000000000000e+00,0.000000000000000000e+00,0.000000000000000000e+00,0.000000000000000000e+00,0.000000000000000000e+00,0.000000000000000000e+00,0.000000000000000000e+00,0.000000000000000000e+00,0.000000000000000000e+00,0.000000000000000000e+00
3.022196539160018514e+00,2.442278283537442718e+01,9.331713168447979267e-01,4.900891026033367404e-02,3.765267430356857709e-02,7.556210037474834218e-01,6.520868818865550587e-01,1.432534919443964605e-01,-2.715639268896624103e-01,-3.827294212488709935e-01,2.940626034583934678e-01,-4.066423084501771812e-01,1.443726676383304819e-01,-7.123326975581952825e-01,-3.173295406658514506e-01,-1.822177112368621454e-01,1.655353599001180842e-01,1.197910535241726582e-02,2.593248368742465670e-01,-3.342187401553647907e-01,0.000000000000000000e+00,0.000000000000000000e+00,0.000000000000000000e+00,0.000000000000000000e+00,0.000000000000000000e+00,0.000000000000000000e+00,0.000000000000000000e+00,0.000000000000000000e+00,0.000000000000000000e+00,0.000000000000000000e+00,0.000000000000000000e+00,0.000000000000000000e+00,0.000000000000000000e+00,0.000000000000000000e+00,0.000000000000000000e+00,0.000000000000000000e+00
3.028942390639523641e+00,2.446394609139718312e+01,9.167937130954845193e-01,5.304097131996222264e-02,4.267088156400462157e-02,7.608276648312058965e-01,6.453736248526741326e-01,1.833563130135884289e-01,-2.744445683288623261e-01,-4.063336769499100720e-01,3.386019559038746518e-01,-4.321930362120834923e-01,1.433569785576925548e-01,-6.996289444367718158e-01,-3.194319316810442233e-01,-1.583346715426708351e-01,1.960658159028704772e-01,2.782887816923196311e-02,2.497304961828440695e-01,-3.484720550460446153e-01,0.000000000000000000e+00,0.000000000000000000e+00,0.000000000000000000e+00,0.000000000000000000e+00,0.000000000000000000e+00,0.000000000000000000e+00,0.000000000000000000e+00,0.000000000000000000e+00,0.000000000000000000e+00,0.000000000000000000e+00,0.000000000000000000e+00,0.000000000000000000e+00,0.000000000000000000e+00,0.000000000000000000e+00,0.000000000000000000e+00,0.000000000000000000e+00
3.035839638141947461e+00,2.450397238386302590e+01,9.007209460024985237e-01,5.088539451506891159e-02,4.192065089909675912e-02,7.682496767700724982e-01,6.367462365777445399e-01,2.095245500242158276e-01,-2.561038490362904096e-01,-4.224910535060413252e-01,3.903087940680719514e-01,-4.020921743741914245e-01,1.199236288662798855e-01,-6.789746980195335846e-01,-3.115957611256802706e-01,-1.605905284288001722e-01,2.420427311877104970e-01,6.166266575504843195e-02,2.243927154399851520e-01,-3.631072020506360132e-01,0.000000000000000000e+00,0.000000000000000000e+00,0.000000000000000000e+00,0.000000000000000000e+00,0.000000000000000000e+00,0.000000000000000000e+00,0.000000000000000000e+00,0.000000000000000000e+00,0.000000000000000000e+00,0.000000000000000000e+00,0.000000000000000000e+00,0.000000000000000000e+00,0.000000000000000000e+00,0.000000000000000000e+00,0.000000000000000000e+00,0.000000000000000000e+00
3.042488691073305773e+00,2.454042577467663833e+01,8.901841587996741634e-01,3.265456979012354433e-02,3.374571246897705573e-02,7.741055251028650108e-01,6.313125548941669329e-01,2.115442747857971262e-01,-2.089740246777751498e-01,-4.323756100580291584e-01,4.278628241522747788e-01,-2.679066856299330834e-01,6.344979730745092805e-02,-6.691641030155945913e-01,-2.770701875582022300e-01,-1.726682508082412193e-01,2.911647477621687186e-01,8.215052965393451756e-02,1.843451210795137574e-01,-3.719140048427040379e-01,0.000000000000000000e+00,0.000000000000000000e+00,0.000000000000000000e+00,0.000000000000000000e+00,0.000000000000000000e+00,0.000000000000000000e+00,0.000000000000000000e+00,0.000000000000000000e+00,0.000000000000000000e+00,0.000000000000000000e+00,0.000000000000000000e+00,0.000000000000000000e+00,0.000000000000000000e+00,0.000000000000000000e+00,0.000000000000000000e+00,0.000000000000000000e+00
3.048698036528112887e+00,2.457375963839896116e+01,8.832349376244420514e-01,8.666426222337509158e-03,2.275442333777791259e-02,7.752344960112240724e-01,6.312040917716879029e-01,2.018670720364702242e-01,-1.571938852756218363e-01,-4.387222589507240866e-01,4.562118993952746782e-01,-8.656794407983822714e-02,3.427308169872177526e-03,-6.685392457176682068e-01,-2.309432151132724542e-01,-1.970297112413134100e-01,3.531813680401386102e-01,8.813374830320924724e-02,1.230949538608042126e-01,-3.672665710487900137e-01,0.000000000000000000e+00,0.000000000000000000e+00,0.000000000000000000e+00,0.000000000000000000e+00,0.000000000000000000e+00,0.000000000000000000e+00,0.000000000000000000e+00,0.000000000000000000e+00,0.000000000000000000e+00,0.000000000000000000e+00,0.000000000000000000e+00,0.000000000000000000e+00,0.000000000000000000e+00,0.000000000000000000e+00,0.000000000000000000e+00,0.000000000000000000e+00
3.054745436586170371e+00,2.460507636383346508e+01,8.810753364782718533e-01,-1.081057363154433286e-02,1.241973659122907331e-02,7.707821451861350814e-01,6.368859916052648229e-01,1.768315943955625358e-01,-1.111963812415474873e-01,-4.136947413948229291e-01,4.934499731671324607e-01,9.471138987848785884e-02,-5.206322714674594537e-02,-6.703343276374468251e-01,-1.911184403303246571e-01,-2.294067385602523990e-01,4.142275404728145705e-01,7.456766735195652362e-02,6.168397943063283484e-02,-3.491742374283203776e-01,0.000000000000000000e+00,0.000000000000000000e+00,0.000000000000000000e+00,0.000000000000000000e+00,0.000000000000000000e+00,0.000000000000000000e+00,0.000000000000000000e+00,0.000000000000000000e+00,0.000000000000000000e+00,0.000000000000000000e+00,0.000000000000000000e+00,0.000000000000000000e+00,0.000000000000000000e+00,0.000000000000000000e+00,0.000000000000000000e+00,0.000000000000000000e+00
3.060476768509948098e+00,2.463579237887553219e+01,8.843236917203888270e-01,-1.964175452567567398e-02,6.844350375545083659e-03,7.620590448238507841e-01,6.471733682323850267e-01,1.330682330022537052e-01,-8.389952114284397744e-02,-3.644012288543590494e-01,5.498680105262970796e-01,2.393924440167279344e-01,-7.984472898713912414e-02,-6.597348046875899374e-01,-1.583319475330280113e-01,-2.320044447418096456e-01,4.545786147093257012e-01,5.196896334540800078e-02,1.379923432937459060e-02,-3.229497358274048824e-01,0.000000000000000000e+00,0.000000000000000000e+00,0.000000000000000000e+00,0.000000000000000000e+00,0.000000000000000000e+00,0.000000000000000000e+00,0.000000000000000000e+00,0.000000000000000000e+00,0.000000000000000000e+00,0.000000000000000000e+00,0.000000000000000000e+00,0.000000000000000000e+00,0.000000000000000000e+00,0.000000000000000000e+00,0.000000000000000000e+00,0.000000000000000000e+00
3.066453497233259995e+00,2.466615014442864862e+01,8.914240836777315158e-01,-1.801465944502964045e-02,5.803226467273416012e-03,7.519084719629768321e-01,6.589957848104572857e-01,7.060607762216780658e-02,-7.271114948919620014e-02,-2.946003769492543389e-01,6.166128732355165010e-01,3.268000438507346894e-01,-7.829560390633032163e-02,-6.286835158536900892e-01,-1.329152966867682695e-01,-2.130600494201394801e-01,4.631470893912722486e-01,2.582313418617613460e-02,-1.078483560633367727e-02,-2.850267897511017945e-01,0.000000000000000000e+00,0.000000000000000000e+00,0.000000000000000000e+00,0.000000000000000000e+00,0.000000000000000000e+00,0.000000000000000000e+00,0.000000000000000000e+00,0.000000000000000000e+00,0.000000000000000000e+00,0.000000000000000000e+00,0.000000000000000000e+00,0.000000000000000000e+00,0.000000000000000000e+00,0.000000000000000000e+00,0.000000000000000000e+00,0.000000000000000000e+00
3.072982214533140688e+00,2.469585082516760011e+01,9.026900498565206821e-01,-7.316369870760116439e-03,1.073163924548179923e-02,7.365168559095740530e-01,6.762944799509273963e-01,-1.583344261100033679e-02,-7.069630441587643199e-02,-2.064109552861634889e-01,6.993267943950898236e-01,3.251410167210012636e-01,-4.321452551547201593e-02,-5.835072851738194455e-01,-1.175535178504048955e-01,-1.743375870934433525e-01,4.474964279841394665e-01,1.860152379607682427e-03,-1.541907407977729377e-02,-2.358642443237041197e-01,0.000000000000000000e+00,0.000000000000000000e+00,0.000000000000000000e+00,0.000000000000000000e+00,0.000000000000000000e+00,0.000000000000000000e+00,0.000000000000000000e+00,0.000000000000000000e+00,0.000000000000000000e+00,0.000000000000000000e+00,0.000000000000000000e+00,0.000000000000000000e+00,0.000000000000000000e+00,0.000000000000000000e+00,0.000000000000000000e+00,0.000000000000000000e+00
3.079540989447203003e+00,2.472374668132289699e+01,9.125292899023562665e-01,3.777203857305205803e-03,1.226414093390648490e-02,7.221592348739717115e-01,6.916078101528453370e-01,-1.164832766353951637e-01,-5.822431160274945533e-02,-1.082993190059315936e-01,7.711165723390169813e-01,2.730105930985151086e-01,6.210736994791944687e-03,-5.309424157493931595e-01,-1.015188096407832752e-01,-1.318692301358232455e-01,4.268457755486387839e-01,-1.947480249773213268e-02,-8.063167695568411453e-03,-1.793946561377608162e-01,0.000000000000000000e+00,0.000000000000000000e+00,0.000000000000000000e+00,0.000000000000000000e+00,0.000000000000000000e+00,0.000000000000000000e+00,0.000000000000000000e+00,0.000000000000000000e+00,0.000000000000000000e+00,0.000000000000000000e+00,0.000000000000000000e+00,0.000000000000000000e+00,0.000000000000000000e+00,0.000000000000000000e+00,0.000000000000000000e+00,0.000000000000000000e+00
3.085985039655551709e+00,2.474995040795763046e+01,9.218255377778722393e-01,1.423291708409945948e-02,1.382686335031786153e-02,7.079919160791858790e-01,7.059417034626105369e-01,-2.145977775599431647e-01,-4.435583274666810016e-02,-3.436918905168265953e-02,8.195814190547681122e-01,2.007959629406444457e-01,4.435423328396462250e-02,-4.763823993024535741e-01,-8.861787383712799171e-02,-9.029837527518841389e-02,3.971077146336248753e-01,-3.525734830632010208e-02,-1.912444250859510371e-03,-1.272186391115025794e-01,0.000000000000000000e+00,0.000000000000000000e+00,0.000000000000000000e+00,0.000000000000000000e+00,0.000000000000000000e+00,0.000000000000000000e+00,0.000000000000000000e+00,0.000000000000000000e+00,0.000000000000000000e+00,0.000000000000000000e+00,0.000000000000000000e+00,0.000000000000000000e+00,0.000000000000000000e+00,0.000000000000000000e+00,0.000000000000000000e+00,0.000000000000000000e+00
3.091644264564311850e+00,2.477432737113810646e+01,9.284371961812437624e-01,2.269717941526725596e-02,1.238637967748279153e-02,6.913754284098945213e-01,7.220328473387565005e-01,-2.950352730651968902e-01,-2.445147491686491120e-02,1.613438735967853005e-02,8.241200656264510149e-01,1.434624151350379906e-01,6.724768185149032629e-02,-4.246364639892589721e-01,-7.260140119695164540e-02,-5.275211136303317727e-02,3.686860881472045492e-01,-4.656907771629986703e-02,4.929367451230015629e-03,-7.591950261356919527e-02,0.000000000000000000e+00,0.000000000000000000e+00,0.000000000000000000e+00,0.000000000000000000e+00,0.000000000000000000e+00,0.000000000000000000e+00,0.000000000000000000e+00,0.000000000000000000e+00,0.000000000000000000e+00,0.000000000000000000e+00,0.000000000000000000e+00,0.000000000000000000e+00,0.000000000000000000e+00,0.000000000000000000e+00,0.000000000000000000e+00,0.000000000000000000e+00
3.096785380362026885e+00,2.479814108325751221e+01,9.338559459802926455e-01,2.748525059362200845e-02,1.173641935865718001e-02,6.744961587515351242e-01,7.376731995198609892e-01,-3.572482368674813613e-01,-7.590345781496310451e-03,5.302751340509584410e-02,7.802715400527604483e-01,8.535495971698271733e-02,7.665539546179735153e-02,-3.780651853398260265e-01,-5.876906866944807406e-02,-2.280224006440153411e-02,3.363307755371174323e-01,-4.994579343707582220e-02,1.789812812022321606e-02,-2.580024777540944336e-02,0.000000000000000000e+00,0.000000000000000000e+00,0.000000000000000000e+00,0.000000000000000000e+00,0.000000000000000000e+00,0.000000000000000000e+00,0.000000000000000000e+00,0.000000000000000000e+00,0.000000000000000000e+00,0.000000000000000000e+00,0.000000000000000000e+00,0.000000000000000000e+00,0.000000000000000000e+00,0.000000000000000000e+00,0.000000000000000000e+00,0.000000000000000000e+00
3.100866993845862396e+00,2.482137204985542667e+01,9.365434660044459347e-01,2.851841051404226113e-02,7.991854078816088697e-03,6.560510995727432126e-01,7.541351240192508687e-01,-4.040359734831665550e-01,6.143679911173545449e-03,6.645228063669908480e-02,6.922011256879525565e-01,4.023761066134801112e-02,7.034630451510040516e-02,-3.357272387566760385e-01,-3.793049415481634240e-02,8.776592406316993666e-03,3.085217300090850046e-01,-5.328214027440432432e-02,2.871481874621444400e-02,1.686257182626274900e-02,0.000000000000000000e+00,0.000000000000000000e+00,0.000000000000000000e+00,0.000000000000000000e+00,0.000000000000000000e+00,0.000000000000000000e+00,0.000000000000000000e+00,0.000000000000000000e+00,0.000000000000000000e+00,0.000000000000000000e+00,0.000000000000000000e+00,0.000000000000000000e+00,0.000000000000000000e+00,0.000000000000000000e+00,0.000000000000000000e+00,0.000000000000000000e+00
3.104323316207353578e+00,2.484444854462897823e+01,9.373411126162949358e-01,2.606039283503279458e-02,3.136796337277694344e-03,6.405451654645110127e-01,7.674717632812722012e-01,-4.344460173793421864e-01,2.524396118719300641e-02,7.590210558795403017e-02,5.963415585758958803e-01,6.325889874294554627e-03,6.216092758982440930e-02,-3.010921969483906779e-01,-1.383970703936701976e-02,4.169379103989037660e-02,2.940988676798746981e-01,-6.321477005067856203e-02,3.604886843576361050e-02,5.501794447733223542e-02,0.000000000000000000e+00,0.000000000000000000e+00,0.000000000000000000e+00,0.000000000000000000e+00,0.000000000000000000e+00,0.000000000000000000e+00,0.000000000000000000e+00,0.000000000000000000e+00,0.000000000000000000e+00,0.000000000000000000e+00,0.000000000000000000e+00,0.000000000000000000e+00,0.000000000000000000e+00,0.000000000000000000e+00,0.000000000000000000e+00,0.000000000000000000e+00
3.107149452516593691e+00,2.486747227641182434e+01,9.369736219195913263e-01,1.931309459647785609e-02,-1.237357505778826500e-03,6.263633373705740359e-01,7.792909873221349759e-01,-4.576878335099387463e-01,4.180038216024284381e-02,8.223253766381656560e-02,5.012056464814440560e-01,-1.473137099310438403e-02,4.868328267023055989e-02,-2.699304871501453373e-01,1.285426658341225908e-02,7.289167148123784634e-02,2.756885390457191609e-01,-7.632874824307758765e-02,4.147925661991307134e-02,8.423252575055605040e-02,0.000000000000000000e+00,0.000000000000000000e+00,0.000000000000000000e+00,0.000000000000000000e+00,0.000000000000000000e+00,0.000000000000000000e+00,0.000000000000000000e+00,0.000000000000000000e+00,0.000000000000000000e+00,0.000000000000000000e+00,0.000000000000000000e+00,0.000000000000000000e+00,0.000000000000000000e+00,0.000000000000000000e+00,0.000000000000000000e+00,0.000000000000000000e+00
3.109708266042507940e+00,2.489030221889457906e+01,9.356283527572750724e-01,1.262192525761402992e-02,-6.928201695340504077e-03,6.141877990016685329e-01,7.890285385089355064e-01,-4.767371892784464382e-01,6.129789437251412232e-02,9.579476734022393525e-02,4.157902124769556340e-01,-3.365298367652366784e-02,3.382750135728210955e-02,-2.396151537557579814e-01,3.698480718523855515e-02,9.604748695098136446e-02,2.674595998271347974e-01,-9.581203665750726017e-02,4.352488153093745510e-02,1.074250080398842788e-01,0.000000000000000000e+00,0.000000000000000000e+00,0.000000000000000000e+00,0.000000000000000000e+00,0.000000000000000000e+00,0.000000000000000000e+00,0.000000000000000000e+00,0.000000000000000000e+00,0.000000000000000000e+00,0.000000000000000000e+00,0.000000000000000000e+00,0.000000000000000000e+00,0.000000000000000000e+00,0.000000000000000000e+00,0.000000000000000000e+00,0.000000000000000000e+00
3.112187640943753220e+00,2.491273625819347259e+01,9.341348503922497493e-01,6.573755093352076639e-03,-1.127803645644403704e-02,6.032307164505842367e-01,7.974599014171031008e-01,-4.922095476228780520e-01,7.506668032186586403e-02,9.463221015671635650e-02,3.513414006864608585e-01,-4.215420202178205011e-02,2.205411064026104040e-02,-2.101194088374749303e-01,5.681456734733375535e-02,1.233891378862511656e-01,2.579391324317648060e-01,-1.132908778635555863e-01,4.324342204829602354e-02,1.266686599890889664e-01,0.000000000000000000e+00,0.000000000000000000e+00,0.000000000000000000e+00,0.000000000000000000e+00,0.000000000000000000e+00,0.000000000000000000e+00,0.000000000000000000e+00,0.000000000000000000e+00,0.000000000000000000e+00,0.000000000000000000e+00,0.000000000000000000e+00,0.000000000000000000e+00,0.000000000000000000e+00,0.000000000000000000e+00,0.000000000000000000e+00,0.000000000000000000e+00
3.114849916535726848e+00,2.493427900482717519e+01,9.325445479334233401e-01,1.174924214346943774e-03,-1.314208523759712380e-02,5.931195245776794689e-01,8.050062948284609776e-01,-5.050914656151459514e-01,8.298210959809312892e-02,7.661877979893085000e-02,2.976045414887200646e-01,-5.330676478074007629e-02,1.370070770641286170e-02,-1.868740415496550344e-01,7.081346788190706620e-02,1.496768403442929329e-01,2.542261248588469358e-01,-1.371911957094021917e-01,4.036184235557369743e-02,1.420599640824856957e-01,0.000000000000000000e+00,0.000000000000000000e+00,0.000000000000000000e+00,0.000000000000000000e+00,0.000000000000000000e+00,0.000000000000000000e+00,0.000000000000000000e+00,0.000000000000000000e+00,0.000000000000000000e+00,0.000000000000000000e+00,0.000000000000000000e+00,0.000000000000000000e+00,0.000000000000000000e+00,0.000000000000000000e+00,0.000000000000000000e+00,0.000000000000000000e+00
3.117578089999268887e+00,2.495477857788734966e+01,9.308517334771336804e-01,-2.177854695567920870e-03,-1.480429549245951271e-02,5.843685275328978079e-01,8.113504260262214274e-01,-5.078708430840740418e-01,8.921145544851570575e-02,5.264375827274395125e-02,2.623526242652361451e-01,-5.529484569854017928e-02,1.206974987690299581e-02,-1.643996923839691482e-01,7.894498587821156821e-02,1.704247626543182459e-01,2.550337255336700415e-01,-1.580662231899758186e-01,3.633653857832815082e-02,1.521647390879692363e-01,0.000000000000000000e+00,0.000000000000000000e+00,0.000000000000000000e+00,0.000000000000000000e+00,0.000000000000000000e+00,0.000000000000000000e+00,0.000000000000000000e+00,0.000000000000000000e+00,0.000000000000000000e+00,0.000000000000000000e+00,0.000000000000000000e+00,0.000000000000000000e+00,0.000000000000000000e+00,0.000000000000000000e+00,0.000000000000000000e+00,0.000000000000000000e+00
3.120216424528079902e+00,2.497438004731299799e+01,9.286816022937161019e-01,-6.398358633424048279e-03,-1.595005814092795987e-02,5.771932547131565228e-01,8.164267287183422095e-01,-5.040098191114892323e-01,9.874824442356992804e-02,4.405068651473380281e-02,2.458081421453330861e-01,-5.314735473091386497e-02,1.329386531404165572e-02,-1.438602138562466437e-01,8.548262144181256739e-02,1.833534990334007020e-01,2.538785976001503020e-01,-1.765055980003801261e-01,3.331460713398077395e-02,1.617630745306840589e-01,0.000000000000000000e+00,0.000000000000000000e+00,0.000000000000000000e+00,0.000000000000000000e+00,0.000000000000000000e+00,0.000000000000000000e+00,0.000000000000000000e+00,0.000000000000000000e+00,0.000000000000000000e+00,0.000000000000000000e+00,0.000000000000000000e+00,0.000000000000000000e+00,0.000000000000000000e+00,0.000000000000000000e+00,0.000000000000000000e+00,0.000000000000000000e+00
3.122640835331430775e+00,2.499307574052038561e+01,9.262676034619184984e-01,-9.538982521878482806e-03,-1.752301168860935163e-02,5.737355081992782102e-01,8.187976053367067575e-01,-4.933801316727398079e-01,1.066321819452534514e-01,4.725348058480288715e-02,2.511987379364848394e-01,-5.423257308645064445e-02,1.891242747313498507e-02,-1.252886057851328450e-01,8.915278154548333944e-02,1.872721576582009606e-01,2.604391491727496288e-01,-1.935148401225756098e-01,3.412541227772374064e-02,1.634110924279947030e-01,0.000000000000000000e+00,0.000000000000000000e+00,0.000000000000000000e+00,0.000000000000000000e+00,0.000000000000000000e+00,0.000000000000000000e+00,0.000000000000000000e+00,0.000000000000000000e+00,0.000000000000000000e+00,0.000000000000000000e+00,0.000000000000000000e+00,0.000000000000000000e+00,0.000000000000000000e+00,0.000000000000000000e+00,0.000000000000000000e+00,0.000000000000000000e+00
3.124953924347327661e+00,2.501084590595490553e+01,9.242504331485460467e-01,-1.173670811335644076e-02,-1.630336010077879788e-02,5.722735678076574795e-01,8.198166951952017278e-01,-4.858447132834189941e-01,1.124269629205704446e-01,6.011362232083051343e-02,2.664990108044205663e-01,-5.852572560792315692e-02,2.988659040773746639e-02,-1.147774287018848566e-01,8.802742992564022151e-02,1.890326488713005848e-01,2.739553274204842848e-01,-2.071964370956900225e-01,3.213581035872467573e-02,1.618581132313347826e-01,0.000000000000000000e+00,0.000000000000000000e+00,0.000000000000000000e+00,0.000000000000000000e+00,0.000000000000000000e+00,0.000000000000000000e+00,0.000000000000000000e+00,0.000000000000000000e+00,0.000000000000000000e+00,0.000000000000000000e+00,0.000000000000000000e+00,0.000000000000000000e+00,0.000000000000000000e+00,0.000000000000000000e+00,0.000000000000000000e+00,0.000000000000000000e+00
3.126907238744883966e+00,2.502751951452347257e+01,9.236135609544001701e-01,-1.097460662103252708e-02,-1.207362728042297648e-02,5.722543427000807981e-01,8.199138691318172967e-01,-4.781475491486472662e-01,1.057824325231193630e-01,7.483401822316392005e-02,2.822540356061392641e-01,-7.286504480622420232e-02,4.254520076950280005e-02,-1.069315137329924364e-01,7.596043972965101088e-02,1.875649539385700337e-01,2.838248995007363606e-01,-2.022296004869306718e-01,3.765772740661244011e-02,1.582913264842527590e-01,0.000000000000000000e+00,0.000000000000000000e+00,0.000000000000000000e+00,0.000000000000000000e+00,0.000000000000000000e+00,0.000000000000000000e+00,0.000000000000000000e+00,0.000000000000000000e+00,0.000000000000000000e+00,0.000000000000000000e+00,0.000000000000000000e+00,0.000000000000000000e+00,0.000000000000000000e+00,0.000000000000000000e+00,0.000000000000000000e+00,0.000000000000000000e+00
3.128532347304025851e+00,2.504324410568278836e+01,9.237961730937366278e-01,-7.999186949636563973e-03,-5.303855564014345325e-03,5.744871597293237375e-01,8.184573204696971027e-01,-4.727802169164123103e-01,8.798697748541689512e-02,8.610094361924935935e-02,2.944000632988270083e-01,-9.055665313459990151e-02,5.439965211041836168e-02,-1.043060109247802292e-01,5.449118178691412379e-02,1.752442343343853792e-01,2.963293358851627479e-01,-1.814415201532132982e-01,4.581517232999967465e-02,1.566264176680724485e-01,0.000000000000000000e+00,0.000000000000000000e+00,0.000000000000000000e+00,0.000000000000000000e+00,0.000000000000000000e+00,0.000000000000000000e+00,0.000000000000000000e+00,0.000000000000000000e+00,0.000000000000000000e+00,0.000000000000000000e+00,0.000000000000000000e+00,0.000000000000000000e+00,0.000000000000000000e+00,0.000000000000000000e+00,0.000000000000000000e+00,0.000000000000000000e+00
3.129644346054478721e+00,2.505825050039480928e+01,9.238656065031484177e-01,-3.355081894226624381e-03,1.938659741122600701e-03,5.790260261227695437e-01,8.152998504209150177e-01,-4.660699726757223660e-01,6.146084397741953531e-02,8.846637591179647153e-02,3.005490741498269003e-01,-1.008690021635551964e-01,6.507582593068018950e-02,-1.036886008266989234e-01,3.060920533234483959e-02,1.669237284891159911e-01,3.120386312600145207e-01,-1.436595987284491893e-01,5.893496788031209188e-02,1.542686390929883522e-01,0.000000000000000000e+00,0.000000000000000000e+00,0.000000000000000000e+00,0.000000000000000000e+00,0.000000000000000000e+00,0.000000000000000000e+00,0.000000000000000000e+00,0.000000000000000000e+00,0.000000000000000000e+00,0.000000000000000000e+00,0.000000000000000000e+00,0.000000000000000000e+00,0.000000000000000000e+00,0.000000000000000000e+00,0.000000000000000000e+00,0.000000000000000000e+00
3.129981616282705659e+00,2.507264033159607308e+01,9.238016041357824948e-01,1.672254643871126309e-03,9.968888392787221553e-03,5.842941075328191847e-01,8.114790328351348947e-01,-4.579335596170660549e-01,2.936165374299432029e-02,8.314656590189936636e-02,2.984513528431032570e-01,-1.071654415486309603e-01,7.728791686593843024e-02,-1.031577898332544790e-01,6.579851520971739115e-03,1.692872483426408337e-01,3.248894215728862500e-01,-9.408642629935831669e-02,8.016361379311964797e-02,1.498358522089495992e-01,0.000000000000000000e+00,0.000000000000000000e+00,0.000000000000000000e+00,0.000000000000000000e+00,0.000000000000000000e+00,0.000000000000000000e+00,0.000000000000000000e+00,0.000000000000000000e+00,0.000000000000000000e+00,0.000000000000000000e+00,0.000000000000000000e+00,0.000000000000000000e+00,0.000000000000000000e+00,0.000000000000000000e+00,0.000000000000000000e+00,0.000000000000000000e+00
3.129485860904932082e+00,2.508621928732195272e+01,9.232715717333831451e-01,6.166331519069871009e-03,1.851097114853375233e-02,5.892704390308372009e-01,8.077002352278602748e-01,-4.530375795433913000e-01,-2.298884355721862727e-03,8.055118064516547660e-02,2.976502057893685160e-01,-1.140120730334733962e-01,9.273135037420095206e-02,-1.070707238550820672e-01,-2.130552993728872246e-02,1.677140080035247061e-01,3.419949180522712795e-01,-3.381262555324418551e-02,1.116774946060754697e-01,1.437304225660722135e-01,0.000000000000000000e+00,0.000000000000000000e+00,0.000000000000000000e+00,0.000000000000000000e+00,0.000000000000000000e+00,0.000000000000000000e+00,0.000000000000000000e+00,0.000000000000000000e+00,0.000000000000000000e+00,0.000000000000000000e+00,0.000000000000000000e+00,0.000000000000000000e+00,0.000000000000000000e+00,0.000000000000000000e+00,0.000000000000000000e+00,0.000000000000000000e+00
3.128314476470944960e+00,2.509897444000804256e+01,9.232207177434231804e-01,9.228358327520969420e-03,2.543586287753524591e-02,5.923751878811711613e-01,8.052077316227177484e-01,-4.448202702693445643e-01,-2.772795539435065487e-02,8.105285410883908415e-02,2.920621819326590929e-01,-1.211935548451609085e-01,1.079900191762967337e-01,-1.137176247002877894e-01,-5.940178199592419800e-02,1.458835132253769318e-01,3.586739157768047970e-01,3.090721577614469195e-02,1.393810547196350225e-01,1.369886845943594778e-01,0.000000000000000000e+00,0.000000000000000000e+00,0.000000000000000000e+00,0.000000000000000000e+00,0.000000000000000000e+00,0.000000000000000000e+00,0.000000000000000000e+00,0.000000000000000000e+00,0.000000000000000000e+00,0.000000000000000000e+00,0.000000000000000000e+00,0.000000000000000000e+00,0.000000000000000000e+00,0.000000000000000000e+00,0.000000000000000000e+00,0.000000000000000000e+00
3.126774096481668597e+00,2.511120188329512359e+01,9.241887367888995675e-01,8.198640098817114308e-03,3.006329701053007952e-02,5.957781714096296311e-01,8.025442984316731865e-01,-4.368610252931475202e-01,-4.377856596100310194e-02,7.453235918345442468e-02,2.822935789736418233e-01,-1.271346332507683197e-01,1.204278294763384410e-01,-1.265650732346904894e-01,-9.197495878675758518e-02,1.148529795235065099e-01,3.732388355209237951e-01,7.142570531925496180e-02,1.471122357090560162e-01,1.296340287541433989e-01,0.000000000000000000e+00,0.000000000000000000e+00,0.000000000000000000e+00,0.000000000000000000e+00,0.000000000000000000e+00,0.000000000000000000e+00,0.000000000000000000e+00,0.000000000000000000e+00,0.000000000000000000e+00,0.000000000000000000e+00,0.000000000000000000e+00,0.000000000000000000e+00,0.000000000000000000e+00,0.000000000000000000e+00,0.000000000000000000e+00,0.000000000000000000e+00
3.125031577830328811e+00,2.512272696246619219e+01,9.254386026676734156e-01,6.643076387773585306e-03,3.324406382049332337e-02,6.000545837015650585e-01,7.992403883285358335e-01,-4.268580559700350663e-01,-5.742987489585850425e-02,6.448158441294472853e-02,2.698948597971605468e-01,-1.293562756409211978e-01,1.276124065338872515e-01,-1.374108621179560008e-01,-1.149400940292332751e-01,8.947149616471852807e-02,3.782683940377379317e-01,9.840717179009630944e-02,1.526392712135375695e-01,1.206587508412557408e-01,0.000000000000000000e+00,0.000000000000000000e+00,0.000000000000000000e+00,0.000000000000000000e+00,0.000000000000000000e+00,0.000000000000000000e+00,0.000000000000000000e+00,0.000000000000000000e+00,0.000000000000000000e+00,0.000000000000000000e+00,0.000000000000000000e+00,0.000000000000000000e+00,0.000000000000000000e+00,0.000000000000000000e+00,0.000000000000000000e+00,0.000000000000000000e+00
3.123438766783369847e+00,2.513344029079647513e+01,9.267082258778125414e-01,4.647490351212058349e-03,3.550251961222081198e-02,6.045811839442882807e-01,7.957383765755815519e-01,-4.188678240562544453e-01,-6.849976564319681938e-02,5.197729155086278086e-02,2.617032899422437886e-01,-1.301192648724947554e-01,1.329719255805793254e-01,-1.496669878796300923e-01,-1.307427208978541866e-01,6.922229092213395829e-02,3.841241856956523759e-01,1.143094149704460272e-01,1.539365018079340008e-01,1.096332159509621484e-01,0.000000000000000000e+00,0.000000000000000000e+00,0.000000000000000000e+00,0.000000000000000000e+00,0.000000000000000000e+00,0.000000000000000000e+00,0.000000000000000000e+00,0.000000000000000000e+00,0.000000000000000000e+00,0.000000000000000000e+00,0.000000000000000000e+00,0.000000000000000000e+00,0.000000000000000000e+00,0.000000000000000000e+00,0.000000000000000000e+00,0.000000000000000000e+00
3.122139348989260377e+00,2.514330816683088443e+01,9.284841248667352609e-01,2.098863692023547264e-03,3.529077318270128910e-02,6.092792288398419798e-01,7.921672660516192455e-01,-4.072256551915269807e-01,-7.412764909530440705e-02,3.790999388109142498e-02,2.523978114707193798e-01,-1.320235390884902382e-01,1.352446401690376443e-01,-1.664408146658726828e-01,-1.379266947501335827e-01,5.194747380490512267e-02,3.893015025148307551e-01,1.118220892389357596e-01,1.464031577951525886e-01,9.490812403412335341e-02,0.000000000000000000e+00,0.000000000000000000e+00,0.000000000000000000e+00,0.000000000000000000e+00,0.000000000000000000e+00,0.000000000000000000e+00,0.000000000000000000e+00,0.000000000000000000e+00,0.000000000000000000e+00,0.000000000000000000e+00,0.000000000000000000e+00,0.000000000000000000e+00,0.000000000000000000e+00,0.000000000000000000e+00,0.000000000000000000e+00,0.000000000000000000e+00
3.121438211855448230e+00,2.515236306171401282e+01,9.300343319619113203e-01,4.811887798928972393e-04,3.389173086471113094e-02,6.152850800191036473e-01,7.875756403941381878e-01,-3.950845954382967151e-01,-7.993353155575241842e-02,1.791941506238489690e-02,2.459869587013551462e-01,-1.309424738867239479e-01,1.332659460053865486e-01,-1.839949367551747816e-01,-1.400387124421219598e-01,3.418669802678426378e-02,3.972624151827350292e-01,8.668597181629869586e-02,1.364158749622568501e-01,7.406908843674220311e-02,0.000000000000000000e+00,0.000000000000000000e+00,0.000000000000000000e+00,0.000000000000000000e+00,0.000000000000000000e+00,0.000000000000000000e+00,0.000000000000000000e+00,0.000000000000000000e+00,0.000000000000000000e+00,0.000000000000000000e+00,0.000000000000000000e+00,0.000000000000000000e+00,0.000000000000000000e+00,0.000000000000000000e+00,0.000000000000000000e+00,0.000000000000000000e+00
3.121192823260437343e+00,2.516030552706076762e+01,9.318349092722447713e-01,-2.603547886154387175e-03,3.248861771199166443e-02,6.196332292941377773e-01,7.842144938803965459e-01,-3.852816004715756137e-01,-8.022494973012586628e-02,1.961879398793303642e-03,2.392839003050641344e-01,-1.303770997607153759e-01,1.347008032909395026e-01,-2.007891625274518532e-01,-1.391349357482796201e-01,1.917520621199209074e-02,3.920332748865205663e-01,5.843370542575468396e-02,1.246174744370531495e-01,6.016779420727058625e-02,0.000000000000000000e+00,0.000000000000000000e+00,0.000000000000000000e+00,0.000000000000000000e+00,0.000000000000000000e+00,0.000000000000000000e+00,0.000000000000000000e+00,0.000000000000000000e+00,0.000000000000000000e+00,0.000000000000000000e+00,0.000000000000000000e+00,0.000000000000000000e+00,0.000000000000000000e+00,0.000000000000000000e+00,0.000000000000000000e+00,0.000000000000000000e+00
3.121503243353213275e+00,2.516712574210458797e+01,9.334441017191533740e-01,-4.923910736670091340e-03,3.052680756679940557e-02,6.242397808029077622e-01,7.806206282093588467e-01,-3.732815286999707771e-01,-8.004337752715345866e-02,-1.559488109672164946e-02,2.299457844260021089e-01,-1.293697938665449576e-01,1.334457526928891635e-01,-2.140367317095164257e-01,-1.361389109374246398e-01,7.407746417732563593e-03,3.770972981558431969e-01,2.640866267852901017e-02,1.176800126337435720e-01,4.529890576584401363e-02,0.000000000000000000e+00,0.000000000000000000e+00,0.000000000000000000e+00,0.000000000000000000e+00,0.000000000000000000e+00,0.000000000000000000e+00,0.000000000000000000e+00,0.000000000000000000e+00,0.000000000000000000e+00,0.000000000000000000e+00,0.000000000000000000e+00,0.000000000000000000e+00,0.000000000000000000e+00,0.000000000000000000e+00,0.000000000000000000e+00,0.000000000000000000e+00
3.122375950062730166e+00,2.517283153460986966e+01,9.344217763760348516e-01,-5.820294751521941194e-03,2.951056813346440016e-02,6.286029894964760834e-01,7.771444731409585804e-01,-3.638437121328500501e-01,-8.190249571970155407e-02,-3.014736568551452944e-02,2.239411270261188192e-01,-1.281075828175663733e-01,1.327470769826838148e-01,-2.245910201202558354e-01,-1.281824510050565691e-01,1.945428889975411857e-04,3.604306094777790515e-01,5.157274736415223826e-04,1.111679301124448849e-01,3.373510578838024437e-02,0.000000000000000000e+00,0.000000000000000000e+00,0.000000000000000000e+00,0.000000000000000000e+00,0.000000000000000000e+00,0.000000000000000000e+00,0.000000000000000000e+00,0.000000000000000000e+00,0.000000000000000000e+00,0.000000000000000000e+00,0.000000000000000000e+00,0.000000000000000000e+00,0.000000000000000000e+00,0.000000000000000000e+00,0.000000000000000000e+00,0.000000000000000000e+00
3.123636908932057921e+00,2.517755153983334537e+01,9.352206076154772063e-01,-6.098158526700840285e-03,2.824664402077748174e-02,6.321735565170175652e-01,7.742877591727580500e-01,-3.535362830545410451e-01,-8.272076308555811885e-02,-4.341196118839189821e-02,2.171638818624079537e-01,-1.275311225759014899e-01,1.283805971040548888e-01,-2.308711186734327958e-01,-1.176686709203962067e-01,-4.619516731341581639e-03,3.325660587005328517e-01,-2.667271789592808029e-02,1.097691172017880440e-01,2.573708376696393074e-02,0.000000000000000000e+00,0.000000000000000000e+00,0.000000000000000000e+00,0.000000000000000000e+00,0.000000000000000000e+00,0.000000000000000000e+00,0.000000000000000000e+00,0.000000000000000000e+00,0.000000000000000000e+00,0.000000000000000000e+00,0.000000000000000000e+00,0.000000000000000000e+00,0.000000000000000000e+00,0.000000000000000000e+00,0.000000000000000000e+00,0.000000000000000000e+00
3.125320878476830710e+00,2.518119256419931418e+01,9.356314841645717584e-01,-6.032974709423928432e-03,2.837437502773965114e-02,6.367517013858436936e-01,7.705230488701637626e-01,-3.453639108814738345e-01,-8.504302086558336582e-02,-5.437753235881892522e-02,2.075032210416106193e-01,-1.231079580955031921e-01,1.244747877412610143e-01,-2.324578317362191449e-01,-1.057087615361160804e-01,-2.133009141507762052e-03,2.971070663147557522e-01,-3.979178133951143115e-02,1.091555216723066601e-01,2.022303153892813024e-02,0.000000000000000000e+00,0.000000000000000000e+00,0.000000000000000000e+00,0.000000000000000000e+00,0.000000000000000000e+00,0.000000000000000000e+00,0.000000000000000000e+00,0.000000000000000000e+00,0.000000000000000000e+00,0.000000000000000000e+00,0.000000000000000000e+00,0.000000000000000000e+00,0.000000000000000000e+00,0.000000000000000000e+00,0.000000000000000000e+00,0.000000000000000000e+00
3.127244790187496459e+00,2.518393673415474154e+01,9.356256233548254642e-01,-4.962675895366468193e-03,2.834819821576743670e-02,6.392500408469050655e-01,7.684602376070647223e-01,-3.402076746391864415e-01,-8.658993825886097950e-02,-5.822883919243462825e-02,2.067361277509213169e-01,-1.234814480588189156e-01,1.216673900216831694e-01,-2.314162464733613422e-01,-9.831591656686758385e-02,-9.273383681679681079e-04,2.741378380541756865e-01,-4.596658553566979055e-02,1.074938967530965767e-01,1.729102056814035143e-02,0.000000000000000000e+00,0.000000000000000000e+00,0.000000000000000000e+00,0.000000000000000000e+00,0.000000000000000000e+00,0.000000000000000000e+00,0.000000000000000000e+00,0.000000000000000000e+00,0.000000000000000000e+00,0.000000000000000000e+00,0.000000000000000000e+00,0.000000000000000000e+00,0.000000000000000000e+00,0.000000000000000000e+00,0.000000000000000000e+00,0.000000000000000000e+00
3.129443374845398029e+00,2.518562433027480907e+01,9.354529286229474883e-01,-3.195751523731684904e-03,2.784278183928703618e-02,6.393473308045556358e-01,7.684071559171852250e-01,-3.333560850146470855e-01,-8.560719521850579383e-02,-5.530230062695611071e-02,2.049226375982731996e-01,-1.246979457133958746e-01,1.150836908060957481e-01,-2.253525813402158795e-01,-9.662262801818657931e-02,-1.641162788819450213e-02,2.606255945049915645e-01,-4.922099193136350581e-02,9.693223027043143536e-02,1.777704722745914595e-02,0.000000000000000000e+00,0.000000000000000000e+00,0.000000000000000000e+00,0.000000000000000000e+00,0.000000000000000000e+00,0.000000000000000000e+00,0.000000000000000000e+00,0.000000000000000000e+00,0.000000000000000000e+00,0.000000000000000000e+00,0.000000000000000000e+00,0.000000000000000000e+00,0.000000000000000000e+00,0.000000000000000000e+00,0.000000000000000000e+00,0.000000000000000000e+00
3.131553770398536773e+00,2.518674591000528551e+01,9.355215209926621700e-01,-2.529176746712518374e-03,2.771215341596712858e-02,6.372073181633581829e-01,7.701898944397373992e-01,-3.301164892032540932e-01,-8.174104241454613340e-02,-4.702557514053679055e-02,2.067820394408594886e-01,-1.299025257046449722e-01,1.121302430210247975e-01,-2.190741501198486541e-01,-9.601774708726509844e-02,-2.534270155702760680e-02,2.482760925566111498e-01,-5.120848589780128968e-02,9.295283327294269482e-02,1.949104227766090131e-02,0.000000000000000000e+00,0.000000000000000000e+00,0.000000000000000000e+00,0.000000000000000000e+00,0.000000000000000000e+00,0.000000000000000000e+00,0.000000000000000000e+00,0.000000000000000000e+00,0.000000000000000000e+00,0.000000000000000000e+00,0.000000000000000000e+00,0.000000000000000000e+00,0.000000000000000000e+00,0.000000000000000000e+00,0.000000000000000000e+00,0.000000000000000000e+00
3.133750234042579574e+00,2.518726361918068690e+01,9.356063920280995871e-01,-1.637293781133749432e-03,2.699355652562460822e-02,6.374294298109249857e-01,7.700340182005535050e-01,-3.263248237941656082e-01,-7.874339619269708768e-02,-4.335881457746258716e-02,2.070331398210391582e-01,-1.325648426701196980e-01,1.104106677888801319e-01,-2.126838956095518374e-01,-9.446679350142471454e-02,-3.218372598424713849e-02,2.424428396412902365e-01,-5.225574141151759222e-02,8.333495967590666409e-02,1.915947876270694683e-02,0.000000000000000000e+00,0.000000000000000000e+00,0.000000000000000000e+00,0.000000000000000000e+00,0.000000000000000000e+00,0.000000000000000000e+00,0.000000000000000000e+00,0.000000000000000000e+00,0.000000000000000000e+00,0.000000000000000000e+00,0.000000000000000000e+00,0.000000000000000000e+00,0.000000000000000000e+00,0.000000000000000000e+00,0.000000000000000000e+00,0.000000000000000000e+00
3.135813808248060219e+00,2.518753101086820223e+01,9.357971871343215842e-01,-1.164545939336108366e-03,2.683675152456685073e-02,6.362469410931829161e-01,7.710176797907624113e-01,-3.226059258248673012e-01,-7.535403243273182394e-02,-3.844239575547112736e-02,2.048938258718742134e-01,-1.350659115164978830e-01,1.093930858421220120e-01,-2.078957754663249280e-01,-9.293060277192756458e-02,-3.640897548606646106e-02,2.354293378694127803e-01,-5.357690631533930381e-02,7.819717056550334888e-02,1.796930332456296575e-02,0.000000000000000000e+00,0.000000000000000000e+00,0.000000000000000000e+00,0.000000000000000000e+00,0.000000000000000000e+00,0.000000000000000000e+00,0.000000000000000000e+00,0.000000000000000000e+00,0.000000000000000000e+00,0.000000000000000000e+00,0.000000000000000000e+00,0.000000000000000000e+00,0.000000000000000000e+00,0.000000000000000000e+00,0.000000000000000000e+00,0.000000000000000000e+00
3.137808485334999453e+00,2.518750395261836061e+01,9.359692337633751524e-01,-1.688249045315830255e-04,2.624665796714577282e-02,6.356210257622112447e-01,7.715549209568302036e-01,-3.168083800127739491e-01,-7.249044933291254322e-02,-3.329665270963855922e-02,2.004378672170238906e-01,-1.353330444333604166e-01,1.101869713170720855e-01,-2.030709668257950906e-01,-9.185632688715439365e-02,-4.068539959978005605e-02,2.312601624239717379e-01,-5.432215698234817147e-02,7.282299533112135403e-02,1.595659709648617960e-02,0.000000000000000000e+00,0.000000000000000000e+00,0.000000000000000000e+00,0.000000000000000000e+00,0.000000000000000000e+00,0.000000000000000000e+00,0.000000000000000000e+00,0.000000000000000000e+00,0.000000000000000000e+00,0.000000000000000000e+00,0.000000000000000000e+00,0.000000000000000000e+00,0.000000000000000000e+00,0.000000000000000000e+00,0.000000000000000000e+00,0.000000000000000000e+00
3.139538897290343744e+00,2.518733349799068577e+01,9.360888135837150958e-01,1.050815840413358779e-03,2.550483731220938577e-02,6.333080707023194256e-01,7.734786917834596265e-01,-3.112079154877742670e-01,-6.931944817917869150e-02,-2.640321567743509484e-02,1.986455941698096472e-01,-1.394878671866702502e-01,1.099157584667424387e-01,-1.991659795812763811e-01,-9.141952059417558785e-02,-4.341992951876187667e-02,2.283992314163691695e-01,-5.836803950216469528e-02,7.233220488570772655e-02,1.568558776135037247e-02,0.000000000000000000e+00,0.000000000000000000e+00,0.000000000000000000e+00,0.000000000000000000e+00,0.000000000000000000e+00,0.000000000000000000e+00,0.000000000000000000e+00,0.000000000000000000e+00,0.000000000000000000e+00,0.000000000000000000e+00,0.000000000000000000e+00,0.000000000000000000e+00,0.000000000000000000e+00,0.000000000000000000e+00,0.000000000000000000e+00,0.000000000000000000e+00
3.141018767509142773e+00,2.518701285385148836e+01,9.362222571506967350e-01,2.016067498575241715e-03,2.454462811797408078e-02,6.326783962222667368e-01,7.740229606775312909e-01,-3.068437919550283666e-01,-6.620119781236349921e-02,-2.108195543160196889e-02,1.970640092480320238e-01,-1.395147755044301996e-01,1.071678297143221492e-01,-1.942393405915049942e-01,-9.059886055131274873e-02,-4.802442099418736954e-02,2.245565600693092967e-01,-5.781901880008152861e-02,7.088925664539952320e-02,1.478701315861211119e-02,0.000000000000000000e+00,0.000000000000000000e+00,0.000000000000000000e+00,0.000000000000000000e+00,0.000000000000000000e+00,0.000000000000000000e+00,0.000000000000000000e+00,0.000000000000000000e+00,0.000000000000000000e+00,0.000000000000000000e+00,0.000000000000000000e+00,0.000000000000000000e+00,0.000000000000000000e+00,0.000000000000000000e+00,0.000000000000000000e+00,0.000000000000000000e+00
3.142336180385778110e+00,2.518659921892761844e+01,9.363281187599435951e-01,3.191006034771124919e-03,2.340202750678813809e-02,6.321870946317620366e-01,7.744557056217666879e-01,-3.037224228967300710e-01,-6.361467454796042309e-02,-1.639008448478967983e-02,1.982973298073946733e-01,-1.382249397197464202e-01,1.053061768336341908e-01,-1.899915564220830966e-01,-8.996654084627091208e-02,-5.164590154731582561e-02,2.224306560125257071e-01,-5.521631659614635590e-02,6.878790945760780706e-02,1.687981579075204311e-02,0.000000000000000000e+00,0.000000000000000000e+00,0.000000000000000000e+00,0.000000000000000000e+00,0.000000000000000000e+00,0.000000000000000000e+00,0.000000000000000000e+00,0.000000000000000000e+00,0.000000000000000000e+00,0.000000000000000000e+00,0.000000000000000000e+00,0.000000000000000000e+00,0.000000000000000000e+00,0.000000000000000000e+00,0.000000000000000000e+00,0.000000000000000000e+00
3.143391813805441082e+00,2.518618975339669319e+01,9.363672926236513705e-01,3.556366159732976887e-03,2.291916540743666950e-02,6.324831663668921689e-01,7.742267809752348962e-01,-3.009682755616746586e-01,-6.149856348558523783e-02,-1.408874250022484204e-02,1.949775953752730662e-01,-1.372672629853684823e-01,1.036483780942625138e-01,-1.868140152751732730e-01,-8.916516084138705056e-02,-5.609101111079669438e-02,2.190247458607066378e-01,-5.460067786557101788e-02,6.703725113230585286e-02,1.781876788071154807e-02,0.000000000000000000e+00,0.000000000000000000e+00,0.000000000000000000e+00,0.000000000000000000e+00,0.000000000000000000e+00,0.000000000000000000e+00,0.000000000000000000e+00,0.000000000000000000e+00,0.000000000000000000e+00,0.000000000000000000e+00,0.000000000000000000e+00,0.000000000000000000e+00,0.000000000000000000e+00,0.000000000000000000e+00,0.000000000000000000e+00,0.000000000000000000e+00
3.144229995465668726e+00,2.518572607788503959e+01,9.363966477666076926e-01,3.501194067097000706e-03,2.301968512654950852e-02,6.315002419572451897e-01,7.750259867544567749e-01,-2.989154191920902481e-01,-5.922181969657965006e-02,-1.026282960070164230e-02,1.906093345532897942e-01,-1.371260783499964608e-01,1.029792942172603754e-01,-1.864639438899000634e-01,-8.777288115152001580e-02,-5.539809866385933534e-02,2.163479811852431489e-01,-5.567035680985760182e-02,6.531980167141926419e-02,2.029806614926363273e-02,0.000000000000000000e+00,0.000000000000000000e+00,0.000000000000000000e+00,0.000000000000000000e+00,0.000000000000000000e+00,0.000000000000000000e+00,0.000000000000000000e+00,0.000000000000000000e+00,0.000000000000000000e+00,0.000000000000000000e+00,0.000000000000000000e+00,0.000000000000000000e+00,0.000000000000000000e+00,0.000000000000000000e+00,0.000000000000000000e+00,0.000000000000000000e+00
3.144961541300931973e+00,2.518519141606552481e+01,9.363288676013050704e-01,3.026857504970942650e-03,2.338999170114145626e-02,6.307165811188205629e-01,7.756547819253424292e-01,-2.999772200604120531e-01,-5.701318359977036038e-02,-8.136226263256100821e-03,1.899282132416072744e-01,-1.393674333930565168e-01,1.014455601712383748e-01,-1.871011578937581965e-01,-8.632610688459219084e-02,-5.548106741910951989e-02,2.139143718607936506e-01,-5.968798553758346281e-02,6.470170567526811745e-02,2.301297717416307675e-02,0.000000000000000000e+00,0.000000000000000000e+00,0.000000000000000000e+00,0.000000000000000000e+00,0.000000000000000000e+00,0.000000000000000000e+00,0.000000000000000000e+00,0.000000000000000000e+00,0.000000000000000000e+00,0.000000000000000000e+00,0.000000000000000000e+00,0.000000000000000000e+00,0.000000000000000000e+00,0.000000000000000000e+00,0.000000000000000000e+00,0.000000000000000000e+00
3.145612873401538057e+00,2.518435829163808037e+01,9.363054495968817781e-01,3.273408831855926376e-03,2.269420369345536564e-02,6.305374188152802484e-01,7.758200960191110607e-01,-3.015543494002443370e-01,-5.499901265477306900e-02,-6.988953274975784336e-03,1.940823114388950388e-01,-1.381796515396362113e-01,1.016060318106905003e-01,-1.869231994193827073e-01,-8.444517116405174384e-02,-5.515253091590155421e-02,2.147037836918128106e-01,-5.931631302822960861e-02,6.046524201709365526e-02,2.627928337652062074e-02,0.000000000000000000e+00,0.000000000000000000e+00,0.000000000000000000e+00,0.000000000000000000e+00,0.000000000000000000e+00,0.000000000000000000e+00,0.000000000000000000e+00,0.000000000000000000e+00,0.000000000000000000e+00,0.000000000000000000e+00,0.000000000000000000e+00,0.000000000000000000e+00,0.000000000000000000e+00,0.000000000000000000e+00,0.000000000000000000e+00,0.000000000000000000e+00
3.146286644645568842e+00,2.518349904165137687e+01,9.362600214149917610e-01,3.310684400813713318e-03,2.220166913480278725e-02,6.298418848969957740e-01,7.763989472467270891e-01,-3.038214745091566416e-01,-5.275943127064154636e-02,-6.246520822284669372e-03,1.983805023404686674e-01,-1.373220568751167825e-01,1.013972328166228426e-01,-1.873801672450711164e-01,-8.275485901238754938e-02,-5.553220462889071202e-02,2.151681329577420088e-01,-6.001753493724992783e-02,5.907768815331623791e-02,3.045652643893131950e-02,0.000000000000000000e+00,0.000000000000000000e+00,0.000000000000000000e+00,0.000000000000000000e+00,0.000000000000000000e+00,0.000000000000000000e+00,0.000000000000000000e+00,0.000000000000000000e+00,0.000000000000000000e+00,0.000000000000000000e+00,0.000000000000000000e+00,0.000000000000000000e+00,0.000000000000000000e+00,0.000000000000000000e+00,0.000000000000000000e+00,0.000000000000000000e+00
3.147002955730320295e+00,2.518257097301152214e+01,9.362695416343507215e-01,3.771552939569143906e-03,2.137545883810889821e-02,6.295848236736149017e-01,7.766284922327711948e-01,-3.042022212608753162e-01,-5.134211316235987033e-02,-7.763500189056887768e-03,2.009966906359949290e-01,-1.351886226630129584e-01,1.002492548321462784e-01,-1.865429925766559083e-01,-8.049768175194588204e-02,-5.342687968083700834e-02,2.152555002657323691e-01,-5.919593897812959471e-02,5.500807451535721926e-02,3.330081078551413304e-02,0.000000000000000000e+00,0.000000000000000000e+00,0.000000000000000000e+00,0.000000000000000000e+00,0.000000000000000000e+00,0.000000000000000000e+00,0.000000000000000000e+00,0.000000000000000000e+00,0.000000000000000000e+00,0.000000000000000000e+00,0.000000000000000000e+00,0.000000000000000000e+00,0.000000000000000000e+00,0.000000000000000000e+00,0.000000000000000000e+00,0.000000000000000000e+00
3.147845326347945782e+00,2.518177633379889002e+01,9.362617283640392030e-01,3.938678335303279210e-03,2.101526044051506975e-02,6.289755752723938942e-01,7.771309872552693010e-01,-3.052640821900580170e-01,-4.957366455521950571e-02,-7.980211223594928238e-03,2.031083371399340642e-01,-1.329745641110618437e-01,9.867819948211820069e-02,-1.862798542780552125e-01,-7.883491229048243676e-02,-5.344657505627642413e-02,2.145617027430555268e-01,-6.018889704245476702e-02,5.267836167793971125e-02,3.566743622845933159e-02,0.000000000000000000e+00,0.000000000000000000e+00,0.000000000000000000e+00,0.000000000000000000e+00,0.000000000000000000e+00,0.000000000000000000e+00,0.000000000000000000e+00,0.000000000000000000e+00,0.000000000000000000e+00,0.000000000000000000e+00,0.000000000000000000e+00,0.000000000000000000e+00,0.000000000000000000e+00,0.000000000000000000e+00,0.000000000000000000e+00,0.000000000000000000e+00
3.148700629572142695e+00,2.518104843771103418e+01,9.362366430342120571e-01,4.104921382691865267e-03,2.067182567206477667e-02,6.285490618137599128e-01,7.774843420525380244e-01,-3.070672835657241029e-01,-4.806267652513113858e-02,-8.391658721875985827e-03,2.070552701910559623e-01,-1.322526365313656527e-01,9.852223715369901047e-02,-1.869170967020085672e-01,-7.726872468043909092e-02,-5.328578471116456050e-02,2.159057167857310333e-01,-6.138535333285277673e-02,5.101367720457787580e-02,3.871996780458872994e-02,0.000000000000000000e+00,0.000000000000000000e+00,0.000000000000000000e+00,0.000000000000000000e+00,0.000000000000000000e+00,0.000000000000000000e+00,0.000000000000000000e+00,0.000000000000000000e+00,0.000000000000000000e+00,0.000000000000000000e+00,0.000000000000000000e+00,0.000000000000000000e+00,0.000000000000000000e+00,0.000000000000000000e+00,0.000000000000000000e+00,0.000000000000000000e+00
3.149644328170460472e+00,2.518060409167724956e+01,9.362247716998967073e-01,3.926753340095802056e-03,2.091190469463971233e-02,6.286995831317577776e-01,7.773571296516177398e-01,-3.086467052851324944e-01,-4.666153958604617874e-02,-7.958582611999595602e-03,2.079204664705657790e-01,-1.303383865354358351e-01,9.746333233366832882e-02,-1.869150065657028126e-01,-7.685640254142704630e-02,-5.792911794389533214e-02,2.147582905730214264e-01,-6.323621601924114821e-02,5.024994199252337534e-02,4.180419429815687704e-02,0.000000000000000000e+00,0.000000000000000000e+00,0.000000000000000000e+00,0.000000000000000000e+00,0.000000000000000000e+00,0.000000000000000000e+00,0.000000000000000000e+00,0.000000000000000000e+00,0.000000000000000000e+00,0.000000000000000000e+00,0.000000000000000000e+00,0.000000000000000000e+00,0.000000000000000000e+00,0.000000000000000000e+00,0.000000000000000000e+00,0.000000000000000000e+00
3.150590429004894943e+00,2.518037933785387139e+01,9.362813919202129798e-01,4.143283081062713175e-03,2.096009513570618737e-02,6.287246169255665817e-01,7.773344606339097629e-01,-3.083315900416555566e-01,-4.605516560415864880e-02,-8.808795469770855369e-03,2.072969828234146883e-01,-1.268322536738582251e-01,9.677050574871448596e-02,-1.864728385882734873e-01,-7.681367602811814410e-02,-6.181733438828214411e-02,2.145635476638236838e-01,-6.290991973297219153e-02,4.872059604463305910e-02,4.386433521959324372e-02,0.000000000000000000e+00,0.000000000000000000e+00,0.000000000000000000e+00,0.000000000000000000e+00,0.000000000000000000e+00,0.000000000000000000e+00,0.000000000000000000e+00,0.000000000000000000e+00,0.000000000000000000e+00,0.000000000000000000e+00,0.000000000000000000e+00,0.000000000000000000e+00,0.000000000000000000e+00,0.000000000000000000e+00,0.000000000000000000e+00,0.000000000000000000e+00
3.151512128159860371e+00,2.518047803496792625e+01,9.363573080153627659e-01,4.168192152870028519e-03,2.129648288721816551e-02,6.286524393421885071e-01,7.773835581615594625e-01,-3.098458406700297374e-01,-4.534728149288804605e-02,-8.666220526221790621e-03,2.093254248310266741e-01,-1.216602930290512918e-01,9.466581651156998067e-02,-1.868329219750982373e-01,-7.697527620692500017e-02,-6.552885561523889846e-02,2.148875824175621729e-01,-6.079096460970777327e-02,4.775771298867599601e-02,4.662904727158195817e-02,0.000000000000000000e+00,0.000000000000000000e+00,0.000000000000000000e+00,0.000000000000000000e+00,0.000000000000000000e+00,0.000000000000000000e+00,0.000000000000000000e+00,0.000000000000000000e+00,0.000000000000000000e+00,0.000000000000000000e+00,0.000000000000000000e+00,0.000000000000000000e+00,0.000000000000000000e+00,0.000000000000000000e+00,0.000000000000000000e+00,0.000000000000000000e+00
3.152340636774522586e+00,2.518086729707584226e+01,9.363569972145011633e-01,3.908651862267870786e-03,2.168326260449426890e-02,6.286431818039951436e-01,7.773817006688494846e-01,-3.115312300242796817e-01,-4.444797042988266056e-02,-8.770352906538797511e-03,2.113696105998114083e-01,-1.189687545285688930e-01,9.346923785697068554e-02,-1.868775632099025641e-01,-7.689608567112786452e-02,-6.942228459383630035e-02,2.146272376606403465e-01,-6.095585091680182088e-02,4.745063058441353204e-02,4.887895299819502298e-02,0.000000000000000000e+00,0.000000000000000000e+00,0.000000000000000000e+00,0.000000000000000000e+00,0.000000000000000000e+00,0.000000000000000000e+00,0.000000000000000000e+00,0.000000000000000000e+00,0.000000000000000000e+00,0.000000000000000000e+00,0.000000000000000000e+00,0.000000000000000000e+00,0.000000000000000000e+00,0.000000000000000000e+00,0.000000000000000000e+00,0.000000000000000000e+00
3.153094596708267083e+00,2.518158327331213542e+01,9.363783947007480180e-01,3.609203088199043619e-03,2.210351021338130897e-02,6.285994080093558756e-01,7.774067099913675172e-01,-3.140435127906884283e-01,-4.373802755007385329e-02,-8.721093898041640258e-03,2.157270268521630230e-01,-1.159585911575303219e-01,9.251507488369306587e-02,-1.867616610513285202e-01,-7.631800325200079060e-02,-7.022265256478650575e-02,2.140133628237999019e-01,-5.961459665032535493e-02,4.770636349734188458e-02,5.116611070775728409e-02,0.000000000000000000e+00,0.000000000000000000e+00,0.000000000000000000e+00,0.000000000000000000e+00,0.000000000000000000e+00,0.000000000000000000e+00,0.000000000000000000e+00,0.000000000000000000e+00,0.000000000000000000e+00,0.000000000000000000e+00,0.000000000000000000e+00,0.000000000000000000e+00,0.000000000000000000e+00,0.000000000000000000e+00,0.000000000000000000e+00,0.000000000000000000e+00
3.153684384022485965e+00,2.518252421955182285e+01,9.362840471634453765e-01,3.155387727298330017e-03,2.232611262135367203e-02,6.285724046346856664e-01,7.774241573010692852e-01,-3.169868681021019152e-01,-4.272445151105291883e-02,-8.908386228603057400e-03,2.217716885632238788e-01,-1.160443550550918634e-01,9.177633808189269993e-02,-1.860492815368769426e-01,-7.576811413030909437e-02,-7.237643180967393008e-02,2.132954892206037345e-01,-5.976405918835191178e-02,4.929821451882025751e-02,5.513312114751862947e-02,0.000000000000000000e+00,0.000000000000000000e+00,0.000000000000000000e+00,0.000000000000000000e+00,0.000000000000000000e+00,0.000000000000000000e+00,0.000000000000000000e+00,0.000000000000000000e+00,0.000000000000000000e+00,0.000000000000000000e+00,0.000000000000000000e+00,0.000000000000000000e+00,0.000000000000000000e+00,0.000000000000000000e+00,0.000000000000000000e+00,0.000000000000000000e+00
3.154238286152581505e+00,2.518373802266883388e+01,9.361867086663988591e-01,2.429476005649567477e-03,2.312015321579503901e-02,6.283419230522870880e-01,7.775898558344044309e-01,-3.196313167903945263e-01,-4.224010310445121957e-02,-9.236825800390736918e-03,2.252302101930616363e-01,-1.161094741077506043e-01,9.238221014898766181e-02,-1.865322416300062569e-01,-7.537673880437273377e-02,-7.321757950230091405e-02,2.126786241590128690e-01,-6.104917668663481511e-02,4.966369550749161199e-02,5.668154868143501085e-02,0.000000000000000000e+00,0.000000000000000000e+00,0.000000000000000000e+00,0.000000000000000000e+00,0.000000000000000000e+00,0.000000000000000000e+00,0.000000000000000000e+00,0.000000000000000000e+00,0.000000000000000000e+00,0.000000000000000000e+00,0.000000000000000000e+00,0.000000000000000000e+00,0.000000000000000000e+00,0.000000000000000000e+00,0.000000000000000000e+00,0.000000000000000000e+00
3.154829537962296371e+00,2.518515962870207758e+01,9.361033394196007773e-01,1.582651091667351684e-03,2.411256932348400384e-02,6.279708826280170353e-01,7.778615878082241197e-01,-3.227225238697419285e-01,-4.167010482727374898e-02,-8.912163085154509168e-03,2.294518934904599405e-01,-1.166574685991962207e-01,9.237482926445232667e-02,-1.871168880847154381e-01,-7.503408223031236834e-02,-7.369705260681802539e-02,2.115995147183073744e-01,-6.268386506821918558e-02,5.112932975289309623e-02,5.843846241893675686e-02,0.000000000000000000e+00,0.000000000000000000e+00,0.000000000000000000e+00,0.000000000000000000e+00,0.000000000000000000e+00,0.000000000000000000e+00,0.000000000000000000e+00,0.000000000000000000e+00,0.000000000000000000e+00,0.000000000000000000e+00,0.000000000000000000e+00,0.000000000000000000e+00,0.000000000000000000e+00,0.000000000000000000e+00,0.000000000000000000e+00,0.000000000000000000e+00
3.155452768859904111e+00,2.518665295529504178e+01,9.359766033757006554e-01,9.228895724742326029e-04,2.473855083303269989e-02,6.277876777107126438e-01,7.779908637587648057e-01,-3.257207713328369447e-01,-4.106543377537821143e-02,-8.898904881903271780e-03,2.348626558862895730e-01,-1.158525327588368209e-01,9.449108743329490134e-02,-1.877833725945452503e-01,-7.444686058166215259e-02,-7.395289812250364914e-02,2.127423943657345551e-01,-6.364492576437698335e-02,5.108764224636891393e-02,5.903912023921206037e-02,0.000000000000000000e+00,0.000000000000000000e+00,0.000000000000000000e+00,0.000000000000000000e+00,0.000000000000000000e+00,0.000000000000000000e+00,0.000000000000000000e+00,0.000000000000000000e+00,0.000000000000000000e+00,0.000000000000000000e+00,0.000000000000000000e+00,0.000000000000000000e+00,0.000000000000000000e+00,0.000000000000000000e+00,0.000000000000000000e+00,0.000000000000000000e+00
3.156231217272130518e+00,2.518814322614352363e+01,9.358995532492790925e-01,4.201368972217671416e-04,2.529658507874226608e-02,6.273974993184836535e-01,7.782880470091099179e-01,-3.277902341675136832e-01,-4.011692911417392982e-02,-8.166014549018087154e-03,2.391635676878390848e-01,-1.136060644633187372e-01,9.442107792931996035e-02,-1.878977804734225654e-01,-7.418589751626926410e-02,-7.580462379255940852e-02,2.134526579221452114e-01,-6.395781433913080849e-02,5.101901484584758090e-02,5.966050492956363749e-02,0.000000000000000000e+00,0.000000000000000000e+00,0.000000000000000000e+00,0.000000000000000000e+00,0.000000000000000000e+00,0.000000000000000000e+00,0.000000000000000000e+00,0.000000000000000000e+00,0.000000000000000000e+00,0.000000000000000000e+00,0.000000000000000000e+00,0.000000000000000000e+00,0.000000000000000000e+00,0.000000000000000000e+00,0.000000000000000000e+00,0.000000000000000000e+00
3.157091170748220321e+00,2.518961188034699106e+01,9.357854190277007378e-01,3.663089977040505374e-05,2.556355451154224828e-02,6.263445416160107193e-01,7.791270875324138867e-01,-3.282508451379875791e-01,-3.843013856869161027e-02,-6.210186578828241766e-03,2.422358358502995634e-01,-1.130219671229482359e-01,9.507407681713742065e-02,-1.873432335901008827e-01,-7.321909506640776610e-02,-7.568547466283236103e-02,2.136029698950692723e-01,-6.575295181769498509e-02,5.145191869064392326e-02,5.908133131131498850e-02,0.000000000000000000e+00,0.000000000000000000e+00,0.000000000000000000e+00,0.000000000000000000e+00,0.000000000000000000e+00,0.000000000000000000e+00,0.000000000000000000e+00,0.000000000000000000e+00,0.000000000000000000e+00,0.000000000000000000e+00,0.000000000000000000e+00,0.000000000000000000e+00,0.000000000000000000e+00,0.000000000000000000e+00,0.000000000000000000e+00,0.000000000000000000e+00
3.158133782391600253e+00,2.519102625323286659e+01,9.357142102613534851e-01,-2.866469182076433753e-04,2.603037713219801680e-02,6.250193251090213620e-01,7.801750960779014754e-01,-3.278096603105684625e-01,-3.702374940333547082e-02,-4.736939900917107316e-03,2.430554487358703164e-01,-1.115856241439023011e-01,9.609416432781647810e-02,-1.873218599476044743e-01,-7.231630464457816654e-02,-7.519628534132091757e-02,2.140618888045406343e-01,-6.776336798456286670e-02,5.114907134199973837e-02,5.835873638501977434e-02,0.000000000000000000e+00,0.000000000000000000e+00,0.000000000000000000e+00,0.000000000000000000e+00,0.000000000000000000e+00,0.000000000000000000e+00,0.000000000000000000e+00,0.000000000000000000e+00,0.000000000000000000e+00,0.000000000000000000e+00,0.000000000000000000e+00,0.000000000000000000e+00,0.000000000000000000e+00,0.000000000000000000e+00,0.000000000000000000e+00,0.000000000000000000e+00
3.159227209455483187e+00,2.519232035156141691e+01,9.356297848068179102e-01,-1.535596563475294385e-04,2.605419712278345817e-02,6.234677450354682016e-01,7.814148233378396258e-01,-3.257632309711270269e-01,-3.571278678633467429e-02,-3.180819857223307623e-03,2.436776134894186041e-01,-1.115551191295569844e-01,9.770683536759570964e-02,-1.870172223116243204e-01,-7.105584400379862109e-02,-7.195133780186799277e-02,2.162096118538427980e-01,-7.070187755145049269e-02,5.180090594818265864e-02,5.747944899231390015e-02,0.000000000000000000e+00,0.000000000000000000e+00,0.000000000000000000e+00,0.000000000000000000e+00,0.000000000000000000e+00,0.000000000000000000e+00,0.000000000000000000e+00,0.000000000000000000e+00,0.000000000000000000e+00,0.000000000000000000e+00,0.000000000000000000e+00,0.000000000000000000e+00,0.000000000000000000e+00,0.000000000000000000e+00,0.000000000000000000e+00,0.000000000000000000e+00
3.160251703537599433e+00,2.519324898829303550e+01,9.354677771524514407e-01,4.872310786130391175e-04,2.484722985812303289e-02,6.230663773365529012e-01,7.817740512494368854e-01,-3.253947493591562989e-01,-3.353038990323359281e-02,-1.028033481150394945e-03,2.511226752171809018e-01,-1.103987195429395329e-01,9.910113677633247686e-02,-1.854162509066553111e-01,-6.939244215277437511e-02,-7.150189050223022813e-02,2.215576697909273085e-01,-7.212232351925584872e-02,4.955256497002057114e-02,5.535535873723072819e-02,0.000000000000000000e+00,0.000000000000000000e+00,0.000000000000000000e+00,0.000000000000000000e+00,0.000000000000000000e+00,0.000000000000000000e+00,0.000000000000000000e+00,0.000000000000000000e+00,0.000000000000000000e+00,0.000000000000000000e+00,0.000000000000000000e+00,0.000000000000000000e+00,0.000000000000000000e+00,0.000000000000000000e+00,0.000000000000000000e+00,0.000000000000000000e+00
3.161393145820484918e+00,2.519407265054506695e+01,9.355587834350044263e-01,1.118938060735777396e-03,2.466721266227963130e-02,6.200569984120115619e-01,7.841680912389740188e-01,-3.190948589846743788e-01,-3.165131971950277401e-02,3.068335519733636496e-03,2.451281560790969927e-01,-1.096821692918039243e-01,9.951168732545022377e-02,-1.850102402452963313e-01,-6.789492196455691742e-02,-6.595063605608314505e-02,2.244947925920491305e-01,-7.921180170773482743e-02,4.674293782932397584e-02,5.337028764767508260e-02,0.000000000000000000e+00,0.000000000000000000e+00,0.000000000000000000e+00,0.000000000000000000e+00,0.000000000000000000e+00,0.000000000000000000e+00,0.000000000000000000e+00,0.000000000000000000e+00,0.000000000000000000e+00,0.000000000000000000e+00,0.000000000000000000e+00,0.000000000000000000e+00,0.000000000000000000e+00,0.000000000000000000e+00,0.000000000000000000e+00,0.000000000000000000e+00
