0.1310663361961535,-0.12676460871197387,0.8651372665912378,0.001856753802555256,-0.020150591860479405,-0.686148605370646,0.7271798934657819,-0.03781163345062376,-0.034443700832865,-0.10976135359544008,0.14796381179836748,-0.0910108880555516,0.02143582960293325,0.0326493266387092,-0.09240157556851805,-0.14743334950620834,0.10736970938647793,-0.2675332199398972,-0.07721233118998452,0.02048104484719383,-0.17947441592091162,0.14856462283602062,-0.7137090330153684,1.430716461358524,-0.19343712818088168,-0.06554840343177103,-0.23102945071808523,0.5211671122874689,1.3425092686031914,0.053148528809131394
0.1310663361961535,-0.12676460871197387,0.8651372665912378,0.001856753802555256,-0.020150591860479405,-0.686148605370646,0.7271798934657819,-0.03781163345062376,-0.034443700832865,-0.10976135359544008,0.14796381179836748,-0.0910108880555516,0.02143582960293325,0.0326493266387092,-0.09240157556851805,-0.14743334950620834,0.10736970938647793,-0.2675332199398972,-0.07721233118998452,0.02048104484719383,-0.17947441592091162,0.14856462283602062,-0.7137090330153684,1.430716461358524,-0.19343712818088168,-0.06554840343177103,-0.23102945071808523,0.5211671122874689,1.3425092686031914,0.053148528809131394
0.1310663361961535,-0.12676460871197387,0.8651372665912378,0.001856753802555256,-0.020150591860479405,-0.686148605370646,0.7271798934657819,-0.03781163345062376,-0.034443700832865,-0.10976135359544008,0.14796381179836748,-0.0910108880555516,0.02143582960293325,0.0326493266387092,-0.09240157556851805,-0.14743334950620834,0.10736970938647793,-0.2675332199398972,-0.07721233118998452,0.02048104484719383,-0.17947441592091162,0.14856462283602062,-0.7137090330153684,1.430716461358524,-0.19343712818088168,-0.06554840343177103,-0.23102945071808523,0.5211671122874689,1.3425092686031914,0.053148528809131394
0.1310663361961535,-0.12676460871197387,0.8651372665912378,0.001856753802555256,-0.020150591860479405,-0.686148605370646,0.7271798934657819,-0.03781163345062376,-0.034443700832865,-0.10976135359544008,0.14796381179836748,-0.0910108880555516,0.02143582960293325,0.0326493266387092,-0.09240157556851805,-0.14743334950620834,0.10736970938647793,-0.2675332199398972,-0.07721233118998452,0.02048104484719383,-0.17947441592091162,0.14856462283602062,-0.7137090330153684,1.430716461358524,-0.19343712818088168,-0.06554840343177103,-0.23102945071808523,0.5211671122874689,1.3425092686031914,0.053148528809131394
0.1310663361961535,-0.12676460871197387,0.8651372665912378,0.001856753802555256,-0.020150591860479405,-0.686148605370646,0.7271798934657819,-0.03781163345062376,-0.034443700832865,-0.10976135359544008,0.14796381179836748,-0.0910108880555516,0.02143582960293325,0.0326493266387092,-0.09240157556851805,-0.14743334950620834,0.10736970938647793,-0.2675332199398972,-0.07721233118998452,0.02048104484719383,-0.17947441592091162,0.14856462283602062,-0.7137090330153684,1.430716461358524,-0.19343712818088168,-0.06554840343177103,-0.23102945071808523,0.5211671122874689,1.3425092686031914,0.053148528809131394
0.1310663361961535,-0.12676460871197387,0.8651372665912378,0.001856753802555256,-0.020150591860479405,-0.686148605370646,0.7271798934657819,-0.03781163345062376,-0.034443700832865,-0.10976135359544008,0.14796381179836748,-0.0910108880555516,0.02143582960293325,0.0326493266387092,-0.09240157556851805,-0.14743334950620834,0.10736970938647793,-0.2675332199398972,-0.07721233118998452,0.02048104484719383,-0.17947441592091162,0.14856462283602062,-0.7137090330153684,1.430716461358524,-0.19343712818088168,-0.06554840343177103,-0.23102945071808523,0.5211671122874689,1.3425092686031914,0.053148528809131394
0.1310663361961535,-0.12676460871197387,0.8651372665912378,0.001856753802555256,-0.020150591860479405,-0.686148605370646,0.7271798934657819,-0.03781163345062376,-0.034443700832865,-0.10976135359544008,0.14796381179836748,-0.0910108880555516,0.02143582960293325,0.0326493266387092,-0.09240157556851805,-0.14743334950620834,0.10736970938647793,-0.2675332199398972,-0.07721233118998452,0.02048104484719383,-0.17947441592091162,0.14856462283602062,-0.7137090330153684,1.430716461358524,-0.19343712818088168,-0.06554840343177103,-0.23102945071808523,0.5211671122874689,1.3425092686031914,0.053148528809131394
0.1310663361961535,-0.12676460871197387,0.8651372665912378,0.001856753802555256,-0.020150591860479405,-0.686148605370646,0.7271798934657819,-0.03781163345062376,-0.034443700832865,-0.10976135359544008,0.14796381179836748,-0.0910108880555516,0.02143582960293325,0.0326493266387092,-0.09240157556851805,-0.14743334950620834,0.10736970938647793,-0.2675332199398972,-0.07721233118998452,0.02048104484719383,-0.17947441592091162,0.14856462283602062,-0.7137090330153684,1.430716461358524,-0.19343712818088168,-0.06554840343177103,-0.23102945071808523,0.5211671122874689,1.3425092686031914,0.053148528809131394
0.1310663361961535,-0.12676460871197387,0.8651372665912378,0.001856753802555256,-0.020150591860479405,-0.686148605370646,0.7271798934657819,-0.03781163345062376,-0.034443700832865,-0.10976135359544008,0.14796381179836748,-0.0910108880555516,0.02143582960293325,0.0326493266387092,-0.09240157556851805,-0.14743334950620834,0.10736970938647793,-0.2675332199398972,-0.07721233118998452,0.02048104484719383,-0.17947441592091162,0.14856462283602062,-0.7137090330153684,1.430716461358524,-0.19343712818088168,-0.06554840343177103,-0.23102945071808523,0.5211671122874689,1.3425092686031914,0.053148528809131394
0.1310663361961535,-0.12676460871197387,0.8651372665912378,0.001856753802555256,-0.020150591860479405,-0.686148605370646,0.7271798934657819,-0.03781163345062376,-0.034443700832865,-0.10976135359544008,0.14796381179836748,-0.0910108880555516,0.02143582960293325,0.0326493266387092,-0.09240157556851805,-0.14743334950620834,0.10736970938647793,-0.2675332199398972,-0.07721233118998452,0.02048104484719383,-0.17947441592091162,0.14856462283602062,-0.7137090330153684,1.430716461358524,-0.19343712818088168,-0.06554840343177103,-0.23102945071808523,0.5211671122874689,1.3425092686031914,0.053148528809131394
0.1310663361961535,-0.12676460871197387,0.8651372665912378,0.001856753802555256,-0.020150591860479405,-0.686148605370646,0.7271798934657819,-0.03781163345062376,-0.034443700832865,-0.10976135359544008,0.14796381179836748,-0.0910108880555516,0.02143582960293325,0.0326493266387092,-0.09240157556851805,-0.14743334950620834,0.10736970938647793,-0.2675332199398972,-0.07721233118998452,0.02048104484719383,-0.17947441592091162,0.14856462283602062,-0.7137090330153684,1.430716461358524,-0.19343712818088168,-0.06554840343177103,-0.23102945071808523,0.5211671122874689,1.3425092686031914,0.053148528809131394
0.1310663361961535,-0.12676460871197387,0.8651372665912378,0.001856753802555256,-0.020150591860479405,-0.686148605370646,0.7271798934657819,-0.03781163345062376,-0.034443700832865,-0.10976135359544008,0.14796381179836748,-0.0910108880555516,0.02143582960293325,0.0326493266387092,-0.09240157556851805,-0.14743334950620834,0.10736970938647793,-0.2675332199398972,-0.07721233118998452,0.02048104484719383,-0.17947441592091162,0.14856462283602062,-0.7137090330153684,1.430716461358524,-0.19343712818088168,-0.06554840343177103,-0.23102945071808523,0.5211671122874689,1.3425092686031914,0.053148528809131394
0.1310663361961535,-0.12676460871197387,0.8651372665912378,0.001856753802555256,-0.020150591860479405,-0.686148605370646,0.7271798934657819,-0.03781163345062376,-0.034443700832865,-0.10976135359544008,0.14796381179836748,-0.0910108880555516,0.02143582960293325,0.0326493266387092,-0.09240157556851805,-0.14743334950620834,0.10736970938647793,-0.2675332199398972,-0.07721233118998452,0.02048104484719383,-0.17947441592091162,0.14856462283602062,-0.7137090330153684,1.430716461358524,-0.19343712818088168,-0.06554840343177103,-0.23102945071808523,0.5211671122874689,1.3425092686031914,0.053148528809131394
0.1310663361961535,-0.12676460871197387,0.8651372665912378,0.001856753802555256,-0.020150591860479405,-0.686148605370646,0.7271798934657819,-0.03781163345062376,-0.034443700832865,-0.10976135359544008,0.14796381179836748,-0.0910108880555516,0.02143582960293325,0.0326493266387092,-0.09240157556851805,-0.14743334950620834,0.10736970938647793,-0.2675332199398972,-0.07721233118998452,0.02048104484719383,-0.17947441592091162,0.14856462283602062,-0.7137090330153684,1.430716461358524,-0.19343712818088168,-0.06554840343177103,-0.23102945071808523,0.5211671122874689,1.3425092686031914,0.053148528809131394
0.1310663361961535,-0.12676460871197387,0.8651372665912378,0.001856753802555256,-0.020150591860479405,-0.686148605370646,0.7271798934657819,-0.03781163345062376,-0.034443700832865,-0.10976135359544008,0.14796381179836748,-0.0910108880555516,0.02143582960293325,0.0326493266387092,-0.09240157556851805,-0.14743334950620834,0.10736970938647793,-0.2675332199398972,-0.07721233118998452,0.02048104484719383,-0.17947441592091162,0.14856462283602062,-0.7137090330153684,1.430716461358524,-0.19343712818088168,-0.06554840343177103,-0.23102945071808523,0.5211671122874689,1.3425092686031914,0.053148528809131394
0.1310663361961535,-0.12676460871197387,0.8651372665912378,0.001856753802555256,-0.020150591860479405,-0.686148605370646,0.7271798934657819,-0.03781163345062376,-0.034443700832865,-0.10976135359544008,0.14796381179836748,-0.0910108880555516,0.02143582960293325,0.0326493266387092,-0.09240157556851805,-0.14743334950620834,0.10736970938647793,-0.2675332199398972,-0.07721233118998452,0.02048104484719383,-0.17947441592091162,0.14856462283602062,-0.7137090330153684,1.430716461358524,-0.19343712818088168,-0.06554840343177103,-0.23102945071808523,0.5211671122874689,1.3425092686031914,0.053148528809131394
0.1310663361961535,-0.12676460871197387,0.8651372665912378,0.001856753802555256,-0.020150591860479405,-0.686148605370646,0.7271798934657819,-0.03781163345062376,-0.034443700832865,-0.10976135359544008,0.14796381179836748,-0.0910108880555516,0.02143582960293325,0.0326493266387092,-0.09240157556851805,-0.14743334950620834,0.10736970938647793,-0.2675332199398972,-0.07721233118998452,0.02048104484719383,-0.17947441592091162,0.14856462283602062,-0.7137090330153684,1.430716461358524,-0.19343712818088168,-0.06554840343177103,-0.23102945071808523,0.5211671122874689,1.3425092686031914,0.053148528809131394
0.1310663361961535,-0.12676460871197387,0.8651372665912378,0.001856753802555256,-0.020150591860479405,-0.686148605370646,0.7271798934657819,-0.03781163345062376,-0.034443700832865,-0.10976135359544008,0.14796381179836748,-0.0910108880555516,0.02143582960293325,0.0326493266387092,-0.09240157556851805,-0.14743334950620834,0.10736970938647793,-0.2675332199398972,-0.07721233118998452,0.02048104484719383,-0.17947441592091162,0.14856462283602062,-0.7137090330153684,1.430716461358524,-0.19343712818088168,-0.06554840343177103,-0.23102945071808523,0.5211671122874689,1.3425092686031914,0.053148528809131394
0.1310663361961535,-0.12676460871197387,0.8651372665912378,0.001856753802555256,-0.020150591860479405,-0.686148605370646,0.7271798934657819,-0.03781163345062376,-0.034443700832865,-0.10976135359544008,0.14796381179836748,-0.0910108880555516,0.02143582960293325,0.0326493266387092,-0.09240157556851805,-0.14743334950620834,0.10736970938647793,-0.2675332199398972,-0.07721233118998452,0.02048104484719383,-0.17947441592091162,0.14856462283602062,-0.7137090330153684,1.430716461358524,-0.19343712818088168,-0.06554840343177103,-0.23102945071808523,0.5211671122874689,1.3425092686031914,0.053148528809131394
0.1310663361961535,-0.12676460871197387,0.8651372665912378,0.001856753802555256,-0.020150591860479405,-0.686148605370646,0.7271798934657819,-0.03781163345062376,-0.034443700832865,-0.10976135359544008,0.14796381179836748,-0.0910108880555516,0.02143582960293325,0.0326493266387092,-0.09240157556851805,-0.14743334950620834,0.10736970938647793,-0.2675332199398972,-0.07721233118998452,0.02048104484719383,-0.17947441592091162,0.14856462283602062,-0.7137090330153684,1.430716461358524,-0.19343712818088168,-0.06554840343177103,-0.23102945071808523,0.5211671122874689,1.3425092686031914,0.053148528809131394
0.1310663361961535,-0.12676460871197387,0.8651372665912378,0.001856753802555256,-0.020150591860479405,-0.686148605370646,0.7271798934657819,-0.03781163345062376,-0.034443700832865,-0.10976135359544008,0.14796381179836748,-0.0910108880555516,0.02143582960293325,0.0326493266387092,-0.09240157556851805,-0.14743334950620834,0.10736970938647793,-0.2675332199398972,-0.07721233118998452,0.02048104484719383,-0.17947441592091162,0.14856462283602062,-0.7137090330153684,1.430716461358524,-0.19343712818088168,-0.06554840343177103,-0.23102945071808523,0.5211671122874689,1.3425092686031914,0.053148528809131394
0.1310663361961535,-0.12676460871197387,0.8651372665912378,0.001856753802555256,-0.020150591860479405,-0.686148605370646,0.7271798934657819,-0.03781163345062376,-0.034443700832865,-0.10976135359544008,0.14796381179836748,-0.0910108880555516,0.02143582960293325,0.0326493266387092,-0.09240157556851805,-0.14743334950620834,0.10736970938647793,-0.2675332199398972,-0.07721233118998452,0.02048104484719383,-0.17947441592091162,0.14856462283602062,-0.7137090330153684,1.430716461358524,-0.19343712818088168,-0.06554840343177103,-0.23102945071808523,0.5211671122874689,1.3425092686031914,0.053148528809131394
0.1310663361961535,-0.12676460871197387,0.8651372665912378,0.001856753802555256,-0.020150591860479405,-0.686148605370646,0.7271798934657819,-0.03781163345062376,-0.034443700832865,-0.10976135359544008,0.14796381179836748,-0.0910108880555516,0.02143582960293325,0.0326493266387092,-0.09240157556851805,-0.14743334950620834,0.10736970938647793,-0.2675332199398972,-0.07721233118998452,0.02048104484719383,-0.17947441592091162,0.14856462283602062,-0.7137090330153684,1.430716461358524,-0.19343712818088168,-0.06554840343177103,-0.23102945071808523,0.5211671122874689,1.3425092686031914,0.053148528809131394
0.1310663361961535,-0.12676460871197387,0.8651372665912378,0.001856753802555256,-0.020150591860479405,-0.686148605370646,0.7271798934657819,-0.03781163345062376,-0.034443700832865,-0.10976135359544008,0.14796381179836748,-0.0910108880555516,0.02143582960293325,0.0326493266387092,-0.09240157556851805,-0.14743334950620834,0.10736970938647793,-0.2675332199398972,-0.07721233118998452,0.02048104484719383,-0.17947441592091162,0.14856462283602062,-0.7137090330153684,1.430716461358524,-0.19343712818088168,-0.06554840343177103,-0.23102945071808523,0.5211671122874689,1.3425092686031914,0.053148528809131394
0.1310663361961535,-0.12676460871197387,0.8651372665912378,0.001856753802555256,-0.020150591860479405,-0.686148605370646,0.7271798934657819,-0.03781163345062376,-0.034443700832865,-0.10976135359544008,0.14796381179836748,-0.0910108880555516,0.02143582960293325,0.0326493266387092,-0.09240157556851805,-0.14743334950620834,0.10736970938647793,-0.2675332199398972,-0.07721233118998452,0.02048104484719383,-0.17947441592091162,0.14856462283602062,-0.7137090330153684,1.430716461358524,-0.19343712818088168,-0.06554840343177103,-0.23102945071808523,0.5211671122874689,1.3425092686031914,0.053148528809131394
0.1310663361961535,-0.12676460871197387,0.8651372665912378,0.001856753802555256,-0.020150591860479405,-0.686148605370646,0.7271798934657819,-0.03781163345062376,-0.034443700832865,-0.10976135359544008,0.14796381179836748,-0.0910108880555516,0.02143582960293325,0.0326493266387092,-0.09240157556851805,-0.14743334950620834,0.10736970938647793,-0.2675332199398972,-0.07721233118998452,0.02048104484719383,-0.17947441592091162,0.14856462283602062,-0.7137090330153684,1.430716461358524,-0.19343712818088168,-0.06554840343177103,-0.23102945071808523,0.5211671122874689,1.3425092686031914,0.053148528809131394
0.1310663361961535,-0.12676460871197387,0.8651372665912378,0.001856753802555256,-0.020150591860479405,-0.686148605370646,0.7271798934657819,-0.03781163345062376,-0.034443700832865,-0.10976135359544008,0.14796381179836748,-0.0910108880555516,0.02143582960293325,0.0326493266387092,-0.09240157556851805,-0.14743334950620834,0.10736970938647793,-0.2675332199398972,-0.07721233118998452,0.02048104484719383,-0.17947441592091162,0.14856462283602062,-0.7137090330153684,1.430716461358524,-0.19343712818088168,-0.06554840343177103,-0.23102945071808523,0.5211671122874689,1.3425092686031914,0.053148528809131394
0.1310663361961535,-0.12676460871197387,0.8651372665912378,0.001856753802555256,-0.020150591860479405,-0.686148605370646,0.7271798934657819,-0.03781163345062376,-0.034443700832865,-0.10976135359544008,0.14796381179836748,-0.0910108880555516,0.02143582960293325,0.0326493266387092,-0.09240157556851805,-0.14743334950620834,0.10736970938647793,-0.2675332199398972,-0.07721233118998452,0.02048104484719383,-0.17947441592091162,0.14856462283602062,-0.7137090330153684,1.430716461358524,-0.19343712818088168,-0.06554840343177103,-0.23102945071808523,0.5211671122874689,1.3425092686031914,0.053148528809131394
0.1310663361961535,-0.12676460871197387,0.8651372665912378,0.001856753802555256,-0.020150591860479405,-0.686148605370646,0.7271798934657819,-0.03781163345062376,-0.034443700832865,-0.10976135359544008,0.14796381179836748,-0.0910108880555516,0.02143582960293325,0.0326493266387092,-0.09240157556851805,-0.14743334950620834,0.10736970938647793,-0.2675332199398972,-0.07721233118998452,0.02048104484719383,-0.17947441592091162,0.14856462283602062,-0.7137090330153684,1.430716461358524,-0.19343712818088168,-0.06554840343177103,-0.23102945071808523,0.5211671122874689,1.3425092686031914,0.053148528809131394
0.1310663361961535,-0.12676460871197387,0.8651372665912378,0.001856753802555256,-0.020150591860479405,-0.686148605370646,0.7271798934657819,-0.03781163345062376,-0.034443700832865,-0.10976135359544008,0.14796381179836748,-0.0910108880555516,0.02143582960293325,0.0326493266387092,-0.09240157556851805,-0.14743334950620834,0.10736970938647793,-0.2675332199398972,-0.07721233118998452,0.02048104484719383,-0.17947441592091162,0.14856462283602062,-0.7137090330153684,1.430716461358524,-0.19343712818088168,-0.06554840343177103,-0.23102945071808523,0.5211671122874689,1.3425092686031914,0.053148528809131394
0.1310663361961535,-0.12676460871197387,0.8651372665912378,0.001856753802555256,-0.020150591860479405,-0.686148605370646,0.7271798934657819,-0.03781163345062376,-0.034443700832865,-0.10976135359544008,0.14796381179836748,-0.0910108880555516,0.02143582960293325,0.0326493266387092,-0.09240157556851805,-0.14743334950620834,0.10736970938647793,-0.2675332199398972,-0.07721233118998452,0.02048104484719383,-0.17947441592091162,0.14856462283602062,-0.7137090330153684,1.430716461358524,-0.19343712818088168,-0.06554840343177103,-0.23102945071808523,0.5211671122874689,1.3425092686031914,0.053148528809131394
0.1310663361961535,-0.12676460871197387,0.8651372665912378,0.001856753802555256,-0.020150591860479405,-0.686148605370646,0.7271798934657819,-0.03781163345062376,-0.034443700832865,-0.10976135359544008,0.14796381179836748,-0.0910108880555516,0.02143582960293325,0.0326493266387092,-0.09240157556851805,-0.14743334950620834,0.10736970938647793,-0.2675332199398972,-0.07721233118998452,0.02048104484719383,-0.17947441592091162,0.14856462283602062,-0.7137090330153684,1.430716461358524,-0.19343712818088168,-0.06554840343177103,-0.23102945071808523,0.5211671122874689,1.3425092686031914,0.053148528809131394
0.1310663361961535,-0.12676460871197387,0.8651372665912378,0.001856753802555256,-0.020150591860479405,-0.686148605370646,0.7271798934657819,-0.03781163345062376,-0.034443700832865,-0.10976135359544008,0.14796381179836748,-0.0910108880555516,0.02143582960293325,0.0326493266387092,-0.09240157556851805,-0.14743334950620834,0.10736970938647793,-0.2675332199398972,-0.07721233118998452,0.02048104484719383,-0.17947441592091162,0.14856462283602062,-0.7137090330153684,1.430716461358524,-0.19343712818088168,-0.06554840343177103,-0.23102945071808523,0.5211671122874689,1.3425092686031914,0.053148528809131394
0.1310663361961535,-0.12676460871197387,0.8651372665912378,0.001856753802555256,-0.020150591860479405,-0.686148605370646,0.7271798934657819,-0.03781163345062376,-0.034443700832865,-0.10976135359544008,0.14796381179836748,-0.0910108880555516,0.02143582960293325,0.0326493266387092,-0.09240157556851805,-0.14743334950620834,0.10736970938647793,-0.2675332199398972,-0.07721233118998452,0.02048104484719383,-0.17947441592091162,0.14856462283602062,-0.7137090330153684,1.430716461358524,-0.19343712818088168,-0.06554840343177103,-0.23102945071808523,0.5211671122874689,1.3425092686031914,0.053148528809131394
0.1310663361961535,-0.12676460871197387,0.8651372665912378,0.001856753802555256,-0.020150591860479405,-0.686148605370646,0.7271798934657819,-0.03781163345062376,-0.034443700832865,-0.10976135359544008,0.14796381179836748,-0.0910108880555516,0.02143582960293325,0.0326493266387092,-0.09240157556851805,-0.14743334950620834,0.10736970938647793,-0.2675332199398972,-0.07721233118998452,0.02048104484719383,-0.17947441592091162,0.14856462283602062,-0.7137090330153684,1.430716461358524,-0.19343712818088168,-0.06554840343177103,-0.23102945071808523,0.5211671122874689,1.3425092686031914,0.053148528809131394
0.1310663361961535,-0.12676460871197387,0.8651372665912378,0.001856753802555256,-0.020150591860479405,-0.686148605370646,0.7271798934657819,-0.03781163345062376,-0.034443700832865,-0.10976135359544008,0.14796381179836748,-0.0910108880555516,0.02143582960293325,0.0326493266387092,-0.09240157556851805,-0.14743334950620834,0.10736970938647793,-0.2675332199398972,-0.07721233118998452,0.02048104484719383,-0.17947441592091162,0.14856462283602062,-0.7137090330153684,1.430716461358524,-0.19343712818088168,-0.06554840343177103,-0.23102945071808523,0.5211671122874689,1.3425092686031914,0.053148528809131394
0.1310663361961535,-0.12676460871197387,0.8651372665912378,0.001856753802555256,-0.020150591860479405,-0.686148605370646,0.7271798934657819,-0.03781163345062376,-0.034443700832865,-0.10976135359544008,0.14796381179836748,-0.0910108880555516,0.02143582960293325,0.0326493266387092,-0.09240157556851805,-0.14743334950620834,0.10736970938647793,-0.2675332199398972,-0.07721233118998452,0.02048104484719383,-0.17947441592091162,0.14856462283602062,-0.7137090330153684,1.430716461358524,-0.19343712818088168,-0.06554840343177103,-0.23102945071808523,0.5211671122874689,1.3425092686031914,0.053148528809131394
0.1310663361961535,-0.12676460871197387,0.8651372665912378,0.001856753802555256,-0.020150591860479405,-0.686148605370646,0.7271798934657819,-0.03781163345062376,-0.034443700832865,-0.10976135359544008,0.14796381179836748,-0.0910108880555516,0.02143582960293325,0.0326493266387092,-0.09240157556851805,-0.14743334950620834,0.10736970938647793,-0.2675332199398972,-0.07721233118998452,0.02048104484719383,-0.17947441592091162,0.14856462283602062,-0.7137090330153684,1.430716461358524,-0.19343712818088168,-0.06554840343177103,-0.23102945071808523,0.5211671122874689,1.3425092686031914,0.053148528809131394
0.1310663361961535,-0.12676460871197387,0.8651372665912378,0.001856753802555256,-0.020150591860479405,-0.686148605370646,0.7271798934657819,-0.03781163345062376,-0.034443700832865,-0.10976135359544008,0.14796381179836748,-0.0910108880555516,0.02143582960293325,0.0326493266387092,-0.09240157556851805,-0.14743334950620834,0.10736970938647793,-0.2675332199398972,-0.07721233118998452,0.02048104484719383,-0.17947441592091162,0.14856462283602062,-0.7137090330153684,1.430716461358524,-0.19343712818088168,-0.06554840343177103,-0.23102945071808523,0.5211671122874689,1.3425092686031914,0.053148528809131394
0.1310663361961535,-0.12676460871197387,0.8651372665912378,0.001856753802555256,-0.020150591860479405,-0.686148605370646,0.7271798934657819,-0.03781163345062376,-0.034443700832865,-0.10976135359544008,0.14796381179836748,-0.0910108880555516,0.02143582960293325,0.0326493266387092,-0.09240157556851805,-0.14743334950620834,0.10736970938647793,-0.2675332199398972,-0.07721233118998452,0.02048104484719383,-0.17947441592091162,0.14856462283602062,-0.7137090330153684,1.430716461358524,-0.19343712818088168,-0.06554840343177103,-0.23102945071808523,0.5211671122874689,1.3425092686031914,0.053148528809131394
0.1310663361961535,-0.12676460871197387,0.8651372665912378,0.001856753802555256,-0.020150591860479405,-0.686148605370646,0.7271798934657819,-0.03781163345062376,-0.034443700832865,-0.10976135359544008,0.14796381179836748,-0.0910108880555516,0.02143582960293325,0.0326493266387092,-0.09240157556851805,-0.14743334950620834,0.10736970938647793,-0.2675332199398972,-0.07721233118998452,0.02048104484719383,-0.17947441592091162,0.14856462283602062,-0.7137090330153684,1.430716461358524,-0.19343712818088168,-0.06554840343177103,-0.23102945071808523,0.5211671122874689,1.3425092686031914,0.053148528809131394
0.1310663361961535,-0.12676460871197387,0.8651372665912378,0.001856753802555256,-0.020150591860479405,-0.686148605370646,0.7271798934657819,-0.03781163345062376,-0.034443700832865,-0.10976135359544008,0.14796381179836748,-0.0910108880555516,0.02143582960293325,0.0326493266387092,-0.09240157556851805,-0.14743334950620834,0.10736970938647793,-0.2675332199398972,-0.07721233118998452,0.02048104484719383,-0.17947441592091162,0.14856462283602062,-0.7137090330153684,1.430716461358524,-0.19343712818088168,-0.06554840343177103,-0.23102945071808523,0.5211671122874689,1.3425092686031914,0.053148528809131394
0.1310663361961535,-0.12676460871197387,0.8651372665912378,0.001856753802555256,-0.020150591860479405,-0.686148605370646,0.7271798934657819,-0.03781163345062376,-0.034443700832865,-0.10976135359544008,0.14796381179836748,-0.0910108880555516,0.02143582960293325,0.0326493266387092,-0.09240157556851805,-0.14743334950620834,0.10736970938647793,-0.2675332199398972,-0.07721233118998452,0.02048104484719383,-0.17947441592091162,0.14856462283602062,-0.7137090330153684,1.430716461358524,-0.19343712818088168,-0.06554840343177103,-0.23102945071808523,0.5211671122874689,1.3425092686031914,0.053148528809131394
0.1310663361961535,-0.12676460871197387,0.8651372665912378,0.001856753802555256,-0.020150591860479405,-0.686148605370646,0.7271798934657819,-0.03781163345062376,-0.034443700832865,-0.10976135359544008,0.14796381179836748,-0.0910108880555516,0.02143582960293325,0.0326493266387092,-0.09240157556851805,-0.14743334950620834,0.10736970938647793,-0.2675332199398972,-0.07721233118998452,0.02048104484719383,-0.17947441592091162,0.14856462283602062,-0.7137090330153684,1.430716461358524,-0.19343712818088168,-0.06554840343177103,-0.23102945071808523,0.5211671122874689,1.3425092686031914,0.053148528809131394
0.1310663361961535,-0.12676460871197387,0.8651372665912378,0.001856753802555256,-0.020150591860479405,-0.686148605370646,0.7271798934657819,-0.03781163345062376,-0.034443700832865,-0.10976135359544008,0.14796381179836748,-0.0910108880555516,0.02143582960293325,0.0326493266387092,-0.09240157556851805,-0.14743334950620834,0.10736970938647793,-0.2675332199398972,-0.07721233118998452,0.02048104484719383,-0.17947441592091162,0.14856462283602062,-0.7137090330153684,1.430716461358524,-0.19343712818088168,-0.06554840343177103,-0.23102945071808523,0.5211671122874689,1.3425092686031914,0.053148528809131394
0.1310663361961535,-0.12676460871197387,0.8651372665912378,0.001856753802555256,-0.020150591860479405,-0.686148605370646,0.7271798934657819,-0.03781163345062376,-0.034443700832865,-0.10976135359544008,0.14796381179836748,-0.0910108880555516,0.02143582960293325,0.0326493266387092,-0.09240157556851805,-0.14743334950620834,0.10736970938647793,-0.2675332199398972,-0.07721233118998452,0.02048104484719383,-0.17947441592091162,0.14856462283602062,-0.7137090330153684,1.430716461358524,-0.19343712818088168,-0.06554840343177103,-0.23102945071808523,0.5211671122874689,1.3425092686031914,0.053148528809131394
0.1310663361961535,-0.12676460871197387,0.8651372665912378,0.001856753802555256,-0.020150591860479405,-0.686148605370646,0.7271798934657819,-0.03781163345062376,-0.034443700832865,-0.10976135359544008,0.14796381179836748,-0.0910108880555516,0.02143582960293325,0.0326493266387092,-0.09240157556851805,-0.14743334950620834,0.10736970938647793,-0.2675332199398972,-0.07721233118998452,0.02048104484719383,-0.17947441592091162,0.14856462283602062,-0.7137090330153684,1.430716461358524,-0.19343712818088168,-0.06554840343177103,-0.23102945071808523,0.5211671122874689,1.3425092686031914,0.053148528809131394
0.1310663361961535,-0.12676460871197387,0.8651372665912378,0.001856753802555256,-0.020150591860479405,-0.686148605370646,0.7271798934657819,-0.03781163345062376,-0.034443700832865,-0.10976135359544008,0.14796381179836748,-0.0910108880555516,0.02143582960293325,0.0326493266387092,-0.09240157556851805,-0.14743334950620834,0.10736970938647793,-0.2675332199398972,-0.07721233118998452,0.02048104484719383,-0.17947441592091162,0.14856462283602062,-0.7137090330153684,1.430716461358524,-0.19343712818088168,-0.06554840343177103,-0.23102945071808523,0.5211671122874689,1.3425092686031914,0.053148528809131394
0.1310663361961535,-0.12676460871197387,0.8651372665912378,0.001856753802555256,-0.020150591860479405,-0.686148605370646,0.7271798934657819,-0.03781163345062376,-0.034443700832865,-0.10976135359544008,0.14796381179836748,-0.0910108880555516,0.02143582960293325,0.0326493266387092,-0.09240157556851805,-0.14743334950620834,0.10736970938647793,-0.2675332199398972,-0.07721233118998452,0.02048104484719383,-0.17947441592091162,0.14856462283602062,-0.7137090330153684,1.430716461358524,-0.19343712818088168,-0.06554840343177103,-0.23102945071808523,0.5211671122874689,1.3425092686031914,0.053148528809131394
0.1310663361961535,-0.12676460871197387,0.8651372665912378,0.001856753802555256,-0.020150591860479405,-0.686148605370646,0.7271798934657819,-0.03781163345062376,-0.034443700832865,-0.10976135359544008,0.14796381179836748,-0.0910108880555516,0.02143582960293325,0.0326493266387092,-0.09240157556851805,-0.14743334950620834,0.10736970938647793,-0.2675332199398972,-0.07721233118998452,0.02048104484719383,-0.17947441592091162,0.14856462283602062,-0.7137090330153684,1.430716461358524,-0.19343712818088168,-0.06554840343177103,-0.23102945071808523,0.5211671122874689,1.3425092686031914,0.053148528809131394
0.1310663361961535,-0.12676460871197387,0.8651372665912378,0.001856753802555256,-0.020150591860479405,-0.686148605370646,0.7271798934657819,-0.03781163345062376,-0.034443700832865,-0.10976135359544008,0.14796381179836748,-0.0910108880555516,0.02143582960293325,0.0326493266387092,-0.09240157556851805,-0.14743334950620834,0.10736970938647793,-0.2675332199398972,-0.07721233118998452,0.02048104484719383,-0.17947441592091162,0.14856462283602062,-0.7137090330153684,1.430716461358524,-0.19343712818088168,-0.06554840343177103,-0.23102945071808523,0.5211671122874689,1.3425092686031914,0.053148528809131394
0.1310663361961535,-0.12676460871197387,0.8651372665912378,0.001856753802555256,-0.020150591860479405,-0.686148605370646,0.7271798934657819,-0.03781163345062376,-0.034443700832865,-0.10976135359544008,0.14796381179836748,-0.0910108880555516,0.02143582960293325,0.0326493266387092,-0.09240157556851805,-0.14743334950620834,0.10736970938647793,-0.2675332199398972,-0.07721233118998452,0.02048104484719383,-0.17947441592091162,0.14856462283602062,-0.7137090330153684,1.430716461358524,-0.19343712818088168,-0.06554840343177103,-0.23102945071808523,0.5211671122874689,1.3425092686031914,0.053148528809131394
0.1310663361961535,-0.12676460871197387,0.8651372665912378,0.001856753802555256,-0.020150591860479405,-0.686148605370646,0.7271798934657819,-0.03781163345062376,-0.034443700832865,-0.10976135359544008,0.14796381179836748,-0.0910108880555516,0.02143582960293325,0.0326493266387092,-0.09240157556851805,-0.14743334950620834,0.10736970938647793,-0.2675332199398972,-0.07721233118998452,0.02048104484719383,-0.17947441592091162,0.14856462283602062,-0.7137090330153684,1.430716461358524,-0.19343712818088168,-0.06554840343177103,-0.23102945071808523,0.5211671122874689,1.3425092686031914,0.053148528809131394
0.1310663361961535,-0.12676460871197387,0.8651372665912378,0.001856753802555256,-0.020150591860479405,-0.686148605370646,0.7271798934657819,-0.03781163345062376,-0.034443700832865,-0.10976135359544008,0.14796381179836748,-0.0910108880555516,0.02143582960293325,0.0326493266387092,-0.09240157556851805,-0.14743334950620834,0.10736970938647793,-0.2675332199398972,-0.07721233118998452,0.02048104484719383,-0.17947441592091162,0.14856462283602062,-0.7137090330153684,1.430716461358524,-0.19343712818088168,-0.06554840343177103,-0.23102945071808523,0.5211671122874689,1.3425092686031914,0.053148528809131394
0.1310663361961535,-0.12676460871197387,0.8651372665912378,0.001856753802555256,-0.020150591860479405,-0.686148605370646,0.7271798934657819,-0.03781163345062376,-0.034443700832865,-0.10976135359544008,0.14796381179836748,-0.0910108880555516,0.02143582960293325,0.0326493266387092,-0.09240157556851805,-0.14743334950620834,0.10736970938647793,-0.2675332199398972,-0.07721233118998452,0.02048104484719383,-0.17947441592091162,0.14856462283602062,-0.7137090330153684,1.430716461358524,-0.19343712818088168,-0.06554840343177103,-0.23102945071808523,0.5211671122874689,1.3425092686031914,0.053148528809131394
0.1310663361961535,-0.12676460871197387,0.8651372665912378,0.001856753802555256,-0.020150591860479405,-0.686148605370646,0.7271798934657819,-0.03781163345062376,-0.034443700832865,-0.10976135359544008,0.14796381179836748,-0.0910108880555516,0.02143582960293325,0.0326493266387092,-0.09240157556851805,-0.14743334950620834,0.10736970938647793,-0.2675332199398972,-0.07721233118998452,0.02048104484719383,-0.17947441592091162,0.14856462283602062,-0.7137090330153684,1.430716461358524,-0.19343712818088168,-0.06554840343177103,-0.23102945071808523,0.5211671122874689,1.3425092686031914,0.053148528809131394
0.1310663361961535,-0.12676460871197387,0.8651372665912378,0.001856753802555256,-0.020150591860479405,-0.686148605370646,0.7271798934657819,-0.03781163345062376,-0.034443700832865,-0.10976135359544008,0.14796381179836748,-0.0910108880555516,0.02143582960293325,0.0326493266387092,-0.09240157556851805,-0.14743334950620834,0.10736970938647793,-0.2675332199398972,-0.07721233118998452,0.02048104484719383,-0.17947441592091162,0.14856462283602062,-0.7137090330153684,1.430716461358524,-0.19343712818088168,-0.06554840343177103,-0.23102945071808523,0.5211671122874689,1.3425092686031914,0.053148528809131394
0.1310663361961535,-0.12676460871197387,0.8651372665912378,0.001856753802555256,-0.020150591860479405,-0.686148605370646,0.7271798934657819,-0.03781163345062376,-0.034443700832865,-0.10976135359544008,0.14796381179836748,-0.0910108880555516,0.02143582960293325,0.0326493266387092,-0.09240157556851805,-0.14743334950620834,0.10736970938647793,-0.2675332199398972,-0.07721233118998452,0.02048104484719383,-0.17947441592091162,0.14856462283602062,-0.7137090330153684,1.430716461358524,-0.19343712818088168,-0.06554840343177103,-0.23102945071808523,0.5211671122874689,1.3425092686031914,0.053148528809131394
0.1310663361961535,-0.12676460871197387,0.8651372665912378,0.001856753802555256,-0.020150591860479405,-0.686148605370646,0.7271798934657819,-0.03781163345062376,-0.034443700832865,-0.10976135359544008,0.14796381179836748,-0.0910108880555516,0.02143582960293325,0.0326493266387092,-0.09240157556851805,-0.14743334950620834,0.10736970938647793,-0.2675332199398972,-0.07721233118998452,0.02048104484719383,-0.17947441592091162,0.14856462283602062,-0.7137090330153684,1.430716461358524,-0.19343712818088168,-0.06554840343177103,-0.23102945071808523,0.5211671122874689,1.3425092686031914,0.053148528809131394
0.1310663361961535,-0.12676460871197387,0.8651372665912378,0.001856753802555256,-0.020150591860479405,-0.686148605370646,0.7271798934657819,-0.03781163345062376,-0.034443700832865,-0.10976135359544008,0.14796381179836748,-0.0910108880555516,0.02143582960293325,0.0326493266387092,-0.09240157556851805,-0.14743334950620834,0.10736970938647793,-0.2675332199398972,-0.07721233118998452,0.02048104484719383,-0.17947441592091162,0.14856462283602062,-0.7137090330153684,1.430716461358524,-0.19343712818088168,-0.06554840343177103,-0.23102945071808523,0.5211671122874689,1.3425092686031914,0.053148528809131394
0.1310663361961535,-0.12676460871197387,0.8651372665912378,0.001856753802555256,-0.020150591860479405,-0.686148605370646,0.7271798934657819,-0.03781163345062376,-0.034443700832865,-0.10976135359544008,0.14796381179836748,-0.0910108880555516,0.02143582960293325,0.0326493266387092,-0.09240157556851805,-0.14743334950620834,0.10736970938647793,-0.2675332199398972,-0.07721233118998452,0.02048104484719383,-0.17947441592091162,0.14856462283602062,-0.7137090330153684,1.430716461358524,-0.19343712818088168,-0.06554840343177103,-0.23102945071808523,0.5211671122874689,1.3425092686031914,0.053148528809131394
0.1310663361961535,-0.12676460871197387,0.8651372665912378,0.001856753802555256,-0.020150591860479405,-0.686148605370646,0.7271798934657819,-0.03781163345062376,-0.034443700832865,-0.10976135359544008,0.14796381179836748,-0.0910108880555516,0.02143582960293325,0.0326493266387092,-0.09240157556851805,-0.14743334950620834,0.10736970938647793,-0.2675332199398972,-0.07721233118998452,0.02048104484719383,-0.17947441592091162,0.14856462283602062,-0.7137090330153684,1.430716461358524,-0.19343712818088168,-0.06554840343177103,-0.23102945071808523,0.5211671122874689,1.3425092686031914,0.053148528809131394
0.1310663361961535,-0.12676460871197387,0.8651372665912378,0.001856753802555256,-0.020150591860479405,-0.686148605370646,0.7271798934657819,-0.03781163345062376,-0.034443700832865,-0.10976135359544008,0.14796381179836748,-0.0910108880555516,0.02143582960293325,0.0326493266387092,-0.09240157556851805,-0.14743334950620834,0.10736970938647793,-0.2675332199398972,-0.07721233118998452,0.02048104484719383,-0.17947441592091162,0.14856462283602062,-0.7137090330153684,1.430716461358524,-0.19343712818088168,-0.06554840343177103,-0.23102945071808523,0.5211671122874689,1.3425092686031914,0.053148528809131394
0.1310663361961535,-0.12676460871197387,0.8651372665912378,0.001856753802555256,-0.020150591860479405,-0.686148605370646,0.7271798934657819,-0.03781163345062376,-0.034443700832865,-0.10976135359544008,0.14796381179836748,-0.0910108880555516,0.02143582960293325,0.0326493266387092,-0.09240157556851805,-0.14743334950620834,0.10736970938647793,-0.2675332199398972,-0.07721233118998452,0.02048104484719383,-0.17947441592091162,0.14856462283602062,-0.7137090330153684,1.430716461358524,-0.19343712818088168,-0.06554840343177103,-0.23102945071808523,0.5211671122874689,1.3425092686031914,0.053148528809131394
0.1310663361961535,-0.12676460871197387,0.8651372665912378,0.001856753802555256,-0.020150591860479405,-0.686148605370646,0.7271798934657819,-0.03781163345062376,-0.034443700832865,-0.10976135359544008,0.14796381179836748,-0.0910108880555516,0.02143582960293325,0.0326493266387092,-0.09240157556851805,-0.14743334950620834,0.10736970938647793,-0.2675332199398972,-0.07721233118998452,0.02048104484719383,-0.17947441592091162,0.14856462283602062,-0.7137090330153684,1.430716461358524,-0.19343712818088168,-0.06554840343177103,-0.23102945071808523,0.5211671122874689,1.3425092686031914,0.053148528809131394
0.1310663361961535,-0.12676460871197387,0.8651372665912378,0.001856753802555256,-0.020150591860479405,-0.686148605370646,0.7271798934657819,-0.03781163345062376,-0.034443700832865,-0.10976135359544008,0.14796381179836748,-0.0910108880555516,0.02143582960293325,0.0326493266387092,-0.09240157556851805,-0.14743334950620834,0.10736970938647793,-0.2675332199398972,-0.07721233118998452,0.02048104484719383,-0.17947441592091162,0.14856462283602062,-0.7137090330153684,1.430716461358524,-0.19343712818088168,-0.06554840343177103,-0.23102945071808523,0.5211671122874689,1.3425092686031914,0.053148528809131394
0.1310663361961535,-0.12676460871197387,0.8651372665912378,0.001856753802555256,-0.020150591860479405,-0.686148605370646,0.7271798934657819,-0.03781163345062376,-0.034443700832865,-0.10976135359544008,0.14796381179836748,-0.0910108880555516,0.02143582960293325,0.0326493266387092,-0.09240157556851805,-0.14743334950620834,0.10736970938647793,-0.2675332199398972,-0.07721233118998452,0.02048104484719383,-0.17947441592091162,0.14856462283602062,-0.7137090330153684,1.430716461358524,-0.19343712818088168,-0.06554840343177103,-0.23102945071808523,0.5211671122874689,1.3425092686031914,0.053148528809131394
0.1310663361961535,-0.12676460871197387,0.8651372665912378,0.001856753802555256,-0.020150591860479405,-0.686148605370646,0.7271798934657819,-0.03781163345062376,-0.034443700832865,-0.10976135359544008,0.14796381179836748,-0.0910108880555516,0.02143582960293325,0.0326493266387092,-0.09240157556851805,-0.14743334950620834,0.10736970938647793,-0.2675332199398972,-0.07721233118998452,0.02048104484719383,-0.17947441592091162,0.14856462283602062,-0.7137090330153684,1.430716461358524,-0.19343712818088168,-0.06554840343177103,-0.23102945071808523,0.5211671122874689,1.3425092686031914,0.053148528809131394
0.1310663361961535,-0.12676460871197387,0.8651372665912378,0.001856753802555256,-0.020150591860479405,-0.686148605370646,0.7271798934657819,-0.03781163345062376,-0.034443700832865,-0.10976135359544008,0.14796381179836748,-0.0910108880555516,0.02143582960293325,0.0326493266387092,-0.09240157556851805,-0.14743334950620834,0.10736970938647793,-0.2675332199398972,-0.07721233118998452,0.02048104484719383,-0.17947441592091162,0.14856462283602062,-0.7137090330153684,1.430716461358524,-0.19343712818088168,-0.06554840343177103,-0.23102945071808523,0.5211671122874689,1.3425092686031914,0.053148528809131394
0.1310663361961535,-0.12676460871197387,0.8651372665912378,0.001856753802555256,-0.020150591860479405,-0.686148605370646,0.7271798934657819,-0.03781163345062376,-0.034443700832865,-0.10976135359544008,0.14796381179836748,-0.0910108880555516,0.02143582960293325,0.0326493266387092,-0.09240157556851805,-0.14743334950620834,0.10736970938647793,-0.2675332199398972,-0.07721233118998452,0.02048104484719383,-0.17947441592091162,0.14856462283602062,-0.7137090330153684,1.430716461358524,-0.19343712818088168,-0.06554840343177103,-0.23102945071808523,0.5211671122874689,1.3425092686031914,0.053148528809131394
0.1310663361961535,-0.12676460871197387,0.8651372665912378,0.001856753802555256,-0.020150591860479405,-0.686148605370646,0.7271798934657819,-0.03781163345062376,-0.034443700832865,-0.10976135359544008,0.14796381179836748,-0.0910108880555516,0.02143582960293325,0.0326493266387092,-0.09240157556851805,-0.14743334950620834,0.10736970938647793,-0.2675332199398972,-0.07721233118998452,0.02048104484719383,-0.17947441592091162,0.14856462283602062,-0.7137090330153684,1.430716461358524,-0.19343712818088168,-0.06554840343177103,-0.23102945071808523,0.5211671122874689,1.3425092686031914,0.053148528809131394
0.1310663361961535,-0.12676460871197387,0.8651372665912378,0.001856753802555256,-0.020150591860479405,-0.686148605370646,0.7271798934657819,-0.03781163345062376,-0.034443700832865,-0.10976135359544008,0.14796381179836748,-0.0910108880555516,0.02143582960293325,0.0326493266387092,-0.09240157556851805,-0.14743334950620834,0.10736970938647793,-0.2675332199398972,-0.07721233118998452,0.02048104484719383,-0.17947441592091162,0.14856462283602062,-0.7137090330153684,1.430716461358524,-0.19343712818088168,-0.06554840343177103,-0.23102945071808523,0.5211671122874689,1.3425092686031914,0.053148528809131394
0.1310663361961535,-0.12676460871197387,0.8651372665912378,0.001856753802555256,-0.020150591860479405,-0.686148605370646,0.7271798934657819,-0.03781163345062376,-0.034443700832865,-0.10976135359544008,0.14796381179836748,-0.0910108880555516,0.02143582960293325,0.0326493266387092,-0.09240157556851805,-0.14743334950620834,0.10736970938647793,-0.2675332199398972,-0.07721233118998452,0.02048104484719383,-0.17947441592091162,0.14856462283602062,-0.7137090330153684,1.430716461358524,-0.19343712818088168,-0.06554840343177103,-0.23102945071808523,0.5211671122874689,1.3425092686031914,0.053148528809131394
0.1310663361961535,-0.12676460871197387,0.8651372665912378,0.001856753802555256,-0.020150591860479405,-0.686148605370646,0.7271798934657819,-0.03781163345062376,-0.034443700832865,-0.10976135359544008,0.14796381179836748,-0.0910108880555516,0.02143582960293325,0.0326493266387092,-0.09240157556851805,-0.14743334950620834,0.10736970938647793,-0.2675332199398972,-0.07721233118998452,0.02048104484719383,-0.17947441592091162,0.14856462283602062,-0.7137090330153684,1.430716461358524,-0.19343712818088168,-0.06554840343177103,-0.23102945071808523,0.5211671122874689,1.3425092686031914,0.053148528809131394
0.1310663361961535,-0.12676460871197387,0.8651372665912378,0.001856753802555256,-0.020150591860479405,-0.686148605370646,0.7271798934657819,-0.03781163345062376,-0.034443700832865,-0.10976135359544008,0.14796381179836748,-0.0910108880555516,0.02143582960293325,0.0326493266387092,-0.09240157556851805,-0.14743334950620834,0.10736970938647793,-0.2675332199398972,-0.07721233118998452,0.02048104484719383,-0.17947441592091162,0.14856462283602062,-0.7137090330153684,1.430716461358524,-0.19343712818088168,-0.06554840343177103,-0.23102945071808523,0.5211671122874689,1.3425092686031914,0.053148528809131394
0.1310663361961535,-0.12676460871197387,0.8651372665912378,0.001856753802555256,-0.020150591860479405,-0.686148605370646,0.7271798934657819,-0.03781163345062376,-0.034443700832865,-0.10976135359544008,0.14796381179836748,-0.0910108880555516,0.02143582960293325,0.0326493266387092,-0.09240157556851805,-0.14743334950620834,0.10736970938647793,-0.2675332199398972,-0.07721233118998452,0.02048104484719383,-0.17947441592091162,0.14856462283602062,-0.7137090330153684,1.430716461358524,-0.19343712818088168,-0.06554840343177103,-0.23102945071808523,0.5211671122874689,1.3425092686031914,0.053148528809131394
0.1310663361961535,-0.12676460871197387,0.8651372665912378,0.001856753802555256,-0.020150591860479405,-0.686148605370646,0.7271798934657819,-0.03781163345062376,-0.034443700832865,-0.10976135359544008,0.14796381179836748,-0.0910108880555516,0.02143582960293325,0.0326493266387092,-0.09240157556851805,-0.14743334950620834,0.10736970938647793,-0.2675332199398972,-0.07721233118998452,0.02048104484719383,-0.17947441592091162,0.14856462283602062,-0.7137090330153684,1.430716461358524,-0.19343712818088168,-0.06554840343177103,-0.23102945071808523,0.5211671122874689,1.3425092686031914,0.053148528809131394
0.1310663361961535,-0.12676460871197387,0.8651372665912378,0.001856753802555256,-0.020150591860479405,-0.686148605370646,0.7271798934657819,-0.03781163345062376,-0.034443700832865,-0.10976135359544008,0.14796381179836748,-0.0910108880555516,0.02143582960293325,0.0326493266387092,-0.09240157556851805,-0.14743334950620834,0.10736970938647793,-0.2675332199398972,-0.07721233118998452,0.02048104484719383,-0.17947441592091162,0.14856462283602062,-0.7137090330153684,1.430716461358524,-0.19343712818088168,-0.06554840343177103,-0.23102945071808523,0.5211671122874689,1.3425092686031914,0.053148528809131394
0.1310663361961535,-0.12676460871197387,0.8651372665912378,0.001856753802555256,-0.020150591860479405,-0.686148605370646,0.7271798934657819,-0.03781163345062376,-0.034443700832865,-0.10976135359544008,0.14796381179836748,-0.0910108880555516,0.02143582960293325,0.0326493266387092,-0.09240157556851805,-0.14743334950620834,0.10736970938647793,-0.2675332199398972,-0.07721233118998452,0.02048104484719383,-0.17947441592091162,0.14856462283602062,-0.7137090330153684,1.430716461358524,-0.19343712818088168,-0.06554840343177103,-0.23102945071808523,0.5211671122874689,1.3425092686031914,0.053148528809131394
0.1310663361961535,-0.12676460871197387,0.8651372665912378,0.001856753802555256,-0.020150591860479405,-0.686148605370646,0.7271798934657819,-0.03781163345062376,-0.034443700832865,-0.10976135359544008,0.14796381179836748,-0.0910108880555516,0.02143582960293325,0.0326493266387092,-0.09240157556851805,-0.14743334950620834,0.10736970938647793,-0.2675332199398972,-0.07721233118998452,0.02048104484719383,-0.17947441592091162,0.14856462283602062,-0.7137090330153684,1.430716461358524,-0.19343712818088168,-0.06554840343177103,-0.23102945071808523,0.5211671122874689,1.3425092686031914,0.053148528809131394
0.1310663361961535,-0.12676460871197387,0.8651372665912378,0.001856753802555256,-0.020150591860479405,-0.686148605370646,0.7271798934657819,-0.03781163345062376,-0.034443700832865,-0.10976135359544008,0.14796381179836748,-0.0910108880555516,0.02143582960293325,0.0326493266387092,-0.09240157556851805,-0.14743334950620834,0.10736970938647793,-0.2675332199398972,-0.07721233118998452,0.02048104484719383,-0.17947441592091162,0.14856462283602062,-0.7137090330153684,1.430716461358524,-0.19343712818088168,-0.06554840343177103,-0.23102945071808523,0.5211671122874689,1.3425092686031914,0.053148528809131394
0.1310663361961535,-0.12676460871197387,0.8651372665912378,0.001856753802555256,-0.020150591860479405,-0.686148605370646,0.7271798934657819,-0.03781163345062376,-0.034443700832865,-0.10976135359544008,0.14796381179836748,-0.0910108880555516,0.02143582960293325,0.0326493266387092,-0.09240157556851805,-0.14743334950620834,0.10736970938647793,-0.2675332199398972,-0.07721233118998452,0.02048104484719383,-0.17947441592091162,0.14856462283602062,-0.7137090330153684,1.430716461358524,-0.19343712818088168,-0.06554840343177103,-0.23102945071808523,0.5211671122874689,1.3425092686031914,0.053148528809131394
0.1310663361961535,-0.12676460871197387,0.8651372665912378,0.001856753802555256,-0.020150591860479405,-0.686148605370646,0.7271798934657819,-0.03781163345062376,-0.034443700832865,-0.10976135359544008,0.14796381179836748,-0.0910108880555516,0.02143582960293325,0.0326493266387092,-0.09240157556851805,-0.14743334950620834,0.10736970938647793,-0.2675332199398972,-0.07721233118998452,0.02048104484719383,-0.17947441592091162,0.14856462283602062,-0.7137090330153684,1.430716461358524,-0.19343712818088168,-0.06554840343177103,-0.23102945071808523,0.5211671122874689,1.3425092686031914,0.053148528809131394
0.1310663361961535,-0.12676460871197387,0.8651372665912378,0.001856753802555256,-0.020150591860479405,-0.686148605370646,0.7271798934657819,-0.03781163345062376,-0.034443700832865,-0.10976135359544008,0.14796381179836748,-0.0910108880555516,0.02143582960293325,0.0326493266387092,-0.09240157556851805,-0.14743334950620834,0.10736970938647793,-0.2675332199398972,-0.07721233118998452,0.02048104484719383,-0.17947441592091162,0.14856462283602062,-0.7137090330153684,1.430716461358524,-0.19343712818088168,-0.06554840343177103,-0.23102945071808523,0.5211671122874689,1.3425092686031914,0.053148528809131394
0.1310663361961535,-0.12676460871197387,0.8651372665912378,0.001856753802555256,-0.020150591860479405,-0.686148605370646,0.7271798934657819,-0.03781163345062376,-0.034443700832865,-0.10976135359544008,0.14796381179836748,-0.0910108880555516,0.02143582960293325,0.0326493266387092,-0.09240157556851805,-0.14743334950620834,0.10736970938647793,-0.2675332199398972,-0.07721233118998452,0.02048104484719383,-0.17947441592091162,0.14856462283602062,-0.7137090330153684,1.430716461358524,-0.19343712818088168,-0.06554840343177103,-0.23102945071808523,0.5211671122874689,1.3425092686031914,0.053148528809131394
0.1310663361961535,-0.12676460871197387,0.8651372665912378,0.001856753802555256,-0.020150591860479405,-0.686148605370646,0.7271798934657819,-0.03781163345062376,-0.034443700832865,-0.10976135359544008,0.14796381179836748,-0.0910108880555516,0.02143582960293325,0.0326493266387092,-0.09240157556851805,-0.14743334950620834,0.10736970938647793,-0.2675332199398972,-0.07721233118998452,0.02048104484719383,-0.17947441592091162,0.14856462283602062,-0.7137090330153684,1.430716461358524,-0.19343712818088168,-0.06554840343177103,-0.23102945071808523,0.5211671122874689,1.3425092686031914,0.053148528809131394
0.1310663361961535,-0.12676460871197387,0.8651372665912378,0.001856753802555256,-0.020150591860479405,-0.686148605370646,0.7271798934657819,-0.03781163345062376,-0.034443700832865,-0.10976135359544008,0.14796381179836748,-0.0910108880555516,0.02143582960293325,0.0326493266387092,-0.09240157556851805,-0.14743334950620834,0.10736970938647793,-0.2675332199398972,-0.07721233118998452,0.02048104484719383,-0.17947441592091162,0.14856462283602062,-0.7137090330153684,1.430716461358524,-0.19343712818088168,-0.06554840343177103,-0.23102945071808523,0.5211671122874689,1.3425092686031914,0.053148528809131394
0.1310663361961535,-0.12676460871197387,0.8651372665912378,0.001856753802555256,-0.020150591860479405,-0.686148605370646,0.7271798934657819,-0.03781163345062376,-0.034443700832865,-0.10976135359544008,0.14796381179836748,-0.0910108880555516,0.02143582960293325,0.0326493266387092,-0.09240157556851805,-0.14743334950620834,0.10736970938647793,-0.2675332199398972,-0.07721233118998452,0.02048104484719383,-0.17947441592091162,0.14856462283602062,-0.7137090330153684,1.430716461358524,-0.19343712818088168,-0.06554840343177103,-0.23102945071808523,0.5211671122874689,1.3425092686031914,0.053148528809131394
0.1310663361961535,-0.12676460871197387,0.8651372665912378,0.001856753802555256,-0.020150591860479405,-0.686148605370646,0.7271798934657819,-0.03781163345062376,-0.034443700832865,-0.10976135359544008,0.14796381179836748,-0.0910108880555516,0.02143582960293325,0.0326493266387092,-0.09240157556851805,-0.14743334950620834,0.10736970938647793,-0.2675332199398972,-0.07721233118998452,0.02048104484719383,-0.17947441592091162,0.14856462283602062,-0.7137090330153684,1.430716461358524,-0.19343712818088168,-0.06554840343177103,-0.23102945071808523,0.5211671122874689,1.3425092686031914,0.053148528809131394
0.1310663361961535,-0.12676460871197387,0.8651372665912378,0.001856753802555256,-0.020150591860479405,-0.686148605370646,0.7271798934657819,-0.03781163345062376,-0.034443700832865,-0.10976135359544008,0.14796381179836748,-0.0910108880555516,0.02143582960293325,0.0326493266387092,-0.09240157556851805,-0.14743334950620834,0.10736970938647793,-0.2675332199398972,-0.07721233118998452,0.02048104484719383,-0.17947441592091162,0.14856462283602062,-0.7137090330153684,1.430716461358524,-0.19343712818088168,-0.06554840343177103,-0.23102945071808523,0.5211671122874689,1.3425092686031914,0.053148528809131394
0.1310663361961535,-0.12676460871197387,0.8651372665912378,0.001856753802555256,-0.020150591860479405,-0.686148605370646,0.7271798934657819,-0.03781163345062376,-0.034443700832865,-0.10976135359544008,0.14796381179836748,-0.0910108880555516,0.02143582960293325,0.0326493266387092,-0.09240157556851805,-0.14743334950620834,0.10736970938647793,-0.2675332199398972,-0.07721233118998452,0.02048104484719383,-0.17947441592091162,0.14856462283602062,-0.7137090330153684,1.430716461358524,-0.19343712818088168,-0.06554840343177103,-0.23102945071808523,0.5211671122874689,1.3425092686031914,0.053148528809131394
0.1310663361961535,-0.12676460871197387,0.8651372665912378,0.001856753802555256,-0.020150591860479405,-0.686148605370646,0.7271798934657819,-0.03781163345062376,-0.034443700832865,-0.10976135359544008,0.14796381179836748,-0.0910108880555516,0.02143582960293325,0.0326493266387092,-0.09240157556851805,-0.14743334950620834,0.10736970938647793,-0.2675332199398972,-0.07721233118998452,0.02048104484719383,-0.17947441592091162,0.14856462283602062,-0.7137090330153684,1.430716461358524,-0.19343712818088168,-0.06554840343177103,-0.23102945071808523,0.5211671122874689,1.3425092686031914,0.053148528809131394
0.1310663361961535,-0.12676460871197387,0.8651372665912378,0.001856753802555256,-0.020150591860479405,-0.686148605370646,0.7271798934657819,-0.03781163345062376,-0.034443700832865,-0.10976135359544008,0.14796381179836748,-0.0910108880555516,0.02143582960293325,0.0326493266387092,-0.09240157556851805,-0.14743334950620834,0.10736970938647793,-0.2675332199398972,-0.07721233118998452,0.02048104484719383,-0.17947441592091162,0.14856462283602062,-0.7137090330153684,1.430716461358524,-0.19343712818088168,-0.06554840343177103,-0.23102945071808523,0.5211671122874689,1.3425092686031914,0.053148528809131394
0.1310663361961535,-0.12676460871197387,0.8651372665912378,0.001856753802555256,-0.020150591860479405,-0.686148605370646,0.7271798934657819,-0.03781163345062376,-0.034443700832865,-0.10976135359544008,0.14796381179836748,-0.0910108880555516,0.02143582960293325,0.0326493266387092,-0.09240157556851805,-0.14743334950620834,0.10736970938647793,-0.2675332199398972,-0.07721233118998452,0.02048104484719383,-0.17947441592091162,0.14856462283602062,-0.7137090330153684,1.430716461358524,-0.19343712818088168,-0.06554840343177103,-0.23102945071808523,0.5211671122874689,1.3425092686031914,0.053148528809131394
0.1310663361961535,-0.12676460871197387,0.8651372665912378,0.001856753802555256,-0.020150591860479405,-0.686148605370646,0.7271798934657819,-0.03781163345062376,-0.034443700832865,-0.10976135359544008,0.14796381179836748,-0.0910108880555516,0.02143582960293325,0.0326493266387092,-0.09240157556851805,-0.14743334950620834,0.10736970938647793,-0.2675332199398972,-0.07721233118998452,0.02048104484719383,-0.17947441592091162,0.14856462283602062,-0.7137090330153684,1.430716461358524,-0.19343712818088168,-0.06554840343177103,-0.23102945071808523,0.5211671122874689,1.3425092686031914,0.053148528809131394
0.1310663361961535,-0.12676460871197387,0.8651372665912378,0.001856753802555256,-0.020150591860479405,-0.686148605370646,0.7271798934657819,-0.03781163345062376,-0.034443700832865,-0.10976135359544008,0.14796381179836748,-0.0910108880555516,0.02143582960293325,0.0326493266387092,-0.09240157556851805,-0.14743334950620834,0.10736970938647793,-0.2675332199398972,-0.07721233118998452,0.02048104484719383,-0.17947441592091162,0.14856462283602062,-0.7137090330153684,1.430716461358524,-0.19343712818088168,-0.06554840343177103,-0.23102945071808523,0.5211671122874689,1.3425092686031914,0.053148528809131394
0.1310663361961535,-0.12676460871197387,0.8651372665912378,0.001856753802555256,-0.020150591860479405,-0.686148605370646,0.7271798934657819,-0.03781163345062376,-0.034443700832865,-0.10976135359544008,0.14796381179836748,-0.0910108880555516,0.02143582960293325,0.0326493266387092,-0.09240157556851805,-0.14743334950620834,0.10736970938647793,-0.2675332199398972,-0.07721233118998452,0.02048104484719383,-0.17947441592091162,0.14856462283602062,-0.7137090330153684,1.430716461358524,-0.19343712818088168,-0.06554840343177103,-0.23102945071808523,0.5211671122874689,1.3425092686031914,0.053148528809131394
0.1310663361961535,-0.12676460871197387,0.8651372665912378,0.001856753802555256,-0.020150591860479405,-0.686148605370646,0.7271798934657819,-0.03781163345062376,-0.034443700832865,-0.10976135359544008,0.14796381179836748,-0.0910108880555516,0.02143582960293325,0.0326493266387092,-0.09240157556851805,-0.14743334950620834,0.10736970938647793,-0.2675332199398972,-0.07721233118998452,0.02048104484719383,-0.17947441592091162,0.14856462283602062,-0.7137090330153684,1.430716461358524,-0.19343712818088168,-0.06554840343177103,-0.23102945071808523,0.5211671122874689,1.3425092686031914,0.053148528809131394
0.1310663361961535,-0.12676460871197387,0.8651372665912378,0.001856753802555256,-0.020150591860479405,-0.686148605370646,0.7271798934657819,-0.03781163345062376,-0.034443700832865,-0.10976135359544008,0.14796381179836748,-0.0910108880555516,0.02143582960293325,0.0326493266387092,-0.09240157556851805,-0.14743334950620834,0.10736970938647793,-0.2675332199398972,-0.07721233118998452,0.02048104484719383,-0.17947441592091162,0.14856462283602062,-0.7137090330153684,1.430716461358524,-0.19343712818088168,-0.06554840343177103,-0.23102945071808523,0.5211671122874689,1.3425092686031914,0.053148528809131394
0.1310663361961535,-0.12676460871197387,0.8651372665912378,0.001856753802555256,-0.020150591860479405,-0.686148605370646,0.7271798934657819,-0.03781163345062376,-0.034443700832865,-0.10976135359544008,0.14796381179836748,-0.0910108880555516,0.02143582960293325,0.0326493266387092,-0.09240157556851805,-0.14743334950620834,0.10736970938647793,-0.2675332199398972,-0.07721233118998452,0.02048104484719383,-0.17947441592091162,0.14856462283602062,-0.7137090330153684,1.430716461358524,-0.19343712818088168,-0.06554840343177103,-0.23102945071808523,0.5211671122874689,1.3425092686031914,0.053148528809131394
0.1310663361961535,-0.12676460871197387,0.8651372665912378,0.001856753802555256,-0.020150591860479405,-0.686148605370646,0.7271798934657819,-0.03781163345062376,-0.034443700832865,-0.10976135359544008,0.14796381179836748,-0.0910108880555516,0.02143582960293325,0.0326493266387092,-0.09240157556851805,-0.14743334950620834,0.10736970938647793,-0.2675332199398972,-0.07721233118998452,0.02048104484719383,-0.17947441592091162,0.14856462283602062,-0.7137090330153684,1.430716461358524,-0.19343712818088168,-0.06554840343177103,-0.23102945071808523,0.5211671122874689,1.3425092686031914,0.053148528809131394
0.1310663361961535,-0.12676460871197387,0.8651372665912378,0.001856753802555256,-0.020150591860479405,-0.686148605370646,0.7271798934657819,-0.03781163345062376,-0.034443700832865,-0.10976135359544008,0.14796381179836748,-0.0910108880555516,0.02143582960293325,0.0326493266387092,-0.09240157556851805,-0.14743334950620834,0.10736970938647793,-0.2675332199398972,-0.07721233118998452,0.02048104484719383,-0.17947441592091162,0.14856462283602062,-0.7137090330153684,1.430716461358524,-0.19343712818088168,-0.06554840343177103,-0.23102945071808523,0.5211671122874689,1.3425092686031914,0.053148528809131394
0.1310663361961535,-0.12676460871197387,0.8651372665912378,0.001856753802555256,-0.020150591860479405,-0.686148605370646,0.7271798934657819,-0.03781163345062376,-0.034443700832865,-0.10976135359544008,0.14796381179836748,-0.0910108880555516,0.02143582960293325,0.0326493266387092,-0.09240157556851805,-0.14743334950620834,0.10736970938647793,-0.2675332199398972,-0.07721233118998452,0.02048104484719383,-0.17947441592091162,0.14856462283602062,-0.7137090330153684,1.430716461358524,-0.19343712818088168,-0.06554840343177103,-0.23102945071808523,0.5211671122874689,1.3425092686031914,0.053148528809131394
0.1310663361961535,-0.12676460871197387,0.8651372665912378,0.001856753802555256,-0.020150591860479405,-0.686148605370646,0.7271798934657819,-0.03781163345062376,-0.034443700832865,-0.10976135359544008,0.14796381179836748,-0.0910108880555516,0.02143582960293325,0.0326493266387092,-0.09240157556851805,-0.14743334950620834,0.10736970938647793,-0.2675332199398972,-0.07721233118998452,0.02048104484719383,-0.17947441592091162,0.14856462283602062,-0.7137090330153684,1.430716461358524,-0.19343712818088168,-0.06554840343177103,-0.23102945071808523,0.5211671122874689,1.3425092686031914,0.053148528809131394
0.1310663361961535,-0.12676460871197387,0.8651372665912378,0.001856753802555256,-0.020150591860479405,-0.686148605370646,0.7271798934657819,-0.03781163345062376,-0.034443700832865,-0.10976135359544008,0.14796381179836748,-0.0910108880555516,0.02143582960293325,0.0326493266387092,-0.09240157556851805,-0.14743334950620834,0.10736970938647793,-0.2675332199398972,-0.07721233118998452,0.02048104484719383,-0.17947441592091162,0.14856462283602062,-0.7137090330153684,1.430716461358524,-0.19343712818088168,-0.06554840343177103,-0.23102945071808523,0.5211671122874689,1.3425092686031914,0.053148528809131394
0.1310663361961535,-0.12676460871197387,0.8651372665912378,0.001856753802555256,-0.020150591860479405,-0.686148605370646,0.7271798934657819,-0.03781163345062376,-0.034443700832865,-0.10976135359544008,0.14796381179836748,-0.0910108880555516,0.02143582960293325,0.0326493266387092,-0.09240157556851805,-0.14743334950620834,0.10736970938647793,-0.2675332199398972,-0.07721233118998452,0.02048104484719383,-0.17947441592091162,0.14856462283602062,-0.7137090330153684,1.430716461358524,-0.19343712818088168,-0.06554840343177103,-0.23102945071808523,0.5211671122874689,1.3425092686031914,0.053148528809131394
0.1310663361961535,-0.12676460871197387,0.8651372665912378,0.001856753802555256,-0.020150591860479405,-0.686148605370646,0.7271798934657819,-0.03781163345062376,-0.034443700832865,-0.10976135359544008,0.14796381179836748,-0.0910108880555516,0.02143582960293325,0.0326493266387092,-0.09240157556851805,-0.14743334950620834,0.10736970938647793,-0.2675332199398972,-0.07721233118998452,0.02048104484719383,-0.17947441592091162,0.14856462283602062,-0.7137090330153684,1.430716461358524,-0.19343712818088168,-0.06554840343177103,-0.23102945071808523,0.5211671122874689,1.3425092686031914,0.053148528809131394
0.1310663361961535,-0.12676460871197387,0.8651372665912378,0.001856753802555256,-0.020150591860479405,-0.686148605370646,0.7271798934657819,-0.03781163345062376,-0.034443700832865,-0.10976135359544008,0.14796381179836748,-0.0910108880555516,0.02143582960293325,0.0326493266387092,-0.09240157556851805,-0.14743334950620834,0.10736970938647793,-0.2675332199398972,-0.07721233118998452,0.02048104484719383,-0.17947441592091162,0.14856462283602062,-0.7137090330153684,1.430716461358524,-0.19343712818088168,-0.06554840343177103,-0.23102945071808523,0.5211671122874689,1.3425092686031914,0.053148528809131394
0.1310663361961535,-0.12676460871197387,0.8651372665912378,0.001856753802555256,-0.020150591860479405,-0.686148605370646,0.7271798934657819,-0.03781163345062376,-0.034443700832865,-0.10976135359544008,0.14796381179836748,-0.0910108880555516,0.02143582960293325,0.0326493266387092,-0.09240157556851805,-0.14743334950620834,0.10736970938647793,-0.2675332199398972,-0.07721233118998452,0.02048104484719383,-0.17947441592091162,0.14856462283602062,-0.7137090330153684,1.430716461358524,-0.19343712818088168,-0.06554840343177103,-0.23102945071808523,0.5211671122874689,1.3425092686031914,0.053148528809131394
0.1310663361961535,-0.12676460871197387,0.8651372665912378,0.001856753802555256,-0.020150591860479405,-0.686148605370646,0.7271798934657819,-0.03781163345062376,-0.034443700832865,-0.10976135359544008,0.14796381179836748,-0.0910108880555516,0.02143582960293325,0.0326493266387092,-0.09240157556851805,-0.14743334950620834,0.10736970938647793,-0.2675332199398972,-0.07721233118998452,0.02048104484719383,-0.17947441592091162,0.14856462283602062,-0.7137090330153684,1.430716461358524,-0.19343712818088168,-0.06554840343177103,-0.23102945071808523,0.5211671122874689,1.3425092686031914,0.053148528809131394
0.1310663361961535,-0.12676460871197387,0.8651372665912378,0.001856753802555256,-0.020150591860479405,-0.686148605370646,0.7271798934657819,-0.03781163345062376,-0.034443700832865,-0.10976135359544008,0.14796381179836748,-0.0910108880555516,0.02143582960293325,0.0326493266387092,-0.09240157556851805,-0.14743334950620834,0.10736970938647793,-0.2675332199398972,-0.07721233118998452,0.02048104484719383,-0.17947441592091162,0.14856462283602062,-0.7137090330153684,1.430716461358524,-0.19343712818088168,-0.06554840343177103,-0.23102945071808523,0.5211671122874689,1.3425092686031914,0.053148528809131394
0.1310663361961535,-0.12676460871197387,0.8651372665912378,0.001856753802555256,-0.020150591860479405,-0.686148605370646,0.7271798934657819,-0.03781163345062376,-0.034443700832865,-0.10976135359544008,0.14796381179836748,-0.0910108880555516,0.02143582960293325,0.0326493266387092,-0.09240157556851805,-0.14743334950620834,0.10736970938647793,-0.2675332199398972,-0.07721233118998452,0.02048104484719383,-0.17947441592091162,0.14856462283602062,-0.7137090330153684,1.430716461358524,-0.19343712818088168,-0.06554840343177103,-0.23102945071808523,0.5211671122874689,1.3425092686031914,0.053148528809131394
0.1310663361961535,-0.12676460871197387,0.8651372665912378,0.001856753802555256,-0.020150591860479405,-0.686148605370646,0.7271798934657819,-0.03781163345062376,-0.034443700832865,-0.10976135359544008,0.14796381179836748,-0.0910108880555516,0.02143582960293325,0.0326493266387092,-0.09240157556851805,-0.14743334950620834,0.10736970938647793,-0.2675332199398972,-0.07721233118998452,0.02048104484719383,-0.17947441592091162,0.14856462283602062,-0.7137090330153684,1.430716461358524,-0.19343712818088168,-0.06554840343177103,-0.23102945071808523,0.5211671122874689,1.3425092686031914,0.053148528809131394
0.1310663361961535,-0.12676460871197387,0.8651372665912378,0.001856753802555256,-0.020150591860479405,-0.686148605370646,0.7271798934657819,-0.03781163345062376,-0.034443700832865,-0.10976135359544008,0.14796381179836748,-0.0910108880555516,0.02143582960293325,0.0326493266387092,-0.09240157556851805,-0.14743334950620834,0.10736970938647793,-0.2675332199398972,-0.07721233118998452,0.02048104484719383,-0.17947441592091162,0.14856462283602062,-0.7137090330153684,1.430716461358524,-0.19343712818088168,-0.06554840343177103,-0.23102945071808523,0.5211671122874689,1.3425092686031914,0.053148528809131394
0.1310663361961535,-0.12676460871197387,0.8651372665912378,0.001856753802555256,-0.020150591860479405,-0.686148605370646,0.7271798934657819,-0.03781163345062376,-0.034443700832865,-0.10976135359544008,0.14796381179836748,-0.0910108880555516,0.02143582960293325,0.0326493266387092,-0.09240157556851805,-0.14743334950620834,0.10736970938647793,-0.2675332199398972,-0.07721233118998452,0.02048104484719383,-0.17947441592091162,0.14856462283602062,-0.7137090330153684,1.430716461358524,-0.19343712818088168,-0.06554840343177103,-0.23102945071808523,0.5211671122874689,1.3425092686031914,0.053148528809131394
0.1310663361961535,-0.12676460871197387,0.8651372665912378,0.001856753802555256,-0.020150591860479405,-0.686148605370646,0.7271798934657819,-0.03781163345062376,-0.034443700832865,-0.10976135359544008,0.14796381179836748,-0.0910108880555516,0.02143582960293325,0.0326493266387092,-0.09240157556851805,-0.14743334950620834,0.10736970938647793,-0.2675332199398972,-0.07721233118998452,0.02048104484719383,-0.17947441592091162,0.14856462283602062,-0.7137090330153684,1.430716461358524,-0.19343712818088168,-0.06554840343177103,-0.23102945071808523,0.5211671122874689,1.3425092686031914,0.053148528809131394
0.1310663361961535,-0.12676460871197387,0.8651372665912378,0.001856753802555256,-0.020150591860479405,-0.686148605370646,0.7271798934657819,-0.03781163345062376,-0.034443700832865,-0.10976135359544008,0.14796381179836748,-0.0910108880555516,0.02143582960293325,0.0326493266387092,-0.09240157556851805,-0.14743334950620834,0.10736970938647793,-0.2675332199398972,-0.07721233118998452,0.02048104484719383,-0.17947441592091162,0.14856462283602062,-0.7137090330153684,1.430716461358524,-0.19343712818088168,-0.06554840343177103,-0.23102945071808523,0.5211671122874689,1.3425092686031914,0.053148528809131394
0.1310663361961535,-0.12676460871197387,0.8651372665912378,0.001856753802555256,-0.020150591860479405,-0.686148605370646,0.7271798934657819,-0.03781163345062376,-0.034443700832865,-0.10976135359544008,0.14796381179836748,-0.0910108880555516,0.02143582960293325,0.0326493266387092,-0.09240157556851805,-0.14743334950620834,0.10736970938647793,-0.2675332199398972,-0.07721233118998452,0.02048104484719383,-0.17947441592091162,0.14856462283602062,-0.7137090330153684,1.430716461358524,-0.19343712818088168,-0.06554840343177103,-0.23102945071808523,0.5211671122874689,1.3425092686031914,0.053148528809131394
0.1310663361961535,-0.12676460871197387,0.8651372665912378,0.001856753802555256,-0.020150591860479405,-0.686148605370646,0.7271798934657819,-0.03781163345062376,-0.034443700832865,-0.10976135359544008,0.14796381179836748,-0.0910108880555516,0.02143582960293325,0.0326493266387092,-0.09240157556851805,-0.14743334950620834,0.10736970938647793,-0.2675332199398972,-0.07721233118998452,0.02048104484719383,-0.17947441592091162,0.14856462283602062,-0.7137090330153684,1.430716461358524,-0.19343712818088168,-0.06554840343177103,-0.23102945071808523,0.5211671122874689,1.3425092686031914,0.053148528809131394
0.1310663361961535,-0.12676460871197387,0.8651372665912378,0.001856753802555256,-0.020150591860479405,-0.686148605370646,0.7271798934657819,-0.03781163345062376,-0.034443700832865,-0.10976135359544008,0.14796381179836748,-0.0910108880555516,0.02143582960293325,0.0326493266387092,-0.09240157556851805,-0.14743334950620834,0.10736970938647793,-0.2675332199398972,-0.07721233118998452,0.02048104484719383,-0.17947441592091162,0.14856462283602062,-0.7137090330153684,1.430716461358524,-0.19343712818088168,-0.06554840343177103,-0.23102945071808523,0.5211671122874689,1.3425092686031914,0.053148528809131394
0.1310663361961535,-0.12676460871197387,0.8651372665912378,0.001856753802555256,-0.020150591860479405,-0.686148605370646,0.7271798934657819,-0.03781163345062376,-0.034443700832865,-0.10976135359544008,0.14796381179836748,-0.0910108880555516,0.02143582960293325,0.0326493266387092,-0.09240157556851805,-0.14743334950620834,0.10736970938647793,-0.2675332199398972,-0.07721233118998452,0.02048104484719383,-0.17947441592091162,0.14856462283602062,-0.7137090330153684,1.430716461358524,-0.19343712818088168,-0.06554840343177103,-0.23102945071808523,0.5211671122874689,1.3425092686031914,0.053148528809131394
0.1310663361961535,-0.12676460871197387,0.8651372665912378,0.001856753802555256,-0.020150591860479405,-0.686148605370646,0.7271798934657819,-0.03781163345062376,-0.034443700832865,-0.10976135359544008,0.14796381179836748,-0.0910108880555516,0.02143582960293325,0.0326493266387092,-0.09240157556851805,-0.14743334950620834,0.10736970938647793,-0.2675332199398972,-0.07721233118998452,0.02048104484719383,-0.17947441592091162,0.14856462283602062,-0.7137090330153684,1.430716461358524,-0.19343712818088168,-0.06554840343177103,-0.23102945071808523,0.5211671122874689,1.3425092686031914,0.053148528809131394
0.1310663361961535,-0.12676460871197387,0.8651372665912378,0.001856753802555256,-0.020150591860479405,-0.686148605370646,0.7271798934657819,-0.03781163345062376,-0.034443700832865,-0.10976135359544008,0.14796381179836748,-0.0910108880555516,0.02143582960293325,0.0326493266387092,-0.09240157556851805,-0.14743334950620834,0.10736970938647793,-0.2675332199398972,-0.07721233118998452,0.02048104484719383,-0.17947441592091162,0.14856462283602062,-0.7137090330153684,1.430716461358524,-0.19343712818088168,-0.06554840343177103,-0.23102945071808523,0.5211671122874689,1.3425092686031914,0.053148528809131394
0.1310663361961535,-0.12676460871197387,0.8651372665912378,0.001856753802555256,-0.020150591860479405,-0.686148605370646,0.7271798934657819,-0.03781163345062376,-0.034443700832865,-0.10976135359544008,0.14796381179836748,-0.0910108880555516,0.02143582960293325,0.0326493266387092,-0.09240157556851805,-0.14743334950620834,0.10736970938647793,-0.2675332199398972,-0.07721233118998452,0.02048104484719383,-0.17947441592091162,0.14856462283602062,-0.7137090330153684,1.430716461358524,-0.19343712818088168,-0.06554840343177103,-0.23102945071808523,0.5211671122874689,1.3425092686031914,0.053148528809131394
0.1310663361961535,-0.12676460871197387,0.8651372665912378,0.001856753802555256,-0.020150591860479405,-0.686148605370646,0.7271798934657819,-0.03781163345062376,-0.034443700832865,-0.10976135359544008,0.14796381179836748,-0.0910108880555516,0.02143582960293325,0.0326493266387092,-0.09240157556851805,-0.14743334950620834,0.10736970938647793,-0.2675332199398972,-0.07721233118998452,0.02048104484719383,-0.17947441592091162,0.14856462283602062,-0.7137090330153684,1.430716461358524,-0.19343712818088168,-0.06554840343177103,-0.23102945071808523,0.5211671122874689,1.3425092686031914,0.053148528809131394
0.1310663361961535,-0.12676460871197387,0.8651372665912378,0.001856753802555256,-0.020150591860479405,-0.686148605370646,0.7271798934657819,-0.03781163345062376,-0.034443700832865,-0.10976135359544008,0.14796381179836748,-0.0910108880555516,0.02143582960293325,0.0326493266387092,-0.09240157556851805,-0.14743334950620834,0.10736970938647793,-0.2675332199398972,-0.07721233118998452,0.02048104484719383,-0.17947441592091162,0.14856462283602062,-0.7137090330153684,1.430716461358524,-0.19343712818088168,-0.06554840343177103,-0.23102945071808523,0.5211671122874689,1.3425092686031914,0.053148528809131394
0.1310663361961535,-0.12676460871197387,0.8651372665912378,0.001856753802555256,-0.020150591860479405,-0.686148605370646,0.7271798934657819,-0.03781163345062376,-0.034443700832865,-0.10976135359544008,0.14796381179836748,-0.0910108880555516,0.02143582960293325,0.0326493266387092,-0.09240157556851805,-0.14743334950620834,0.10736970938647793,-0.2675332199398972,-0.07721233118998452,0.02048104484719383,-0.17947441592091162,0.14856462283602062,-0.7137090330153684,1.430716461358524,-0.19343712818088168,-0.06554840343177103,-0.23102945071808523,0.5211671122874689,1.3425092686031914,0.053148528809131394
0.1310663361961535,-0.12676460871197387,0.8651372665912378,0.001856753802555256,-0.020150591860479405,-0.686148605370646,0.7271798934657819,-0.03781163345062376,-0.034443700832865,-0.10976135359544008,0.14796381179836748,-0.0910108880555516,0.02143582960293325,0.0326493266387092,-0.09240157556851805,-0.14743334950620834,0.10736970938647793,-0.2675332199398972,-0.07721233118998452,0.02048104484719383,-0.17947441592091162,0.14856462283602062,-0.7137090330153684,1.430716461358524,-0.19343712818088168,-0.06554840343177103,-0.23102945071808523,0.5211671122874689,1.3425092686031914,0.053148528809131394
0.1310663361961535,-0.12676460871197387,0.8651372665912378,0.001856753802555256,-0.020150591860479405,-0.686148605370646,0.7271798934657819,-0.03781163345062376,-0.034443700832865,-0.10976135359544008,0.14796381179836748,-0.0910108880555516,0.02143582960293325,0.0326493266387092,-0.09240157556851805,-0.14743334950620834,0.10736970938647793,-0.2675332199398972,-0.07721233118998452,0.02048104484719383,-0.17947441592091162,0.14856462283602062,-0.7137090330153684,1.430716461358524,-0.19343712818088168,-0.06554840343177103,-0.23102945071808523,0.5211671122874689,1.3425092686031914,0.053148528809131394
0.1310663361961535,-0.12676460871197387,0.8651372665912378,0.001856753802555256,-0.020150591860479405,-0.686148605370646,0.7271798934657819,-0.03781163345062376,-0.034443700832865,-0.10976135359544008,0.14796381179836748,-0.0910108880555516,0.02143582960293325,0.0326493266387092,-0.09240157556851805,-0.14743334950620834,0.10736970938647793,-0.2675332199398972,-0.07721233118998452,0.02048104484719383,-0.17947441592091162,0.14856462283602062,-0.7137090330153684,1.430716461358524,-0.19343712818088168,-0.06554840343177103,-0.23102945071808523,0.5211671122874689,1.3425092686031914,0.053148528809131394
0.1310663361961535,-0.12676460871197387,0.8651372665912378,0.001856753802555256,-0.020150591860479405,-0.686148605370646,0.7271798934657819,-0.03781163345062376,-0.034443700832865,-0.10976135359544008,0.14796381179836748,-0.0910108880555516,0.02143582960293325,0.0326493266387092,-0.09240157556851805,-0.14743334950620834,0.10736970938647793,-0.2675332199398972,-0.07721233118998452,0.02048104484719383,-0.17947441592091162,0.14856462283602062,-0.7137090330153684,1.430716461358524,-0.19343712818088168,-0.06554840343177103,-0.23102945071808523,0.5211671122874689,1.3425092686031914,0.053148528809131394
0.1310663361961535,-0.12676460871197387,0.8651372665912378,0.001856753802555256,-0.020150591860479405,-0.686148605370646,0.7271798934657819,-0.03781163345062376,-0.034443700832865,-0.10976135359544008,0.14796381179836748,-0.0910108880555516,0.02143582960293325,0.0326493266387092,-0.09240157556851805,-0.14743334950620834,0.10736970938647793,-0.2675332199398972,-0.07721233118998452,0.02048104484719383,-0.17947441592091162,0.14856462283602062,-0.7137090330153684,1.430716461358524,-0.19343712818088168,-0.06554840343177103,-0.23102945071808523,0.5211671122874689,1.3425092686031914,0.053148528809131394
0.1310663361961535,-0.12676460871197387,0.8651372665912378,0.001856753802555256,-0.020150591860479405,-0.686148605370646,0.7271798934657819,-0.03781163345062376,-0.034443700832865,-0.10976135359544008,0.14796381179836748,-0.0910108880555516,0.02143582960293325,0.0326493266387092,-0.09240157556851805,-0.14743334950620834,0.10736970938647793,-0.2675332199398972,-0.07721233118998452,0.02048104484719383,-0.17947441592091162,0.14856462283602062,-0.7137090330153684,1.430716461358524,-0.19343712818088168,-0.06554840343177103,-0.23102945071808523,0.5211671122874689,1.3425092686031914,0.053148528809131394
0.1310663361961535,-0.12676460871197387,0.8651372665912378,0.001856753802555256,-0.020150591860479405,-0.686148605370646,0.7271798934657819,-0.03781163345062376,-0.034443700832865,-0.10976135359544008,0.14796381179836748,-0.0910108880555516,0.02143582960293325,0.0326493266387092,-0.09240157556851805,-0.14743334950620834,0.10736970938647793,-0.2675332199398972,-0.07721233118998452,0.02048104484719383,-0.17947441592091162,0.14856462283602062,-0.7137090330153684,1.430716461358524,-0.19343712818088168,-0.06554840343177103,-0.23102945071808523,0.5211671122874689,1.3425092686031914,0.053148528809131394
0.1310663361961535,-0.12676460871197387,0.8651372665912378,0.001856753802555256,-0.020150591860479405,-0.686148605370646,0.7271798934657819,-0.03781163345062376,-0.034443700832865,-0.10976135359544008,0.14796381179836748,-0.0910108880555516,0.02143582960293325,0.0326493266387092,-0.09240157556851805,-0.14743334950620834,0.10736970938647793,-0.2675332199398972,-0.07721233118998452,0.02048104484719383,-0.17947441592091162,0.14856462283602062,-0.7137090330153684,1.430716461358524,-0.19343712818088168,-0.06554840343177103,-0.23102945071808523,0.5211671122874689,1.3425092686031914,0.053148528809131394
0.1310663361961535,-0.12676460871197387,0.8651372665912378,0.001856753802555256,-0.020150591860479405,-0.686148605370646,0.7271798934657819,-0.03781163345062376,-0.034443700832865,-0.10976135359544008,0.14796381179836748,-0.0910108880555516,0.02143582960293325,0.0326493266387092,-0.09240157556851805,-0.14743334950620834,0.10736970938647793,-0.2675332199398972,-0.07721233118998452,0.02048104484719383,-0.17947441592091162,0.14856462283602062,-0.7137090330153684,1.430716461358524,-0.19343712818088168,-0.06554840343177103,-0.23102945071808523,0.5211671122874689,1.3425092686031914,0.053148528809131394
0.1310663361961535,-0.12676460871197387,0.8651372665912378,0.001856753802555256,-0.020150591860479405,-0.686148605370646,0.7271798934657819,-0.03781163345062376,-0.034443700832865,-0.10976135359544008,0.14796381179836748,-0.0910108880555516,0.02143582960293325,0.0326493266387092,-0.09240157556851805,-0.14743334950620834,0.10736970938647793,-0.2675332199398972,-0.07721233118998452,0.02048104484719383,-0.17947441592091162,0.14856462283602062,-0.7137090330153684,1.430716461358524,-0.19343712818088168,-0.06554840343177103,-0.23102945071808523,0.5211671122874689,1.3425092686031914,0.053148528809131394
0.1310663361961535,-0.12676460871197387,0.8651372665912378,0.001856753802555256,-0.020150591860479405,-0.686148605370646,0.7271798934657819,-0.03781163345062376,-0.034443700832865,-0.10976135359544008,0.14796381179836748,-0.0910108880555516,0.02143582960293325,0.0326493266387092,-0.09240157556851805,-0.14743334950620834,0.10736970938647793,-0.2675332199398972,-0.07721233118998452,0.02048104484719383,-0.17947441592091162,0.14856462283602062,-0.7137090330153684,1.430716461358524,-0.19343712818088168,-0.06554840343177103,-0.23102945071808523,0.5211671122874689,1.3425092686031914,0.053148528809131394
0.1310663361961535,-0.12676460871197387,0.8651372665912378,0.001856753802555256,-0.020150591860479405,-0.686148605370646,0.7271798934657819,-0.03781163345062376,-0.034443700832865,-0.10976135359544008,0.14796381179836748,-0.0910108880555516,0.02143582960293325,0.0326493266387092,-0.09240157556851805,-0.14743334950620834,0.10736970938647793,-0.2675332199398972,-0.07721233118998452,0.02048104484719383,-0.17947441592091162,0.14856462283602062,-0.7137090330153684,1.430716461358524,-0.19343712818088168,-0.06554840343177103,-0.23102945071808523,0.5211671122874689,1.3425092686031914,0.053148528809131394
0.1310663361961535,-0.12676460871197387,0.8651372665912378,0.001856753802555256,-0.020150591860479405,-0.686148605370646,0.7271798934657819,-0.03781163345062376,-0.034443700832865,-0.10976135359544008,0.14796381179836748,-0.0910108880555516,0.02143582960293325,0.0326493266387092,-0.09240157556851805,-0.14743334950620834,0.10736970938647793,-0.2675332199398972,-0.07721233118998452,0.02048104484719383,-0.17947441592091162,0.14856462283602062,-0.7137090330153684,1.430716461358524,-0.19343712818088168,-0.06554840343177103,-0.23102945071808523,0.5211671122874689,1.3425092686031914,0.053148528809131394
0.1310663361961535,-0.12676460871197387,0.8651372665912378,0.001856753802555256,-0.020150591860479405,-0.686148605370646,0.7271798934657819,-0.03781163345062376,-0.034443700832865,-0.10976135359544008,0.14796381179836748,-0.0910108880555516,0.02143582960293325,0.0326493266387092,-0.09240157556851805,-0.14743334950620834,0.10736970938647793,-0.2675332199398972,-0.07721233118998452,0.02048104484719383,-0.17947441592091162,0.14856462283602062,-0.7137090330153684,1.430716461358524,-0.19343712818088168,-0.06554840343177103,-0.23102945071808523,0.5211671122874689,1.3425092686031914,0.053148528809131394
0.1310663361961535,-0.12676460871197387,0.8651372665912378,0.001856753802555256,-0.020150591860479405,-0.686148605370646,0.7271798934657819,-0.03781163345062376,-0.034443700832865,-0.10976135359544008,0.14796381179836748,-0.0910108880555516,0.02143582960293325,0.0326493266387092,-0.09240157556851805,-0.14743334950620834,0.10736970938647793,-0.2675332199398972,-0.07721233118998452,0.02048104484719383,-0.17947441592091162,0.14856462283602062,-0.7137090330153684,1.430716461358524,-0.19343712818088168,-0.06554840343177103,-0.23102945071808523,0.5211671122874689,1.3425092686031914,0.053148528809131394
0.1310663361961535,-0.12676460871197387,0.8651372665912378,0.001856753802555256,-0.020150591860479405,-0.686148605370646,0.7271798934657819,-0.03781163345062376,-0.034443700832865,-0.10976135359544008,0.14796381179836748,-0.0910108880555516,0.02143582960293325,0.0326493266387092,-0.09240157556851805,-0.14743334950620834,0.10736970938647793,-0.2675332199398972,-0.07721233118998452,0.02048104484719383,-0.17947441592091162,0.14856462283602062,-0.7137090330153684,1.430716461358524,-0.19343712818088168,-0.06554840343177103,-0.23102945071808523,0.5211671122874689,1.3425092686031914,0.053148528809131394
0.1310663361961535,-0.12676460871197387,0.8651372665912378,0.001856753802555256,-0.020150591860479405,-0.686148605370646,0.7271798934657819,-0.03781163345062376,-0.034443700832865,-0.10976135359544008,0.14796381179836748,-0.0910108880555516,0.02143582960293325,0.0326493266387092,-0.09240157556851805,-0.14743334950620834,0.10736970938647793,-0.2675332199398972,-0.07721233118998452,0.02048104484719383,-0.17947441592091162,0.14856462283602062,-0.7137090330153684,1.430716461358524,-0.19343712818088168,-0.06554840343177103,-0.23102945071808523,0.5211671122874689,1.3425092686031914,0.053148528809131394
0.1310663361961535,-0.12676460871197387,0.8651372665912378,0.001856753802555256,-0.020150591860479405,-0.686148605370646,0.7271798934657819,-0.03781163345062376,-0.034443700832865,-0.10976135359544008,0.14796381179836748,-0.0910108880555516,0.02143582960293325,0.0326493266387092,-0.09240157556851805,-0.14743334950620834,0.10736970938647793,-0.2675332199398972,-0.07721233118998452,0.02048104484719383,-0.17947441592091162,0.14856462283602062,-0.7137090330153684,1.430716461358524,-0.19343712818088168,-0.06554840343177103,-0.23102945071808523,0.5211671122874689,1.3425092686031914,0.053148528809131394
0.1310663361961535,-0.12676460871197387,0.8651372665912378,0.001856753802555256,-0.020150591860479405,-0.686148605370646,0.7271798934657819,-0.03781163345062376,-0.034443700832865,-0.10976135359544008,0.14796381179836748,-0.0910108880555516,0.02143582960293325,0.0326493266387092,-0.09240157556851805,-0.14743334950620834,0.10736970938647793,-0.2675332199398972,-0.07721233118998452,0.02048104484719383,-0.17947441592091162,0.14856462283602062,-0.7137090330153684,1.430716461358524,-0.19343712818088168,-0.06554840343177103,-0.23102945071808523,0.5211671122874689,1.3425092686031914,0.053148528809131394
0.1310663361961535,-0.12676460871197387,0.8651372665912378,0.001856753802555256,-0.020150591860479405,-0.686148605370646,0.7271798934657819,-0.03781163345062376,-0.034443700832865,-0.10976135359544008,0.14796381179836748,-0.0910108880555516,0.02143582960293325,0.0326493266387092,-0.09240157556851805,-0.14743334950620834,0.10736970938647793,-0.2675332199398972,-0.07721233118998452,0.02048104484719383,-0.17947441592091162,0.14856462283602062,-0.7137090330153684,1.430716461358524,-0.19343712818088168,-0.06554840343177103,-0.23102945071808523,0.5211671122874689,1.3425092686031914,0.053148528809131394
0.1310663361961535,-0.12676460871197387,0.8651372665912378,0.001856753802555256,-0.020150591860479405,-0.686148605370646,0.7271798934657819,-0.03781163345062376,-0.034443700832865,-0.10976135359544008,0.14796381179836748,-0.0910108880555516,0.02143582960293325,0.0326493266387092,-0.09240157556851805,-0.14743334950620834,0.10736970938647793,-0.2675332199398972,-0.07721233118998452,0.02048104484719383,-0.17947441592091162,0.14856462283602062,-0.7137090330153684,1.430716461358524,-0.19343712818088168,-0.06554840343177103,-0.23102945071808523,0.5211671122874689,1.3425092686031914,0.053148528809131394
0.1310663361961535,-0.12676460871197387,0.8651372665912378,0.001856753802555256,-0.020150591860479405,-0.686148605370646,0.7271798934657819,-0.03781163345062376,-0.034443700832865,-0.10976135359544008,0.14796381179836748,-0.0910108880555516,0.02143582960293325,0.0326493266387092,-0.09240157556851805,-0.14743334950620834,0.10736970938647793,-0.2675332199398972,-0.07721233118998452,0.02048104484719383,-0.17947441592091162,0.14856462283602062,-0.7137090330153684,1.430716461358524,-0.19343712818088168,-0.06554840343177103,-0.23102945071808523,0.5211671122874689,1.3425092686031914,0.053148528809131394
0.1310663361961535,-0.12676460871197387,0.8651372665912378,0.001856753802555256,-0.020150591860479405,-0.686148605370646,0.7271798934657819,-0.03781163345062376,-0.034443700832865,-0.10976135359544008,0.14796381179836748,-0.0910108880555516,0.02143582960293325,0.0326493266387092,-0.09240157556851805,-0.14743334950620834,0.10736970938647793,-0.2675332199398972,-0.07721233118998452,0.02048104484719383,-0.17947441592091162,0.14856462283602062,-0.7137090330153684,1.430716461358524,-0.19343712818088168,-0.06554840343177103,-0.23102945071808523,0.5211671122874689,1.3425092686031914,0.053148528809131394
0.1310663361961535,-0.12676460871197387,0.8651372665912378,0.001856753802555256,-0.020150591860479405,-0.686148605370646,0.7271798934657819,-0.03781163345062376,-0.034443700832865,-0.10976135359544008,0.14796381179836748,-0.0910108880555516,0.02143582960293325,0.0326493266387092,-0.09240157556851805,-0.14743334950620834,0.10736970938647793,-0.2675332199398972,-0.07721233118998452,0.02048104484719383,-0.17947441592091162,0.14856462283602062,-0.7137090330153684,1.430716461358524,-0.19343712818088168,-0.06554840343177103,-0.23102945071808523,0.5211671122874689,1.3425092686031914,0.053148528809131394
0.1310663361961535,-0.12676460871197387,0.8651372665912378,0.001856753802555256,-0.020150591860479405,-0.686148605370646,0.7271798934657819,-0.03781163345062376,-0.034443700832865,-0.10976135359544008,0.14796381179836748,-0.0910108880555516,0.02143582960293325,0.0326493266387092,-0.09240157556851805,-0.14743334950620834,0.10736970938647793,-0.2675332199398972,-0.07721233118998452,0.02048104484719383,-0.17947441592091162,0.14856462283602062,-0.7137090330153684,1.430716461358524,-0.19343712818088168,-0.06554840343177103,-0.23102945071808523,0.5211671122874689,1.3425092686031914,0.053148528809131394
0.1310663361961535,-0.12676460871197387,0.8651372665912378,0.001856753802555256,-0.020150591860479405,-0.686148605370646,0.7271798934657819,-0.03781163345062376,-0.034443700832865,-0.10976135359544008,0.14796381179836748,-0.0910108880555516,0.02143582960293325,0.0326493266387092,-0.09240157556851805,-0.14743334950620834,0.10736970938647793,-0.2675332199398972,-0.07721233118998452,0.02048104484719383,-0.17947441592091162,0.14856462283602062,-0.7137090330153684,1.430716461358524,-0.19343712818088168,-0.06554840343177103,-0.23102945071808523,0.5211671122874689,1.3425092686031914,0.053148528809131394
0.1310663361961535,-0.12676460871197387,0.8651372665912378,0.001856753802555256,-0.020150591860479405,-0.686148605370646,0.7271798934657819,-0.03781163345062376,-0.034443700832865,-0.10976135359544008,0.14796381179836748,-0.0910108880555516,0.02143582960293325,0.0326493266387092,-0.09240157556851805,-0.14743334950620834,0.10736970938647793,-0.2675332199398972,-0.07721233118998452,0.02048104484719383,-0.17947441592091162,0.14856462283602062,-0.7137090330153684,1.430716461358524,-0.19343712818088168,-0.06554840343177103,-0.23102945071808523,0.5211671122874689,1.3425092686031914,0.053148528809131394
0.1310663361961535,-0.12676460871197387,0.8651372665912378,0.001856753802555256,-0.020150591860479405,-0.686148605370646,0.7271798934657819,-0.03781163345062376,-0.034443700832865,-0.10976135359544008,0.14796381179836748,-0.0910108880555516,0.02143582960293325,0.0326493266387092,-0.09240157556851805,-0.14743334950620834,0.10736970938647793,-0.2675332199398972,-0.07721233118998452,0.02048104484719383,-0.17947441592091162,0.14856462283602062,-0.7137090330153684,1.430716461358524,-0.19343712818088168,-0.06554840343177103,-0.23102945071808523,0.5211671122874689,1.3425092686031914,0.053148528809131394
0.1310663361961535,-0.12676460871197387,0.8651372665912378,0.001856753802555256,-0.020150591860479405,-0.686148605370646,0.7271798934657819,-0.03781163345062376,-0.034443700832865,-0.10976135359544008,0.14796381179836748,-0.0910108880555516,0.02143582960293325,0.0326493266387092,-0.09240157556851805,-0.14743334950620834,0.10736970938647793,-0.2675332199398972,-0.07721233118998452,0.02048104484719383,-0.17947441592091162,0.14856462283602062,-0.7137090330153684,1.430716461358524,-0.19343712818088168,-0.06554840343177103,-0.23102945071808523,0.5211671122874689,1.3425092686031914,0.053148528809131394
0.1310663361961535,-0.12676460871197387,0.8651372665912378,0.001856753802555256,-0.020150591860479405,-0.686148605370646,0.7271798934657819,-0.03781163345062376,-0.034443700832865,-0.10976135359544008,0.14796381179836748,-0.0910108880555516,0.02143582960293325,0.0326493266387092,-0.09240157556851805,-0.14743334950620834,0.10736970938647793,-0.2675332199398972,-0.07721233118998452,0.02048104484719383,-0.17947441592091162,0.14856462283602062,-0.7137090330153684,1.430716461358524,-0.19343712818088168,-0.06554840343177103,-0.23102945071808523,0.5211671122874689,1.3425092686031914,0.053148528809131394
0.1310663361961535,-0.12676460871197387,0.8651372665912378,0.001856753802555256,-0.020150591860479405,-0.686148605370646,0.7271798934657819,-0.03781163345062376,-0.034443700832865,-0.10976135359544008,0.14796381179836748,-0.0910108880555516,0.02143582960293325,0.0326493266387092,-0.09240157556851805,-0.14743334950620834,0.10736970938647793,-0.2675332199398972,-0.07721233118998452,0.02048104484719383,-0.17947441592091162,0.14856462283602062,-0.7137090330153684,1.430716461358524,-0.19343712818088168,-0.06554840343177103,-0.23102945071808523,0.5211671122874689,1.3425092686031914,0.053148528809131394
0.1310663361961535,-0.12676460871197387,0.8651372665912378,0.001856753802555256,-0.020150591860479405,-0.686148605370646,0.7271798934657819,-0.03781163345062376,-0.034443700832865,-0.10976135359544008,0.14796381179836748,-0.0910108880555516,0.02143582960293325,0.0326493266387092,-0.09240157556851805,-0.14743334950620834,0.10736970938647793,-0.2675332199398972,-0.07721233118998452,0.02048104484719383,-0.17947441592091162,0.14856462283602062,-0.7137090330153684,1.430716461358524,-0.19343712818088168,-0.06554840343177103,-0.23102945071808523,0.5211671122874689,1.3425092686031914,0.053148528809131394
0.1310663361961535,-0.12676460871197387,0.8651372665912378,0.001856753802555256,-0.020150591860479405,-0.686148605370646,0.7271798934657819,-0.03781163345062376,-0.034443700832865,-0.10976135359544008,0.14796381179836748,-0.0910108880555516,0.02143582960293325,0.0326493266387092,-0.09240157556851805,-0.14743334950620834,0.10736970938647793,-0.2675332199398972,-0.07721233118998452,0.02048104484719383,-0.17947441592091162,0.14856462283602062,-0.7137090330153684,1.430716461358524,-0.19343712818088168,-0.06554840343177103,-0.23102945071808523,0.5211671122874689,1.3425092686031914,0.053148528809131394
0.1310663361961535,-0.12676460871197387,0.8651372665912378,0.001856753802555256,-0.020150591860479405,-0.686148605370646,0.7271798934657819,-0.03781163345062376,-0.034443700832865,-0.10976135359544008,0.14796381179836748,-0.0910108880555516,0.02143582960293325,0.0326493266387092,-0.09240157556851805,-0.14743334950620834,0.10736970938647793,-0.2675332199398972,-0.07721233118998452,0.02048104484719383,-0.17947441592091162,0.14856462283602062,-0.7137090330153684,1.430716461358524,-0.19343712818088168,-0.06554840343177103,-0.23102945071808523,0.5211671122874689,1.3425092686031914,0.053148528809131394
0.1310663361961535,-0.12676460871197387,0.8651372665912378,0.001856753802555256,-0.020150591860479405,-0.686148605370646,0.7271798934657819,-0.03781163345062376,-0.034443700832865,-0.10976135359544008,0.14796381179836748,-0.0910108880555516,0.02143582960293325,0.0326493266387092,-0.09240157556851805,-0.14743334950620834,0.10736970938647793,-0.2675332199398972,-0.07721233118998452,0.02048104484719383,-0.17947441592091162,0.14856462283602062,-0.7137090330153684,1.430716461358524,-0.19343712818088168,-0.06554840343177103,-0.23102945071808523,0.5211671122874689,1.3425092686031914,0.053148528809131394
0.1310663361961535,-0.12676460871197387,0.8651372665912378,0.001856753802555256,-0.020150591860479405,-0.686148605370646,0.7271798934657819,-0.03781163345062376,-0.034443700832865,-0.10976135359544008,0.14796381179836748,-0.0910108880555516,0.02143582960293325,0.0326493266387092,-0.09240157556851805,-0.14743334950620834,0.10736970938647793,-0.2675332199398972,-0.07721233118998452,0.02048104484719383,-0.17947441592091162,0.14856462283602062,-0.7137090330153684,1.430716461358524,-0.19343712818088168,-0.06554840343177103,-0.23102945071808523,0.5211671122874689,1.3425092686031914,0.053148528809131394
0.1310663361961535,-0.12676460871197387,0.8651372665912378,0.001856753802555256,-0.020150591860479405,-0.686148605370646,0.7271798934657819,-0.03781163345062376,-0.034443700832865,-0.10976135359544008,0.14796381179836748,-0.0910108880555516,0.02143582960293325,0.0326493266387092,-0.09240157556851805,-0.14743334950620834,0.10736970938647793,-0.2675332199398972,-0.07721233118998452,0.02048104484719383,-0.17947441592091162,0.14856462283602062,-0.7137090330153684,1.430716461358524,-0.19343712818088168,-0.06554840343177103,-0.23102945071808523,0.5211671122874689,1.3425092686031914,0.053148528809131394
0.1310663361961535,-0.12676460871197387,0.8651372665912378,0.001856753802555256,-0.020150591860479405,-0.686148605370646,0.7271798934657819,-0.03781163345062376,-0.034443700832865,-0.10976135359544008,0.14796381179836748,-0.0910108880555516,0.02143582960293325,0.0326493266387092,-0.09240157556851805,-0.14743334950620834,0.10736970938647793,-0.2675332199398972,-0.07721233118998452,0.02048104484719383,-0.17947441592091162,0.14856462283602062,-0.7137090330153684,1.430716461358524,-0.19343712818088168,-0.06554840343177103,-0.23102945071808523,0.5211671122874689,1.3425092686031914,0.053148528809131394
0.13154545821686675,-0.126966388404661,0.8654073982763075,0.0022755943106056407,-0.02066633966998656,-0.6864022594659738,0.7269247982254998,-0.033511515577533804,-0.03630662806888292,-0.11000457155668313,0.1401068462646729,-0.08338993993289268,0.024817444227374863,0.032688937396825095,-0.09527474791102307,-0.15028820513289207,0.10939325383382302,-0.2819617727566728,-0.08001040344741918,0.021084019366315775,-0.1825955129238324,0.1483312803662944,-0.7182241364551553,1.4339678070907171,-0.19740580318517423,-0.06561407728040265,-0.2315840043272789,0.5243116218536918,1.3420607466928776,0.060170658422472593
0.13154545821686675,-0.126966388404661,0.8654073982763075,0.0022755943106056407,-0.02066633966998656,-0.6864022594659738,0.7269247982254998,-0.033511515577533804,-0.03630662806888292,-0.11000457155668313,0.1401068462646729,-0.08338993993289268,0.024817444227374863,0.032688937396825095,-0.09527474791102307,-0.15028820513289207,0.10939325383382302,-0.2819617727566728,-0.08001040344741918,0.021084019366315775,-0.1825955129238324,0.1483312803662944,-0.7182241364551553,1.4339678070907171,-0.19740580318517423,-0.06561407728040265,-0.2315840043272789,0.5243116218536918,1.3420607466928776,0.060170658422472593
0.13147613818069676,-0.1272847663721222,0.8651121143749917,0.0024937036708584295,-0.020734999272956967,-0.6866727311421653,0.7266666371541434,-0.03226419745103859,-0.03635060460608911,-0.10845121247590876,0.13873185579665198,-0.08611126173646892,0.022837675341638823,0.03291025511640506,-0.09666735258796515,-0.15775527806447315,0.10953936139589152,-0.2893431000053051,-0.0739251995705067,0.023749348358843743,-0.18831714442938732,0.14209395429209434,-0.6997818002461911,1.4489534724321769,-0.18285807911728733,-0.06390255875533948,-0.2332812276232448,0.5153686090974643,1.3441392843004034,0.027583937911814925
0.13139970709951126,-0.12753047596971115,0.8649666748006185,0.003160661662784359,-0.02088896386412689,-0.6865393780394538,0.726785624381589,-0.030790672932277857,-0.03625486451519543,-0.10590278483312632,0.13660180486501783,-0.08932245761344963,0.022695027518124414,0.03175549016947331,-0.09704487225610385,-0.15320545079704065,0.11132465899236384,-0.29808903266600767,-0.07919346340112973,0.021903433885814512,-0.18715568933136012,0.1431715973382558,-0.7014781636328539,1.4456643703551555,-0.18192284013532367,-0.06476644862379118,-0.2317714325484687,0.5152148648607885,1.345479619570933,0.019321401129497484
0.13115054227790715,-0.1280297126258771,0.8651358474276613,0.003381040664618972,-0.0208703754945682,-0.6863098331747909,0.7270019318257209,-0.030691476595246677,-0.036694693923511074,-0.10719860603840815,0.13597454670506867,-0.086191511779943,0.022889133941138277,0.031524761209621846,-0.09804958780523856,-0.157090781871502,0.11296564796825705,-0.29105560950596787,-0.07454642116812947,0.02159286385802373,-0.18782224723323984,0.1430521625274742,-0.6987189109131512,1.4446336713565306,-0.18462577113017573,-0.06365149716425487,-0.23263939763784397,0.5164863158304728,1.3433199969176604,0.02101226707415946
0.13127250436594515,-0.12832300464200125,0.8652981391222464,0.004139751055307809,-0.021320184394716616,-0.6859085190490736,0.7273636062482655,-0.028607606141173487,-0.03851926480405465,-0.1083421585007766,0.13135490888398627,-0.09076721660174902,0.021900023744041697,0.03156045561364798,-0.10040299403890512,-0.15726738825554978,0.11347595808381589,-0.2923297066426124,-0.07202024328367386,0.020142364696357776,-0.1891742231602521,0.1430516373395563,-0.7008861465707151,1.4428926442395824,-0.19351707429283893,-0.06378986237684414,-0.2335071603494822,0.5159444484460538,1.3430064710231773,0.025130313250728432
0.13148050523787347,-0.1286273136562986,0.8651476522262561,0.004669560461666042,-0.021429388364796555,-0.6861284033166689,0.7271497718362592,-0.0265621502482398,-0.039373600448492335,-0.10855869891954883,0.12696172773124287,-0.08608980880134698,0.019193308490348927,0.030839069744815557,-0.10160645057385707,-0.1567408555474852,0.11461438470260372,-0.2957088515969515,-0.07253639217729849,0.02045470774331656,-0.1881177127583232,0.1434533663380949,-0.701119892900121,1.43781103192569,-0.19287235889830723,-0.06490919189370492,-0.2347702547742366,0.5132830595694092,1.3448779556624917,0.019779160802548795
0.13140556796996597,-0.12877063230544575,0.86512495472298,0.004951600082175676,-0.02139825701269968,-0.6862131468120591,0.7270688505194921,-0.026691045748066383,-0.03955033143775007,-0.1062656720483929,0.12722431280426333,-0.08999199578923886,0.02515395912692545,0.03083463392594776,-0.10018751015315754,-0.15223223485652485,0.113125379056282,-0.30211155805025813,-0.0836401665182099,0.01950955910305482,-0.1868213166304827,0.14162091801815269,-0.6941620143049407,1.4386412082921802,-0.18039555331022808,-0.0643669666376066,-0.23476917593158003,0.5186984357217133,1.3447052945792637,0.011910426724348217
0.1313803776291062,-0.12890330414894896,0.8651494643981549,0.0048900829465005685,-0.020873997505737527,-0.6871853023795058,0.7261657686165699,-0.02718917084308763,-0.0386227746414621,-0.10652691147758261,0.12677534598178594,-0.08115544108377258,0.019650705098113033,0.028609472120359292,-0.10053156719883836,-0.15381735384318287,0.11665863442118672,-0.2935732250502439,-0.07436872762744749,0.02268256328311045,-0.18913029974069967,0.14051288580484275,-0.6908603147602868,1.4445299009481736,-0.17767604482324248,-0.06417743634621317,-0.233657236120584,0.5181832704968016,1.3454773766822428,0.013119142429688804
0.13110128170341676,-0.12918941682153312,0.8650940954612275,0.005267717498825028,-0.020813591887222226,-0.6877047652603252,0.7256729300334589,-0.025289949732915172,-0.037601947548189914,-0.10316819973883612,0.12486829311357704,-0.08667853967840647,0.021777902037940125,0.02800927584853876,-0.10057371247157544,-0.1526470153169318,0.11696817176062824,-0.29310171860196926,-0.07258882433820965,0.024819245906292225,-0.18863072600037384,0.13998454762069507,-0.699680816268876,1.4431335811125772,-0.17535048821427732,-0.06386566768026142,-0.23214934990186087,0.5117965692463069,1.3453638086672708,-0.0037521460683284497
0.13080657487384323,-0.1293860510802671,0.8650261589608158,0.0056595639233237485,-0.020501684145827724,-0.6881661687007513,0.7252413215882769,-0.025829558297242965,-0.037627572720146135,-0.1031545604597041,0.12435942535619365,-0.08561783580022707,0.022057873403255903,0.02775878883818391,-0.09986513834984961,-0.15379086821117705,0.115064095487836,-0.30187615662179046,-0.07381712181222864,0.025616924408615748,-0.18877172452525975,0.13997651140008788,-0.6938995942045988,1.4441957159608605,-0.1828095221731693,-0.06437568725699347,-0.2319591140818743,0.5069735609737677,1.3453681907670134,-0.014535655777125692
0.13076773979238132,-0.12982243946907857,0.865269816334159,0.005567431283923912,-0.020471601530721292,-0.6881013827553434,0.725304352868401,-0.024546471126212985,-0.03724067549594649,-0.10316433717393964,0.12296400377485268,-0.08799523862573877,0.02605014574139464,0.028082903123944212,-0.09938517972283552,-0.15216279114705347,0.1159251126084234,-0.2993484716901811,-0.07650007287015563,0.02507177391214896,-0.18866336319558105,0.14038592085481988,-0.6951033046767793,1.4448142624071802,-0.1869292500779228,-0.06416932107522025,-0.2316696424151496,0.5089148656854815,1.3449539698884427,-0.005356371006808985
0.1297693987784307,-0.13030194496885003,0.8652095956490458,0.00565711433919807,-0.02065574380062603,-0.6883559205550187,0.7250568694538714,-0.02516349142228936,-0.03653704745090095,-0.10322696274805968,0.12538749351077533,-0.08609815346657604,0.025555022218286344,0.029672589256558305,-0.09768621689226585,-0.1504954651541622,0.11399047455480672,-0.29946966819599297,-0.08288804024869764,0.025871575376967316,-0.18683204340972004,0.13938879748016159,-0.6923772575107692,1.4463347278140908,-0.18168205049900607,-0.06232348977247287,-0.23147195808785168,0.5104731484071819,1.3433187035281493,-0.005263697798317697
0.12856761924203802,-0.13050899029002108,0.8652262706168407,0.005743098537352047,-0.019843039226951967,-0.6882002956422095,0.7252266016159382,-0.026249432425704614,-0.033089426246913654,-0.10196109508401856,0.1260229783830653,-0.08914843607331145,0.0170896348592575,0.028730001429718797,-0.09458379382023363,-0.14676569138171186,0.1137559131601831,-0.2962807186329036,-0.08355265739859692,0.024238741247315787,-0.18567552638249304,0.14130920440334888,-0.6927370609087669,1.4440273464187323,-0.18287612782445545,-0.06206215583946377,-0.23032196936503097,0.5149562820173349,1.3410597158517374,0.003178504395325094
0.1279142749052437,-0.13081613382785487,0.8651385801747454,0.005830396483319627,-0.018916539533950495,-0.6882296351387466,0.7252228211561568,-0.028390934914840626,-0.031076325616862577,-0.10271253595588133,0.12774424453284955,-0.08841499284120406,0.011827554746668204,0.028264245566645987,-0.09317964108432877,-0.1504891180029532,0.1126309052253548,-0.29532871200501665,-0.08132209978059697,0.02481252570733189,-0.18550279248487464,0.140986911969743,-0.6952353327619759,1.4454693178235687,-0.17627080927756322,-0.061244838672881025,-0.23003104078417355,0.5155310969569342,1.339679743748118,0.002485923040772372
0.12685026313207312,-0.13173213578650103,0.8650205242511992,0.00614772939556915,-0.019277961715863472,-0.6870857131942548,0.7262945603126203,-0.02986096097513033,-0.031177973861570223,-0.10380500889555792,0.13263063456198626,-0.09725615267259288,0.021014267428642867,0.03158929627238745,-0.09208716893121888,-0.15293912119958952,0.1091479864374753,-0.30358610929483265,-0.08735190006859934,0.021477221185553664,-0.18388091116188657,0.1435997873430088,-0.7033046175350368,1.439545735390719,-0.18838751601053588,-0.06015010951318828,-0.23165000746842168,0.5156525152617287,1.3385280529957573,0.0005591386603538672
0.12605613967298948,-0.1324546949380824,0.865093287326322,0.00659460330770391,-0.019850648165478657,-0.6869359961571307,0.7264168226013453,-0.029091326805516928,-0.032068996386443005,-0.10484480631428172,0.1324295354704602,-0.10132482316641314,0.02218177971450308,0.03305635301846335,-0.09440831370125728,-0.16038261602326445,0.11003098799666201,-0.3094186913835973,-0.07708038146241973,0.022147869019760808,-0.18183966255355177,0.14358853560002777,-0.7085097188653657,1.4372667092326885,-0.1876951856133696,-0.05868518686225258,-0.22954894685157817,0.5124937626541373,1.3409281839366096,0.004863397971183001
0.12554336705953237,-0.1327812353439508,0.8652152647759209,0.006934726913374241,-0.0199008893032383,-0.6871810214970093,0.7261804926200535,-0.027364929318543976,-0.032126417340102645,-0.1055201487943544,0.1290245190821737,-0.09362037966055808,0.02325605919259592,0.0313594029400919,-0.09371852161154845,-0.15476309987232387,0.11286774432911616,-0.2967797419568016,-0.07956997372647812,0.02395500422936241,-0.18339890914551643,0.1416317766984423,-0.7023000253825041,1.4421906685055699,-0.1818569521769664,-0.05810100624615725,-0.2305880085217017,0.5166960116923864,1.3401255297416803,0.01724979327650569
0.12465251373598613,-0.13325664374935817,0.8650209095677108,0.007003561446206385,-0.019239439581447377,-0.6873843061515461,0.7260052408545118,-0.02710107805870403,-0.02953997046057668,-0.10593660726509592,0.12806573910143698,-0.09320818324030734,0.017804981846257173,0.03218537237055644,-0.090874235077149,-0.15540329347157755,0.10969687853062636,-0.30843145243596554,-0.08753084480415682,0.023414578413182768,-0.18350679404232728,0.14172289717568623,-0.6954416905496726,1.440791630872497,-0.17901161521894843,-0.0600514340285303,-0.22920944625518333,0.5130318703190959,1.3419392996786574,0.012543025572267004
0.1234713987248165,-0.1341568565247066,0.8648656298067904,0.006882242061284452,-0.0190790511371937,-0.6862717191808126,0.7270624127298323,-0.02667177691434121,-0.0275207336864169,-0.10837001847960008,0.1277468480204054,-0.08978544693198333,0.008476938748960503,0.033119587127584955,-0.08857097099813836,-0.1544524785077215,0.1106745823766724,-0.300560003107149,-0.08675046114249367,0.02323624974286813,-0.1863572411263092,0.14278928029564225,-0.6977116126323691,1.4429934951898824,-0.17735658469096335,-0.05885883330427485,-0.22898683527899977,0.5052781847567648,1.3428453084955732,-0.0032377200095450656
0.121861101871299,-0.13518471593500014,0.8648627900943333,0.007058938793103302,-0.01901243395241187,-0.6860559332423393,0.7272660828069067,-0.0256979963969538,-0.02517692167117773,-0.10746267213380734,0.12772973616936242,-0.09663819040951249,0.010230136760810422,0.03491594491204804,-0.08759042747231188,-0.1595459917549527,0.1092104504599359,-0.29934076621101574,-0.07578591531470733,0.022683133313742637,-0.1844120161348524,0.14298556142094562,-0.6973863495447576,1.4385790426678329,-0.1787563005929183,-0.06003678465492028,-0.22778984214170464,0.504645376741043,1.3460505884140967,-0.005933259882628584
0.12067224542470743,-0.13591386271661435,0.8647475904573046,0.006541161335232286,-0.018469055920278005,-0.6861842297835669,0.7271638811011809,-0.023858223194147404,-0.021854161260396212,-0.10975565362300556,0.12571596380825323,-0.0919830239759478,0.004303883802984195,0.03578512443957105,-0.0819564470356317,-0.1541393053985649,0.10847359534345484,-0.3085761532955193,-0.09658782693110086,0.023468165295045064,-0.18379816407786817,0.1424850672426169,-0.6908923059912523,1.442044682084468,-0.16162608536940365,-0.06111788433156701,-0.2253313047640672,0.5047563404687432,1.3457824504021263,-0.007689930097452283
0.1195450724802886,-0.13703352182261783,0.8646922710326793,0.0071542801432561125,-0.019219610485274288,-0.6865486091920739,0.7267946271573934,-0.01872936021759647,-0.021086920088491726,-0.10817080217105716,0.11845922724395412,-0.09283063167563776,-0.0011017874214839436,0.036153498648507365,-0.08365270458493956,-0.15496437809223276,0.1111982897478853,-0.30410556253740123,-0.08782544581437923,0.02573216857333793,-0.18499507698170392,0.14323901230756894,-0.6898707025069408,1.4433308402451663,-0.16610134534382173,-0.05884448810771869,-0.22680503166859625,0.5082285811681021,1.34232283078253,0.004620783048397294
0.1176295945211764,-0.13863769260543973,0.8643961420518432,0.006729841551922872,-0.019228902969983416,-0.6864653849037258,0.7268770417699517,-0.016100060258536428,-0.01834736536076035,-0.11420315106236643,0.11636968739819996,-0.08961114599752179,-0.009986251078363519,0.03916392835153658,-0.07957995146534809,-0.1555453098190777,0.11024666668976532,-0.31332286240794766,-0.09751834481766605,0.02582466018807505,-0.18310746046839457,0.14549733446582744,-0.689329076966417,1.440841063841612,-0.1665121114046499,-0.05876814278871395,-0.2260179994251491,0.5078622183263768,1.3400638518938532,0.016187772335869592
0.11464634702419206,-0.13974544340231873,0.8644239786485176,0.005769092700318359,-0.018457346378882206,-0.6856668981266542,0.7276585385656087,-0.012013973120884076,-0.010515784288753847,-0.11346512734900085,0.11120548987573133,-0.08710676196448648,-0.023288194300085698,0.040285906520163214,-0.07341122573169143,-0.15559905412315628,0.11254196238122512,-0.30368740973947306,-0.09665368845496237,0.024660400972240527,-0.18344557432812644,0.15217461963675455,-0.6884939340798447,1.438440363853987,-0.16476262680975887,-0.05967651132912189,-0.21978936586322595,0.5042911371445596,1.3420647156433727,0.020586699536555123
0.11227229705529708,-0.14113091177533635,0.864193481623959,0.006104136064617355,-0.018835338526834784,-0.6857865824242784,0.7275333208261411,-0.009136443204498329,-0.008557546858824391,-0.11626435266866456,0.1078455081524816,-0.08104342290196782,-0.024976542449819568,0.04278318610952149,-0.06981111409832515,-0.1542412609010512,0.11018341346112943,-0.31284798803030806,-0.10976948285064748,0.0286605997089665,-0.18294328759267073,0.1542096816200746,-0.6785815387882499,1.4355335312844613,-0.16361269685563523,-0.06052684196804267,-0.21808733348495823,0.4988406781523085,1.3444376601664856,0.002694052014105308
0.10852835655925044,-0.1434062209137934,0.8640811501419156,0.00492034523231968,-0.01940506703795319,-0.6859269707084583,0.7273949576610803,-0.001527539676570198,-0.002166559066646539,-0.11871443630033816,0.10221135665568647,-0.08005737013632738,-0.03062234447007652,0.04863781754877854,-0.06432807833790494,-0.15762932792744827,0.10947617031328352,-0.3105701578346016,-0.10135301820752288,0.029895863135131564,-0.17781881164499985,0.16223028321845034,-0.6771438061955957,1.4310289765296749,-0.1675748396140922,-0.06102482801312824,-0.2136564131960424,0.5107961998978084,1.3469473027167331,0.018903707012158887
0.10514201291070228,-0.14518266006070205,0.864012325981334,0.005332394341028672,-0.01943035566729935,-0.68431851660694,0.7289047912300419,0.0004277574529479421,0.0027294135182058966,-0.11680977323428576,0.1016087463992392,-0.0887636952547014,-0.033844054257728205,0.0521184453972046,-0.060514351706224725,-0.16250695385949432,0.10723861699897548,-0.31382779729108073,-0.11323032037417265,0.02966430941858487,-0.17457907919050258,0.1675255863045539,-0.6816582306198441,1.4278217563722246,-0.18432223854373328,-0.06048129414182669,-0.21078970027744445,0.5059251643016939,1.3453381292141082,0.022506572044425494
0.10155845096415844,-0.14756509060227074,0.8637984272498008,0.0053572986335094705,-0.02025096908659444,-0.6829463036077636,0.7301681614470035,0.0013935229473230543,0.00572856213337389,-0.12071050599369378,0.10575653670745748,-0.0895959781404768,-0.03636343094098449,0.057085264372195056,-0.05521067869369942,-0.160583290500435,0.10532046481465608,-0.3248868913643903,-0.12756644096812744,0.03061126628697436,-0.1676531304190926,0.1738586020313574,-0.6686932444236151,1.4189908805313947,-0.17885042305340615,-0.05738955288980481,-0.21064171123456915,0.5086820548965748,1.3443243066264936,0.014621086676027274
0.09740344914427834,-0.1494900156518054,0.8637889851482081,0.005602639375676158,-0.021084165906320416,-0.6821003963200525,0.73093304598991,0.00037379350643098296,0.007701703779482863,-0.12713066308441237,0.1117817871631858,-0.10155773351260416,-0.03421879545397506,0.05922338674114717,-0.0509691163359879,-0.16176019915207493,0.10778359442181572,-0.32643056913765395,-0.13587039727173494,0.03477024397904084,-0.1570065025443394,0.18383245158051215,-0.6666214658709024,1.400950197549209,-0.17731073014286727,-0.051895258204304295,-0.20714527361351767,0.5150322307110016,1.339346020926642,0.02010204690573846
0.09272389324988815,-0.15139270259691312,0.8631823857664953,0.005803235601882001,-0.022516359857628773,-0.6821976064349625,0.7307980307648062,-0.0036763308248180145,0.01129612291803862,-0.12565231763354107,0.1300611998103004,-0.1124335812491036,-0.04061265543324159,0.06132416176265053,-0.049526982812708335,-0.1704636161582619,0.11416946066637436,-0.3362095809518851,-0.1238857139572659,0.03898671912184095,-0.14022736172112316,0.1968027003953564,-0.6587798673968435,1.3765206684478488,-0.1817889542801216,-0.05203094246677455,-0.20759796011919415,0.5203353314270348,1.343596489169722,0.011614789124237449
0.08869831519340347,-0.15344098404747775,0.8626018249012317,0.00664258404669834,-0.02543513794481595,-0.6809195770517038,0.7318862339343725,-0.008501189732550488,0.0089400160230851,-0.1306624430947242,0.15072545864300935,-0.1313997352802604,-0.0396815406328168,0.05891929754424043,-0.05082408329928231,-0.16862220802610586,0.13196005012486037,-0.3332228857724116,-0.12808397808575286,0.045746256835053525,-0.12604174477519908,0.20240884661672892,-0.6485934342014009,1.3605947586784046,-0.17822217663488027,-0.04906139176979184,-0.21008790415897388,0.5274180431282005,1.3446974770684044,0.03148367292942066
0.08407416422117475,-0.15480860017600778,0.8609289424902665,0.006562562140314468,-0.02637328934265864,-0.6806931454144625,0.7320643579448245,-0.027753182988174044,0.011410945958064887,-0.13013187184920508,0.19893954232240693,-0.1642585333939856,-0.041631099945342365,0.05409618984335615,-0.04646969495804828,-0.16961813220212246,0.14891469362348875,-0.3585043247755639,-0.138521942072885,0.05641547255277769,-0.11438495830256608,0.21249821324651008,-0.6349603688426817,1.349110874882348,-0.16867870831161005,-0.04514440981685088,-0.20538897520345464,0.5310525611183355,1.3465289562741665,0.03522483630885885
0.07926565910844993,-0.15606135130299523,0.8580735978241935,0.006831227049928204,-0.026610145064033957,-0.6796820789661407,0.7329921596094515,-0.06204822630756437,0.011089791858342742,-0.13323478639486222,0.27292899441516766,-0.20303290405625848,-0.039099708321549485,0.04347771926339502,-0.04145635312014582,-0.1694564883459808,0.17652385020059463,-0.3977121523007062,-0.1617887455421126,0.06393701581019623,-0.09863434100364339,0.2250874876555903,-0.6148479823265033,1.334511022062292,-0.16836685414208513,-0.04064868656564385,-0.2033077369653932,0.5327294899469542,1.3445417504693151,0.04190094925099591
0.07457531477326679,-0.15702911321341553,0.8548548321028382,0.007502113392689418,-0.026614007924758706,-0.677264041363891,0.7352202602977375,-0.10971555346187746,0.00659975644977207,-0.14604591034721423,0.3629169382205313,-0.2352095367608376,-0.039971843286120474,0.02484903462457404,-0.038411442488079206,-0.16437683122862637,0.21826753378817537,-0.41658335382229605,-0.1692418041786332,0.06793808384550085,-0.0789134941629407,0.23904143332628797,-0.6144011030678073,1.3101832877189408,-0.2083259804765128,-0.040134134607287215,-0.2008117328556748,0.5271241024506981,1.3492952017363746,0.0379683862438442
0.06920970120434525,-0.15777261296409673,0.8530417678373683,0.008212764548433426,-0.02370408436594968,-0.6740718621366287,0.7382396572648349,-0.17041191703713604,0.005660971968411872,-0.1580523177036599,0.4619807770188784,-0.24329882613852435,-0.05488534690542408,0.017119631912128088,-0.02826055986945872,-0.1674599151689944,0.2262929473461459,-0.42562420589378575,-0.1720586340375299,0.06974073719084241,-0.06625104014082822,0.2409216217968365,-0.6009478212509448,1.3069128321214507,-0.22138941264363643,-0.03861598683487127,-0.203503144153018,0.5346652239587286,1.3476794427296277,0.039249908922016775
0.06490168777050345,-0.15892110923364008,0.8521215245050279,0.011169310794860571,-0.020959615518835448,-0.6696079540343767,0.7423349169394939,-0.2414377059984128,-0.0030185299680282377,-0.16463476674550007,0.5702181259487396,-0.24156894071143692,-0.03600457338161608,0.009345513952997573,-0.02579628742114297,-0.17762162023617645,0.2308108355671168,-0.41499508911233496,-0.16791202599042052,0.07508569423702309,-0.05667365857280492,0.237440720732162,-0.5715690194404791,1.3069501802072148,-0.20588978637635244,-0.03692855746512688,-0.20780805071686537,0.5361109972224243,1.3491479544641556,0.049641428766423856
0.06166115452764512,-0.16082481954849312,0.8515574991176726,0.01424033500380685,-0.018556977709501373,-0.6675908037542193,0.744160849668983,-0.3076302260773156,-0.024327036415167237,-0.18028362334680895,0.6601219629169286,-0.18164619430113027,-0.015017976633401405,0.002118875997111066,-0.02505602664522368,-0.18225565608780647,0.23587098119101657,-0.41616064061478886,-0.15606173464772893,0.08801254222217017,-0.04344674918799061,0.23390907156754231,-0.566232104033626,1.3063501340369779,-0.19426330277963816,-0.033770041636003105,-0.21309259726324556,0.5370665302685359,1.3527637708102875,0.05810494484166469
0.05809399135100263,-0.16367194946648123,0.8516577955355381,0.017524478430558686,-0.015634690377780047,-0.6657295519063097,0.7458234461527414,-0.3673896653861052,-0.04119647654510626,-0.1796484038584857,0.7290250327093589,-0.14624246594473708,0.01878733314654281,0.004173421528648761,-0.01993147302150833,-0.1874964827693955,0.22168161457102847,-0.4328527849829916,-0.1621476509543288,0.09996261230837408,-0.02320734259055204,0.23224780743441711,-0.5651205091845479,1.300820499364838,-0.19718759235950575,-0.03134113375907431,-0.21764645820999257,0.5436316570901731,1.361581193039077,0.05444901162923904
0.05593153447778076,-0.16782732209086207,0.8521219667651265,0.02212282239473561,-0.01280886866174322,-0.6675128063552267,0.7441593693320443,-0.40439657925165046,-0.05896978728773529,-0.1780167356147308,0.7415857777669507,-0.14686661222861713,0.006941515725664609,0.0006700147553298473,-0.021163921972273972,-0.18634047028653924,0.21926494213512257,-0.41914176324452823,-0.1449033563558164,0.11854382908216445,0.0016814858328386174,0.2312339006028888,-0.5729659532646428,1.2888388087143745,-0.22025680795655053,-0.0300009867446859,-0.22083598171519528,0.549972001621897,1.3648568342146317,0.06254581901506809
0.05452071463467736,-0.17211635700089103,0.8518945516994899,0.025377903406225335,-0.009450803604359887,-0.671981080530641,0.740073017842704,-0.43129469724611913,-0.07698606910574393,-0.17648479964451316,0.7202825904224373,-0.1493452402348282,-0.0006015536291104506,-0.005154613306455452,-0.018269769817976195,-0.1731317197513182,0.2215933085158271,-0.4079237664985877,-0.13228843943802304,0.14452578728534976,0.027878194621122076,0.2315400820640441,-0.5603581609173625,1.2827601565502955,-0.20619927686600617,-0.023934190034631143,-0.21928179542121473,0.5635974535071613,1.3632455192882904,0.09582837434861635
0.05346759909285045,-0.17783343142226432,0.851431796354152,0.028524580867286896,-0.004471622051148504,-0.6773555043694409,0.7350890242569238,-0.4473269063206527,-0.08786458612756183,-0.1717293061726753,0.6617356933375608,-0.12267851709690056,-0.025157510520287727,-0.004691150607043856,-0.01087941732701568,-0.16197447865643733,0.21034156442432528,-0.4157971533997367,-0.12940426289002077,0.16827730688651177,0.05638702655186442,0.232454809278426,-0.5477657044287493,1.2824378917425572,-0.1878432500678394,-0.02667599374999601,-0.2148183112927937,0.565942951949097,1.3610038052108195,0.09180063118119709
0.052642603895954494,-0.18474602560218376,0.8505186293989696,0.031802040854586745,0.0012291912076929435,-0.6831204426686713,0.7296119380154189,-0.4629664409758684,-0.099220532515177,-0.16676169514883463,0.5868777157329993,-0.0817037778253566,-0.03343248682821877,-0.004422948622216919,-0.001861173773259,-0.14381126387511464,0.19945686931980677,-0.40605077901227293,-0.12760900446906723,0.19359261797273633,0.08201362276085329,0.23491193478168623,-0.536726521823929,1.2825629471488915,-0.19172066754621095,-0.03372018009419048,-0.2042783609438233,0.5673025205200272,1.3595440262103748,0.0701586532560293
0.05230136289395765,-0.19294121642698203,0.8496891270858631,0.038368239002730065,0.004278449725212287,-0.6885132951240417,0.7241954263465153,-0.4671801787997325,-0.1125999618363553,-0.15251533457569877,0.48343408376763014,-0.08056811548299637,-0.03673472704467166,-0.0071632502438756605,-0.006591537124569241,-0.12741467072219884,0.20019685320970568,-0.39457747214620614,-0.1084422476752282,0.2098896930210065,0.11216443996448676,0.23382200571634748,-0.5259872351094177,1.2741427785688124,-0.18222606446490505,-0.04031727755786981,-0.1983891130152947,0.5858648199810225,1.3625752210008275,0.04056254306420484
0.05198206118182971,-0.20269551695211313,0.8482087562148267,0.04251360008472711,0.004368361085612854,-0.6924224752847061,0.7202254001004551,-0.4608094937843298,-0.12857743669475008,-0.14342228384658723,0.3734905331421294,-0.07126068808964506,-0.010161923160972608,-0.0010038348974062868,-0.011637230940831331,-0.11576593789133637,0.2035418782041394,-0.4022378150598652,-0.09418253167197449,0.22497703794934115,0.13923646274017787,0.2238635968671887,-0.5184188309932646,1.2845397056735168,-0.18157199310888583,-0.04696730710597938,-0.19944314854799888,0.5983162852636396,1.3693175610864583,0.002980145206970092
0.051685839792523114,-0.2135222073276661,0.8466226477463702,0.04614876361578568,0.007021073674888969,-0.6985644175696897,0.7140229342582105,-0.4571258277820801,-0.13762948322638083,-0.1371320407859303,0.26658572551497767,-0.03871553639426268,-0.008118411197407126,0.006210517693512468,-0.0127416025916789,-0.1092389429301582,0.2000514900849329,-0.4234773704630263,-0.0831285565364097,0.24287672465609889,0.1578811805569738,0.21427704997765143,-0.5042625696886448,1.299160425527058,-0.1886172645990322,-0.05948499783953432,-0.20072085042992824,0.5982841745235784,1.3702940390085636,0.012155679957889772
0.05117728905771938,-0.22656740039746123,0.8447036749873089,0.04784998720146708,0.00872301151351801,-0.705490461593516,0.7070484399215665,-0.4478059838872939,-0.1446070611225768,-0.1279496260995608,0.167699967350996,-0.009379833928091788,-0.0006595091480703104,0.0247634860146494,-0.009586322534995721,-0.1022045027730686,0.18653546914039365,-0.47547728715778015,-0.09695814091360061,0.2559969839619661,0.18366400775247213,0.20580487819988197,-0.4922168187895153,1.3055918233177968,-0.2101702221933248,-0.07030083380853182,-0.20141013994454737,0.6074911522696393,1.3731467955393433,0.012902199552275466
0.050993550055176286,-0.24111373968739985,0.8415830860057151,0.04707532579940426,0.00982972931120402,-0.7108930266189479,0.7016540421226821,-0.4396368300553594,-0.1480207833583111,-0.11542715325985876,0.09436874499932327,0.012498693769147041,-0.005411324546196572,0.04297837824303288,-0.006394422138230554,-0.0922649742358432,0.18826269380499,-0.5000161899794116,-0.09481463903707252,0.2662061772632636,0.2029930983058661,0.19922557215525696,-0.47575124720210177,1.3130538002538337,-0.22278287192186907,-0.07999988680846705,-0.19751131220325824,0.608041296824788,1.370294046232968,0.00425914524232591
0.05015070565100668,-0.25672953819267696,0.8381770742119422,0.04799643473954072,0.009677250982612155,-0.7155391408914318,0.6968546698688781,-0.4373741770576423,-0.15646359854334932,-0.1040473794302126,0.04560702966710009,0.024349381177435063,0.009436110798258344,0.06536130443722149,-0.007101732462286564,-0.0848693565104086,0.1837743150584056,-0.5273675429944074,-0.0914413271823146,0.27004735562712734,0.22161028505458433,0.1871766051757964,-0.45876010879986806,1.3137116315486883,-0.20795554445642753,-0.09055840296563705,-0.2010209967339034,0.6132918576722771,1.366486073968635,-0.004629589245850035
0.04938163729372187,-0.2743249564363466,0.834115798157964,0.047226888131314405,0.008814891970321585,-0.7207394064827974,0.6915393167852482,-0.43152633144909885,-0.15813388648283633,-0.07046713463010629,0.031163157906482844,0.026585465109738977,0.008442330761885065,0.09213094548687913,-0.005518942800122387,-0.06978642110588787,0.1816568285811269,-0.5528512255217495,-0.10057659605727376,0.2708406567952228,0.2404638842020712,0.1779595724589327,-0.45421913097459826,1.3071448471821765,-0.2096763710336945,-0.09932032792252872,-0.2037355030862525,0.6137594948890027,1.3607836626455188,-0.017049284812054307
0.04839726641351549,-0.29361137067666526,0.8301888050185037,0.045020993789182645,0.008676043731646571,-0.7255726936219203,0.6866164159511705,-0.4216403887547258,-0.15614569644169016,-0.044569110193145696,0.03808802110524041,0.012986517220544544,0.012150136348938436,0.12633492339102295,0.0007534185251266848,-0.056905854547438406,0.16916912502776002,-0.5867407879241732,-0.12166563978695846,0.26831273837157565,0.25148236611143265,0.1698345552764123,-0.44153207921691007,1.3077283872234668,-0.20809073403935507,-0.11049666253108616,-0.204429490837152,0.608742324736024,1.3589627824507362,-0.013805997730333076
0.04709977179607296,-0.31403271711218506,0.8291165239508232,0.04173614691898977,0.0074024796479673265,-0.7299306495975568,0.6822056464978185,-0.4137029738861787,-0.1563137967297121,-0.03839224927646671,0.07091196798220148,0.02778621026919493,0.040924254601325774,0.1678535929651128,0.0033175176390669624,-0.06022089590586231,0.1477047250053428,-0.6152999146512163,-0.12464330578687896,0.2651966206725117,0.2593200842817121,0.16483323239377495,-0.4358301191070765,1.3085718674693352,-0.2106406511239308,-0.11248006775205138,-0.20416759173093968,0.6188949306245652,1.3654552663900152,0.026083637076858887
0.04581147172210892,-0.33677823869964507,0.830911977619816,0.03855150883479724,0.008492269569801538,-0.7365494322158103,0.675230772718988,-0.40364011240421455,-0.1449296848643291,-0.014791104993067064,0.10204985548541722,0.09340070161658913,0.03231696467081413,0.20451175827185925,0.005477604859322006,-0.04442768131408036,0.1260775083877078,-0.5901188872000374,-0.07784694840182171,0.2600806311782884,0.2576693100010409,0.16069736053445124,-0.41975172994257354,1.3171051579308073,-0.20956472473063745,-0.11823814612554329,-0.20371918569070707,0.6382336240829689,1.3650999646983988,0.05860703020881084
0.044787895547159055,-0.36185773955889894,0.833134463436056,0.036261360584761114,0.005225931737031062,-0.7419291327639481,0.669476635381816,-0.3817929733009716,-0.1449700943541933,0.005983448536870184,0.12292211366541148,0.13042976585696275,0.04955949201945078,0.22498838787624112,-0.006120640709436874,-0.030359069656343343,0.1483995962726785,-0.5541787520676352,0.0093460166624214,0.24614458714947424,0.2360977057628586,0.15406294716566904,-0.40138544477977234,1.3494165606963384,-0.21678979123196,-0.1184857724070588,-0.21028295739538097,0.6552323063692237,1.3628115776580019,0.08312303106344718
0.04410422882362119,-0.3885005264364549,0.8360745606577952,0.028441663792343405,0.0003796933842520544,-0.7474043130200018,0.6637602884119804,-0.35337342773549885,-0.14982845059218095,-0.008028826208464165,0.16019465936092447,0.1766955205329614,0.049257898120573955,0.2356186090432031,-0.01043515424426814,0.009531583150833408,0.2050268390408528,-0.5020814751748057,0.07672680765205223,0.2369347165747692,0.21182525046357273,0.16115711529592594,-0.4090483981160119,1.3818645694234724,-0.23835089965342127,-0.1109171383327641,-0.2063340997531574,0.6393940734430036,1.3662420145338592,0.05430538892067602
0.0432855417196324,-0.4146439858937999,0.837695148802526,0.017978683328654724,-0.0072980462925374,-0.7503314516820349,0.6607769805939138,-0.30903528451938567,-0.15077032503772295,-0.004833609960728577,0.19037043549029775,0.17479326535178763,0.045418055430028574,0.2264974127080376,-0.015264701460408115,0.02727709002805698,0.309177288053238,-0.4969412051843716,0.13540293764031353,0.23098800400586897,0.17703739785253855,0.17077042503801876,-0.4269991383347634,1.422443539732792,-0.2624296527325891,-0.0851950263190398,-0.20791474009164249,0.6333575325770973,1.351799239069192,0.07410524180419105
0.04273432547943304,-0.4381204625078234,0.8384542763727533,0.01534190034242238,-0.01373892357127724,-0.7538699467591697,0.6567008233939652,-0.27027649564021705,-0.15647031061115077,0.0036744838017017936,0.2041215173576396,0.13395828600752557,0.04678838722393249,0.1735471549999404,-0.02745563756384942,0.043808565595399536,0.46090180818792736,-0.48008834749386814,0.1712876304068247,0.21671613226002817,0.1292104977197004,0.17616317065307718,-0.43989762238557023,1.447401123134404,-0.28044829353788875,-0.07903389103285886,-0.22074035593348448,0.6361936492997134,1.3494844215486497,0.06055373436551949
0.04214540685225479,-0.459153186220377,0.8393723674090547,0.013504356212083152,-0.016945276486672992,-0.7604957078104938,0.6489813312953641,-0.23581046792201996,-0.15592668503794307,0.010647565897073103,0.2085404273365161,0.10884321672675273,0.030997991441878044,0.1003214910293672,-0.047432262820949776,0.047157766133179686,0.6134912158280664,-0.38206162910951946,0.21364488008520396,0.2111015453400948,0.062163845929698695,0.1830793564148704,-0.4526064865863349,1.4786072700405084,-0.2880349333462278,-0.07391094553874167,-0.23295243878007396,0.6415952211043953,1.338893272415516,0.05670625676016288
0.04180123846575763,-0.479238011476192,0.8407680933967504,0.012716924976864904,-0.01845511338079399,-0.7664059964343826,0.6419653707472517,-0.19836412627871103,-0.1560278702710313,0.01909941195829167,0.19810049771484275,0.08332765496295254,0.022377261627162057,0.026120136441242968,-0.06473098518803154,0.05967309656892604,0.7313678515759433,-0.1859187665405416,0.23075279322236805,0.19934915141815057,-0.0063084195579266806,0.19131492983025755,-0.45585396844029086,1.4943089150668876,-0.277181358838321,-0.07871746751696218,-0.2433905359864604,0.6359989359030842,1.3337901044854463,0.04323093534278832
0.040700190995445994,-0.49554837126060713,0.8406319851889262,0.01283982545028914,-0.017588126565110798,-0.7716387897340041,0.6356881113125973,-0.17898685016123697,-0.1532621089441769,0.03141465684875764,0.20578788035124224,0.04854370652038749,0.030256216905067808,-0.05809240787702444,-0.06920395043347355,0.07877877251841174,0.8412650047780738,-0.12144059220280232,0.1411188042700741,0.18715374622479491,-0.08241572677686958,0.19862829950296104,-0.4691501715134265,1.5107158572626211,-0.23080161111174216,-0.08107649606622398,-0.25789018029116534,0.6308689779874275,1.3250669239038997,0.031228180244316388
0.039043742170778,-0.5100869356744111,0.8395859064659321,0.012497990707105859,-0.015537154507963856,-0.7740956131136869,0.6327545960451225,-0.17253770671091848,-0.14966467967826613,0.040071180584936375,0.23241484447511568,0.0022751118468232663,0.041580005267856456,-0.13999377677145014,-0.06553400983799071,0.09979095264173263,0.9348346414955225,-0.24990730622269625,0.06251984142855638,0.16828519817413062,-0.16817932499649568,0.2031163838677732,-0.47722131015558855,1.541511383142092,-0.1969340884846049,-0.08002956105299025,-0.2705357015969862,0.6212910696451248,1.3207341208427217,0.028763541758576303
0.036343867784647904,-0.5252471865006423,0.839353933922767,0.012716364147326803,-0.010353557104195202,-0.7746276130145912,0.6322049976815113,-0.1674244255009257,-0.14150390409067765,0.041311211454611245,0.25313584381783305,-0.02573749359810177,0.032014358586434526,-0.2143101556544381,-0.07049449038819385,0.09592406407697322,0.9715551180385552,-0.3632237815858848,-0.02297637361941016,0.1425625241646926,-0.23848651435570553,0.21571318933859843,-0.4968636794725389,1.5329315997933584,-0.2252615644278431,-0.08719347340302028,-0.281703676254504,0.6046851846931646,1.3160498948022208,0.034809450094947285
0.032669554601744054,-0.5417600864895774,0.8409326658206914,0.010898663484145463,-0.00716176688034507,-0.7735117352271422,0.6336477915177379,-0.14679609167491003,-0.13543703026612788,0.03340749554131141,0.2533998297462003,-0.03677568274975392,0.016164869296365195,-0.26927990450896416,-0.08072825454411853,0.08136737788089918,0.9521463172720208,-0.42143755353182183,-0.08310424714114782,0.111037251430612,-0.2966312777942216,0.23189458207066624,-0.5078753201364106,1.505726721253324,-0.23770456431935835,-0.09064287876689296,-0.287672615415916,0.5867314633767229,1.3155048067912187,0.014336909204212808
0.02901581451031303,-0.558330218563456,0.8423140352302994,0.009934226257451625,-0.0050308111029471496,-0.769446355560493,0.6386143656409462,-0.12437327453695247,-0.13428077499104077,0.020272311393267003,0.2519892525242943,-0.06813971291900592,0.039779950513597805,-0.3124218794018434,-0.08415779408383829,0.07188519526160068,0.8934031525505712,-0.449649501787911,-0.1644276612559049,0.07499417266389702,-0.3584717861246229,0.2370593950853181,-0.5059382867014889,1.4890490863136907,-0.2235970455787048,-0.08496537607233658,-0.29550871414286184,0.576532168050491,1.3180546156319997,0.027171565191886463
0.02457523831235483,-0.575113252629158,0.8435388964094651,0.009397300767123591,-0.0012737306050700503,-0.762760234564677,0.6466118564606418,-0.1045980696810364,-0.13000866612692638,0.008321574340310878,0.24983213315602448,-0.09701923610113573,0.05123978730477717,-0.34797428827478694,-0.07399934898330335,0.0732370837191982,0.8083928834931331,-0.4546989587855964,-0.20873522122432897,0.03858996278425563,-0.4193381664723295,0.2394847073277568,-0.5167338820755497,1.4716890904847346,-0.2128352497713777,-0.06993263502934643,-0.30069663177552297,0.5772546364404129,1.30703406473525,0.0927545180538288
0.019640986318875828,-0.5926547597813158,0.844807540707847,0.009398451437525398,0.0032672980654363387,-0.7557114439644464,0.6548291436207617,-0.08665036922243721,-0.12610857485595195,-0.012079378709041187,0.24764182194599443,-0.13545321246729247,0.07347212822625444,-0.37790562389705434,-0.05808343077416861,0.07468745183535046,0.7044840612988752,-0.4146189041513616,-0.20193980781341317,0.008151784539020265,-0.48339980540179006,0.24148630817420047,-0.5267632627008232,1.4529093566441178,-0.16684697605823587,-0.05845350579158704,-0.3015143159947564,0.5569684076367446,1.3064001173913236,0.08668345674004697
0.015165113979172628,-0.6117267932026941,0.8444614319660356,0.008729794434798748,0.00692492411551375,-0.747672077456999,0.6639746235408825,-0.06979337096675643,-0.1215414295470093,-0.033865486726070614,0.25542069935546186,-0.16246073412494777,0.07972001518461148,-0.39684072542487087,-0.030260849097460282,0.0822047196209024,0.5830056930371222,-0.4301314301845916,-0.2600396149068618,-0.01758465371461692,-0.5398408227465279,0.23422175966470987,-0.5497911092510883,1.4296174558450876,-0.15688533922161027,-0.03678717605355948,-0.3045782481411896,0.5364584226722885,1.2968627407781308,0.0897702084344283
0.010540476369192383,-0.6317399043677558,0.8443624828045881,0.009355314626809975,0.010498330246024772,-0.7406452287627268,0.6717491408712688,-0.0482575931909781,-0.11888250238197146,-0.05898441307788404,0.24880108376920204,-0.1737245687425258,0.08040657426671469,-0.4150439484699072,-0.006612676248189947,0.08846926487772815,0.46442576892938664,-0.3632199469902789,-0.228850649643728,-0.03743317258717952,-0.5862874546826209,0.22423323053347388,-0.573650131209908,1.4039243523012537,-0.16111922509065393,-0.01508593104631926,-0.29997509145384765,0.5131402514659495,1.295541852935905,0.08251659919367979
0.00804866591180779,-0.6530190625476047,0.843797311906961,0.011524375362297177,0.0108161471306185,-0.7331832943834714,0.6798473774096354,-0.016491469044336883,-0.12276176537744536,-0.07354861572613254,0.23185320003596263,-0.19288451797838788,0.09860941895200846,-0.42003537035543975,0.010080687668358295,0.10164535543383175,0.3370798337090051,-0.3211009190381719,-0.19998218369691104,-0.05855723029854271,-0.6204379104769824,0.21184607305597808,-0.5861869525308596,1.3764946878877724,-0.14091999240931893,0.005781950569719504,-0.29475642405648966,0.4994105589561244,1.304409206114115,0.07796318986375769
0.004732480511928694,-0.6758109628357312,0.8411972627618014,0.011091421384812951,0.013582181087608692,-0.7328903710546377,0.680120731005874,0.01015052592005106,-0.11514226072988196,-0.06989721746119042,0.23889351862020264,-0.24081755189597737,0.1117783107200251,-0.4146761443226795,0.03135118402329697,0.07945975997466674,0.20809994740478985,-0.3081206307097926,-0.14373393409955504,-0.05853457804893076,-0.6361499776301204,0.19637019661348332,-0.5759122822301632,1.3494954730176572,-0.12369694552599587,0.02122969315670177,-0.2822698119679146,0.4914105218069993,1.3142311745322492,0.08052776732414
0.0014683889637548016,-0.7006301141498849,0.8361871075212913,0.00967029930832252,0.01174924829366208,-0.7309188627287062,0.6822946992196238,0.04617869594085305,-0.11428117861672984,-0.06990894941017621,0.24728452833990724,-0.28193600377794475,0.12433241914358736,-0.4059828175535138,0.04236185381429853,0.038276307986963,0.11381980620309892,-0.3037187275449804,-0.1021919454582367,-0.06471709501024028,-0.6352784535135838,0.17720013680345892,-0.5524160469598145,1.3256172105153732,-0.10263066074127834,0.03546641744900282,-0.270273844047184,0.48159150410038465,1.332639049156643,0.07342009122619733
-0.0018757349615539244,-0.725886152503522,0.8305852929500409,0.009248103868710927,0.014817773908394175,-0.7285390759401806,0.6847815133160806,0.07651316870844083,-0.1061814642040362,-0.07423179044490236,0.24985988017219424,-0.3129832495362294,0.12452245817287816,-0.42535763901411183,0.05789539631480092,-0.010610223948334545,0.09492451180998433,-0.31953098462934304,-0.08546699930397414,-0.07609067352247502,-0.6270749254243041,0.16906086970299594,-0.5231442575471035,1.3020030835282943,-0.0763846225196752,0.041481016238908784,-0.25406003629295226,0.48578601258373794,1.3494034642950494,0.08675526755820101
-0.005055530512324197,-0.7517445175068056,0.8251161253451976,0.009477377130227956,0.013649954414365593,-0.7267784269004662,0.6866709373923593,0.11457155842917983,-0.1071313898283055,-0.0835156806314863,0.2448183143334478,-0.3411526168250568,0.1353744433394962,-0.4247705636792539,0.0642537238310507,-0.04077266544790059,0.08594523933414501,-0.30192933513750414,-0.07325190869821913,-0.07771458682002999,-0.6213736435301243,0.15018589063498064,-0.5291297006719168,1.3187650842903769,-0.07364329031260923,0.06169218750286837,-0.23910248038608137,0.4655005882247757,1.3503657191425475,0.07414102665980729
-0.007803904085857829,-0.778983241827565,0.8206784971761105,0.00788033432229984,0.01450648711125045,-0.7227617433569037,0.6909000828646281,0.1668647284164068,-0.09699704478641269,-0.08830964978159003,0.21288238692792924,-0.3607418143404955,0.11937066112455416,-0.4172515747069087,0.07126514660809012,-0.06958647283665871,0.099367286837214,-0.28057937585572207,-0.09080969608569495,-0.08677878490419262,-0.5937471590121411,0.13570186649066035,-0.5385448969380684,1.3428163029876248,-0.06098402045419996,0.08142335910733206,-0.21584748282921865,0.44827222923968846,1.3504652745188594,0.054380353645004605
-0.010149668660703456,-0.8066017719842176,0.8211681511880001,0.008841166481003193,0.014085385808907195,-0.7168740903549596,0.6970042856823905,0.22266989152773767,-0.09116639548996008,-0.10196473894034376,0.15723321268226131,-0.3489269836046,0.09953254310509128,-0.40790395373476906,0.07050822260883328,-0.07001907670239467,0.10966377012425287,-0.1885376670026173,-0.1235587169246364,-0.0991608476500872,-0.5557691847973468,0.12593543050305078,-0.5483005875600513,1.3791337633850635,-0.0720214761059467,0.10056147499361583,-0.2021628039587605,0.45039119648586823,1.3537587687347803,0.07722061837074173
-0.012220230910257451,-0.8365826564732578,0.8237748503078455,0.00904622961196188,0.01200887771090816,-0.7140413280669692,0.6999420936036722,0.27664587928400614,-0.08973872490291376,-0.11981487325160287,0.11080904328948848,-0.3662586769441882,0.09683663935284352,-0.3978351144682055,0.0702704823045228,-0.07209420979240452,0.13262617553756295,-0.1392126389380541,-0.13914433893096817,-0.10073673664554449,-0.5139547747346743,0.11380131165957764,-0.5481321188431225,1.4464356614561606,-0.08956895775219224,0.11987532186015493,-0.19479494031047345,0.44643806766223776,1.3461827161194344,0.08187817012599621
-0.014667062686738352,-0.8690898282849993,0.8249770647762233,0.006449224401995182,0.006467213430008934,-0.7114166996484451,0.7027110801149918,0.30247462774431544,-0.09149418658615113,-0.12964492781655607,0.14091794677355976,-0.4087722366569052,0.07895051171116067,-0.38255231683032515,0.06965700900711691,-0.05628373491245893,0.19375720579882497,-0.08061651591046037,-0.15648662127118412,-0.1037339197111044,-0.46084543177887033,0.10014101378130144,-0.5338750662349473,1.526784633114908,-0.09182328343744808,0.12766310635799052,-0.19567257574871205,0.4364140585788292,1.3498686359655176,0.07429721714573664
-0.015435017145530291,-0.9003163978100005,0.8276876815266555,0.003586711965538179,0.0007748722293554794,-0.7100906869432605,0.7041006685032717,0.28455170779940264,-0.10653005937606153,-0.1550149169358757,0.2366943622847223,-0.4425667607498517,0.06442134576400593,-0.367149260913082,0.06774171839228008,-0.0443560515690152,0.2617080757648389,-0.0699652752731611,-0.15671659738625662,-0.10096685451000052,-0.39469630894216806,0.09246294777644253,-0.5317937577887637,1.5920194324848276,-0.13335964042261053,0.1234988626616692,-0.20506536146345983,0.43434864528292144,1.3579006831261835,0.07480056863213731
-0.01754874553367715,-0.9297936071754832,0.8301955196584279,0.0021241515130151598,0.004115191310074236,-0.7112134138040792,0.7029609044648074,0.22084868131906576,-0.105401786709749,-0.14229557817119237,0.38180822140218695,-0.3953724068504096,0.011321022626637334,-0.3560138014656555,0.08028496343620321,-0.039477092871821,0.3169821465126524,-0.1260297187312054,-0.1660934267919522,-0.10178694144771255,-0.32431914800937217,0.11074356421157339,-0.4972999966595037,1.6201845020223753,-0.14174414789616072,0.09392182078464778,-0.21131083622268648,0.44919120839079385,1.356785765121091,0.08537401089582089
-0.019176775052785942,-0.9568890812603831,0.8325931493991634,-0.00016539453777783888,0.0023898517601977287,-0.7082011864263592,0.7060066152646939,0.14860170351227875,-0.11292556697332512,-0.1380590947883475,0.5363833371296856,-0.22106664894306327,-0.003495292958061748,-0.3233356619688283,0.07909243772347013,-0.04275253487009242,0.33788565350513905,-0.16970437297600563,-0.16105910990412167,-0.10233564629532275,-0.244257801271127,0.12522588125481676,-0.4659113298712538,1.6173019575874836,-0.13626716415980683,0.060701255235634445,-0.2220777480590294,0.4416208086161896,1.3652697693745508,0.06955891437058424
-0.019199281947341048,-0.9813790715245683,0.836690351554219,-0.0001405720465079436,0.00438670170745513,-0.7007804454898628,0.7133635148412486,0.06415951445692973,-0.09755496681284392,-0.11424954573837978,0.6655654970371522,0.032944311778209515,-0.019162348778663994,-0.2864765876277232,0.07127113332158533,-0.056422254206720354,0.32741602515232854,-0.19177392158237724,-0.13578076251285062,-0.11089876231910224,-0.18265742771949564,0.1480586804264646,-0.48404690258386335,1.620855760680873,-0.16844098305591837,0.03043157066238713,-0.22969175388811888,0.42859438894590407,1.3506506641819445,0.07308675126175043
-0.01975065229423276,-1.0033035001129584,0.839985743189858,0.0016128443688060035,0.007898266587170761,-0.6917271624723462,0.7221139444823909,-0.024652419671638694,-0.07291815701293859,-0.09782618309346505,0.7756501065370035,0.15453756544353667,-0.07679355557302567,-0.2538983899077949,0.06521751556017838,-0.07228535042047043,0.3090004232555174,-0.2142716350471324,-0.12329913770343968,-0.10885857966767984,-0.131551555830225,0.17659858606603707,-0.4928652784052325,1.6236928573480147,-0.18670913429234323,0.004944070284704751,-0.23967642682719453,0.4226865216301408,1.3186278481794567,0.07375508267103446
-0.021780451834960992,-1.0215176384977651,0.8426066152124638,-4.2096818109768445e-05,0.005408372135112657,-0.6843010461450281,0.7291795567509604,-0.10960934701253028,-0.04854144447260849,-0.0872455682668008,0.870820676992572,0.0862904418241405,-0.061905444370141775,-0.2141494091623472,0.06226673044909031,-0.08546300180304775,0.2919912806563036,-0.2236988051799411,-0.11399543754419324,-0.08589428874845091,-0.08535901862668666,0.20129734333772548,-0.4860938088638096,1.6103051371774273,-0.18585709863746477,0.00034465450567689945,-0.2560017293190617,0.4290047078599367,1.2857542059277232,0.08754348274388665
-0.02192583375443288,-1.0399651647903287,0.8448647018022184,0.005216418589024865,0.003859382730054127,-0.6828619425931215,0.7305186250192368,-0.21361484285083177,-0.03254122245516147,-0.054481349928469314,0.9453525394915697,-0.05139211247821623,0.02017025280150912,-0.18340227017039137,0.052712015050626046,-0.08486400217002668,0.27205350899056246,-0.22339469667826367,-0.09364691709564675,-0.054750632295598414,-0.05521661653199834,0.22483832067212112,-0.47997224041325254,1.5833614139089445,-0.20334378110084583,-0.02669067381608745,-0.27901562383750145,0.4437826814726256,1.2724362770065503,0.05310824155705651
-0.020945709462123256,-1.0584957119657936,0.8465298570663552,0.009380652831131212,0.003540847615847327,-0.6827693841580943,0.7305651468602926,-0.3084823440444652,-0.02145744069054749,-0.031908412229802424,0.9777627594342818,-0.18461723609067077,0.1107194946770072,-0.1546755984766995,0.04902850215045614,-0.08278876886624506,0.25379313075837967,-0.23920164834546184,-0.1020136151710692,-0.019699845658940892,-0.03864498342033015,0.24676595208908983,-0.4637918546899344,1.5472897441566793,-0.2076225442623512,-0.061163929775522714,-0.2966180062173819,0.4722456021395128,1.2742302519719466,0.06191353001370145
-0.019638186726033305,-1.0776221992122488,0.8489424052920247,0.011915965215733704,0.0001341041995700828,-0.6745393680069377,0.7381426913529955,-0.35553504156220145,0.011107710459222436,0.009337801730625405,0.924608974609464,-0.16474308875538235,0.111188044528674,-0.1239580767124227,0.033142996607234944,-0.1086080937127176,0.24745935014493492,-0.2742267823395253,-0.10782316221023493,-0.008258653649744513,-0.011912202587616223,0.260876441998776,-0.46054224135519806,1.4922323141749505,-0.2132127605371152,-0.08677719586860284,-0.3149961012105306,0.5046604231190044,1.276140401037818,0.08407765650076655
-0.01638853873284736,-1.0973231725380754,0.8502948837124281,0.01548808732432432,0.0007631125011480628,-0.6754051619439582,0.7372838015512083,-0.4065191280044145,0.005295523057185738,0.020262016563323503,0.8363426579505648,-0.15079343600611056,0.14137193737432716,-0.10091033440531608,0.025640650162094002,-0.1048538899151238,0.2447441666061152,-0.28210036691509716,-0.09124177404409331,0.020534844593592463,0.0056235479476831815,0.27342226936314207,-0.4617692706965311,1.4333182718163002,-0.21723783917606665,-0.11972826735412606,-0.3278347307482249,0.5276826470791373,1.2807799456478712,0.09066966963221942
-0.012268957864448477,-1.1174016917723568,0.8498369726339163,0.022650514124504376,0.0022820952469880256,-0.6756669269472032,0.736855447208544,-0.45783832155494153,-0.023635966039759135,0.0135893150267882,0.7305420526590389,-0.1799197434586035,0.1787116717324373,-0.07652300943546289,0.017351985999320137,-0.10620143810565334,0.2255982827951893,-0.3269584629783934,-0.1132478144890691,0.03771994731505843,0.003514599012722453,0.2737021106644798,-0.443582557956637,1.3916483030482023,-0.2167859797133848,-0.1631785519438547,-0.3429944470876981,0.5535450896449732,1.2855239603914594,0.06570737176822786
-0.007818094735546975,-1.1393362278807184,0.847026927589404,0.02693670083385673,0.0009573193343629591,-0.6860355074191016,0.7270686214162297,-0.4785147611693148,-0.06343428251042037,-0.026356811527882735,0.5851621883902728,-0.17477585852668323,0.16880514396352264,-0.05513491170227451,0.011188228701391424,-0.08366092299934494,0.23400801308689312,-0.366576579568425,-0.1254166837182016,0.07824811721682459,0.005246668485953807,0.26436989486960494,-0.38095527351952174,1.3564139655593328,-0.19639779620079015,-0.202026600174098,-0.3541097243561698,0.5823623541402084,1.2854625535508448,0.05876420485670314
-0.003887176159447596,-1.1624011211586378,0.8428709530031117,0.029231054915675157,0.0016176946947925519,-0.6944780191490212,0.7189180825457396,-0.4760910995933704,-0.09030953543243922,-0.0758069432925868,0.40303137724277965,-0.09885502352395098,0.12752631693102737,-0.03464707764836287,0.012857579148912796,-0.06320074737276558,0.24841481546179817,-0.43448220523844977,-0.16512504845015005,0.10761091778839636,0.009392966887285074,0.25187021760845274,-0.3035847492709544,1.343965794740544,-0.1972043214627618,-0.2397596613309552,-0.3629131167503478,0.6213784176706184,1.2777825908008729,0.07094132590627478
-0.0007552279739304973,-1.186771682769418,0.8379359425059761,0.030532513703187405,0.001178236901416826,-0.7008847287546233,0.7126197964997372,-0.4528179136033541,-0.09973994616453745,-0.09168453768846355,0.21761869724782304,-0.06053732575760316,0.09134346788413661,-0.015480291954489411,0.011119082507612508,-0.0486361053565102,0.27624219577168047,-0.4876146416066864,-0.18846696272251673,0.12491521078967605,0.009276607878243926,0.23621832502260287,-0.23489837966647553,1.3674503937432962,-0.2303625798745839,-0.27561397560682,-0.3645379163048241,0.6450106888780576,1.2733995689239432,0.07154697494005796
0.0018151185710611048,-1.213556382832364,0.8309723763541756,0.029414754018295408,-0.0008985019976155313,-0.7051137551195007,0.7084832794649991,-0.4263044813315888,-0.10075854697133524,-0.06738723250498263,0.08190286306311872,-0.06488898981608443,0.07345868862539237,0.011200709657395828,0.008572019462266423,-0.0449076743183348,0.3078705949116888,-0.5481237029010412,-0.21071521471940616,0.13461377914240935,0.015591098639633915,0.21896479114876005,-0.16252524122633413,1.3529548079673652,-0.24669840144718488,-0.2987735969145848,-0.36065017081593154,0.656390848766347,1.266340840967183,0.0754515362670643
0.004078247741477314,-1.2408091361599936,0.8233819869561431,0.02687665988083846,-0.0018447082519029703,-0.7066642739018443,0.7070359582057294,-0.4235052487479892,-0.10669384435884471,-0.04263146471257658,0.03164097588972789,-0.05499689576656221,0.05863664341989973,0.04099389516167934,0.008146561188357656,-0.045827017941444365,0.33662614524827794,-0.6021860970965468,-0.23111173769528212,0.13690010775162267,0.0116505984189406,0.20976922306223128,-0.14237716631075514,1.361098073581558,-0.24646729853745933,-0.31188309172539774,-0.3497267484541316,0.648229389373598,1.2618501110786244,0.07442218474251841
0.006161977258142532,-1.268265707791676,0.8180403920785569,0.02475649225728936,-0.0019676425905727404,-0.7090808513416039,0.7046897123801484,-0.41291328953349,-0.11032299755847733,-0.023400671746622616,0.005160172483457502,-0.04560714134894576,0.05560436322684685,0.08230243419490221,0.009782106013635496,-0.04531720598377512,0.33451742749995206,-0.6465362608368441,-0.24698157952908445,0.1404441274611643,0.014837772045944959,0.19636410163360485,-0.14573337402298386,1.3664285976174204,-0.22220039788048312,-0.3130621822817739,-0.33866265963780817,0.6505950669062488,1.2562053694887183,0.0800055098607038
0.006791405515277986,-1.2966247424973947,0.8151842597554307,0.021371505879927463,-0.0008321841825675138,-0.7128972408566078,0.7009422873425073,-0.4052283647959371,-0.10759551268544527,-0.024220289679783912,0.020985273896225204,0.006441308935670725,0.03450618437754883,0.130410163865746,0.015643903592263073,-0.0370969875093438,0.31503124264604326,-0.6535653919814971,-0.22946280076964143,0.15074374035210938,0.01815077342199892,0.18862794026630983,-0.15484943391967912,1.3820436004217103,-0.22666043055947185,-0.3018748061303589,-0.3258529926641324,0.6566203968377106,1.252681094081317,0.07668368831907482
0.007550743967616714,-1.3250713064414268,0.8170507474637789,0.01902220614321256,-0.00048767072009983073,-0.7174938491647477,0.6963048859956882,-0.3955206181392869,-0.1057030464729167,-0.032977083578709765,0.037615431076642655,0.10884403501581412,0.016563362120964854,0.18912420962804904,0.01949122364925844,-0.02344148393969006,0.261657040284878,-0.6496050007110747,-0.21785755711303628,0.1609364978696571,0.03788566232003546,0.1764846567288551,-0.16066427815033296,1.3953928303139667,-0.228647532338146,-0.27627046635915875,-0.3151897259081777,0.6582693622849749,1.2550252431447064,0.07036357443283127
0.00888814758304648,-1.3565843370146635,0.8195236166875538,0.01526889864094239,7.281031107672794e-05,-0.7216571407139202,0.6920822398310481,-0.3821772766032965,-0.10165815917815708,-0.02419022119653696,0.06908196613321135,0.1787572269866556,-0.013742468109543387,0.24325425064779824,0.023410609134079267,-0.005620468758235202,0.22066049667917956,-0.6448464281726367,-0.19144533268544928,0.1680852959910291,0.0521665239246656,0.17208310688110615,-0.17126672351906674,1.419642427152782,-0.2559316430479981,-0.2503491297024175,-0.2944075998232385,0.6547247507857931,1.2728868512086209,0.05715847452905944
0.009468971457169456,-1.3900778943515169,0.8208047410902406,0.010260504598481369,-0.00431186160121653,-0.723831212397631,0.689887313880964,-0.36144258002446794,-0.1079163134111358,-0.03614106690062201,0.12411226632251075,0.21458558616568396,-0.027131812498313687,0.27307532488122743,0.01879465226998025,0.004893672871880285,0.2485090778772352,-0.6479835825212319,-0.13646286757235263,0.17131904145517804,0.06148504989998833,0.16626260868061576,-0.16856074471683327,1.4504142129227633,-0.2638419059444545,-0.2142792974310124,-0.27261984500016473,0.644504216065362,1.2918728958262196,0.05663535864950778
0.010021178799655408,-1.4220711380794413,0.8225868285688234,0.0048856208818972,-0.008143906469459283,-0.7242968866436049,0.6894228219999652,-0.335143860477065,-0.11354691912117172,-0.04788934741158721,0.1740666374874704,0.2392329030317016,-0.06232800558762144,0.2679913079818495,0.018618927638663078,0.022652624569511736,0.3319874999448488,-0.6230445895026764,-0.09346292277348812,0.16482229064505383,0.06905513444074002,0.1649141664021903,-0.16469879846091887,1.4781628113792824,-0.27699384213016126,-0.17555975992698375,-0.2520787126286395,0.6273822535076988,1.3143984259725396,0.06350725771780173
0.011203341820676224,-1.45187126794914,0.8247668855452049,0.0016399349406222927,-0.015255341519647175,-0.7263868730820997,0.6871147617265396,-0.2942386195613641,-0.12437451481160498,-0.055052768399046575,0.19885936916688568,0.2060089955370652,-0.07887095489429503,0.23314746323819852,0.010346240469696608,0.04748894446953328,0.46391816049305207,-0.5526169386809693,-0.04173040331055629,0.15778756827679982,0.08223448038306781,0.16104885362106836,-0.16445206653105962,1.488538904505114,-0.2859134716744199,-0.13365873815252746,-0.23985981226023056,0.6216057190815154,1.3341510577683109,0.03479240489426793
0.0119003321026069,-1.4791912252478747,0.8280512070632124,0.0007932738765717404,-0.01876902836914529,-0.7304600128218324,0.6826970513770829,-0.2503664032094252,-0.1271931347908624,-0.05053398001488508,0.19940478122273167,0.1694865302527266,-0.08902831549808404,0.17675932748392637,0.0009165410478820411,0.06311644769146893,0.5957547813897718,-0.38453397181818016,-0.02262663056296779,0.15427669985451223,0.07275395422655762,0.1590090314848608,-0.16778924049880214,1.5072886908899659,-0.28168935281124174,-0.10250177731075152,-0.2360546864767687,0.6283315601132684,1.3411107633653212,0.039034007601210646
0.011843480953828972,-1.5044168575257872,0.8316266592401833,0.000894895364206087,-0.02032840730181872,-0.7370497084733043,0.6755321474647044,-0.20817290250465745,-0.1259180671559638,-0.0418240267648454,0.19139722236828727,0.12989266878675892,-0.08696047087771636,0.10703532457572708,-0.02005330239755324,0.06025984649004918,0.7066815116684516,-0.1626616554462132,-0.022319711440182646,0.1496147439487233,0.05430876394909492,0.16101138362115602,-0.18873360288216984,1.5212545885344648,-0.2987171546223812,-0.07778214595741163,-0.23336222776881207,0.6304559058668292,1.3430491124198782,0.03288598464110726
0.011723470412373675,-1.5254223744289364,0.8331014849816899,0.0044438230694820655,-0.020705653004714136,-0.7436965034533942,0.6681818907463526,-0.18459827637748372,-0.12974981060051297,-0.029352530060357887,0.1943062525551662,0.1046643079016087,-0.07360784257427166,0.01571664810303002,-0.03039966772457651,0.08232611494322113,0.8236212918737733,-0.09578617067981007,-0.0002524614249261121,0.1377681720211247,0.03140395724876793,0.15939609962329956,-0.20073886325394535,1.5325057410605663,-0.2936602751215053,-0.05735229111060053,-0.23782969319998548,0.6265449693037489,1.3314442340421755,0.03485690854735609
0.010769483817376711,-1.5447039503525166,0.8337298005576573,0.008154214504447742,-0.019836992382721387,-0.7481867458653028,0.6631414598941248,-0.1722001680741286,-0.1329023597150446,-0.014576719119535123,0.2118074872442509,0.064312787550788,-0.041104906293594035,-0.0764236390825479,-0.020836412594502626,0.1162822925744528,0.9229612201645667,-0.18946972166423467,-0.029738670033046546,0.11701930188138016,0.013351255834624322,0.15813788281220442,-0.2091145200010632,1.5223173963853616,-0.2792239777010235,-0.037949855077513674,-0.24698504303682767,0.623176051137414,1.3150027429648978,0.053807931164351695
0.009101166183061704,-1.565375550480672,0.8347897825410296,0.008709438348088324,-0.017742475064382594,-0.7496859712116979,0.6614985221681322,-0.16070454497628067,-0.13291107331189944,-0.005695746983948261,0.2403142801208828,0.0032969665092788814,0.010024934291693363,-0.1535404769579543,-0.020526452653513657,0.11968993937697404,0.9684196086888521,-0.30149665942429804,-0.07170064991366949,0.08714061112279045,-0.03314286168224898,0.17108772223977708,-0.28887301853104635,1.5384914416991589,-0.31653146140628413,-0.0423024693555754,-0.25959755908005944,0.6098985009332145,1.3247313684348259,0.049992401052088846
0.006776560375564787,-1.584236453901797,0.8355976692397361,0.009131606453430537,-0.014191586966180343,-0.7500576735253521,0.6611570910220173,-0.15175820901312403,-0.1272213211131512,0.0032552283092089087,0.269246508176529,-0.049998864170335305,0.031457944001293474,-0.22962342609420977,-0.034656318253369,0.09429637921413717,0.9739333415677928,-0.39395605743497,-0.12563641605583872,0.06773097933686227,-0.09014781781049154,0.17874064969477632,-0.314191948251151,1.543063540394971,-0.2999931509062387,-0.02894356821447737,-0.2663815865059685,0.5803325611878414,1.3128983103389986,0.049693985393830485
0.0035828423959932314,-1.6037971275893437,0.8363781663497254,0.009315892481430067,-0.01087813469824532,-0.7497663048306871,0.6615477068763048,-0.1346152848603162,-0.1206488209417392,0.0041405431217375775,0.282970702370251,-0.08837913582291995,0.029080799701683452,-0.2923520724559104,-0.044186668417439234,0.06983714611330596,0.9294364976931544,-0.430551825182052,-0.17441552211028416,0.03993019007943609,-0.14839475444412137,0.1909251569450428,-0.3519252294957611,1.5512041176875764,-0.31070114675184046,-0.022754999772954435,-0.2716913658542175,0.5627686960184458,1.3083556689209817,0.05028888042856585
-1.22710681706276e-05,-1.6234194591458304,0.8371573110216659,0.008779648980788902,-0.005081397908133466,-0.7478908810085185,0.6637441730541778,-0.1201413120717488,-0.1107148818127164,-0.0017017642773760893,0.29391893306549144,-0.1229224041504706,0.02417571597134652,-0.34204799221646764,-0.0444152907079888,0.04087923911475767,0.8420566729526218,-0.44195332243711993,-0.2505821138915469,0.018202659187885023,-0.2067695659106961,0.20377625632081217,-0.3639515490065616,1.537818272181994,-0.2899825259088139,-0.01867973619730498,-0.2682541729755332,0.5388547614955549,1.310824881445438,0.05797045054732765
-0.0035765844722082008,-1.6438740314288627,0.8373644872706794,0.010398393374851735,-0.002981729239635672,-0.7432010707004632,0.6689806807491884,-0.10571505555694936,-0.1149415156459672,-0.014542022983441868,0.3048469766366953,-0.15626004360868107,0.06540332966918078,-0.3760308108855848,-0.044212261164878856,0.02492729101070115,0.7288156446243835,-0.44145477532193633,-0.26179993499222054,-0.012678519830044983,-0.26067463473428854,0.20970854997898183,-0.360710326744587,1.5289142322200386,-0.2724975807495204,-0.012901865523263651,-0.2702134656085996,0.5220898859504963,1.310317040715383,0.07094710155632257
-0.007769344260928028,-1.6654954557250492,0.8365438633132463,0.011476653228050623,-0.0004059355151132656,-0.7363194070501639,0.6765366600919236,-0.0869859923180823,-0.11324902319895952,-0.0245792286429268,0.3175344799664825,-0.1991149452697136,0.08400579157422204,-0.40110720580056985,-0.032947853634254586,0.015553699147938069,0.6013591605354749,-0.4047087635135255,-0.2524769568423411,-0.04479746595062607,-0.3157541150632081,0.21699846359096847,-0.35134462830986185,1.512469620552442,-0.24623700210255375,-0.004660942571144983,-0.26825124777302933,0.5045575962660857,1.3008114823373904,0.07055341125426726
-0.010854092514975275,-1.687995645593717,0.8352300228478621,0.013167333493770172,0.002364863149708702,-0.7283766225720485,0.6850463666362168,-0.06572737250462907,-0.11336477133410441,-0.042059913184123415,0.32002139441914795,-0.22337326190925505,0.082444211873111,-0.4166585583124792,-0.015776089617731234,0.023517639603471314,0.46031081791136497,-0.35081805444897524,-0.23363209131833376,-0.07540919610458421,-0.36753950159514887,0.2275469276443469,-0.35804264483957776,1.492747205473124,-0.22154734066974213,0.0036486561375583463,-0.2656018221445666,0.49713092842430967,1.2933749895369495,0.07195160743000217
-0.01272845945408406,-1.7111216656352228,0.8330155014842864,0.016546477558139875,0.002513227129492926,-0.720204642639397,0.6935597814828013,-0.0419838185350193,-0.12157834587542282,-0.05513654392780071,0.3234838808383364,-0.2762714107890086,0.10906639045542396,-0.41876380606016433,-0.007478576035066144,0.03866661542912517,0.3141462607971056,-0.303044486615503,-0.20891407544992813,-0.10123169715680752,-0.42198602102229166,0.225218073262793,-0.35626566090067807,1.4791856441831135,-0.1973047150014052,0.014184911117885193,-0.26629407357766005,0.4889977941732552,1.2849101808164243,0.07275725453299133
-0.01447080230182924,-1.736482108126411,0.829061796496317,0.01700672289931084,0.0017848447656250272,-0.7179439577363094,0.6958908386056768,-0.004848701304653252,-0.12258237738445785,-0.05716486692197017,0.3206175462938395,-0.30310090093051284,0.118452811754025,-0.413398862589737,0.0015635181641493073,0.017368490462946008,0.18855452561244865,-0.33727814987566385,-0.19671333109997263,-0.1106801003179138,-0.4618300526350288,0.2201641479906732,-0.34294678463046113,1.4625636861021964,-0.17594352824021844,0.02365953183392576,-0.2662489334089845,0.48813791471608736,1.2876562729369019,0.07842739799970258
-0.01698661489537002,-1.7633149710262508,0.8241254392486029,0.01543194955368954,0.0005050877949428767,-0.7169700219021352,0.6969329863860246,0.03734783174017789,-0.1197046795108794,-0.0583967495002457,0.3204060235296611,-0.34101275846787926,0.128085959647568,-0.4138528064238815,0.010823377240291343,-0.023593408503444838,0.11144706694140212,-0.33305535079475523,-0.14563255785526596,-0.11398793094306156,-0.49198842969505674,0.21223334236894828,-0.3391105064955132,1.4504854251040031,-0.17450187129600084,0.033481802208968514,-0.26330985800918805,0.4808726649909063,1.2983925222325878,0.07746818944068627
-0.01932934287576341,-1.7903616622779295,0.8184893870337987,0.01508675372246912,-0.002385969863610223,-0.7175818759663276,0.6963066481763427,0.08337484419180179,-0.1224469757208692,-0.06283852245820522,0.3117941879269875,-0.3719985983041708,0.13203499996731063,-0.41727837537328016,0.018958480528160973,-0.057622511452857406,0.07689785876892087,-0.315798871143238,-0.11450136225737804,-0.11396855821142073,-0.5105826792801236,0.20041056169259916,-0.3270756001942707,1.441199277099534,-0.16537283091501287,0.03778177641295832,-0.25844091658074414,0.4707607710378878,1.318400972536829,0.07682052310443413
-0.02097938330527529,-1.8170168819496115,0.8128378834683149,0.016722221430258144,-0.0022171059491955768,-0.71575759531115,0.6981450540582856,0.12152942660463474,-0.1223838319813234,-0.06200699950528653,0.30443378453082504,-0.4100325821683594,0.15084872031207439,-0.4191205247906267,0.024589409214882327,-0.08021542334778602,0.07283098203882159,-0.29792469992752546,-0.11025288864685232,-0.11863831966289656,-0.5267852314318155,0.18640535027435773,-0.3224419505037443,1.4406049978255644,-0.1609695376050155,0.03992329283863887,-0.25170036822528974,0.4634693024349568,1.3349751057759431,0.07583111286219872
-0.02270971431537196,-1.8448056736075664,0.8101075346960807,0.0187491558575456,0.0006396980349711017,-0.7152884826824564,0.6985774448712768,0.15598740493865507,-0.12033072442387348,-0.07117068283340727,0.2869284158167071,-0.4249026887434569,0.1520080697971468,-0.42196515779025673,0.03483000631802748,-0.07806354040290926,0.100126330139757,-0.2471525808685467,-0.10800812851782808,-0.12562347900537643,-0.5284816370796817,0.18215061374609137,-0.34024313658826044,1.4398641645472912,-0.16806794639255485,0.04335182403878453,-0.2413556105953789,0.46556205232628534,1.3430161187652876,0.08242700465857734
-0.02355227900518793,-1.8731067269329789,0.8113704308532481,0.022240943085715566,-0.0015562868062401467,-0.7141855934170136,0.6996012125329841,0.22301926091778815,-0.12285603573458788,-0.07635391064883172,0.20722001019952224,-0.4231301685492532,0.133206869338802,-0.42521935455526993,0.036464124353650165,-0.05862482761067353,0.13159608939982986,-0.16262149322042,-0.14538477717522155,-0.13435208450462277,-0.5091926116671446,0.17172360651374016,-0.348740370439365,1.4523005552966195,-0.14328296703661866,0.05434337551510689,-0.23988046552172249,0.467869623768886,1.3483113367595447,0.08501117886857427
-0.02446849433233266,-1.9034355104840364,0.8142095716571252,0.024889627615947655,-0.005355216000530602,-0.7125937824516019,0.7011147761315868,0.2606273321348281,-0.13221888075927107,-0.0894767756307889,0.1889716182381697,-0.4490484075312269,0.15416178448208684,-0.42944342237146926,0.02743950688825828,-0.052380411932996335,0.1899496517497552,-0.07424712672132495,-0.14699140912437225,-0.13963372167809035,-0.4852695707685266,0.15294451710066978,-0.36989711487218047,1.4785569104384368,-0.14178261112791063,0.058882701244435245,-0.2400755633688849,0.4605523589919512,1.3570067892481883,0.07993014488946469
-0.025129078403841244,-1.935418257862226,0.815745029828832,0.022444915239582586,-0.008955309890919128,-0.712974036324068,0.7007738948708143,0.26552307644077766,-0.1398319178202736,-0.10365633629469843,0.24357819069081652,-0.477708004860676,0.1393166693751842,-0.42732504990764214,0.025759391022629016,-0.047840741790772,0.27431274891794766,-0.04359915368736068,-0.14759583559169323,-0.13568316164864333,-0.4554503763953056,0.1359695005549736,-0.38228489571459606,1.5145396193494736,-0.1347403457452227,0.06222773930025176,-0.2374520327953581,0.44941102874663935,1.3629625358264443,0.07592400626176754
-0.0261925427789835,-1.9660032224024373,0.8175539221793264,0.017367030920938754,-0.011733611926577323,-0.7140272268045676,0.6998041354335691,0.22987359579430408,-0.1458838870991586,-0.1129684702008505,0.3673350379238867,-0.48680853492847176,0.09430306107565468,-0.4181426319048919,0.033096383669438664,-0.03607671101397426,0.3605110541393084,-0.08615719062647202,-0.1510293632192672,-0.1250342542230156,-0.41935541874375615,0.12174207075938416,-0.41066935649394254,1.5528423028695288,-0.154522698984208,0.058589782929723264,-0.2336421680480661,0.44511552719419273,1.3690403214863989,0.07333993579735992
-0.027180523105999124,-1.994473521588314,0.8203082915345744,0.013150870008403905,-0.011518318167593494,-0.7137624425443027,0.7001696641370588,0.17477305384019157,-0.14207083937922504,-0.10610057473643128,0.4945200449797056,-0.3658743031107967,0.04581702526656572,-0.39282689652327446,0.036234608973011694,-0.0444908839759586,0.4023863867419019,-0.12954610588564447,-0.15069978273009355,-0.1156855264477799,-0.3735809582357272,0.1202252215461686,-0.4333475242642255,1.5734860751562463,-0.1453137336335994,0.046778400618591176,-0.23170688039094273,0.45413785454832334,1.366850986103828,0.0758502294916377
-0.02881180314828892,-2.02076236923287,0.8239741673873991,0.014488742123599112,-0.0029098924298078823,-0.7107459437024825,0.7032935463859945,0.08516569560468054,-0.11654755734768991,-0.07915162978475715,0.6183175644905112,-0.06301707672072515,-0.016457854508467172,-0.3738426027926943,0.04271614077814237,-0.053738188799066035,0.4114814637150125,-0.17271218707680971,-0.14804276457693616,-0.11010272526581807,-0.35406998166661013,0.12858061340496582,-0.4619811890495041,1.586513973476709,-0.1597145401300183,0.012076328090162252,-0.22733272246654607,0.4625979842411538,1.3529266651624812,0.08580098254888403
-0.029991485585284052,-2.043577004147232,0.8274955651208771,0.01572259344306276,-7.052110296111233e-06,-0.7020124818407175,0.7119910640910648,-0.008263869078083498,-0.0923925670320891,-0.06695785288005289,0.740587260302401,0.11687070537964328,-0.042450595891103816,-0.34333030103635565,0.034782335458476116,-0.06795914508073651,0.4042620539803029,-0.20285715625913223,-0.12774237200181895,-0.1124626983740157,-0.3232882997923414,0.13736811600900306,-0.49656987114085216,1.5844194396816926,-0.17139320167969446,-0.015508508440722593,-0.2287993110293272,0.46606044652194933,1.338718685113264,0.08873986314383776
-0.032491398730237805,-2.064170822130912,0.8305575781445376,0.010620294485082747,-0.0012599694343921708,-0.6943517673397498,0.7195562834234992,-0.08020977744340922,-0.08659995115964003,-0.10326924103977148,0.824064658006522,0.13740988860021128,-0.10263158152929716,-0.29910458184215144,0.03506376726049108,-0.0832435560469159,0.3925561013627978,-0.2163517477530996,-0.1066024997989216,-0.09586673808426031,-0.2708158551537584,0.15003676541062727,-0.5092544919580769,1.56343965701128,-0.15681915499116245,-0.01736486336478992,-0.22980358557467492,0.46745973279060427,1.3115336996432143,0.07770067846800435
-0.033474267993632845,-2.08385163737113,0.8336068316844177,0.009478872922679366,-0.008157439662618855,-0.6866684529445646,0.7268631527852981,-0.16251676718383049,-0.08459484299626198,-0.11549445567126967,0.888857050197218,0.09062690455040473,-0.06976961895001478,-0.24866985868109395,0.022384642187867242,-0.09560962249080433,0.3708825260687373,-0.22745871349962088,-0.09820239463735747,-0.07844287721055089,-0.21632790079628184,0.15661435532147175,-0.511668642928941,1.5159246153131667,-0.16574989890272276,-0.02243374587488029,-0.24574327794703807,0.46989871814468137,1.2977021674624192,0.07500288345796666
-0.034060105452017354,-2.1024471409747343,0.8362137905010895,0.01292932504760322,-0.007674624782069744,-0.6829200320942929,0.7303383890037526,-0.2701177559442652,-0.07784396995946857,-0.1091621211148282,0.939776534742808,0.012460518329176672,0.007289033247748266,-0.2182833793478596,0.018704097282388026,-0.10254833167612729,0.3507771988544156,-0.24225443857003007,-0.10423443578427384,-0.05316208113543449,-0.17950363718375578,0.17146759364263997,-0.5111389810967489,1.4822130260301056,-0.204176896587524,-0.04596524269726429,-0.2594558755557353,0.4919610322863646,1.2836920193087504,0.08280637644485182
-0.03444265015298216,-2.121221146365624,0.8386503630406756,0.01671677218077299,-0.006866097994105246,-0.6805734086821705,0.7324569896047971,-0.3565592496649596,-0.05307588748040883,-0.0808536827959822,0.9372655063036942,-0.021821949958364513,0.06886089787932417,-0.1904905003950224,0.017899634115902903,-0.10555165314506856,0.33106085074488306,-0.26021589796502054,-0.12556921388067854,-0.029252125929470255,-0.14292722415706963,0.19054674923769585,-0.5382268035989701,1.4338371341138267,-0.262661143575282,-0.08030746257289306,-0.2737044653796718,0.5036272378807308,1.2825192538495775,0.07993197095486992
-0.03315277280088632,-2.14080536177592,0.8401254598163426,0.020129293657788518,-0.004701138899828001,-0.6892219579518111,0.724255344134204,-0.4251487599675444,-0.014911472495504265,-0.02680664705762212,0.9110204279738269,-0.10852313985422989,0.13867520499579297,-0.16663040718408853,0.025292432305776175,-0.08634913363731776,0.3187598415186571,-0.28627254062778734,-0.1365973991829239,0.02088745699569043,-0.11724797891037166,0.2000199945759213,-0.5018330255913509,1.41660736608098,-0.2538420746204172,-0.11783464795282964,-0.28308144057163764,0.5185334339822972,1.2900822244668573,0.07242493270837617
-0.03151987854387175,-2.16149243337084,0.8405456615013382,0.023224794369071346,-0.006792519632303769,-0.6829902594278605,0.7300265585101832,-0.4671961718849585,-0.03000726663954068,-0.032555819111642924,0.8108551139799409,-0.11055353222653425,0.17093362050140243,-0.13596685368957911,0.011418848121271474,-0.1052600199072866,0.31372295426506813,-0.30942836357855,-0.13651368654178078,0.027312866027417303,-0.08094785112196208,0.200454096560797,-0.4303566174624711,1.3974685749640927,-0.17651389599379408,-0.14793794486083886,-0.29807175211337983,0.5349654171144811,1.29685179053412,0.06940102823071649
-0.02893232434396432,-2.1831962321694567,0.8395292639209033,0.02600226105571564,-0.004929524927068962,-0.6850816297477811,0.7279854001187847,-0.49616902699208143,-0.0475714113537949,-0.05274402844845527,0.6817697506961372,-0.08691704829804081,0.15889124606923735,-0.11071036022041884,0.012332736275110712,-0.0984118202226436,0.3088412901672465,-0.34580708525321124,-0.1564392485977867,0.05092344807218857,-0.0636911753421626,0.21355294707540112,-0.44135190029525495,1.3837049156435264,-0.1858892838853884,-0.18130277521857033,-0.30664071780586327,0.5554982512556506,1.2935916335615179,0.06556876465421563
-0.026168506216196,-2.2060482552318104,0.8371933252342818,0.02658869857066796,-0.006364316865661265,-0.689169245429207,0.7240844479297203,-0.5010252963198767,-0.08161170792830033,-0.1054790321768359,0.5231861863445334,-0.0684351005490848,0.13575331344789893,-0.0803118207130439,0.011947221462207204,-0.08924308292814473,0.31361763305569396,-0.3993214102833528,-0.17551210591179395,0.07861612231682982,-0.041340550774944855,0.21738962283821647,-0.438900968345498,1.3826941622725963,-0.1942870690564418,-0.20344222323859543,-0.31596332128485105,0.5789929268494497,1.288124430044274,0.07568494185496517
-0.02466264852830038,-2.2318674061902084,0.8335634364476979,0.02623879033679387,-0.006756225869121533,-0.6913634691254169,0.721998914717006,-0.4996960854499964,-0.1134248364280028,-0.17299783922316564,0.3681290719960282,-0.06360657032357928,0.1326222686611307,-0.041471953601883535,0.013894784623916802,-0.08828376496860467,0.30892588728591946,-0.4640148830482704,-0.19826319146936963,0.09771645343221239,-0.0229892921029282,0.2197307083877129,-0.4342872226069678,1.3894866289511751,-0.20848478355558608,-0.22435734654608025,-0.31940368803597,0.5954828629977323,1.2845612276527907,0.08158066031725894
-0.02258415960551411,-2.257840439577213,0.8288095093024824,0.02548955179605136,-0.00934325068094295,-0.6952182863784312,0.7182858210357392,-0.47885891625646737,-0.13050526788911557,-0.2194139970120217,0.2016316947747252,-0.030055466773568348,0.1094674543568076,-0.0021180889310420735,0.010801229200863382,-0.08077077710439327,0.3122816049182167,-0.5019471630717004,-0.1916427738062358,0.1170498581531778,-0.0017779008221955892,0.2183985864050152,-0.4247032753090781,1.3937832663465572,-0.22248772689210752,-0.23958237148922,-0.32314365580932347,0.606444098202334,1.2782011289207056,0.07369583029030173
-0.02180060412077836,-2.286146390541216,0.8221633241541438,0.020706966588118696,-0.01121487809655363,-0.6979001695107436,0.7158077964376136,-0.450817272137388,-0.12686976175490008,-0.2212513592953088,0.07504626256604861,-0.03097455099796577,0.06325048346993374,0.04382626083909199,0.017210248975830438,-0.07673467521244937,0.3185069599567837,-0.5463549690995856,-0.20551283889199856,0.1354646354803751,0.010313569167554588,0.21203681227944077,-0.41667607257162326,1.417018256062624,-0.24352836014414017,-0.24535611507558355,-0.31897652323503606,0.6092400633504159,1.2701667375372432,0.058344053872306394
-0.021129135820570896,-2.314766958073261,0.8148080174319741,0.01714786374420873,-0.011201281854500584,-0.7052474774200347,0.7086652789903725,-0.44275379276002647,-0.11826169875322252,-0.16226552968975497,0.03347591264545735,-0.03510285299700737,0.049231286311363726,0.09260305123138353,0.025469042805740336,-0.06203215620017372,0.3088052896051869,-0.5751556671399157,-0.21420931891889447,0.1628289227947242,0.019850759795722817,0.20861811225274107,-0.40456617767130343,1.4328540026044967,-0.25002129701310355,-0.25120662158211665,-0.3144467943516861,0.624832308095892,1.2596351693459524,0.06343487585652657
-0.019945112714724343,-2.343356064363447,0.8081580914348334,0.01342183824777214,-0.012248208191465484,-0.7094499084946532,0.7045215844749373,-0.41816009081307504,-0.11155492249476642,-0.08450142302208079,0.022762180921715672,-0.05049829470342701,0.020867327039537684,0.1337804971810128,0.026938038853628447,-0.05859746333031424,0.31855332639304446,-0.6046755329154875,-0.20123553914592776,0.17531132264261723,0.042310085769074246,0.19962243520389683,-0.4012268771364291,1.4243969314280218,-0.26498831525299804,-0.2539325170702512,-0.30441174810755306,0.6228334775347413,1.2675402061272611,0.05247943758407592
-0.01920434682423557,-2.3719657719760616,0.8043784577414466,0.009712293283317935,-0.011608076473259024,-0.7174629458927099,0.6964322258416268,-0.3969564569855135,-0.10404805799512867,-0.04712340771687407,0.03812843366670566,-0.02118826605893133,0.004376917875391297,0.17746908883877363,0.029890451736555333,-0.04077496732469805,0.3111467447966654,-0.6318624266011875,-0.1850704149121415,0.19454795064401145,0.07144562848237954,0.18079527804278703,-0.36914204474581913,1.4231928996179055,-0.25203196768448294,-0.24773436027834533,-0.2936906419235387,0.6348486196785573,1.2760172027586345,0.049346718806588266
-0.01915287275669029,-2.400006227745169,0.8083424830631423,0.006485478724941041,-0.010897786326851084,-0.7252094032906587,0.6884115761647892,-0.38642046977873856,-0.10260118830274025,-0.07088554159566628,0.046872014037485914,0.10480543506113824,0.006770473842610483,0.23884572712306787,0.03103895678871025,-0.015505698095754927,0.24790480902189588,-0.5870223275746851,-0.13661988928349073,0.2099248020300144,0.1096425211125378,0.15347202807612678,-0.307582729571216,1.4253309834775203,-0.2319939850903514,-0.228439542150101,-0.27700629473234034,0.6338241022014793,1.2966474631877047,0.030319206880123073
-0.019463092502519444,-2.430663349200242,0.8104639603244315,0.047226888131314405,0.008814891970321585,-0.7207394064827974,0.6915393167852482,-0.43152633144909885,-0.15813388648283633,-0.07046713463010629,0.031163157906482844,0.026585465109738977,0.008442330761885065,0.09213094548687913,-0.005518942800122387,-0.06978642110588787,0.1816568285811269,-0.5528512255217495,-0.10057659605727376,0.2708406567952228,0.2404638842020712,0.1779595724589327,-0.45421913097459826,1.3071448471821765,-0.2096763710336945,-0.09932032792252872,-0.2037355030862525,0.6137594948890027,1.3607836626455188,-0.017049284812054307
-0.02044746338272583,-2.4499497634405607,0.8065369671849711,0.045020993789182645,0.008676043731646571,-0.7255726936219203,0.6866164159511705,-0.4216403887547258,-0.15614569644169016,-0.044569110193145696,0.03808802110524041,0.012986517220544544,0.012150136348938436,0.12633492339102295,0.0007534185251266848,-0.056905854547438406,0.16916912502776002,-0.5867407879241732,-0.12166563978695846,0.26831273837157565,0.25148236611143265,0.1698345552764123,-0.44153207921691007,1.3077283872234668,-0.20809073403935507,-0.11049666253108616,-0.204429490837152,0.608742324736024,1.3589627824507362,-0.013805997730333076
-0.021744958000168353,-2.4703711098760808,0.8054646861172907,0.04173614691898977,0.0074024796479673265,-0.7299306495975568,0.6822056464978185,-0.4137029738861787,-0.1563137967297121,-0.03839224927646671,0.07091196798220148,0.02778621026919493,0.040924254601325774,0.1678535929651128,0.0033175176390669624,-0.06022089590586231,0.1477047250053428,-0.6152999146512163,-0.12464330578687896,0.2651966206725117,0.2593200842817121,0.16483323239377495,-0.4358301191070765,1.3085718674693352,-0.2106406511239308,-0.11248006775205138,-0.20416759173093968,0.6188949306245652,1.3654552663900152,0.026083637076858887
-0.023033258074132396,-2.4931166314635407,0.8072601397862834,0.03855150883479724,0.008492269569801538,-0.7365494322158103,0.675230772718988,-0.40364011240421455,-0.1449296848643291,-0.014791104993067064,0.10204985548541722,0.09340070161658913,0.03231696467081413,0.20451175827185925,0.005477604859322006,-0.04442768131408036,0.1260775083877078,-0.5901188872000374,-0.07784694840182171,0.2600806311782884,0.2576693100010409,0.16069736053445124,-0.41975172994257354,1.3171051579308073,-0.20956472473063745,-0.11823814612554329,-0.20371918569070707,0.6382336240829689,1.3650999646983988,0.05860703020881084
-0.02405683424908226,-2.5181961323227946,0.8094826256025235,0.036261360584761114,0.005225931737031062,-0.7419291327639481,0.669476635381816,-0.3817929733009716,-0.1449700943541933,0.005983448536870184,0.12292211366541148,0.13042976585696275,0.04955949201945078,0.22498838787624112,-0.006120640709436874,-0.030359069656343343,0.1483995962726785,-0.5541787520676352,0.0093460166624214,0.24614458714947424,0.2360977057628586,0.15406294716566904,-0.40138544477977234,1.3494165606963384,-0.21678979123196,-0.1184857724070588,-0.21028295739538097,0.6552323063692237,1.3628115776580019,0.08312303106344718
-0.02474050097262013,-2.5448389192003504,0.8124227228242626,0.028441663792343405,0.0003796933842520544,-0.7474043130200018,0.6637602884119804,-0.35337342773549885,-0.14982845059218095,-0.008028826208464165,0.16019465936092447,0.1766955205329614,0.049257898120573955,0.2356186090432031,-0.01043515424426814,0.009531583150833408,0.2050268390408528,-0.5020814751748057,0.07672680765205223,0.2369347165747692,0.21182525046357273,0.16115711529592594,-0.4090483981160119,1.3818645694234724,-0.23835089965342127,-0.1109171383327641,-0.2063340997531574,0.6393940734430036,1.3662420145338592,0.05430538892067602
-0.025559188076608917,-2.5709823786576953,0.8140433109689935,0.017978683328654724,-0.0072980462925374,-0.7503314516820349,0.6607769805939138,-0.30903528451938567,-0.15077032503772295,-0.004833609960728577,0.19037043549029775,0.17479326535178763,0.045418055430028574,0.2264974127080376,-0.015264701460408115,0.02727709002805698,0.309177288053238,-0.4969412051843716,0.13540293764031353,0.23098800400586897,0.17703739785253855,0.17077042503801876,-0.4269991383347634,1.422443539732792,-0.2624296527325891,-0.0851950263190398,-0.20791474009164249,0.6333575325770973,1.351799239069192,0.07410524180419105
-0.026110404316808278,-2.5944588552717187,0.8148024385392207,0.01534190034242238,-0.01373892357127724,-0.7538699467591697,0.6567008233939652,-0.27027649564021705,-0.15647031061115077,0.0036744838017017936,0.2041215173576396,0.13395828600752557,0.04678838722393249,0.1735471549999404,-0.02745563756384942,0.043808565595399536,0.46090180818792736,-0.48008834749386814,0.1712876304068247,0.21671613226002817,0.1292104977197004,0.17616317065307718,-0.43989762238557023,1.447401123134404,-0.28044829353788875,-0.07903389103285886,-0.22074035593348448,0.6361936492997134,1.3494844215486497,0.06055373436551949
-0.026699322943986525,-2.6154915789842725,0.8157205295755222,0.013504356212083152,-0.016945276486672992,-0.7604957078104938,0.6489813312953641,-0.23581046792201996,-0.15592668503794307,0.010647565897073103,0.2085404273365161,0.10884321672675273,0.030997991441878044,0.1003214910293672,-0.047432262820949776,0.047157766133179686,0.6134912158280664,-0.38206162910951946,0.21364488008520396,0.2111015453400948,0.062163845929698695,0.1830793564148704,-0.4526064865863349,1.4786072700405084,-0.2880349333462278,-0.07391094553874167,-0.23295243878007396,0.6415952211043953,1.338893272415516,0.05670625676016288
-0.027043491330483685,-2.6355764042400875,0.8171162555632179,0.012716924976864904,-0.01845511338079399,-0.7664059964343826,0.6419653707472517,-0.19836412627871103,-0.1560278702710313,0.01909941195829167,0.19810049771484275,0.08332765496295254,0.022377261627162057,0.026120136441242968,-0.06473098518803154,0.05967309656892604,0.7313678515759433,-0.1859187665405416,0.23075279322236805,0.19934915141815057,-0.0063084195579266806,0.19131492983025755,-0.45585396844029086,1.4943089150668876,-0.277181358838321,-0.07871746751696218,-0.2433905359864604,0.6359989359030842,1.3337901044854463,0.04323093534278832
-0.028144538800795323,-2.6518867640245025,0.8169801473553937,0.01283982545028914,-0.017588126565110798,-0.7716387897340041,0.6356881113125973,-0.17898685016123697,-0.1532621089441769,0.03141465684875764,0.20578788035124224,0.04854370652038749,0.030256216905067808,-0.05809240787702444,-0.06920395043347355,0.07877877251841174,0.8412650047780738,-0.12144059220280232,0.1411188042700741,0.18715374622479491,-0.08241572677686958,0.19862829950296104,-0.4691501715134265,1.5107158572626211,-0.23080161111174216,-0.08107649606622398,-0.25789018029116534,0.6308689779874275,1.3250669239038997,0.031228180244316388
-0.029800987625463314,-2.6664253284383066,0.8159340686323996,0.012497990707105859,-0.015537154507963856,-0.7740956131136869,0.6327545960451225,-0.17253770671091848,-0.14966467967826613,0.040071180584936375,0.23241484447511568,0.0022751118468232663,0.041580005267856456,-0.13999377677145014,-0.06553400983799071,0.09979095264173263,0.9348346414955225,-0.24990730622269625,0.06251984142855638,0.16828519817413062,-0.16817932499649568,0.2031163838677732,-0.47722131015558855,1.541511383142092,-0.1969340884846049,-0.08002956105299025,-0.2705357015969862,0.6212910696451248,1.3207341208427217,0.028763541758576303
-0.03250086201159341,-2.6815855792645378,0.8157020960892345,0.012716364147326803,-0.010353557104195202,-0.7746276130145912,0.6322049976815113,-0.1674244255009257,-0.14150390409067765,0.041311211454611245,0.25313584381783305,-0.02573749359810177,0.032014358586434526,-0.2143101556544381,-0.07049449038819385,0.09592406407697322,0.9715551180385552,-0.3632237815858848,-0.02297637361941016,0.1425625241646926,-0.23848651435570553,0.21571318933859843,-0.4968636794725389,1.5329315997933584,-0.2252615644278431,-0.08719347340302028,-0.281703676254504,0.6046851846931646,1.3160498948022208,0.034809450094947285
-0.03617517519449726,-2.698098479253473,0.8172808279871588,0.010898663484145463,-0.00716176688034507,-0.7735117352271422,0.6336477915177379,-0.14679609167491003,-0.13543703026612788,0.03340749554131141,0.2533998297462003,-0.03677568274975392,0.016164869296365195,-0.26927990450896416,-0.08072825454411853,0.08136737788089918,0.9521463172720208,-0.42143755353182183,-0.08310424714114782,0.111037251430612,-0.2966312777942216,0.23189458207066624,-0.5078753201364106,1.505726721253324,-0.23770456431935835,-0.09064287876689296,-0.287672615415916,0.5867314633767229,1.3155048067912187,0.014336909204212808
-0.03982891528592829,-2.7146686113273515,0.8186621973967668,0.009934226257451625,-0.0050308111029471496,-0.769446355560493,0.6386143656409462,-0.12437327453695247,-0.13428077499104077,0.020272311393267003,0.2519892525242943,-0.06813971291900592,0.039779950513597805,-0.3124218794018434,-0.08415779408383829,0.07188519526160068,0.8934031525505712,-0.449649501787911,-0.1644276612559049,0.07499417266389702,-0.3584717861246229,0.2370593950853181,-0.5059382867014889,1.4890490863136907,-0.2235970455787048,-0.08496537607233658,-0.29550871414286184,0.576532168050491,1.3180546156319997,0.027171565191886463
-0.04426949148388649,-2.7314516453930535,0.8198870585759326,0.009397300767123591,-0.0012737306050700503,-0.762760234564677,0.6466118564606418,-0.1045980696810364,-0.13000866612692638,0.008321574340310878,0.24983213315602448,-0.09701923610113573,0.05123978730477717,-0.34797428827478694,-0.07399934898330335,0.0732370837191982,0.8083928834931331,-0.4546989587855964,-0.20873522122432897,0.03858996278425563,-0.4193381664723295,0.2394847073277568,-0.5167338820755497,1.4716890904847346,-0.2128352497713777,-0.06993263502934643,-0.30069663177552297,0.5772546364404129,1.30703406473525,0.0927545180538288
-0.04920374347736549,-2.748993152545211,0.8211557028743145,0.009398451437525398,0.0032672980654363387,-0.7557114439644464,0.6548291436207617,-0.08665036922243721,-0.12610857485595195,-0.012079378709041187,0.24764182194599443,-0.13545321246729247,0.07347212822625444,-0.37790562389705434,-0.05808343077416861,0.07468745183535046,0.7044840612988752,-0.4146189041513616,-0.20193980781341317,0.008151784539020265,-0.48339980540179006,0.24148630817420047,-0.5267632627008232,1.4529093566441178,-0.16684697605823587,-0.05845350579158704,-0.3015143159947564,0.5569684076367446,1.3064001173913236,0.08668345674004697
-0.05367961581706869,-2.7680651859665897,0.8208095941325031,0.008729794434798748,0.00692492411551375,-0.747672077456999,0.6639746235408825,-0.06979337096675643,-0.1215414295470093,-0.033865486726070614,0.25542069935546186,-0.16246073412494777,0.07972001518461148,-0.39684072542487087,-0.030260849097460282,0.0822047196209024,0.5830056930371222,-0.4301314301845916,-0.2600396149068618,-0.01758465371461692,-0.5398408227465279,0.23422175966470987,-0.5497911092510883,1.4296174558450876,-0.15688533922161027,-0.03678717605355948,-0.3045782481411896,0.5364584226722885,1.2968627407781308,0.0897702084344283
-0.05830425342704893,-2.7880782971316513,0.8207106449710556,0.009355314626809975,0.010498330246024772,-0.7406452287627268,0.6717491408712688,-0.0482575931909781,-0.11888250238197146,-0.05898441307788404,0.24880108376920204,-0.1737245687425258,0.08040657426671469,-0.4150439484699072,-0.006612676248189947,0.08846926487772815,0.46442576892938664,-0.3632199469902789,-0.228850649643728,-0.03743317258717952,-0.5862874546826209,0.22423323053347388,-0.573650131209908,1.4039243523012537,-0.16111922509065393,-0.01508593104631926,-0.29997509145384765,0.5131402514659495,1.295541852935905,0.08251659919367979
-0.060796063884433524,-2.8093574553115,0.8201454740734284,0.011524375362297177,0.0108161471306185,-0.7331832943834714,0.6798473774096354,-0.016491469044336883,-0.12276176537744536,-0.07354861572613254,0.23185320003596263,-0.19288451797838788,0.09860941895200846,-0.42003537035543975,0.010080687668358295,0.10164535543383175,0.3370798337090051,-0.3211009190381719,-0.19998218369691104,-0.05855723029854271,-0.6204379104769824,0.21184607305597808,-0.5861869525308596,1.3764946878877724,-0.14091999240931893,0.005781950569719504,-0.29475642405648966,0.4994105589561244,1.304409206114115,0.07796318986375769
-0.06411224928431263,-2.8321493555996264,0.8175454249282689,0.011091421384812951,0.013582181087608692,-0.7328903710546377,0.680120731005874,0.01015052592005106,-0.11514226072988196,-0.06989721746119042,0.23889351862020264,-0.24081755189597737,0.1117783107200251,-0.4146761443226795,0.03135118402329697,0.07945975997466674,0.20809994740478985,-0.3081206307097926,-0.14373393409955504,-0.05853457804893076,-0.6361499776301204,0.19637019661348332,-0.5759122822301632,1.3494954730176572,-0.12369694552599587,0.02122969315670177,-0.2822698119679146,0.4914105218069993,1.3142311745322492,0.08052776732414
-0.06737634083248652,-2.8569685069137805,0.8125352696877588,0.00967029930832252,0.01174924829366208,-0.7309188627287062,0.6822946992196238,0.04617869594085305,-0.11428117861672984,-0.06990894941017621,0.24728452833990724,-0.28193600377794475,0.12433241914358736,-0.4059828175535138,0.04236185381429853,0.038276307986963,0.11381980620309892,-0.3037187275449804,-0.1021919454582367,-0.06471709501024028,-0.6352784535135838,0.17720013680345892,-0.5524160469598145,1.3256172105153732,-0.10263066074127834,0.03546641744900282,-0.270273844047184,0.48159150410038465,1.332639049156643,0.07342009122619733
-0.07072046475779524,-2.8822245452674173,0.8069334551165084,0.009248103868710927,0.014817773908394175,-0.7285390759401806,0.6847815133160806,0.07651316870844083,-0.1061814642040362,-0.07423179044490236,0.24985988017219424,-0.3129832495362294,0.12452245817287816,-0.42535763901411183,0.05789539631480092,-0.010610223948334545,0.09492451180998433,-0.31953098462934304,-0.08546699930397414,-0.07609067352247502,-0.6270749254243041,0.16906086970299594,-0.5231442575471035,1.3020030835282943,-0.0763846225196752,0.041481016238908784,-0.25406003629295226,0.48578601258373794,1.3494034642950494,0.08675526755820101
-0.07390026030856552,-2.908082910270701,0.8014642875116651,0.009477377130227956,0.013649954414365593,-0.7267784269004662,0.6866709373923593,0.11457155842917983,-0.1071313898283055,-0.0835156806314863,0.2448183143334478,-0.3411526168250568,0.1353744433394962,-0.4247705636792539,0.0642537238310507,-0.04077266544790059,0.08594523933414501,-0.30192933513750414,-0.07325190869821913,-0.07771458682002999,-0.6213736435301243,0.15018589063498064,-0.5291297006719168,1.3187650842903769,-0.07364329031260923,0.06169218750286837,-0.23910248038608137,0.4655005882247757,1.3503657191425475,0.07414102665980729
-0.07664863388209915,-2.9353216345914603,0.797026659342578,0.00788033432229984,0.01450648711125045,-0.7227617433569037,0.6909000828646281,0.1668647284164068,-0.09699704478641269,-0.08830964978159003,0.21288238692792924,-0.3607418143404955,0.11937066112455416,-0.4172515747069087,0.07126514660809012,-0.06958647283665871,0.099367286837214,-0.28057937585572207,-0.09080969608569495,-0.08677878490419262,-0.5937471590121411,0.13570186649066035,-0.5385448969380684,1.3428163029876248,-0.06098402045419996,0.08142335910733206,-0.21584748282921865,0.44827222923968846,1.3504652745188594,0.054380353645004605
-0.07899439845694477,-2.962940164748113,0.7975163133544676,0.008841166481003193,0.014085385808907195,-0.7168740903549596,0.6970042856823905,0.22266989152773767,-0.09116639548996008,-0.10196473894034376,0.15723321268226131,-0.3489269836046,0.09953254310509128,-0.40790395373476906,0.07050822260883328,-0.07001907670239467,0.10966377012425287,-0.1885376670026173,-0.1235587169246364,-0.0991608476500872,-0.5557691847973468,0.12593543050305078,-0.5483005875600513,1.3791337633850635,-0.0720214761059467,0.10056147499361583,-0.2021628039587605,0.45039119648586823,1.3537587687347803,0.07722061837074173
-0.08106496070649877,-2.9929210492371534,0.800123012474313,0.00904622961196188,0.01200887771090816,-0.7140413280669692,0.6999420936036722,0.27664587928400614,-0.08973872490291376,-0.11981487325160287,0.11080904328948848,-0.3662586769441882,0.09683663935284352,-0.3978351144682055,0.0702704823045228,-0.07209420979240452,0.13262617553756295,-0.1392126389380541,-0.13914433893096817,-0.10073673664554449,-0.5139547747346743,0.11380131165957764,-0.5481321188431225,1.4464356614561606,-0.08956895775219224,0.11987532186015493,-0.19479494031047345,0.44643806766223776,1.3461827161194344,0.08187817012599621
-0.08351179248297967,-3.0254282210488945,0.8013252269426908,0.006449224401995182,0.006467213430008934,-0.7114166996484451,0.7027110801149918,0.30247462774431544,-0.09149418658615113,-0.12964492781655607,0.14091794677355976,-0.4087722366569052,0.07895051171116067,-0.38255231683032515,0.06965700900711691,-0.05628373491245893,0.19375720579882497,-0.08061651591046037,-0.15648662127118412,-0.1037339197111044,-0.46084543177887033,0.10014101378130144,-0.5338750662349473,1.526784633114908,-0.09182328343744808,0.12766310635799052,-0.19567257574871205,0.4364140585788292,1.3498686359655176,0.07429721714573664
-0.08427974694177161,-3.056654790573896,0.804035843693123,0.003586711965538179,0.0007748722293554794,-0.7100906869432605,0.7041006685032717,0.28455170779940264,-0.10653005937606153,-0.1550149169358757,0.2366943622847223,-0.4425667607498517,0.06442134576400593,-0.367149260913082,0.06774171839228008,-0.0443560515690152,0.2617080757648389,-0.0699652752731611,-0.15671659738625662,-0.10096685451000052,-0.39469630894216806,0.09246294777644253,-0.5317937577887637,1.5920194324848276,-0.13335964042261053,0.1234988626616692,-0.20506536146345983,0.43434864528292144,1.3579006831261835,0.07480056863213731
-0.08639347532991846,-3.086131999939379,0.8065436818248953,0.0021241515130151598,0.004115191310074236,-0.7112134138040792,0.7029609044648074,0.22084868131906576,-0.105401786709749,-0.14229557817119237,0.38180822140218695,-0.3953724068504096,0.011321022626637334,-0.3560138014656555,0.08028496343620321,-0.039477092871821,0.3169821465126524,-0.1260297187312054,-0.1660934267919522,-0.10178694144771255,-0.32431914800937217,0.11074356421157339,-0.4972999966595037,1.6201845020223753,-0.14174414789616072,0.09392182078464778,-0.21131083622268648,0.44919120839079385,1.356785765121091,0.08537401089582089
-0.08802150484902727,-3.1132274740242787,0.8089413115656309,-0.00016539453777783888,0.0023898517601977287,-0.7082011864263592,0.7060066152646939,0.14860170351227875,-0.11292556697332512,-0.1380590947883475,0.5363833371296856,-0.22106664894306327,-0.003495292958061748,-0.3233356619688283,0.07909243772347013,-0.04275253487009242,0.33788565350513905,-0.16970437297600563,-0.16105910990412167,-0.10233564629532275,-0.244257801271127,0.12522588125481676,-0.4659113298712538,1.6173019575874836,-0.13626716415980683,0.060701255235634445,-0.2220777480590294,0.4416208086161896,1.3652697693745508,0.06955891437058424
-0.08804401174358237,-3.137717464288464,0.8130385137206865,-0.0001405720465079436,0.00438670170745513,-0.7007804454898628,0.7133635148412486,0.06415951445692973,-0.09755496681284392,-0.11424954573837978,0.6655654970371522,0.032944311778209515,-0.019162348778663994,-0.2864765876277232,0.07127113332158533,-0.056422254206720354,0.32741602515232854,-0.19177392158237724,-0.13578076251285062,-0.11089876231910224,-0.18265742771949564,0.1480586804264646,-0.48404690258386335,1.620855760680873,-0.16844098305591837,0.03043157066238713,-0.22969175388811888,0.42859438894590407,1.3506506641819445,0.07308675126175043
-0.08859538209047407,-3.159641892876854,0.8163339053563254,0.0016128443688060035,0.007898266587170761,-0.6917271624723462,0.7221139444823909,-0.024652419671638694,-0.07291815701293859,-0.09782618309346505,0.7756501065370035,0.15453756544353667,-0.07679355557302567,-0.2538983899077949,0.06521751556017838,-0.07228535042047043,0.3090004232555174,-0.2142716350471324,-0.12329913770343968,-0.10885857966767984,-0.131551555830225,0.17659858606603707,-0.4928652784052325,1.6236928573480147,-0.18670913429234323,0.004944070284704751,-0.23967642682719453,0.4226865216301408,1.3186278481794567,0.07375508267103446
-0.09062518163120231,-3.1778560312616606,0.8189547773789313,-4.2096818109768445e-05,0.005408372135112657,-0.6843010461450281,0.7291795567509604,-0.10960934701253028,-0.04854144447260849,-0.0872455682668008,0.870820676992572,0.0862904418241405,-0.061905444370141775,-0.2141494091623472,0.06226673044909031,-0.08546300180304775,0.2919912806563036,-0.2236988051799411,-0.11399543754419324,-0.08589428874845091,-0.08535901862668666,0.20129734333772548,-0.4860938088638096,1.6103051371774273,-0.18585709863746477,0.00034465450567689945,-0.2560017293190617,0.4290047078599367,1.2857542059277232,0.08754348274388665
-0.0907705635506742,-3.1963035575542245,0.8212128639686859,0.005216418589024865,0.003859382730054127,-0.6828619425931215,0.7305186250192368,-0.21361484285083177,-0.03254122245516147,-0.054481349928469314,0.9453525394915697,-0.05139211247821623,0.02017025280150912,-0.18340227017039137,0.052712015050626046,-0.08486400217002668,0.27205350899056246,-0.22339469667826367,-0.09364691709564675,-0.054750632295598414,-0.05521661653199834,0.22483832067212112,-0.47997224041325254,1.5833614139089445,-0.20334378110084583,-0.02669067381608745,-0.27901562383750145,0.4437826814726256,1.2724362770065503,0.05310824155705651
-0.08979043925836458,-3.214834104729689,0.8228780192328227,0.009380652831131212,0.003540847615847327,-0.6827693841580943,0.7305651468602926,-0.3084823440444652,-0.02145744069054749,-0.031908412229802424,0.9777627594342818,-0.18461723609067077,0.1107194946770072,-0.1546755984766995,0.04902850215045614,-0.08278876886624506,0.25379313075837967,-0.23920164834546184,-0.1020136151710692,-0.019699845658940892,-0.03864498342033015,0.24676595208908983,-0.4637918546899344,1.5472897441566793,-0.2076225442623512,-0.061163929775522714,-0.2966180062173819,0.4722456021395128,1.2742302519719466,0.06191353001370145
-0.08848291652227462,-3.2339605919761443,0.8252905674584922,0.011915965215733704,0.0001341041995700828,-0.6745393680069377,0.7381426913529955,-0.35553504156220145,0.011107710459222436,0.009337801730625405,0.924608974609464,-0.16474308875538235,0.111188044528674,-0.1239580767124227,0.033142996607234944,-0.1086080937127176,0.24745935014493492,-0.2742267823395253,-0.10782316221023493,-0.008258653649744513,-0.011912202587616223,0.260876441998776,-0.46054224135519806,1.4922323141749505,-0.2132127605371152,-0.08677719586860284,-0.3149961012105306,0.5046604231190044,1.276140401037818,0.08407765650076655
-0.08523326852908868,-3.2536615653019707,0.8266430458788956,0.01548808732432432,0.0007631125011480628,-0.6754051619439582,0.7372838015512083,-0.4065191280044145,0.005295523057185738,0.020262016563323503,0.8363426579505648,-0.15079343600611056,0.14137193737432716,-0.10091033440531608,0.025640650162094002,-0.1048538899151238,0.2447441666061152,-0.28210036691509716,-0.09124177404409331,0.020534844593592463,0.0056235479476831815,0.27342226936314207,-0.4617692706965311,1.4333182718163002,-0.21723783917606665,-0.11972826735412606,-0.3278347307482249,0.5276826470791373,1.2807799456478712,0.09066966963221942
-0.0811136876606898,-3.2737400845362523,0.8261851348003838,0.022650514124504376,0.0022820952469880256,-0.6756669269472032,0.736855447208544,-0.45783832155494153,-0.023635966039759135,0.0135893150267882,0.7305420526590389,-0.1799197434586035,0.1787116717324373,-0.07652300943546289,0.017351985999320137,-0.10620143810565334,0.2255982827951893,-0.3269584629783934,-0.1132478144890691,0.03771994731505843,0.003514599012722453,0.2737021106644798,-0.443582557956637,1.3916483030482023,-0.2167859797133848,-0.1631785519438547,-0.3429944470876981,0.5535450896449732,1.2855239603914594,0.06570737176822786
-0.0766628245317883,-3.295674620644614,0.8233750897558715,0.02693670083385673,0.0009573193343629591,-0.6860355074191016,0.7270686214162297,-0.4785147611693148,-0.06343428251042037,-0.026356811527882735,0.5851621883902728,-0.17477585852668323,0.16880514396352264,-0.05513491170227451,0.011188228701391424,-0.08366092299934494,0.23400801308689312,-0.366576579568425,-0.1254166837182016,0.07824811721682459,0.005246668485953807,0.26436989486960494,-0.38095527351952174,1.3564139655593328,-0.19639779620079015,-0.202026600174098,-0.3541097243561698,0.5823623541402084,1.2854625535508448,0.05876420485670314
-0.07273190595568892,-3.3187395139225333,0.8192191151695791,0.029231054915675157,0.0016176946947925519,-0.6944780191490212,0.7189180825457396,-0.4760910995933704,-0.09030953543243922,-0.0758069432925868,0.40303137724277965,-0.09885502352395098,0.12752631693102737,-0.03464707764836287,0.012857579148912796,-0.06320074737276558,0.24841481546179817,-0.43448220523844977,-0.16512504845015005,0.10761091778839636,0.009392966887285074,0.25187021760845274,-0.3035847492709544,1.343965794740544,-0.1972043214627618,-0.2397596613309552,-0.3629131167503478,0.6213784176706184,1.2777825908008729,0.07094132590627478
-0.06959995777017182,-3.343110075533313,0.8142841046724436,0.030532513703187405,0.001178236901416826,-0.7008847287546233,0.7126197964997372,-0.4528179136033541,-0.09973994616453745,-0.09168453768846355,0.21761869724782304,-0.06053732575760316,0.09134346788413661,-0.015480291954489411,0.011119082507612508,-0.0486361053565102,0.27624219577168047,-0.4876146416066864,-0.18846696272251673,0.12491521078967605,0.009276607878243926,0.23621832502260287,-0.23489837966647553,1.3674503937432962,-0.2303625798745839,-0.27561397560682,-0.3645379163048241,0.6450106888780576,1.2733995689239432,0.07154697494005796
-0.06702961122518021,-3.3698947755962596,0.8073205385206431,0.029414754018295408,-0.0008985019976155313,-0.7051137551195007,0.7084832794649991,-0.4263044813315888,-0.10075854697133524,-0.06738723250498263,0.08190286306311872,-0.06488898981608443,0.07345868862539237,0.011200709657395828,0.008572019462266423,-0.0449076743183348,0.3078705949116888,-0.5481237029010412,-0.21071521471940616,0.13461377914240935,0.015591098639633915,0.21896479114876005,-0.16252524122633413,1.3529548079673652,-0.24669840144718488,-0.2987735969145848,-0.36065017081593154,0.656390848766347,1.266340840967183,0.0754515362670643
-0.064766482054764,-3.397147528923889,0.7997301491226105,0.02687665988083846,-0.0018447082519029703,-0.7066642739018443,0.7070359582057294,-0.4235052487479892,-0.10669384435884471,-0.04263146471257658,0.03164097588972789,-0.05499689576656221,0.05863664341989973,0.04099389516167934,0.008146561188357656,-0.045827017941444365,0.33662614524827794,-0.6021860970965468,-0.23111173769528212,0.13690010775162267,0.0116505984189406,0.20976922306223128,-0.14237716631075514,1.361098073581558,-0.24646729853745933,-0.31188309172539774,-0.3497267484541316,0.648229389373598,1.2618501110786244,0.07442218474251841
-0.06268275253809878,-3.4246041005555714,0.7943885542450244,0.02475649225728936,-0.0019676425905727404,-0.7090808513416039,0.7046897123801484,-0.41291328953349,-0.11032299755847733,-0.023400671746622616,0.005160172483457502,-0.04560714134894576,0.05560436322684685,0.08230243419490221,0.009782106013635496,-0.04531720598377512,0.33451742749995206,-0.6465362608368441,-0.24698157952908445,0.1404441274611643,0.014837772045944959,0.19636410163360485,-0.14573337402298386,1.3664285976174204,-0.22220039788048312,-0.3130621822817739,-0.33866265963780817,0.6505950669062488,1.2562053694887183,0.0800055098607038
-0.06205332428096333,-3.45296313526129,0.7915324219218982,0.021371505879927463,-0.0008321841825675138,-0.7128972408566078,0.7009422873425073,-0.4052283647959371,-0.10759551268544527,-0.024220289679783912,0.020985273896225204,0.006441308935670725,0.03450618437754883,0.130410163865746,0.015643903592263073,-0.0370969875093438,0.31503124264604326,-0.6535653919814971,-0.22946280076964143,0.15074374035210938,0.01815077342199892,0.18862794026630983,-0.15484943391967912,1.3820436004217103,-0.22666043055947185,-0.3018748061303589,-0.3258529926641324,0.6566203968377106,1.252681094081317,0.07668368831907482
-0.0612939858286246,-3.4814096992053223,0.7933989096302464,0.01902220614321256,-0.00048767072009983073,-0.7174938491647477,0.6963048859956882,-0.3955206181392869,-0.1057030464729167,-0.032977083578709765,0.037615431076642655,0.10884403501581412,0.016563362120964854,0.18912420962804904,0.01949122364925844,-0.02344148393969006,0.261657040284878,-0.6496050007110747,-0.21785755711303628,0.1609364978696571,0.03788566232003546,0.1764846567288551,-0.16066427815033296,1.3953928303139667,-0.228647532338146,-0.27627046635915875,-0.3151897259081777,0.6582693622849749,1.2550252431447064,0.07036357443283127
-0.05995658221319484,-3.512922729778559,0.7958717788540213,0.01526889864094239,7.281031107672794e-05,-0.7216571407139202,0.6920822398310481,-0.3821772766032965,-0.10165815917815708,-0.02419022119653696,0.06908196613321135,0.1787572269866556,-0.013742468109543387,0.24325425064779824,0.023410609134079267,-0.005620468758235202,0.22066049667917956,-0.6448464281726367,-0.19144533268544928,0.1680852959910291,0.0521665239246656,0.17208310688110615,-0.17126672351906674,1.419642427152782,-0.2559316430479981,-0.2503491297024175,-0.2944075998232385,0.6547247507857931,1.2728868512086209,0.05715847452905944
-0.05937575833907186,-3.546416287115412,0.7971529032567081,0.010260504598481369,-0.00431186160121653,-0.723831212397631,0.689887313880964,-0.36144258002446794,-0.1079163134111358,-0.03614106690062201,0.12411226632251075,0.21458558616568396,-0.027131812498313687,0.27307532488122743,0.01879465226998025,0.004893672871880285,0.2485090778772352,-0.6479835825212319,-0.13646286757235263,0.17131904145517804,0.06148504989998833,0.16626260868061576,-0.16856074471683327,1.4504142129227633,-0.2638419059444545,-0.2142792974310124,-0.27261984500016473,0.644504216065362,1.2918728958262196,0.05663535864950778
-0.058823550996585906,-3.578409530843337,0.7989349907352908,0.0048856208818972,-0.008143906469459283,-0.7242968866436049,0.6894228219999652,-0.335143860477065,-0.11354691912117172,-0.04788934741158721,0.1740666374874704,0.2392329030317016,-0.06232800558762144,0.2679913079818495,0.018618927638663078,0.022652624569511736,0.3319874999448488,-0.6230445895026764,-0.09346292277348812,0.16482229064505383,0.06905513444074002,0.1649141664021903,-0.16469879846091887,1.4781628113792824,-0.27699384213016126,-0.17555975992698375,-0.2520787126286395,0.6273822535076988,1.3143984259725396,0.06350725771780173
-0.05764138797556509,-3.6082096607130354,0.8011150477116724,0.0016399349406222927,-0.015255341519647175,-0.7263868730820997,0.6871147617265396,-0.2942386195613641,-0.12437451481160498,-0.055052768399046575,0.19885936916688568,0.2060089955370652,-0.07887095489429503,0.23314746323819852,0.010346240469696608,0.04748894446953328,0.46391816049305207,-0.5526169386809693,-0.04173040331055629,0.15778756827679982,0.08223448038306781,0.16104885362106836,-0.16445206653105962,1.488538904505114,-0.2859134716744199,-0.13365873815252746,-0.23985981226023056,0.6216057190815154,1.3341510577683109,0.03479240489426793
-0.056944397693634415,-3.63552961801177,0.8043993692296799,0.0007932738765717404,-0.01876902836914529,-0.7304600128218324,0.6826970513770829,-0.2503664032094252,-0.1271931347908624,-0.05053398001488508,0.19940478122273167,0.1694865302527266,-0.08902831549808404,0.17675932748392637,0.0009165410478820411,0.06311644769146893,0.5957547813897718,-0.38453397181818016,-0.02262663056296779,0.15427669985451223,0.07275395422655762,0.1590090314848608,-0.16778924049880214,1.5072886908899659,-0.28168935281124174,-0.10250177731075152,-0.2360546864767687,0.6283315601132684,1.3411107633653212,0.039034007601210646
-0.057001248842412346,-3.6607552502896827,0.8079748214066508,0.000894895364206087,-0.02032840730181872,-0.7370497084733043,0.6755321474647044,-0.20817290250465745,-0.1259180671559638,-0.0418240267648454,0.19139722236828727,0.12989266878675892,-0.08696047087771636,0.10703532457572708,-0.02005330239755324,0.06025984649004918,0.7066815116684516,-0.1626616554462132,-0.022319711440182646,0.1496147439487233,0.05430876394909492,0.16101138362115602,-0.18873360288216984,1.5212545885344648,-0.2987171546223812,-0.07778214595741163,-0.23336222776881207,0.6304559058668292,1.3430491124198782,0.03288598464110726
-0.05712125938386764,-3.6817607671928316,0.8094496471481574,0.0044438230694820655,-0.020705653004714136,-0.7436965034533942,0.6681818907463526,-0.18459827637748372,-0.12974981060051297,-0.029352530060357887,0.1943062525551662,0.1046643079016087,-0.07360784257427166,0.01571664810303002,-0.03039966772457651,0.08232611494322113,0.8236212918737733,-0.09578617067981007,-0.0002524614249261121,0.1377681720211247,0.03140395724876793,0.15939609962329956,-0.20073886325394535,1.5325057410605663,-0.2936602751215053,-0.05735229111060053,-0.23782969319998548,0.6265449693037489,1.3314442340421755,0.03485690854735609
-0.058075245978864605,-3.701042343116412,0.8100779627241248,0.008154214504447742,-0.019836992382721387,-0.7481867458653028,0.6631414598941248,-0.1722001680741286,-0.1329023597150446,-0.014576719119535123,0.2118074872442509,0.064312787550788,-0.041104906293594035,-0.0764236390825479,-0.020836412594502626,0.1162822925744528,0.9229612201645667,-0.18946972166423467,-0.029738670033046546,0.11701930188138016,0.013351255834624322,0.15813788281220442,-0.2091145200010632,1.5223173963853616,-0.2792239777010235,-0.037949855077513674,-0.24698504303682767,0.623176051137414,1.3150027429648978,0.053807931164351695
-0.05974356361317961,-3.721713943244567,0.8111379447074971,0.008709438348088324,-0.017742475064382594,-0.7496859712116979,0.6614985221681322,-0.16070454497628067,-0.13291107331189944,-0.005695746983948261,0.2403142801208828,0.0032969665092788814,0.010024934291693363,-0.1535404769579543,-0.020526452653513657,0.11968993937697404,0.9684196086888521,-0.30149665942429804,-0.07170064991366949,0.08714061112279045,-0.03314286168224898,0.17108772223977708,-0.28887301853104635,1.5384914416991589,-0.31653146140628413,-0.0423024693555754,-0.25959755908005944,0.6098985009332145,1.3247313684348259,0.049992401052088846
-0.06206816942067653,-3.7405748466656927,0.8119458314062036,0.009131606453430537,-0.014191586966180343,-0.7500576735253521,0.6611570910220173,-0.15175820901312403,-0.1272213211131512,0.0032552283092089087,0.269246508176529,-0.049998864170335305,0.031457944001293474,-0.22962342609420977,-0.034656318253369,0.09429637921413717,0.9739333415677928,-0.39395605743497,-0.12563641605583872,0.06773097933686227,-0.09014781781049154,0.17874064969477632,-0.314191948251151,1.543063540394971,-0.2999931509062387,-0.02894356821447737,-0.2663815865059685,0.5803325611878414,1.3128983103389986,0.049693985393830485
-0.06526188740024809,-3.760135520353239,0.8127263285161929,0.009315892481430067,-0.01087813469824532,-0.7497663048306871,0.6615477068763048,-0.1346152848603162,-0.1206488209417392,0.0041405431217375775,0.282970702370251,-0.08837913582291995,0.029080799701683452,-0.2923520724559104,-0.044186668417439234,0.06983714611330596,0.9294364976931544,-0.430551825182052,-0.17441552211028416,0.03993019007943609,-0.14839475444412137,0.1909251569450428,-0.3519252294957611,1.5512041176875764,-0.31070114675184046,-0.022754999772954435,-0.2716913658542175,0.5627686960184458,1.3083556689209817,0.05028888042856585
-0.06885700086441195,-3.779757851909726,0.8135054731881334,0.008779648980788902,-0.005081397908133466,-0.7478908810085185,0.6637441730541778,-0.1201413120717488,-0.1107148818127164,-0.0017017642773760893,0.29391893306549144,-0.1229224041504706,0.02417571597134652,-0.34204799221646764,-0.0444152907079888,0.04087923911475767,0.8420566729526218,-0.44195332243711993,-0.2505821138915469,0.018202659187885023,-0.2067695659106961,0.20377625632081217,-0.3639515490065616,1.537818272181994,-0.2899825259088139,-0.01867973619730498,-0.2682541729755332,0.5388547614955549,1.310824881445438,0.05797045054732765
-0.07242131426844951,-3.8002124241927584,0.8137126494371468,0.010398393374851735,-0.002981729239635672,-0.7432010707004632,0.6689806807491884,-0.10571505555694936,-0.1149415156459672,-0.014542022983441868,0.3048469766366953,-0.15626004360868107,0.06540332966918078,-0.3760308108855848,-0.044212261164878856,0.02492729101070115,0.7288156446243835,-0.44145477532193633,-0.26179993499222054,-0.012678519830044983,-0.26067463473428854,0.20970854997898183,-0.360710326744587,1.5289142322200386,-0.2724975807495204,-0.012901865523263651,-0.2702134656085996,0.5220898859504963,1.310317040715383,0.07094710155632257
-0.07661407405716934,-3.8218338484889447,0.8128920254797137,0.011476653228050623,-0.0004059355151132656,-0.7363194070501639,0.6765366600919236,-0.0869859923180823,-0.11324902319895952,-0.0245792286429268,0.3175344799664825,-0.1991149452697136,0.08400579157422204,-0.40110720580056985,-0.032947853634254586,0.015553699147938069,0.6013591605354749,-0.4047087635135255,-0.2524769568423411,-0.04479746595062607,-0.3157541150632081,0.21699846359096847,-0.35134462830986185,1.512469620552442,-0.24623700210255375,-0.004660942571144983,-0.26825124777302933,0.5045575962660857,1.3008114823373904,0.07055341125426726
-0.0796988223112166,-3.8443340383576126,0.8115781850143295,0.013167333493770172,0.002364863149708702,-0.7283766225720485,0.6850463666362168,-0.06572737250462907,-0.11336477133410441,-0.042059913184123415,0.32002139441914795,-0.22337326190925505,0.082444211873111,-0.4166585583124792,-0.015776089617731234,0.023517639603471314,0.46031081791136497,-0.35081805444897524,-0.23363209131833376,-0.07540919610458421,-0.36753950159514887,0.2275469276443469,-0.35804264483957776,1.492747205473124,-0.22154734066974213,0.0036486561375583463,-0.2656018221445666,0.49713092842430967,1.2933749895369495,0.07195160743000217
-0.08157318925032538,-3.8674600583991183,0.8093636636507539,0.016546477558139875,0.002513227129492926,-0.720204642639397,0.6935597814828013,-0.0419838185350193,-0.12157834587542282,-0.05513654392780071,0.3234838808383364,-0.2762714107890086,0.10906639045542396,-0.41876380606016433,-0.007478576035066144,0.03866661542912517,0.3141462607971056,-0.303044486615503,-0.20891407544992813,-0.10123169715680752,-0.42198602102229166,0.225218073262793,-0.35626566090067807,1.4791856441831135,-0.1973047150014052,0.014184911117885193,-0.26629407357766005,0.4889977941732552,1.2849101808164243,0.07275725453299133
-0.08331553209807055,-3.8928205008903065,0.8054099586627844,0.01700672289931084,0.0017848447656250272,-0.7179439577363094,0.6958908386056768,-0.004848701304653252,-0.12258237738445785,-0.05716486692197017,0.3206175462938395,-0.30310090093051284,0.118452811754025,-0.413398862589737,0.0015635181641493073,0.017368490462946008,0.18855452561244865,-0.33727814987566385,-0.19671333109997263,-0.1106801003179138,-0.4618300526350288,0.2201641479906732,-0.34294678463046113,1.4625636861021964,-0.17594352824021844,0.02365953183392576,-0.2662489334089845,0.48813791471608736,1.2876562729369019,0.07842739799970258
-0.08583134469161133,-3.9196533637901463,0.8004736014150704,0.01543194955368954,0.0005050877949428767,-0.7169700219021352,0.6969329863860246,0.03734783174017789,-0.1197046795108794,-0.0583967495002457,0.3204060235296611,-0.34101275846787926,0.128085959647568,-0.4138528064238815,0.010823377240291343,-0.023593408503444838,0.11144706694140212,-0.33305535079475523,-0.14563255785526596,-0.11398793094306156,-0.49198842969505674,0.21223334236894828,-0.3391105064955132,1.4504854251040031,-0.17450187129600084,0.033481802208968514,-0.26330985800918805,0.4808726649909063,1.2983925222325878,0.07746818944068627
-0.08817407267200472,-3.946700055041825,0.7948375492002662,0.01508675372246912,-0.002385969863610223,-0.7175818759663276,0.6963066481763427,0.08337484419180179,-0.1224469757208692,-0.06283852245820522,0.3117941879269875,-0.3719985983041708,0.13203499996731063,-0.41727837537328016,0.018958480528160973,-0.057622511452857406,0.07689785876892087,-0.315798871143238,-0.11450136225737804,-0.11396855821142073,-0.5105826792801236,0.20041056169259916,-0.3270756001942707,1.441199277099534,-0.16537283091501287,0.03778177641295832,-0.25844091658074414,0.4707607710378878,1.318400972536829,0.07682052310443413
-0.08982411310151661,-3.973355274713507,0.7891860456347823,0.016722221430258144,-0.0022171059491955768,-0.71575759531115,0.6981450540582856,0.12152942660463474,-0.1223838319813234,-0.06200699950528653,0.30443378453082504,-0.4100325821683594,0.15084872031207439,-0.4191205247906267,0.024589409214882327,-0.08021542334778602,0.07283098203882159,-0.29792469992752546,-0.11025288864685232,-0.11863831966289656,-0.5267852314318155,0.18640535027435773,-0.3224419505037443,1.4406049978255644,-0.1609695376050155,0.03992329283863887,-0.25170036822528974,0.4634693024349568,1.3349751057759431,0.07583111286219872
-0.09155444411161327,-4.001144066371462,0.7864556968625481,0.0187491558575456,0.0006396980349711017,-0.7152884826824564,0.6985774448712768,0.15598740493865507,-0.12033072442387348,-0.07117068283340727,0.2869284158167071,-0.4249026887434569,0.1520080697971468,-0.42196515779025673,0.03483000631802748,-0.07806354040290926,0.100126330139757,-0.2471525808685467,-0.10800812851782808,-0.12562347900537643,-0.5284816370796817,0.18215061374609137,-0.34024313658826044,1.4398641645472912,-0.16806794639255485,0.04335182403878453,-0.2413556105953789,0.46556205232628534,1.3430161187652876,0.08242700465857734
-0.09239700880142925,-4.029445119696875,0.7877185930197156,0.022240943085715566,-0.0015562868062401467,-0.7141855934170136,0.6996012125329841,0.22301926091778815,-0.12285603573458788,-0.07635391064883172,0.20722001019952224,-0.4231301685492532,0.133206869338802,-0.42521935455526993,0.036464124353650165,-0.05862482761067353,0.13159608939982986,-0.16262149322042,-0.14538477717522155,-0.13435208450462277,-0.5091926116671446,0.17172360651374016,-0.348740370439365,1.4523005552966195,-0.14328296703661866,0.05434337551510689,-0.23988046552172249,0.467869623768886,1.3483113367595447,0.08501117886857427
-0.09331322412857397,-4.059773903247931,0.7905577338235926,0.024889627615947655,-0.005355216000530602,-0.7125937824516019,0.7011147761315868,0.2606273321348281,-0.13221888075927107,-0.0894767756307889,0.1889716182381697,-0.4490484075312269,0.15416178448208684,-0.42944342237146926,0.02743950688825828,-0.052380411932996335,0.1899496517497552,-0.07424712672132495,-0.14699140912437225,-0.13963372167809035,-0.4852695707685266,0.15294451710066978,-0.36989711487218047,1.4785569104384368,-0.14178261112791063,0.058882701244435245,-0.2400755633688849,0.4605523589919512,1.3570067892481883,0.07993014488946469
-0.09397380820008255,-4.091756650626122,0.7920931919952995,0.022444915239582586,-0.008955309890919128,-0.712974036324068,0.7007738948708143,0.26552307644077766,-0.1398319178202736,-0.10365633629469843,0.24357819069081652,-0.477708004860676,0.1393166693751842,-0.42732504990764214,0.025759391022629016,-0.047840741790772,0.27431274891794766,-0.04359915368736068,-0.14759583559169323,-0.13568316164864333,-0.4554503763953056,0.1359695005549736,-0.38228489571459606,1.5145396193494736,-0.1347403457452227,0.06222773930025176,-0.2374520327953581,0.44941102874663935,1.3629625358264443,0.07592400626176754
-0.09503727257522482,-4.122341615166333,0.7939020843457939,0.017367030920938754,-0.011733611926577323,-0.7140272268045676,0.6998041354335691,0.22987359579430408,-0.1458838870991586,-0.1129684702008505,0.3673350379238867,-0.48680853492847176,0.09430306107565468,-0.4181426319048919,0.033096383669438664,-0.03607671101397426,0.3605110541393084,-0.08615719062647202,-0.1510293632192672,-0.1250342542230156,-0.41935541874375615,0.12174207075938416,-0.41066935649394254,1.5528423028695288,-0.154522698984208,0.058589782929723264,-0.2336421680480661,0.44511552719419273,1.3690403214863989,0.07333993579735992
-0.09602525290224044,-4.150811914352209,0.7966564537010419,0.013150870008403905,-0.011518318167593494,-0.7137624425443027,0.7001696641370588,0.17477305384019157,-0.14207083937922504,-0.10610057473643128,0.4945200449797056,-0.3658743031107967,0.04581702526656572,-0.39282689652327446,0.036234608973011694,-0.0444908839759586,0.4023863867419019,-0.12954610588564447,-0.15069978273009355,-0.1156855264477799,-0.3735809582357272,0.1202252215461686,-0.4333475242642255,1.5734860751562463,-0.1453137336335994,0.046778400618591176,-0.23170688039094273,0.45413785454832334,1.366850986103828,0.0758502294916377
-0.09765653294453024,-4.1771007619967655,0.8003223295538666,0.014488742123599112,-0.0029098924298078823,-0.7107459437024825,0.7032935463859945,0.08516569560468054,-0.11654755734768991,-0.07915162978475715,0.6183175644905112,-0.06301707672072515,-0.016457854508467172,-0.3738426027926943,0.04271614077814237,-0.053738188799066035,0.4114814637150125,-0.17271218707680971,-0.14804276457693616,-0.11010272526581807,-0.35406998166661013,0.12858061340496582,-0.4619811890495041,1.586513973476709,-0.1597145401300183,0.012076328090162252,-0.22733272246654607,0.4625979842411538,1.3529266651624812,0.08580098254888403
-0.09883621538152537,-4.199915396911127,0.8038437272873445,0.01572259344306276,-7.052110296111233e-06,-0.7020124818407175,0.7119910640910648,-0.008263869078083498,-0.0923925670320891,-0.06695785288005289,0.740587260302401,0.11687070537964328,-0.042450595891103816,-0.34333030103635565,0.034782335458476116,-0.06795914508073651,0.4042620539803029,-0.20285715625913223,-0.12774237200181895,-0.1124626983740157,-0.3232882997923414,0.13736811600900306,-0.49656987114085216,1.5844194396816926,-0.17139320167969446,-0.015508508440722593,-0.2287993110293272,0.46606044652194933,1.338718685113264,0.08873986314383776
-0.10133612852647912,-4.220509214894808,0.806905740311005,0.010620294485082747,-0.0012599694343921708,-0.6943517673397498,0.7195562834234992,-0.08020977744340922,-0.08659995115964003,-0.10326924103977148,0.824064658006522,0.13740988860021128,-0.10263158152929716,-0.29910458184215144,0.03506376726049108,-0.0832435560469159,0.3925561013627978,-0.2163517477530996,-0.1066024997989216,-0.09586673808426031,-0.2708158551537584,0.15003676541062727,-0.5092544919580769,1.56343965701128,-0.15681915499116245,-0.01736486336478992,-0.22980358557467492,0.46745973279060427,1.3115336996432143,0.07770067846800435
-0.10231899778987416,-4.240190030135025,0.8099549938508852,0.009478872922679366,-0.008157439662618855,-0.6866684529445646,0.7268631527852981,-0.16251676718383049,-0.08459484299626198,-0.11549445567126967,0.888857050197218,0.09062690455040473,-0.06976961895001478,-0.24866985868109395,0.022384642187867242,-0.09560962249080433,0.3708825260687373,-0.22745871349962088,-0.09820239463735747,-0.07844287721055089,-0.21632790079628184,0.15661435532147175,-0.511668642928941,1.5159246153131667,-0.16574989890272276,-0.02243374587488029,-0.24574327794703807,0.46989871814468137,1.2977021674624192,0.07500288345796666
-0.10290483524825866,-4.25878553373863,0.8125619526675569,0.01292932504760322,-0.007674624782069744,-0.6829200320942929,0.7303383890037526,-0.2701177559442652,-0.07784396995946857,-0.1091621211148282,0.939776534742808,0.012460518329176672,0.007289033247748266,-0.2182833793478596,0.018704097282388026,-0.10254833167612729,0.3507771988544156,-0.24225443857003007,-0.10423443578427384,-0.05316208113543449,-0.17950363718375578,0.17146759364263997,-0.5111389810967489,1.4822130260301056,-0.204176896587524,-0.04596524269726429,-0.2594558755557353,0.4919610322863646,1.2836920193087504,0.08280637644485182
-0.10328737994922348,-4.27755953912952,0.8149985252071431,0.01671677218077299,-0.006866097994105246,-0.6805734086821705,0.7324569896047971,-0.3565592496649596,-0.05307588748040883,-0.0808536827959822,0.9372655063036942,-0.021821949958364513,0.06886089787932417,-0.1904905003950224,0.017899634115902903,-0.10555165314506856,0.33106085074488306,-0.26021589796502054,-0.12556921388067854,-0.029252125929470255,-0.14292722415706963,0.19054674923769585,-0.5382268035989701,1.4338371341138267,-0.262661143575282,-0.08030746257289306,-0.2737044653796718,0.5036272378807308,1.2825192538495775,0.07993197095486992
-0.10199750259712764,-4.297143754539816,0.81647362198281,0.020129293657788518,-0.004701138899828001,-0.6892219579518111,0.724255344134204,-0.4251487599675444,-0.014911472495504265,-0.02680664705762212,0.9110204279738269,-0.10852313985422989,0.13867520499579297,-0.16663040718408853,0.025292432305776175,-0.08634913363731776,0.3187598415186571,-0.28627254062778734,-0.1365973991829239,0.02088745699569043,-0.11724797891037166,0.2000199945759213,-0.5018330255913509,1.41660736608098,-0.2538420746204172,-0.11783464795282964,-0.28308144057163764,0.5185334339822972,1.2900822244668573,0.07242493270837617
-0.10036460834011307,-4.317830826134736,0.8168938236678057,0.023224794369071346,-0.006792519632303769,-0.6829902594278605,0.7300265585101832,-0.4671961718849585,-0.03000726663954068,-0.032555819111642924,0.8108551139799409,-0.11055353222653425,0.17093362050140243,-0.13596685368957911,0.011418848121271474,-0.1052600199072866,0.31372295426506813,-0.30942836357855,-0.13651368654178078,0.027312866027417303,-0.08094785112196208,0.200454096560797,-0.4303566174624711,1.3974685749640927,-0.17651389599379408,-0.14793794486083886,-0.29807175211337983,0.5349654171144811,1.29685179053412,0.06940102823071649
-0.09777705414020564,-4.339534624933352,0.8158774260873708,0.02600226105571564,-0.004929524927068962,-0.6850816297477811,0.7279854001187847,-0.49616902699208143,-0.0475714113537949,-0.05274402844845527,0.6817697506961372,-0.08691704829804081,0.15889124606923735,-0.11071036022041884,0.012332736275110712,-0.0984118202226436,0.3088412901672465,-0.34580708525321124,-0.1564392485977867,0.05092344807218857,-0.0636911753421626,0.21355294707540112,-0.44135190029525495,1.3837049156435264,-0.1858892838853884,-0.18130277521857033,-0.30664071780586327,0.5554982512556506,1.2935916335615179,0.06556876465421563
-0.09501323601243732,-4.362386647995706,0.8135414874007493,0.02658869857066796,-0.006364316865661265,-0.689169245429207,0.7240844479297203,-0.5010252963198767,-0.08161170792830033,-0.1054790321768359,0.5231861863445334,-0.0684351005490848,0.13575331344789893,-0.0803118207130439,0.011947221462207204,-0.08924308292814473,0.31361763305569396,-0.3993214102833528,-0.17551210591179395,0.07861612231682982,-0.041340550774944855,0.21738962283821647,-0.438900968345498,1.3826941622725963,-0.1942870690564418,-0.20344222323859543,-0.31596332128485105,0.5789929268494497,1.288124430044274,0.07568494185496517
-0.0935073783245417,-4.388205798954104,0.8099115986141654,0.02623879033679387,-0.006756225869121533,-0.6913634691254169,0.721998914717006,-0.4996960854499964,-0.1134248364280028,-0.17299783922316564,0.3681290719960282,-0.06360657032357928,0.1326222686611307,-0.041471953601883535,0.013894784623916802,-0.08828376496860467,0.30892588728591946,-0.4640148830482704,-0.19826319146936963,0.09771645343221239,-0.0229892921029282,0.2197307083877129,-0.4342872226069678,1.3894866289511751,-0.20848478355558608,-0.22435734654608025,-0.31940368803597,0.5954828629977323,1.2845612276527907,0.08158066031725894
-0.09142888940175542,-4.414178832341109,0.8051576714689499,0.02548955179605136,-0.00934325068094295,-0.6952182863784312,0.7182858210357392,-0.47885891625646737,-0.13050526788911557,-0.2194139970120217,0.2016316947747252,-0.030055466773568348,0.1094674543568076,-0.0021180889310420735,0.010801229200863382,-0.08077077710439327,0.3122816049182167,-0.5019471630717004,-0.1916427738062358,0.1170498581531778,-0.0017779008221955892,0.2183985864050152,-0.4247032753090781,1.3937832663465572,-0.22248772689210752,-0.23958237148922,-0.32314365580932347,0.606444098202334,1.2782011289207056,0.07369583029030173
-0.09064533391701968,-4.442484783305112,0.7985114863206113,0.020706966588118696,-0.01121487809655363,-0.6979001695107436,0.7158077964376136,-0.450817272137388,-0.12686976175490008,-0.2212513592953088,0.07504626256604861,-0.03097455099796577,0.06325048346993374,0.04382626083909199,0.017210248975830438,-0.07673467521244937,0.3185069599567837,-0.5463549690995856,-0.20551283889199856,0.1354646354803751,0.010313569167554588,0.21203681227944077,-0.41667607257162326,1.417018256062624,-0.24352836014414017,-0.24535611507558355,-0.31897652323503606,0.6092400633504159,1.2701667375372432,0.058344053872306394
-0.08997386561681221,-4.471105350837156,0.7911561795984415,0.01714786374420873,-0.011201281854500584,-0.7052474774200347,0.7086652789903725,-0.44275379276002647,-0.11826169875322252,-0.16226552968975497,0.03347591264545735,-0.03510285299700737,0.049231286311363726,0.09260305123138353,0.025469042805740336,-0.06203215620017372,0.3088052896051869,-0.5751556671399157,-0.21420931891889447,0.1628289227947242,0.019850759795722817,0.20861811225274107,-0.40456617767130343,1.4328540026044967,-0.25002129701310355,-0.25120662158211665,-0.3144467943516861,0.624832308095892,1.2596351693459524,0.06343487585652657
-0.08878984251096567,-4.499694457127342,0.7845062536013009,0.01342183824777214,-0.012248208191465484,-0.7094499084946532,0.7045215844749373,-0.41816009081307504,-0.11155492249476642,-0.08450142302208079,0.022762180921715672,-0.05049829470342701,0.020867327039537684,0.1337804971810128,0.026938038853628447,-0.05859746333031424,0.31855332639304446,-0.6046755329154875,-0.20123553914592776,0.17531132264261723,0.042310085769074246,0.19962243520389683,-0.4012268771364291,1.4243969314280218,-0.26498831525299804,-0.2539325170702512,-0.30441174810755306,0.6228334775347413,1.2675402061272611,0.05247943758407592
-0.08804907662047688,-4.528304164739957,0.780726619907914,0.009712293283317935,-0.011608076473259024,-0.7174629458927099,0.6964322258416268,-0.3969564569855135,-0.10404805799512867,-0.04712340771687407,0.03812843366670566,-0.02118826605893133,0.004376917875391297,0.17746908883877363,0.029890451736555333,-0.04077496732469805,0.3111467447966654,-0.6318624266011875,-0.1850704149121415,0.19454795064401145,0.07144562848237954,0.18079527804278703,-0.36914204474581913,1.4231928996179055,-0.25203196768448294,-0.24773436027834533,-0.2936906419235387,0.6348486196785573,1.2760172027586345,0.049346718806588266
-0.08804907662047688,-4.528304164739957,0.780726619907914,0.047226888131314405,0.008814891970321585,-0.7207394064827974,0.6915393167852482,-0.43152633144909885,-0.15813388648283633,-0.07046713463010629,0.031163157906482844,0.026585465109738977,0.008442330761885065,0.09213094548687913,-0.005518942800122387,-0.06978642110588787,0.1816568285811269,-0.5528512255217495,-0.10057659605727376,0.2708406567952228,0.2404638842020712,0.1779595724589327,-0.45421913097459826,1.3071448471821765,-0.2096763710336945,-0.09932032792252872,-0.2037355030862525,0.6137594948890027,1.3607836626455188,-0.017049284812054307
-0.08903344750068326,-4.547590578980276,0.7767996267684537,0.045020993789182645,0.008676043731646571,-0.7255726936219203,0.6866164159511705,-0.4216403887547258,-0.15614569644169016,-0.044569110193145696,0.03808802110524041,0.012986517220544544,0.012150136348938436,0.12633492339102295,0.0007534185251266848,-0.056905854547438406,0.16916912502776002,-0.5867407879241732,-0.12166563978695846,0.26831273837157565,0.25148236611143265,0.1698345552764123,-0.44153207921691007,1.3077283872234668,-0.20809073403935507,-0.11049666253108616,-0.204429490837152,0.608742324736024,1.3589627824507362,-0.013805997730333076
-0.09033094211812578,-4.568011925415796,0.7757273457007733,0.04173614691898977,0.0074024796479673265,-0.7299306495975568,0.6822056464978185,-0.4137029738861787,-0.1563137967297121,-0.03839224927646671,0.07091196798220148,0.02778621026919493,0.040924254601325774,0.1678535929651128,0.0033175176390669624,-0.06022089590586231,0.1477047250053428,-0.6152999146512163,-0.12464330578687896,0.2651966206725117,0.2593200842817121,0.16483323239377495,-0.4358301191070765,1.3085718674693352,-0.2106406511239308,-0.11248006775205138,-0.20416759173093968,0.6188949306245652,1.3654552663900152,0.026083637076858887
-0.09161924219208983,-4.590757447003256,0.777522799369766,0.03855150883479724,0.008492269569801538,-0.7365494322158103,0.675230772718988,-0.40364011240421455,-0.1449296848643291,-0.014791104993067064,0.10204985548541722,0.09340070161658913,0.03231696467081413,0.20451175827185925,0.005477604859322006,-0.04442768131408036,0.1260775083877078,-0.5901188872000374,-0.07784694840182171,0.2600806311782884,0.2576693100010409,0.16069736053445124,-0.41975172994257354,1.3171051579308073,-0.20956472473063745,-0.11823814612554329,-0.20371918569070707,0.6382336240829689,1.3650999646983988,0.05860703020881084
-0.09264281836703969,-4.61583694786251,0.779745285186006,0.036261360584761114,0.005225931737031062,-0.7419291327639481,0.669476635381816,-0.3817929733009716,-0.1449700943541933,0.005983448536870184,0.12292211366541148,0.13042976585696275,0.04955949201945078,0.22498838787624112,-0.006120640709436874,-0.030359069656343343,0.1483995962726785,-0.5541787520676352,0.0093460166624214,0.24614458714947424,0.2360977057628586,0.15406294716566904,-0.40138544477977234,1.3494165606963384,-0.21678979123196,-0.1184857724070588,-0.21028295739538097,0.6552323063692237,1.3628115776580019,0.08312303106344718
-0.09332648509057756,-4.642479734740066,0.7826853824077452,0.028441663792343405,0.0003796933842520544,-0.7474043130200018,0.6637602884119804,-0.35337342773549885,-0.14982845059218095,-0.008028826208464165,0.16019465936092447,0.1766955205329614,0.049257898120573955,0.2356186090432031,-0.01043515424426814,0.009531583150833408,0.2050268390408528,-0.5020814751748057,0.07672680765205223,0.2369347165747692,0.21182525046357273,0.16115711529592594,-0.4090483981160119,1.3818645694234724,-0.23835089965342127,-0.1109171383327641,-0.2063340997531574,0.6393940734430036,1.3662420145338592,0.05430538892067602
-0.09414517219456636,-4.66862319419741,0.7843059705524761,0.017978683328654724,-0.0072980462925374,-0.7503314516820349,0.6607769805939138,-0.30903528451938567,-0.15077032503772295,-0.004833609960728577,0.19037043549029775,0.17479326535178763,0.045418055430028574,0.2264974127080376,-0.015264701460408115,0.02727709002805698,0.309177288053238,-0.4969412051843716,0.13540293764031353,0.23098800400586897,0.17703739785253855,0.17077042503801876,-0.4269991383347634,1.422443539732792,-0.2624296527325891,-0.0851950263190398,-0.20791474009164249,0.6333575325770973,1.351799239069192,0.07410524180419105
-0.09469638843476572,-4.692099670811434,0.7850650981227033,0.01534190034242238,-0.01373892357127724,-0.7538699467591697,0.6567008233939652,-0.27027649564021705,-0.15647031061115077,0.0036744838017017936,0.2041215173576396,0.13395828600752557,0.04678838722393249,0.1735471549999404,-0.02745563756384942,0.043808565595399536,0.46090180818792736,-0.48008834749386814,0.1712876304068247,0.21671613226002817,0.1292104977197004,0.17616317065307718,-0.43989762238557023,1.447401123134404,-0.28044829353788875,-0.07903389103285886,-0.22074035593348448,0.6361936492997134,1.3494844215486497,0.06055373436551949
-0.09528530706194396,-4.713132394523988,0.7859831891590048,0.013504356212083152,-0.016945276486672992,-0.7604957078104938,0.6489813312953641,-0.23581046792201996,-0.15592668503794307,0.010647565897073103,0.2085404273365161,0.10884321672675273,0.030997991441878044,0.1003214910293672,-0.047432262820949776,0.047157766133179686,0.6134912158280664,-0.38206162910951946,0.21364488008520396,0.2111015453400948,0.062163845929698695,0.1830793564148704,-0.4526064865863349,1.4786072700405084,-0.2880349333462278,-0.07391094553874167,-0.23295243878007396,0.6415952211043953,1.338893272415516,0.05670625676016288
-0.09562947544844112,-4.733217219779803,0.7873789151467004,0.012716924976864904,-0.01845511338079399,-0.7664059964343826,0.6419653707472517,-0.19836412627871103,-0.1560278702710313,0.01909941195829167,0.19810049771484275,0.08332765496295254,0.022377261627162057,0.026120136441242968,-0.06473098518803154,0.05967309656892604,0.7313678515759433,-0.1859187665405416,0.23075279322236805,0.19934915141815057,-0.0063084195579266806,0.19131492983025755,-0.45585396844029086,1.4943089150668876,-0.277181358838321,-0.07871746751696218,-0.2433905359864604,0.6359989359030842,1.3337901044854463,0.04323093534278832
-0.09673052291875275,-4.749527579564218,0.7872428069388763,0.01283982545028914,-0.017588126565110798,-0.7716387897340041,0.6356881113125973,-0.17898685016123697,-0.1532621089441769,0.03141465684875764,0.20578788035124224,0.04854370652038749,0.030256216905067808,-0.05809240787702444,-0.06920395043347355,0.07877877251841174,0.8412650047780738,-0.12144059220280232,0.1411188042700741,0.18715374622479491,-0.08241572677686958,0.19862829950296104,-0.4691501715134265,1.5107158572626211,-0.23080161111174216,-0.08107649606622398,-0.25789018029116534,0.6308689779874275,1.3250669239038997,0.031228180244316388
-0.09838697174342076,-4.764066143978022,0.7861967282158822,0.012497990707105859,-0.015537154507963856,-0.7740956131136869,0.6327545960451225,-0.17253770671091848,-0.14966467967826613,0.040071180584936375,0.23241484447511568,0.0022751118468232663,0.041580005267856456,-0.13999377677145014,-0.06553400983799071,0.09979095264173263,0.9348346414955225,-0.24990730622269625,0.06251984142855638,0.16828519817413062,-0.16817932499649568,0.2031163838677732,-0.47722131015558855,1.541511383142092,-0.1969340884846049,-0.08002956105299025,-0.2705357015969862,0.6212910696451248,1.3207341208427217,0.028763541758576303
-0.10108684612955085,-4.779226394804253,0.7859647556727171,0.012716364147326803,-0.010353557104195202,-0.7746276130145912,0.6322049976815113,-0.1674244255009257,-0.14150390409067765,0.041311211454611245,0.25313584381783305,-0.02573749359810177,0.032014358586434526,-0.2143101556544381,-0.07049449038819385,0.09592406407697322,0.9715551180385552,-0.3632237815858848,-0.02297637361941016,0.1425625241646926,-0.23848651435570553,0.21571318933859843,-0.4968636794725389,1.5329315997933584,-0.2252615644278431,-0.08719347340302028,-0.281703676254504,0.6046851846931646,1.3160498948022208,0.034809450094947285
-0.1047611593124547,-4.795739294793188,0.7875434875706414,0.010898663484145463,-0.00716176688034507,-0.7735117352271422,0.6336477915177379,-0.14679609167491003,-0.13543703026612788,0.03340749554131141,0.2533998297462003,-0.03677568274975392,0.016164869296365195,-0.26927990450896416,-0.08072825454411853,0.08136737788089918,0.9521463172720208,-0.42143755353182183,-0.08310424714114782,0.111037251430612,-0.2966312777942216,0.23189458207066624,-0.5078753201364106,1.505726721253324,-0.23770456431935835,-0.09064287876689296,-0.287672615415916,0.5867314633767229,1.3155048067912187,0.014336909204212808
-0.10841489940388573,-4.812309426867067,0.7889248569802494,0.009934226257451625,-0.0050308111029471496,-0.769446355560493,0.6386143656409462,-0.12437327453695247,-0.13428077499104077,0.020272311393267003,0.2519892525242943,-0.06813971291900592,0.039779950513597805,-0.3124218794018434,-0.08415779408383829,0.07188519526160068,0.8934031525505712,-0.449649501787911,-0.1644276612559049,0.07499417266389702,-0.3584717861246229,0.2370593950853181,-0.5059382867014889,1.4890490863136907,-0.2235970455787048,-0.08496537607233658,-0.29550871414286184,0.576532168050491,1.3180546156319997,0.027171565191886463
-0.11285547560184392,-4.829092460932769,0.7901497181594151,0.009397300767123591,-0.0012737306050700503,-0.762760234564677,0.6466118564606418,-0.1045980696810364,-0.13000866612692638,0.008321574340310878,0.24983213315602448,-0.09701923610113573,0.05123978730477717,-0.34797428827478694,-0.07399934898330335,0.0732370837191982,0.8083928834931331,-0.4546989587855964,-0.20873522122432897,0.03858996278425563,-0.4193381664723295,0.2394847073277568,-0.5167338820755497,1.4716890904847346,-0.2128352497713777,-0.06993263502934643,-0.30069663177552297,0.5772546364404129,1.30703406473525,0.0927545180538288
-0.11778972759532293,-4.846633968084927,0.7914183624577971,0.009398451437525398,0.0032672980654363387,-0.7557114439644464,0.6548291436207617,-0.08665036922243721,-0.12610857485595195,-0.012079378709041187,0.24764182194599443,-0.13545321246729247,0.07347212822625444,-0.37790562389705434,-0.05808343077416861,0.07468745183535046,0.7044840612988752,-0.4146189041513616,-0.20193980781341317,0.008151784539020265,-0.48339980540179006,0.24148630817420047,-0.5267632627008232,1.4529093566441178,-0.16684697605823587,-0.05845350579158704,-0.3015143159947564,0.5569684076367446,1.3064001173913236,0.08668345674004697
-0.12226559993502613,-4.865706001506305,0.7910722537159857,0.008729794434798748,0.00692492411551375,-0.747672077456999,0.6639746235408825,-0.06979337096675643,-0.1215414295470093,-0.033865486726070614,0.25542069935546186,-0.16246073412494777,0.07972001518461148,-0.39684072542487087,-0.030260849097460282,0.0822047196209024,0.5830056930371222,-0.4301314301845916,-0.2600396149068618,-0.01758465371461692,-0.5398408227465279,0.23422175966470987,-0.5497911092510883,1.4296174558450876,-0.15688533922161027,-0.03678717605355948,-0.3045782481411896,0.5364584226722885,1.2968627407781308,0.0897702084344283
-0.12689023754500636,-4.885719112671366,0.7909733045545382,0.009355314626809975,0.010498330246024772,-0.7406452287627268,0.6717491408712688,-0.0482575931909781,-0.11888250238197146,-0.05898441307788404,0.24880108376920204,-0.1737245687425258,0.08040657426671469,-0.4150439484699072,-0.006612676248189947,0.08846926487772815,0.46442576892938664,-0.3632199469902789,-0.228850649643728,-0.03743317258717952,-0.5862874546826209,0.22423323053347388,-0.573650131209908,1.4039243523012537,-0.16111922509065393,-0.01508593104631926,-0.29997509145384765,0.5131402514659495,1.295541852935905,0.08251659919367979
-0.12938204800239095,-4.906998270851215,0.790408133656911,0.011524375362297177,0.0108161471306185,-0.7331832943834714,0.6798473774096354,-0.016491469044336883,-0.12276176537744536,-0.07354861572613254,0.23185320003596263,-0.19288451797838788,0.09860941895200846,-0.42003537035543975,0.010080687668358295,0.10164535543383175,0.3370798337090051,-0.3211009190381719,-0.19998218369691104,-0.05855723029854271,-0.6204379104769824,0.21184607305597808,-0.5861869525308596,1.3764946878877724,-0.14091999240931893,0.005781950569719504,-0.29475642405648966,0.4994105589561244,1.304409206114115,0.07796318986375769
-0.13269823340227005,-4.9297901711393415,0.7878080845117514,0.011091421384812951,0.013582181087608692,-0.7328903710546377,0.680120731005874,0.01015052592005106,-0.11514226072988196,-0.06989721746119042,0.23889351862020264,-0.24081755189597737,0.1117783107200251,-0.4146761443226795,0.03135118402329697,0.07945975997466674,0.20809994740478985,-0.3081206307097926,-0.14373393409955504,-0.05853457804893076,-0.6361499776301204,0.19637019661348332,-0.5759122822301632,1.3494954730176572,-0.12369694552599587,0.02122969315670177,-0.2822698119679146,0.4914105218069993,1.3142311745322492,0.08052776732414
-0.13596232495044397,-4.9546093224534955,0.7827979292712414,0.00967029930832252,0.01174924829366208,-0.7309188627287062,0.6822946992196238,0.04617869594085305,-0.11428117861672984,-0.06990894941017621,0.24728452833990724,-0.28193600377794475,0.12433241914358736,-0.4059828175535138,0.04236185381429853,0.038276307986963,0.11381980620309892,-0.3037187275449804,-0.1021919454582367,-0.06471709501024028,-0.6352784535135838,0.17720013680345892,-0.5524160469598145,1.3256172105153732,-0.10263066074127834,0.03546641744900282,-0.270273844047184,0.48159150410038465,1.332639049156643,0.07342009122619733
-0.13930644887575266,-4.979865360807132,0.777196114699991,0.009248103868710927,0.014817773908394175,-0.7285390759401806,0.6847815133160806,0.07651316870844083,-0.1061814642040362,-0.07423179044490236,0.24985988017219424,-0.3129832495362294,0.12452245817287816,-0.42535763901411183,0.05789539631480092,-0.010610223948334545,0.09492451180998433,-0.31953098462934304,-0.08546699930397414,-0.07609067352247502,-0.6270749254243041,0.16906086970299594,-0.5231442575471035,1.3020030835282943,-0.0763846225196752,0.041481016238908784,-0.25406003629295226,0.48578601258373794,1.3494034642950494,0.08675526755820101
-0.14248624442652297,-5.005723725810416,0.7717269470951477,0.009477377130227956,0.013649954414365593,-0.7267784269004662,0.6866709373923593,0.11457155842917983,-0.1071313898283055,-0.0835156806314863,0.2448183143334478,-0.3411526168250568,0.1353744433394962,-0.4247705636792539,0.0642537238310507,-0.04077266544790059,0.08594523933414501,-0.30192933513750414,-0.07325190869821913,-0.07771458682002999,-0.6213736435301243,0.15018589063498064,-0.5291297006719168,1.3187650842903769,-0.07364329031260923,0.06169218750286837,-0.23910248038608137,0.4655005882247757,1.3503657191425475,0.07414102665980729
-0.1452346180000566,-5.032962450131175,0.7672893189260606,0.00788033432229984,0.01450648711125045,-0.7227617433569037,0.6909000828646281,0.1668647284164068,-0.09699704478641269,-0.08830964978159003,0.21288238692792924,-0.3607418143404955,0.11937066112455416,-0.4172515747069087,0.07126514660809012,-0.06958647283665871,0.099367286837214,-0.28057937585572207,-0.09080969608569495,-0.08677878490419262,-0.5937471590121411,0.13570186649066035,-0.5385448969380684,1.3428163029876248,-0.06098402045419996,0.08142335910733206,-0.21584748282921865,0.44827222923968846,1.3504652745188594,0.054380353645004605
-0.1475803825749022,-5.060580980287828,0.7677789729379502,0.008841166481003193,0.014085385808907195,-0.7168740903549596,0.6970042856823905,0.22266989152773767,-0.09116639548996008,-0.10196473894034376,0.15723321268226131,-0.3489269836046,0.09953254310509128,-0.40790395373476906,0.07050822260883328,-0.07001907670239467,0.10966377012425287,-0.1885376670026173,-0.1235587169246364,-0.0991608476500872,-0.5557691847973468,0.12593543050305078,-0.5483005875600513,1.3791337633850635,-0.0720214761059467,0.10056147499361583,-0.2021628039587605,0.45039119648586823,1.3537587687347803,0.07722061837074173
-0.1496509448244562,-5.090561864776868,0.7703856720577955,0.00904622961196188,0.01200887771090816,-0.7140413280669692,0.6999420936036722,0.27664587928400614,-0.08973872490291376,-0.11981487325160287,0.11080904328948848,-0.3662586769441882,0.09683663935284352,-0.3978351144682055,0.0702704823045228,-0.07209420979240452,0.13262617553756295,-0.1392126389380541,-0.13914433893096817,-0.10073673664554449,-0.5139547747346743,0.11380131165957764,-0.5481321188431225,1.4464356614561606,-0.08956895775219224,0.11987532186015493,-0.19479494031047345,0.44643806766223776,1.3461827161194344,0.08187817012599621
-0.1520977766009371,-5.12306903658861,0.7715878865261734,0.006449224401995182,0.006467213430008934,-0.7114166996484451,0.7027110801149918,0.30247462774431544,-0.09149418658615113,-0.12964492781655607,0.14091794677355976,-0.4087722366569052,0.07895051171116067,-0.38255231683032515,0.06965700900711691,-0.05628373491245893,0.19375720579882497,-0.08061651591046037,-0.15648662127118412,-0.1037339197111044,-0.46084543177887033,0.10014101378130144,-0.5338750662349473,1.526784633114908,-0.09182328343744808,0.12766310635799052,-0.19567257574871205,0.4364140585788292,1.3498686359655176,0.07429721714573664
-0.15286573105972906,-5.154295606113611,0.7742985032766055,0.003586711965538179,0.0007748722293554794,-0.7100906869432605,0.7041006685032717,0.28455170779940264,-0.10653005937606153,-0.1550149169358757,0.2366943622847223,-0.4425667607498517,0.06442134576400593,-0.367149260913082,0.06774171839228008,-0.0443560515690152,0.2617080757648389,-0.0699652752731611,-0.15671659738625662,-0.10096685451000052,-0.39469630894216806,0.09246294777644253,-0.5317937577887637,1.5920194324848276,-0.13335964042261053,0.1234988626616692,-0.20506536146345983,0.43434864528292144,1.3579006831261835,0.07480056863213731
-0.1549794594478759,-5.183772815479093,0.7768063414083779,0.0021241515130151598,0.004115191310074236,-0.7112134138040792,0.7029609044648074,0.22084868131906576,-0.105401786709749,-0.14229557817119237,0.38180822140218695,-0.3953724068504096,0.011321022626637334,-0.3560138014656555,0.08028496343620321,-0.039477092871821,0.3169821465126524,-0.1260297187312054,-0.1660934267919522,-0.10178694144771255,-0.32431914800937217,0.11074356421157339,-0.4972999966595037,1.6201845020223753,-0.14174414789616072,0.09392182078464778,-0.21131083622268648,0.44919120839079385,1.356785765121091,0.08537401089582089
-0.1566074889669847,-5.210868289563994,0.7792039711491134,-0.00016539453777783888,0.0023898517601977287,-0.7082011864263592,0.7060066152646939,0.14860170351227875,-0.11292556697332512,-0.1380590947883475,0.5363833371296856,-0.22106664894306327,-0.003495292958061748,-0.3233356619688283,0.07909243772347013,-0.04275253487009242,0.33788565350513905,-0.16970437297600563,-0.16105910990412167,-0.10233564629532275,-0.244257801271127,0.12522588125481676,-0.4659113298712538,1.6173019575874836,-0.13626716415980683,0.060701255235634445,-0.2220777480590294,0.4416208086161896,1.3652697693745508,0.06955891437058424
-0.1566299958615398,-5.235358279828179,0.783301173304169,-0.0001405720465079436,0.00438670170745513,-0.7007804454898628,0.7133635148412486,0.06415951445692973,-0.09755496681284392,-0.11424954573837978,0.6655654970371522,0.032944311778209515,-0.019162348778663994,-0.2864765876277232,0.07127113332158533,-0.056422254206720354,0.32741602515232854,-0.19177392158237724,-0.13578076251285062,-0.11089876231910224,-0.18265742771949564,0.1480586804264646,-0.48404690258386335,1.620855760680873,-0.16844098305591837,0.03043157066238713,-0.22969175388811888,0.42859438894590407,1.3506506641819445,0.07308675126175043
-0.1571813662084315,-5.257282708416569,0.786596564939808,0.0016128443688060035,0.007898266587170761,-0.6917271624723462,0.7221139444823909,-0.024652419671638694,-0.07291815701293859,-0.09782618309346505,0.7756501065370035,0.15453756544353667,-0.07679355557302567,-0.2538983899077949,0.06521751556017838,-0.07228535042047043,0.3090004232555174,-0.2142716350471324,-0.12329913770343968,-0.10885857966767984,-0.131551555830225,0.17659858606603707,-0.4928652784052325,1.6236928573480147,-0.18670913429234323,0.004944070284704751,-0.23967642682719453,0.4226865216301408,1.3186278481794567,0.07375508267103446
-0.15921116574915975,-5.275496846801376,0.7892174369624139,-4.2096818109768445e-05,0.005408372135112657,-0.6843010461450281,0.7291795567509604,-0.10960934701253028,-0.04854144447260849,-0.0872455682668008,0.870820676992572,0.0862904418241405,-0.061905444370141775,-0.2141494091623472,0.06226673044909031,-0.08546300180304775,0.2919912806563036,-0.2236988051799411,-0.11399543754419324,-0.08589428874845091,-0.08535901862668666,0.20129734333772548,-0.4860938088638096,1.6103051371774273,-0.18585709863746477,0.00034465450567689945,-0.2560017293190617,0.4290047078599367,1.2857542059277232,0.08754348274388665
-0.15935654766863164,-5.2939443730939395,0.7914755235521684,0.005216418589024865,0.003859382730054127,-0.6828619425931215,0.7305186250192368,-0.21361484285083177,-0.03254122245516147,-0.054481349928469314,0.9453525394915697,-0.05139211247821623,0.02017025280150912,-0.18340227017039137,0.052712015050626046,-0.08486400217002668,0.27205350899056246,-0.22339469667826367,-0.09364691709564675,-0.054750632295598414,-0.05521661653199834,0.22483832067212112,-0.47997224041325254,1.5833614139089445,-0.20334378110084583,-0.02669067381608745,-0.27901562383750145,0.4437826814726256,1.2724362770065503,0.05310824155705651
-0.15837642337632202,-5.312474920269404,0.7931406788163052,0.009380652831131212,0.003540847615847327,-0.6827693841580943,0.7305651468602926,-0.3084823440444652,-0.02145744069054749,-0.031908412229802424,0.9777627594342818,-0.18461723609067077,0.1107194946770072,-0.1546755984766995,0.04902850215045614,-0.08278876886624506,0.25379313075837967,-0.23920164834546184,-0.1020136151710692,-0.019699845658940892,-0.03864498342033015,0.24676595208908983,-0.4637918546899344,1.5472897441566793,-0.2076225442623512,-0.061163929775522714,-0.2966180062173819,0.4722456021395128,1.2742302519719466,0.06191353001370145
-0.15706890064023205,-5.331601407515859,0.7955532270419747,0.011915965215733704,0.0001341041995700828,-0.6745393680069377,0.7381426913529955,-0.35553504156220145,0.011107710459222436,0.009337801730625405,0.924608974609464,-0.16474308875538235,0.111188044528674,-0.1239580767124227,0.033142996607234944,-0.1086080937127176,0.24745935014493492,-0.2742267823395253,-0.10782316221023493,-0.008258653649744513,-0.011912202587616223,0.260876441998776,-0.46054224135519806,1.4922323141749505,-0.2132127605371152,-0.08677719586860284,-0.3149961012105306,0.5046604231190044,1.276140401037818,0.08407765650076655
-0.1538192526470461,-5.351302380841686,0.7969057054623782,0.01548808732432432,0.0007631125011480628,-0.6754051619439582,0.7372838015512083,-0.4065191280044145,0.005295523057185738,0.020262016563323503,0.8363426579505648,-0.15079343600611056,0.14137193737432716,-0.10091033440531608,0.025640650162094002,-0.1048538899151238,0.2447441666061152,-0.28210036691509716,-0.09124177404409331,0.020534844593592463,0.0056235479476831815,0.27342226936314207,-0.4617692706965311,1.4333182718163002,-0.21723783917606665,-0.11972826735412606,-0.3278347307482249,0.5276826470791373,1.2807799456478712,0.09066966963221942
-0.14969967177864724,-5.371380900075968,0.7964477943838664,0.022650514124504376,0.0022820952469880256,-0.6756669269472032,0.736855447208544,-0.45783832155494153,-0.023635966039759135,0.0135893150267882,0.7305420526590389,-0.1799197434586035,0.1787116717324373,-0.07652300943546289,0.017351985999320137,-0.10620143810565334,0.2255982827951893,-0.3269584629783934,-0.1132478144890691,0.03771994731505843,0.003514599012722453,0.2737021106644798,-0.443582557956637,1.3916483030482023,-0.2167859797133848,-0.1631785519438547,-0.3429944470876981,0.5535450896449732,1.2855239603914594,0.06570737176822786
-0.14524880864974574,-5.393315436184329,0.793637749339354,0.02693670083385673,0.0009573193343629591,-0.6860355074191016,0.7270686214162297,-0.4785147611693148,-0.06343428251042037,-0.026356811527882735,0.5851621883902728,-0.17477585852668323,0.16880514396352264,-0.05513491170227451,0.011188228701391424,-0.08366092299934494,0.23400801308689312,-0.366576579568425,-0.1254166837182016,0.07824811721682459,0.005246668485953807,0.26436989486960494,-0.38095527351952174,1.3564139655593328,-0.19639779620079015,-0.202026600174098,-0.3541097243561698,0.5823623541402084,1.2854625535508448,0.05876420485670314
-0.14131789007364637,-5.416380329462248,0.7894817747530617,0.029231054915675157,0.0016176946947925519,-0.6944780191490212,0.7189180825457396,-0.4760910995933704,-0.09030953543243922,-0.0758069432925868,0.40303137724277965,-0.09885502352395098,0.12752631693102737,-0.03464707764836287,0.012857579148912796,-0.06320074737276558,0.24841481546179817,-0.43448220523844977,-0.16512504845015005,0.10761091778839636,0.009392966887285074,0.25187021760845274,-0.3035847492709544,1.343965794740544,-0.1972043214627618,-0.2397596613309552,-0.3629131167503478,0.6213784176706184,1.2777825908008729,0.07094132590627478
-0.13818594188812927,-5.440750891073028,0.7845467642559262,0.030532513703187405,0.001178236901416826,-0.7008847287546233,0.7126197964997372,-0.4528179136033541,-0.09973994616453745,-0.09168453768846355,0.21761869724782304,-0.06053732575760316,0.09134346788413661,-0.015480291954489411,0.011119082507612508,-0.0486361053565102,0.27624219577168047,-0.4876146416066864,-0.18846696272251673,0.12491521078967605,0.009276607878243926,0.23621832502260287,-0.23489837966647553,1.3674503937432962,-0.2303625798745839,-0.27561397560682,-0.3645379163048241,0.6450106888780576,1.2733995689239432,0.07154697494005796
-0.13561559534313766,-5.467535591135975,0.7775831981041257,0.029414754018295408,-0.0008985019976155313,-0.7051137551195007,0.7084832794649991,-0.4263044813315888,-0.10075854697133524,-0.06738723250498263,0.08190286306311872,-0.06488898981608443,0.07345868862539237,0.011200709657395828,0.008572019462266423,-0.0449076743183348,0.3078705949116888,-0.5481237029010412,-0.21071521471940616,0.13461377914240935,0.015591098639633915,0.21896479114876005,-0.16252524122633413,1.3529548079673652,-0.24669840144718488,-0.2987735969145848,-0.36065017081593154,0.656390848766347,1.266340840967183,0.0754515362670643
-0.13335246617272145,-5.494788344463604,0.7699928087060931,0.02687665988083846,-0.0018447082519029703,-0.7066642739018443,0.7070359582057294,-0.4235052487479892,-0.10669384435884471,-0.04263146471257658,0.03164097588972789,-0.05499689576656221,0.05863664341989973,0.04099389516167934,0.008146561188357656,-0.045827017941444365,0.33662614524827794,-0.6021860970965468,-0.23111173769528212,0.13690010775162267,0.0116505984189406,0.20976922306223128,-0.14237716631075514,1.361098073581558,-0.24646729853745933,-0.31188309172539774,-0.3497267484541316,0.648229389373598,1.2618501110786244,0.07442218474251841
-0.1312687366560562,-5.5222449160952864,0.764651213828507,0.02475649225728936,-0.0019676425905727404,-0.7090808513416039,0.7046897123801484,-0.41291328953349,-0.11032299755847733,-0.023400671746622616,0.005160172483457502,-0.04560714134894576,0.05560436322684685,0.08230243419490221,0.009782106013635496,-0.04531720598377512,0.33451742749995206,-0.6465362608368441,-0.24698157952908445,0.1404441274611643,0.014837772045944959,0.19636410163360485,-0.14573337402298386,1.3664285976174204,-0.22220039788048312,-0.3130621822817739,-0.33866265963780817,0.6505950669062488,1.2562053694887183,0.0800055098607038
-0.13063930839892077,-5.550603950801005,0.7617950815053808,0.021371505879927463,-0.0008321841825675138,-0.7128972408566078,0.7009422873425073,-0.4052283647959371,-0.10759551268544527,-0.024220289679783912,0.020985273896225204,0.006441308935670725,0.03450618437754883,0.130410163865746,0.015643903592263073,-0.0370969875093438,0.31503124264604326,-0.6535653919814971,-0.22946280076964143,0.15074374035210938,0.01815077342199892,0.18862794026630983,-0.15484943391967912,1.3820436004217103,-0.22666043055947185,-0.3018748061303589,-0.3258529926641324,0.6566203968377106,1.252681094081317,0.07668368831907482
-0.12987996994658205,-5.579050514745037,0.763661569213729,0.01902220614321256,-0.00048767072009983073,-0.7174938491647477,0.6963048859956882,-0.3955206181392869,-0.1057030464729167,-0.032977083578709765,0.037615431076642655,0.10884403501581412,0.016563362120964854,0.18912420962804904,0.01949122364925844,-0.02344148393969006,0.261657040284878,-0.6496050007110747,-0.21785755711303628,0.1609364978696571,0.03788566232003546,0.1764846567288551,-0.16066427815033296,1.3953928303139667,-0.228647532338146,-0.27627046635915875,-0.3151897259081777,0.6582693622849749,1.2550252431447064,0.07036357443283127
-0.12854256633115227,-5.610563545318274,0.7661344384375038,0.01526889864094239,7.281031107672794e-05,-0.7216571407139202,0.6920822398310481,-0.3821772766032965,-0.10165815917815708,-0.02419022119653696,0.06908196613321135,0.1787572269866556,-0.013742468109543387,0.24325425064779824,0.023410609134079267,-0.005620468758235202,0.22066049667917956,-0.6448464281726367,-0.19144533268544928,0.1680852959910291,0.0521665239246656,0.17208310688110615,-0.17126672351906674,1.419642427152782,-0.2559316430479981,-0.2503491297024175,-0.2944075998232385,0.6547247507857931,1.2728868512086209,0.05715847452905944
-0.1279617424570293,-5.644057102655127,0.7674155628401906,0.010260504598481369,-0.00431186160121653,-0.723831212397631,0.689887313880964,-0.36144258002446794,-0.1079163134111358,-0.03614106690062201,0.12411226632251075,0.21458558616568396,-0.027131812498313687,0.27307532488122743,0.01879465226998025,0.004893672871880285,0.2485090778772352,-0.6479835825212319,-0.13646286757235263,0.17131904145517804,0.06148504989998833,0.16626260868061576,-0.16856074471683327,1.4504142129227633,-0.2638419059444545,-0.2142792974310124,-0.27261984500016473,0.644504216065362,1.2918728958262196,0.05663535864950778
-0.12740953511454334,-5.676050346383052,0.7691976503187734,0.0048856208818972,-0.008143906469459283,-0.7242968866436049,0.6894228219999652,-0.335143860477065,-0.11354691912117172,-0.04788934741158721,0.1740666374874704,0.2392329030317016,-0.06232800558762144,0.2679913079818495,0.018618927638663078,0.022652624569511736,0.3319874999448488,-0.6230445895026764,-0.09346292277348812,0.16482229064505383,0.06905513444074002,0.1649141664021903,-0.16469879846091887,1.4781628113792824,-0.27699384213016126,-0.17555975992698375,-0.2520787126286395,0.6273822535076988,1.3143984259725396,0.06350725771780173
-0.12622737209352253,-5.705850476252751,0.771377707295155,0.0016399349406222927,-0.015255341519647175,-0.7263868730820997,0.6871147617265396,-0.2942386195613641,-0.12437451481160498,-0.055052768399046575,0.19885936916688568,0.2060089955370652,-0.07887095489429503,0.23314746323819852,0.010346240469696608,0.04748894446953328,0.46391816049305207,-0.5526169386809693,-0.04173040331055629,0.15778756827679982,0.08223448038306781,0.16104885362106836,-0.16445206653105962,1.488538904505114,-0.2859134716744199,-0.13365873815252746,-0.23985981226023056,0.6216057190815154,1.3341510577683109,0.03479240489426793
-0.12553038181159185,-5.733170433551486,0.7746620288131625,0.0007932738765717404,-0.01876902836914529,-0.7304600128218324,0.6826970513770829,-0.2503664032094252,-0.1271931347908624,-0.05053398001488508,0.19940478122273167,0.1694865302527266,-0.08902831549808404,0.17675932748392637,0.0009165410478820411,0.06311644769146893,0.5957547813897718,-0.38453397181818016,-0.02262663056296779,0.15427669985451223,0.07275395422655762,0.1590090314848608,-0.16778924049880214,1.5072886908899659,-0.28168935281124174,-0.10250177731075152,-0.2360546864767687,0.6283315601132684,1.3411107633653212,0.039034007601210646
-0.12558723296036978,-5.758396065829398,0.7782374809901333,0.000894895364206087,-0.02032840730181872,-0.7370497084733043,0.6755321474647044,-0.20817290250465745,-0.1259180671559638,-0.0418240267648454,0.19139722236828727,0.12989266878675892,-0.08696047087771636,0.10703532457572708,-0.02005330239755324,0.06025984649004918,0.7066815116684516,-0.1626616554462132,-0.022319711440182646,0.1496147439487233,0.05430876394909492,0.16101138362115602,-0.18873360288216984,1.5212545885344648,-0.2987171546223812,-0.07778214595741163,-0.23336222776881207,0.6304559058668292,1.3430491124198782,0.03288598464110726
-0.12570724350182508,-5.779401582732547,0.7797123067316399,0.0044438230694820655,-0.020705653004714136,-0.7436965034533942,0.6681818907463526,-0.18459827637748372,-0.12974981060051297,-0.029352530060357887,0.1943062525551662,0.1046643079016087,-0.07360784257427166,0.01571664810303002,-0.03039966772457651,0.08232611494322113,0.8236212918737733,-0.09578617067981007,-0.0002524614249261121,0.1377681720211247,0.03140395724876793,0.15939609962329956,-0.20073886325394535,1.5325057410605663,-0.2936602751215053,-0.05735229111060053,-0.23782969319998548,0.6265449693037489,1.3314442340421755,0.03485690854735609
-0.12666123009682204,-5.798683158656127,0.7803406223076074,0.008154214504447742,-0.019836992382721387,-0.7481867458653028,0.6631414598941248,-0.1722001680741286,-0.1329023597150446,-0.014576719119535123,0.2118074872442509,0.064312787550788,-0.041104906293594035,-0.0764236390825479,-0.020836412594502626,0.1162822925744528,0.9229612201645667,-0.18946972166423467,-0.029738670033046546,0.11701930188138016,0.013351255834624322,0.15813788281220442,-0.2091145200010632,1.5223173963853616,-0.2792239777010235,-0.037949855077513674,-0.24698504303682767,0.623176051137414,1.3150027429648978,0.053807931164351695
-0.12832954773113706,-5.819354758784282,0.7814006042909797,0.008709438348088324,-0.017742475064382594,-0.7496859712116979,0.6614985221681322,-0.16070454497628067,-0.13291107331189944,-0.005695746983948261,0.2403142801208828,0.0032969665092788814,0.010024934291693363,-0.1535404769579543,-0.020526452653513657,0.11968993937697404,0.9684196086888521,-0.30149665942429804,-0.07170064991366949,0.08714061112279045,-0.03314286168224898,0.17108772223977708,-0.28887301853104635,1.5384914416991589,-0.31653146140628413,-0.0423024693555754,-0.25959755908005944,0.6098985009332145,1.3247313684348259,0.049992401052088846
-0.13065415353863397,-5.838215662205408,0.7822084909896861,0.009131606453430537,-0.014191586966180343,-0.7500576735253521,0.6611570910220173,-0.15175820901312403,-0.1272213211131512,0.0032552283092089087,0.269246508176529,-0.049998864170335305,0.031457944001293474,-0.22962342609420977,-0.034656318253369,0.09429637921413717,0.9739333415677928,-0.39395605743497,-0.12563641605583872,0.06773097933686227,-0.09014781781049154,0.17874064969477632,-0.314191948251151,1.543063540394971,-0.2999931509062387,-0.02894356821447737,-0.2663815865059685,0.5803325611878414,1.3128983103389986,0.049693985393830485
-0.13384787151820554,-5.857776335892954,0.7829889880996754,0.009315892481430067,-0.01087813469824532,-0.7497663048306871,0.6615477068763048,-0.1346152848603162,-0.1206488209417392,0.0041405431217375775,0.282970702370251,-0.08837913582291995,0.029080799701683452,-0.2923520724559104,-0.044186668417439234,0.06983714611330596,0.9294364976931544,-0.430551825182052,-0.17441552211028416,0.03993019007943609,-0.14839475444412137,0.1909251569450428,-0.3519252294957611,1.5512041176875764,-0.31070114675184046,-0.022754999772954435,-0.2716913658542175,0.5627686960184458,1.3083556689209817,0.05028888042856585
-0.1374429849823694,-5.877398667449441,0.7837681327716159,0.008779648980788902,-0.005081397908133466,-0.7478908810085185,0.6637441730541778,-0.1201413120717488,-0.1107148818127164,-0.0017017642773760893,0.29391893306549144,-0.1229224041504706,0.02417571597134652,-0.34204799221646764,-0.0444152907079888,0.04087923911475767,0.8420566729526218,-0.44195332243711993,-0.2505821138915469,0.018202659187885023,-0.2067695659106961,0.20377625632081217,-0.3639515490065616,1.537818272181994,-0.2899825259088139,-0.01867973619730498,-0.2682541729755332,0.5388547614955549,1.310824881445438,0.05797045054732765
-0.14100729838640697,-5.897853239732473,0.7839753090206294,0.010398393374851735,-0.002981729239635672,-0.7432010707004632,0.6689806807491884,-0.10571505555694936,-0.1149415156459672,-0.014542022983441868,0.3048469766366953,-0.15626004360868107,0.06540332966918078,-0.3760308108855848,-0.044212261164878856,0.02492729101070115,0.7288156446243835,-0.44145477532193633,-0.26179993499222054,-0.012678519830044983,-0.26067463473428854,0.20970854997898183,-0.360710326744587,1.5289142322200386,-0.2724975807495204,-0.012901865523263651,-0.2702134656085996,0.5220898859504963,1.310317040715383,0.07094710155632257
-0.14520005817512677,-5.91947466402866,0.7831546850631963,0.011476653228050623,-0.0004059355151132656,-0.7363194070501639,0.6765366600919236,-0.0869859923180823,-0.11324902319895952,-0.0245792286429268,0.3175344799664825,-0.1991149452697136,0.08400579157422204,-0.40110720580056985,-0.032947853634254586,0.015553699147938069,0.6013591605354749,-0.4047087635135255,-0.2524769568423411,-0.04479746595062607,-0.3157541150632081,0.21699846359096847,-0.35134462830986185,1.512469620552442,-0.24623700210255375,-0.004660942571144983,-0.26825124777302933,0.5045575962660857,1.3008114823373904,0.07055341125426726
-0.14828480642917402,-5.941974853897328,0.7818408445978121,0.013167333493770172,0.002364863149708702,-0.7283766225720485,0.6850463666362168,-0.06572737250462907,-0.11336477133410441,-0.042059913184123415,0.32002139441914795,-0.22337326190925505,0.082444211873111,-0.4166585583124792,-0.015776089617731234,0.023517639603471314,0.46031081791136497,-0.35081805444897524,-0.23363209131833376,-0.07540919610458421,-0.36753950159514887,0.2275469276443469,-0.35804264483957776,1.492747205473124,-0.22154734066974213,0.0036486561375583463,-0.2656018221445666,0.49713092842430967,1.2933749895369495,0.07195160743000217
-0.15015917336828283,-5.965100873938834,0.7796263232342364,0.016546477558139875,0.002513227129492926,-0.720204642639397,0.6935597814828013,-0.0419838185350193,-0.12157834587542282,-0.05513654392780071,0.3234838808383364,-0.2762714107890086,0.10906639045542396,-0.41876380606016433,-0.007478576035066144,0.03866661542912517,0.3141462607971056,-0.303044486615503,-0.20891407544992813,-0.10123169715680752,-0.42198602102229166,0.225218073262793,-0.35626566090067807,1.4791856441831135,-0.1973047150014052,0.014184911117885193,-0.26629407357766005,0.4889977941732552,1.2849101808164243,0.07275725453299133
-0.151901516216028,-5.9904613164300216,0.775672618246267,0.01700672289931084,0.0017848447656250272,-0.7179439577363094,0.6958908386056768,-0.004848701304653252,-0.12258237738445785,-0.05716486692197017,0.3206175462938395,-0.30310090093051284,0.118452811754025,-0.413398862589737,0.0015635181641493073,0.017368490462946008,0.18855452561244865,-0.33727814987566385,-0.19671333109997263,-0.1106801003179138,-0.4618300526350288,0.2201641479906732,-0.34294678463046113,1.4625636861021964,-0.17594352824021844,0.02365953183392576,-0.2662489334089845,0.48813791471608736,1.2876562729369019,0.07842739799970258
-0.15441732880956877,-6.017294179329861,0.770736260998553,0.01543194955368954,0.0005050877949428767,-0.7169700219021352,0.6969329863860246,0.03734783174017789,-0.1197046795108794,-0.0583967495002457,0.3204060235296611,-0.34101275846787926,0.128085959647568,-0.4138528064238815,0.010823377240291343,-0.023593408503444838,0.11144706694140212,-0.33305535079475523,-0.14563255785526596,-0.11398793094306156,-0.49198842969505674,0.21223334236894828,-0.3391105064955132,1.4504854251040031,-0.17450187129600084,0.033481802208968514,-0.26330985800918805,0.4808726649909063,1.2983925222325878,0.07746818944068627
-0.15676005678996216,-6.04434087058154,0.7651002087837487,0.01508675372246912,-0.002385969863610223,-0.7175818759663276,0.6963066481763427,0.08337484419180179,-0.1224469757208692,-0.06283852245820522,0.3117941879269875,-0.3719985983041708,0.13203499996731063,-0.41727837537328016,0.018958480528160973,-0.057622511452857406,0.07689785876892087,-0.315798871143238,-0.11450136225737804,-0.11396855821142073,-0.5105826792801236,0.20041056169259916,-0.3270756001942707,1.441199277099534,-0.16537283091501287,0.03778177641295832,-0.25844091658074414,0.4707607710378878,1.318400972536829,0.07682052310443413
-0.15841009721947405,-6.070996090253222,0.7594487052182649,0.016722221430258144,-0.0022171059491955768,-0.71575759531115,0.6981450540582856,0.12152942660463474,-0.1223838319813234,-0.06200699950528653,0.30443378453082504,-0.4100325821683594,0.15084872031207439,-0.4191205247906267,0.024589409214882327,-0.08021542334778602,0.07283098203882159,-0.29792469992752546,-0.11025288864685232,-0.11863831966289656,-0.5267852314318155,0.18640535027435773,-0.3224419505037443,1.4406049978255644,-0.1609695376050155,0.03992329283863887,-0.25170036822528974,0.4634693024349568,1.3349751057759431,0.07583111286219872
-0.1601404282295707,-6.098784881911177,0.7567183564460307,0.0187491558575456,0.0006396980349711017,-0.7152884826824564,0.6985774448712768,0.15598740493865507,-0.12033072442387348,-0.07117068283340727,0.2869284158167071,-0.4249026887434569,0.1520080697971468,-0.42196515779025673,0.03483000631802748,-0.07806354040290926,0.100126330139757,-0.2471525808685467,-0.10800812851782808,-0.12562347900537643,-0.5284816370796817,0.18215061374609137,-0.34024313658826044,1.4398641645472912,-0.16806794639255485,0.04335182403878453,-0.2413556105953789,0.46556205232628534,1.3430161187652876,0.08242700465857734
-0.16098299291938667,-6.12708593523659,0.7579812526031982,0.022240943085715566,-0.0015562868062401467,-0.7141855934170136,0.6996012125329841,0.22301926091778815,-0.12285603573458788,-0.07635391064883172,0.20722001019952224,-0.4231301685492532,0.133206869338802,-0.42521935455526993,0.036464124353650165,-0.05862482761067353,0.13159608939982986,-0.16262149322042,-0.14538477717522155,-0.13435208450462277,-0.5091926116671446,0.17172360651374016,-0.348740370439365,1.4523005552966195,-0.14328296703661866,0.05434337551510689,-0.23988046552172249,0.467869623768886,1.3483113367595447,0.08501117886857427
-0.16189920824653142,-6.1574147187876465,0.7608203934070752,0.024889627615947655,-0.005355216000530602,-0.7125937824516019,0.7011147761315868,0.2606273321348281,-0.13221888075927107,-0.0894767756307889,0.1889716182381697,-0.4490484075312269,0.15416178448208684,-0.42944342237146926,0.02743950688825828,-0.052380411932996335,0.1899496517497552,-0.07424712672132495,-0.14699140912437225,-0.13963372167809035,-0.4852695707685266,0.15294451710066978,-0.36989711487218047,1.4785569104384368,-0.14178261112791063,0.058882701244435245,-0.2400755633688849,0.4605523589919512,1.3570067892481883,0.07993014488946469
-0.16255979231804,-6.189397466165837,0.762355851578782,0.022444915239582586,-0.008955309890919128,-0.712974036324068,0.7007738948708143,0.26552307644077766,-0.1398319178202736,-0.10365633629469843,0.24357819069081652,-0.477708004860676,0.1393166693751842,-0.42732504990764214,0.025759391022629016,-0.047840741790772,0.27431274891794766,-0.04359915368736068,-0.14759583559169323,-0.13568316164864333,-0.4554503763953056,0.1359695005549736,-0.38228489571459606,1.5145396193494736,-0.1347403457452227,0.06222773930025176,-0.2374520327953581,0.44941102874663935,1.3629625358264443,0.07592400626176754
-0.16362325669318226,-6.219982430706048,0.7641647439292765,0.017367030920938754,-0.011733611926577323,-0.7140272268045676,0.6998041354335691,0.22987359579430408,-0.1458838870991586,-0.1129684702008505,0.3673350379238867,-0.48680853492847176,0.09430306107565468,-0.4181426319048919,0.033096383669438664,-0.03607671101397426,0.3605110541393084,-0.08615719062647202,-0.1510293632192672,-0.1250342542230156,-0.41935541874375615,0.12174207075938416,-0.41066935649394254,1.5528423028695288,-0.154522698984208,0.058589782929723264,-0.2336421680480661,0.44511552719419273,1.3690403214863989,0.07333993579735992
-0.16461123702019786,-6.248452729891924,0.7669191132845244,0.013150870008403905,-0.011518318167593494,-0.7137624425443027,0.7001696641370588,0.17477305384019157,-0.14207083937922504,-0.10610057473643128,0.4945200449797056,-0.3658743031107967,0.04581702526656572,-0.39282689652327446,0.036234608973011694,-0.0444908839759586,0.4023863867419019,-0.12954610588564447,-0.15069978273009355,-0.1156855264477799,-0.3735809582357272,0.1202252215461686,-0.4333475242642255,1.5734860751562463,-0.1453137336335994,0.046778400618591176,-0.23170688039094273,0.45413785454832334,1.366850986103828,0.0758502294916377
-0.16624251706248766,-6.2747415775364805,0.7705849891373492,0.014488742123599112,-0.0029098924298078823,-0.7107459437024825,0.7032935463859945,0.08516569560468054,-0.11654755734768991,-0.07915162978475715,0.6183175644905112,-0.06301707672072515,-0.016457854508467172,-0.3738426027926943,0.04271614077814237,-0.053738188799066035,0.4114814637150125,-0.17271218707680971,-0.14804276457693616,-0.11010272526581807,-0.35406998166661013,0.12858061340496582,-0.4619811890495041,1.586513973476709,-0.1597145401300183,0.012076328090162252,-0.22733272246654607,0.4625979842411538,1.3529266651624812,0.08580098254888403
-0.1674221994994828,-6.297556212450842,0.7741063868708271,0.01572259344306276,-7.052110296111233e-06,-0.7020124818407175,0.7119910640910648,-0.008263869078083498,-0.0923925670320891,-0.06695785288005289,0.740587260302401,0.11687070537964328,-0.042450595891103816,-0.34333030103635565,0.034782335458476116,-0.06795914508073651,0.4042620539803029,-0.20285715625913223,-0.12774237200181895,-0.1124626983740157,-0.3232882997923414,0.13736811600900306,-0.49656987114085216,1.5844194396816926,-0.17139320167969446,-0.015508508440722593,-0.2287993110293272,0.46606044652194933,1.338718685113264,0.08873986314383776
-0.16992211264443657,-6.318150030434523,0.7771683998944876,0.010620294485082747,-0.0012599694343921708,-0.6943517673397498,0.7195562834234992,-0.08020977744340922,-0.08659995115964003,-0.10326924103977148,0.824064658006522,0.13740988860021128,-0.10263158152929716,-0.29910458184215144,0.03506376726049108,-0.0832435560469159,0.3925561013627978,-0.2163517477530996,-0.1066024997989216,-0.09586673808426031,-0.2708158551537584,0.15003676541062727,-0.5092544919580769,1.56343965701128,-0.15681915499116245,-0.01736486336478992,-0.22980358557467492,0.46745973279060427,1.3115336996432143,0.07770067846800435
-0.1709049819078316,-6.33783084567474,0.7802176534343678,0.009478872922679366,-0.008157439662618855,-0.6866684529445646,0.7268631527852981,-0.16251676718383049,-0.08459484299626198,-0.11549445567126967,0.888857050197218,0.09062690455040473,-0.06976961895001478,-0.24866985868109395,0.022384642187867242,-0.09560962249080433,0.3708825260687373,-0.22745871349962088,-0.09820239463735747,-0.07844287721055089,-0.21632790079628184,0.15661435532147175,-0.511668642928941,1.5159246153131667,-0.16574989890272276,-0.02243374587488029,-0.24574327794703807,0.46989871814468137,1.2977021674624192,0.07500288345796666
-0.1714908193662161,-6.356426349278345,0.7828246122510395,0.01292932504760322,-0.007674624782069744,-0.6829200320942929,0.7303383890037526,-0.2701177559442652,-0.07784396995946857,-0.1091621211148282,0.939776534742808,0.012460518329176672,0.007289033247748266,-0.2182833793478596,0.018704097282388026,-0.10254833167612729,0.3507771988544156,-0.24225443857003007,-0.10423443578427384,-0.05316208113543449,-0.17950363718375578,0.17146759364263997,-0.5111389810967489,1.4822130260301056,-0.204176896587524,-0.04596524269726429,-0.2594558755557353,0.4919610322863646,1.2836920193087504,0.08280637644485182
-0.1718733640671809,-6.375200354669235,0.7852611847906257,0.01671677218077299,-0.006866097994105246,-0.6805734086821705,0.7324569896047971,-0.3565592496649596,-0.05307588748040883,-0.0808536827959822,0.9372655063036942,-0.021821949958364513,0.06886089787932417,-0.1904905003950224,0.017899634115902903,-0.10555165314506856,0.33106085074488306,-0.26021589796502054,-0.12556921388067854,-0.029252125929470255,-0.14292722415706963,0.19054674923769585,-0.5382268035989701,1.4338371341138267,-0.262661143575282,-0.08030746257289306,-0.2737044653796718,0.5036272378807308,1.2825192538495775,0.07993197095486992
-0.17058348671508508,-6.394784570079531,0.7867362815662926,0.020129293657788518,-0.004701138899828001,-0.6892219579518111,0.724255344134204,-0.4251487599675444,-0.014911472495504265,-0.02680664705762212,0.9110204279738269,-0.10852313985422989,0.13867520499579297,-0.16663040718408853,0.025292432305776175,-0.08634913363731776,0.3187598415186571,-0.28627254062778734,-0.1365973991829239,0.02088745699569043,-0.11724797891037166,0.2000199945759213,-0.5018330255913509,1.41660736608098,-0.2538420746204172,-0.11783464795282964,-0.28308144057163764,0.5185334339822972,1.2900822244668573,0.07242493270837617
-0.1689505924580705,-6.415471641674451,0.7871564832512883,0.023224794369071346,-0.006792519632303769,-0.6829902594278605,0.7300265585101832,-0.4671961718849585,-0.03000726663954068,-0.032555819111642924,0.8108551139799409,-0.11055353222653425,0.17093362050140243,-0.13596685368957911,0.011418848121271474,-0.1052600199072866,0.31372295426506813,-0.30942836357855,-0.13651368654178078,0.027312866027417303,-0.08094785112196208,0.200454096560797,-0.4303566174624711,1.3974685749640927,-0.17651389599379408,-0.14793794486083886,-0.29807175211337983,0.5349654171144811,1.29685179053412,0.06940102823071649
-0.16636303825816307,-6.437175440473067,0.7861400856708534,0.02600226105571564,-0.004929524927068962,-0.6850816297477811,0.7279854001187847,-0.49616902699208143,-0.0475714113537949,-0.05274402844845527,0.6817697506961372,-0.08691704829804081,0.15889124606923735,-0.11071036022041884,0.012332736275110712,-0.0984118202226436,0.3088412901672465,-0.34580708525321124,-0.1564392485977867,0.05092344807218857,-0.0636911753421626,0.21355294707540112,-0.44135190029525495,1.3837049156435264,-0.1858892838853884,-0.18130277521857033,-0.30664071780586327,0.5554982512556506,1.2935916335615179,0.06556876465421563
-0.16359922013039474,-6.460027463535421,0.7838041469842318,0.02658869857066796,-0.006364316865661265,-0.689169245429207,0.7240844479297203,-0.5010252963198767,-0.08161170792830033,-0.1054790321768359,0.5231861863445334,-0.0684351005490848,0.13575331344789893,-0.0803118207130439,0.011947221462207204,-0.08924308292814473,0.31361763305569396,-0.3993214102833528,-0.17551210591179395,0.07861612231682982,-0.041340550774944855,0.21738962283821647,-0.438900968345498,1.3826941622725963,-0.1942870690564418,-0.20344222323859543,-0.31596332128485105,0.5789929268494497,1.288124430044274,0.07568494185496517
-0.16209336244249914,-6.485846614493819,0.780174258197648,0.02623879033679387,-0.006756225869121533,-0.6913634691254169,0.721998914717006,-0.4996960854499964,-0.1134248364280028,-0.17299783922316564,0.3681290719960282,-0.06360657032357928,0.1326222686611307,-0.041471953601883535,0.013894784623916802,-0.08828376496860467,0.30892588728591946,-0.4640148830482704,-0.19826319146936963,0.09771645343221239,-0.0229892921029282,0.2197307083877129,-0.4342872226069678,1.3894866289511751,-0.20848478355558608,-0.22435734654608025,-0.31940368803597,0.5954828629977323,1.2845612276527907,0.08158066031725894
-0.16001487351971286,-6.511819647880824,0.7754203310524325,0.02548955179605136,-0.00934325068094295,-0.6952182863784312,0.7182858210357392,-0.47885891625646737,-0.13050526788911557,-0.2194139970120217,0.2016316947747252,-0.030055466773568348,0.1094674543568076,-0.0021180889310420735,0.010801229200863382,-0.08077077710439327,0.3122816049182167,-0.5019471630717004,-0.1916427738062358,0.1170498581531778,-0.0017779008221955892,0.2183985864050152,-0.4247032753090781,1.3937832663465572,-0.22248772689210752,-0.23958237148922,-0.32314365580932347,0.606444098202334,1.2782011289207056,0.07369583029030173
-0.15923131803497712,-6.540125598844827,0.7687741459040939,0.020706966588118696,-0.01121487809655363,-0.6979001695107436,0.7158077964376136,-0.450817272137388,-0.12686976175490008,-0.2212513592953088,0.07504626256604861,-0.03097455099796577,0.06325048346993374,0.04382626083909199,0.017210248975830438,-0.07673467521244937,0.3185069599567837,-0.5463549690995856,-0.20551283889199856,0.1354646354803751,0.010313569167554588,0.21203681227944077,-0.41667607257162326,1.417018256062624,-0.24352836014414017,-0.24535611507558355,-0.31897652323503606,0.6092400633504159,1.2701667375372432,0.058344053872306394
-0.15855984973476966,-6.568746166376871,0.7614188391819241,0.01714786374420873,-0.011201281854500584,-0.7052474774200347,0.7086652789903725,-0.44275379276002647,-0.11826169875322252,-0.16226552968975497,0.03347591264545735,-0.03510285299700737,0.049231286311363726,0.09260305123138353,0.025469042805740336,-0.06203215620017372,0.3088052896051869,-0.5751556671399157,-0.21420931891889447,0.1628289227947242,0.019850759795722817,0.20861811225274107,-0.40456617767130343,1.4328540026044967,-0.25002129701310355,-0.25120662158211665,-0.3144467943516861,0.624832308095892,1.2596351693459524,0.06343487585652657
-0.1573758266289231,-6.597335272667057,0.7547689131847835,0.01342183824777214,-0.012248208191465484,-0.7094499084946532,0.7045215844749373,-0.41816009081307504,-0.11155492249476642,-0.08450142302208079,0.022762180921715672,-0.05049829470342701,0.020867327039537684,0.1337804971810128,0.026938038853628447,-0.05859746333031424,0.31855332639304446,-0.6046755329154875,-0.20123553914592776,0.17531132264261723,0.042310085769074246,0.19962243520389683,-0.4012268771364291,1.4243969314280218,-0.26498831525299804,-0.2539325170702512,-0.30441174810755306,0.6228334775347413,1.2675402061272611,0.05247943758407592
-0.1566350607384343,-6.625944980279672,0.7509892794913966,0.009712293283317935,-0.011608076473259024,-0.7174629458927099,0.6964322258416268,-0.3969564569855135,-0.10404805799512867,-0.04712340771687407,0.03812843366670566,-0.02118826605893133,0.004376917875391297,0.17746908883877363,0.029890451736555333,-0.04077496732469805,0.3111467447966654,-0.6318624266011875,-0.1850704149121415,0.19454795064401145,0.07144562848237954,0.18079527804278703,-0.36914204474581913,1.4231928996179055,-0.25203196768448294,-0.24773436027834533,-0.2936906419235387,0.6348486196785573,1.2760172027586345,0.049346718806588266
-0.1566350607384343,-6.625944980279672,0.7509892794913966,0.047226888131314405,0.008814891970321585,-0.7207394064827974,0.6915393167852482,-0.43152633144909885,-0.15813388648283633,-0.07046713463010629,0.031163157906482844,0.026585465109738977,0.008442330761885065,0.09213094548687913,-0.005518942800122387,-0.06978642110588787,0.1816568285811269,-0.5528512255217495,-0.10057659605727376,0.2708406567952228,0.2404638842020712,0.1779595724589327,-0.45421913097459826,1.3071448471821765,-0.2096763710336945,-0.09932032792252872,-0.2037355030862525,0.6137594948890027,1.3607836626455188,-0.017049284812054307
-0.15761943161864067,-6.645231394519991,0.7470622863519363,0.045020993789182645,0.008676043731646571,-0.7255726936219203,0.6866164159511705,-0.4216403887547258,-0.15614569644169016,-0.044569110193145696,0.03808802110524041,0.012986517220544544,0.012150136348938436,0.12633492339102295,0.0007534185251266848,-0.056905854547438406,0.16916912502776002,-0.5867407879241732,-0.12166563978695846,0.26831273837157565,0.25148236611143265,0.1698345552764123,-0.44153207921691007,1.3077283872234668,-0.20809073403935507,-0.11049666253108616,-0.204429490837152,0.608742324736024,1.3589627824507362,-0.013805997730333076
-0.15891692623608322,-6.665652740955511,0.7459900052842559,0.04173614691898977,0.0074024796479673265,-0.7299306495975568,0.6822056464978185,-0.4137029738861787,-0.1563137967297121,-0.03839224927646671,0.07091196798220148,0.02778621026919493,0.040924254601325774,0.1678535929651128,0.0033175176390669624,-0.06022089590586231,0.1477047250053428,-0.6152999146512163,-0.12464330578687896,0.2651966206725117,0.2593200842817121,0.16483323239377495,-0.4358301191070765,1.3085718674693352,-0.2106406511239308,-0.11248006775205138,-0.20416759173093968,0.6188949306245652,1.3654552663900152,0.026083637076858887
-0.16020522631004724,-6.688398262542971,0.7477854589532485,0.03855150883479724,0.008492269569801538,-0.7365494322158103,0.675230772718988,-0.40364011240421455,-0.1449296848643291,-0.014791104993067064,0.10204985548541722,0.09340070161658913,0.03231696467081413,0.20451175827185925,0.005477604859322006,-0.04442768131408036,0.1260775083877078,-0.5901188872000374,-0.07784694840182171,0.2600806311782884,0.2576693100010409,0.16069736053445124,-0.41975172994257354,1.3171051579308073,-0.20956472473063745,-0.11823814612554329,-0.20371918569070707,0.6382336240829689,1.3650999646983988,0.05860703020881084
-0.1612288024849971,-6.713477763402225,0.7500079447694886,0.036261360584761114,0.005225931737031062,-0.7419291327639481,0.669476635381816,-0.3817929733009716,-0.1449700943541933,0.005983448536870184,0.12292211366541148,0.13042976585696275,0.04955949201945078,0.22498838787624112,-0.006120640709436874,-0.030359069656343343,0.1483995962726785,-0.5541787520676352,0.0093460166624214,0.24614458714947424,0.2360977057628586,0.15406294716566904,-0.40138544477977234,1.3494165606963384,-0.21678979123196,-0.1184857724070588,-0.21028295739538097,0.6552323063692237,1.3628115776580019,0.08312303106344718
-0.16191246920853497,-6.740120550279781,0.7529480419912278,0.028441663792343405,0.0003796933842520544,-0.7474043130200018,0.6637602884119804,-0.35337342773549885,-0.14982845059218095,-0.008028826208464165,0.16019465936092447,0.1766955205329614,0.049257898120573955,0.2356186090432031,-0.01043515424426814,0.009531583150833408,0.2050268390408528,-0.5020814751748057,0.07672680765205223,0.2369347165747692,0.21182525046357273,0.16115711529592594,-0.4090483981160119,1.3818645694234724,-0.23835089965342127,-0.1109171383327641,-0.2063340997531574,0.6393940734430036,1.3662420145338592,0.05430538892067602
-0.16273115631252377,-6.766264009737125,0.7545686301359587,0.017978683328654724,-0.0072980462925374,-0.7503314516820349,0.6607769805939138,-0.30903528451938567,-0.15077032503772295,-0.004833609960728577,0.19037043549029775,0.17479326535178763,0.045418055430028574,0.2264974127080376,-0.015264701460408115,0.02727709002805698,0.309177288053238,-0.4969412051843716,0.13540293764031353,0.23098800400586897,0.17703739785253855,0.17077042503801876,-0.4269991383347634,1.422443539732792,-0.2624296527325891,-0.0851950263190398,-0.20791474009164249,0.6333575325770973,1.351799239069192,0.07410524180419105
-0.16328237255272315,-6.789740486351149,0.7553277577061859,0.01534190034242238,-0.01373892357127724,-0.7538699467591697,0.6567008233939652,-0.27027649564021705,-0.15647031061115077,0.0036744838017017936,0.2041215173576396,0.13395828600752557,0.04678838722393249,0.1735471549999404,-0.02745563756384942,0.043808565595399536,0.46090180818792736,-0.48008834749386814,0.1712876304068247,0.21671613226002817,0.1292104977197004,0.17616317065307718,-0.43989762238557023,1.447401123134404,-0.28044829353788875,-0.07903389103285886,-0.22074035593348448,0.6361936492997134,1.3494844215486497,0.06055373436551949
-0.1638712911799014,-6.810773210063703,0.7562458487424873,0.013504356212083152,-0.016945276486672992,-0.7604957078104938,0.6489813312953641,-0.23581046792201996,-0.15592668503794307,0.010647565897073103,0.2085404273365161,0.10884321672675273,0.030997991441878044,0.1003214910293672,-0.047432262820949776,0.047157766133179686,0.6134912158280664,-0.38206162910951946,0.21364488008520396,0.2111015453400948,0.062163845929698695,0.1830793564148704,-0.4526064865863349,1.4786072700405084,-0.2880349333462278,-0.07391094553874167,-0.23295243878007396,0.6415952211043953,1.338893272415516,0.05670625676016288
-0.16421545956639855,-6.830858035319518,0.757641574730183,0.012716924976864904,-0.01845511338079399,-0.7664059964343826,0.6419653707472517,-0.19836412627871103,-0.1560278702710313,0.01909941195829167,0.19810049771484275,0.08332765496295254,0.022377261627162057,0.026120136441242968,-0.06473098518803154,0.05967309656892604,0.7313678515759433,-0.1859187665405416,0.23075279322236805,0.19934915141815057,-0.0063084195579266806,0.19131492983025755,-0.45585396844029086,1.4943089150668876,-0.277181358838321,-0.07871746751696218,-0.2433905359864604,0.6359989359030842,1.3337901044854463,0.04323093534278832
-0.1653165070367102,-6.847168395103933,0.7575054665223588,0.01283982545028914,-0.017588126565110798,-0.7716387897340041,0.6356881113125973,-0.17898685016123697,-0.1532621089441769,0.03141465684875764,0.20578788035124224,0.04854370652038749,0.030256216905067808,-0.05809240787702444,-0.06920395043347355,0.07877877251841174,0.8412650047780738,-0.12144059220280232,0.1411188042700741,0.18715374622479491,-0.08241572677686958,0.19862829950296104,-0.4691501715134265,1.5107158572626211,-0.23080161111174216,-0.08107649606622398,-0.25789018029116534,0.6308689779874275,1.3250669239038997,0.031228180244316388
-0.16697295586137817,-6.861706959517737,0.7564593877993647,0.012497990707105859,-0.015537154507963856,-0.7740956131136869,0.6327545960451225,-0.17253770671091848,-0.14966467967826613,0.040071180584936375,0.23241484447511568,0.0022751118468232663,0.041580005267856456,-0.13999377677145014,-0.06553400983799071,0.09979095264173263,0.9348346414955225,-0.24990730622269625,0.06251984142855638,0.16828519817413062,-0.16817932499649568,0.2031163838677732,-0.47722131015558855,1.541511383142092,-0.1969340884846049,-0.08002956105299025,-0.2705357015969862,0.6212910696451248,1.3207341208427217,0.028763541758576303
-0.1696728302475083,-6.876867210343968,0.7562274152561996,0.012716364147326803,-0.010353557104195202,-0.7746276130145912,0.6322049976815113,-0.1674244255009257,-0.14150390409067765,0.041311211454611245,0.25313584381783305,-0.02573749359810177,0.032014358586434526,-0.2143101556544381,-0.07049449038819385,0.09592406407697322,0.9715551180385552,-0.3632237815858848,-0.02297637361941016,0.1425625241646926,-0.23848651435570553,0.21571318933859843,-0.4968636794725389,1.5329315997933584,-0.2252615644278431,-0.08719347340302028,-0.281703676254504,0.6046851846931646,1.3160498948022208,0.034809450094947285
-0.17334714343041213,-6.893380110332903,0.757806147154124,0.010898663484145463,-0.00716176688034507,-0.7735117352271422,0.6336477915177379,-0.14679609167491003,-0.13543703026612788,0.03340749554131141,0.2533998297462003,-0.03677568274975392,0.016164869296365195,-0.26927990450896416,-0.08072825454411853,0.08136737788089918,0.9521463172720208,-0.42143755353182183,-0.08310424714114782,0.111037251430612,-0.2966312777942216,0.23189458207066624,-0.5078753201364106,1.505726721253324,-0.23770456431935835,-0.09064287876689296,-0.287672615415916,0.5867314633767229,1.3155048067912187,0.014336909204212808
-0.17700088352184315,-6.909950242406782,0.759187516563732,0.009934226257451625,-0.0050308111029471496,-0.769446355560493,0.6386143656409462,-0.12437327453695247,-0.13428077499104077,0.020272311393267003,0.2519892525242943,-0.06813971291900592,0.039779950513597805,-0.3124218794018434,-0.08415779408383829,0.07188519526160068,0.8934031525505712,-0.449649501787911,-0.1644276612559049,0.07499417266389702,-0.3584717861246229,0.2370593950853181,-0.5059382867014889,1.4890490863136907,-0.2235970455787048,-0.08496537607233658,-0.29550871414286184,0.576532168050491,1.3180546156319997,0.027171565191886463
-0.18144145971980136,-6.926733276472484,0.7604123777428977,0.009397300767123591,-0.0012737306050700503,-0.762760234564677,0.6466118564606418,-0.1045980696810364,-0.13000866612692638,0.008321574340310878,0.24983213315602448,-0.09701923610113573,0.05123978730477717,-0.34797428827478694,-0.07399934898330335,0.0732370837191982,0.8083928834931331,-0.4546989587855964,-0.20873522122432897,0.03858996278425563,-0.4193381664723295,0.2394847073277568,-0.5167338820755497,1.4716890904847346,-0.2128352497713777,-0.06993263502934643,-0.30069663177552297,0.5772546364404129,1.30703406473525,0.0927545180538288
-0.18637571171328035,-6.944274783624642,0.7616810220412796,0.009398451437525398,0.0032672980654363387,-0.7557114439644464,0.6548291436207617,-0.08665036922243721,-0.12610857485595195,-0.012079378709041187,0.24764182194599443,-0.13545321246729247,0.07347212822625444,-0.37790562389705434,-0.05808343077416861,0.07468745183535046,0.7044840612988752,-0.4146189041513616,-0.20193980781341317,0.008151784539020265,-0.48339980540179006,0.24148630817420047,-0.5267632627008232,1.4529093566441178,-0.16684697605823587,-0.05845350579158704,-0.3015143159947564,0.5569684076367446,1.3064001173913236,0.08668345674004697
-0.19085158405298355,-6.96334681704602,0.7613349132994682,0.008729794434798748,0.00692492411551375,-0.747672077456999,0.6639746235408825,-0.06979337096675643,-0.1215414295470093,-0.033865486726070614,0.25542069935546186,-0.16246073412494777,0.07972001518461148,-0.39684072542487087,-0.030260849097460282,0.0822047196209024,0.5830056930371222,-0.4301314301845916,-0.2600396149068618,-0.01758465371461692,-0.5398408227465279,0.23422175966470987,-0.5497911092510883,1.4296174558450876,-0.15688533922161027,-0.03678717605355948,-0.3045782481411896,0.5364584226722885,1.2968627407781308,0.0897702084344283
-0.1954762216629638,-6.983359928211081,0.7612359641380207,0.009355314626809975,0.010498330246024772,-0.7406452287627268,0.6717491408712688,-0.0482575931909781,-0.11888250238197146,-0.05898441307788404,0.24880108376920204,-0.1737245687425258,0.08040657426671469,-0.4150439484699072,-0.006612676248189947,0.08846926487772815,0.46442576892938664,-0.3632199469902789,-0.228850649643728,-0.03743317258717952,-0.5862874546826209,0.22423323053347388,-0.573650131209908,1.4039243523012537,-0.16111922509065393,-0.01508593104631926,-0.29997509145384765,0.5131402514659495,1.295541852935905,0.08251659919367979
-0.19796803212034836,-7.00463908639093,0.7606707932403936,0.011524375362297177,0.0108161471306185,-0.7331832943834714,0.6798473774096354,-0.016491469044336883,-0.12276176537744536,-0.07354861572613254,0.23185320003596263,-0.19288451797838788,0.09860941895200846,-0.42003537035543975,0.010080687668358295,0.10164535543383175,0.3370798337090051,-0.3211009190381719,-0.19998218369691104,-0.05855723029854271,-0.6204379104769824,0.21184607305597808,-0.5861869525308596,1.3764946878877724,-0.14091999240931893,0.005781950569719504,-0.29475642405648966,0.4994105589561244,1.304409206114115,0.07796318986375769
-0.20128421752022746,-7.0274309866790565,0.758070744095234,0.011091421384812951,0.013582181087608692,-0.7328903710546377,0.680120731005874,0.01015052592005106,-0.11514226072988196,-0.06989721746119042,0.23889351862020264,-0.24081755189597737,0.1117783107200251,-0.4146761443226795,0.03135118402329697,0.07945975997466674,0.20809994740478985,-0.3081206307097926,-0.14373393409955504,-0.05853457804893076,-0.6361499776301204,0.19637019661348332,-0.5759122822301632,1.3494954730176572,-0.12369694552599587,0.02122969315670177,-0.2822698119679146,0.4914105218069993,1.3142311745322492,0.08052776732414
-0.20454830906840138,-7.0522501379932105,0.7530605888547239,0.00967029930832252,0.01174924829366208,-0.7309188627287062,0.6822946992196238,0.04617869594085305,-0.11428117861672984,-0.06990894941017621,0.24728452833990724,-0.28193600377794475,0.12433241914358736,-0.4059828175535138,0.04236185381429853,0.038276307986963,0.11381980620309892,-0.3037187275449804,-0.1021919454582367,-0.06471709501024028,-0.6352784535135838,0.17720013680345892,-0.5524160469598145,1.3256172105153732,-0.10263066074127834,0.03546641744900282,-0.270273844047184,0.48159150410038465,1.332639049156643,0.07342009122619733
-0.20789243299371007,-7.077506176346847,0.7474587742834735,0.009248103868710927,0.014817773908394175,-0.7285390759401806,0.6847815133160806,0.07651316870844083,-0.1061814642040362,-0.07423179044490236,0.24985988017219424,-0.3129832495362294,0.12452245817287816,-0.42535763901411183,0.05789539631480092,-0.010610223948334545,0.09492451180998433,-0.31953098462934304,-0.08546699930397414,-0.07609067352247502,-0.6270749254243041,0.16906086970299594,-0.5231442575471035,1.3020030835282943,-0.0763846225196752,0.041481016238908784,-0.25406003629295226,0.48578601258373794,1.3494034642950494,0.08675526755820101
-0.21107222854448038,-7.103364541350131,0.7419896066786302,0.009477377130227956,0.013649954414365593,-0.7267784269004662,0.6866709373923593,0.11457155842917983,-0.1071313898283055,-0.0835156806314863,0.2448183143334478,-0.3411526168250568,0.1353744433394962,-0.4247705636792539,0.0642537238310507,-0.04077266544790059,0.08594523933414501,-0.30192933513750414,-0.07325190869821913,-0.07771458682002999,-0.6213736435301243,0.15018589063498064,-0.5291297006719168,1.3187650842903769,-0.07364329031260923,0.06169218750286837,-0.23910248038608137,0.4655005882247757,1.3503657191425475,0.07414102665980729
-0.213820602118014,-7.13060326567089,0.7375519785095431,0.00788033432229984,0.01450648711125045,-0.7227617433569037,0.6909000828646281,0.1668647284164068,-0.09699704478641269,-0.08830964978159003,0.21288238692792924,-0.3607418143404955,0.11937066112455416,-0.4172515747069087,0.07126514660809012,-0.06958647283665871,0.099367286837214,-0.28057937585572207,-0.09080969608569495,-0.08677878490419262,-0.5937471590121411,0.13570186649066035,-0.5385448969380684,1.3428163029876248,-0.06098402045419996,0.08142335910733206,-0.21584748282921865,0.44827222923968846,1.3504652745188594,0.054380353645004605
-0.2161663666928596,-7.158221795827543,0.7380416325214327,0.008841166481003193,0.014085385808907195,-0.7168740903549596,0.6970042856823905,0.22266989152773767,-0.09116639548996008,-0.10196473894034376,0.15723321268226131,-0.3489269836046,0.09953254310509128,-0.40790395373476906,0.07050822260883328,-0.07001907670239467,0.10966377012425287,-0.1885376670026173,-0.1235587169246364,-0.0991608476500872,-0.5557691847973468,0.12593543050305078,-0.5483005875600513,1.3791337633850635,-0.0720214761059467,0.10056147499361583,-0.2021628039587605,0.45039119648586823,1.3537587687347803,0.07722061837074173
-0.21823692894241364,-7.188202680316583,0.7406483316412781,0.00904622961196188,0.01200887771090816,-0.7140413280669692,0.6999420936036722,0.27664587928400614,-0.08973872490291376,-0.11981487325160287,0.11080904328948848,-0.3662586769441882,0.09683663935284352,-0.3978351144682055,0.0702704823045228,-0.07209420979240452,0.13262617553756295,-0.1392126389380541,-0.13914433893096817,-0.10073673664554449,-0.5139547747346743,0.11380131165957764,-0.5481321188431225,1.4464356614561606,-0.08956895775219224,0.11987532186015493,-0.19479494031047345,0.44643806766223776,1.3461827161194344,0.08187817012599621
-0.2206837607188945,-7.220709852128325,0.741850546109656,0.006449224401995182,0.006467213430008934,-0.7114166996484451,0.7027110801149918,0.30247462774431544,-0.09149418658615113,-0.12964492781655607,0.14091794677355976,-0.4087722366569052,0.07895051171116067,-0.38255231683032515,0.06965700900711691,-0.05628373491245893,0.19375720579882497,-0.08061651591046037,-0.15648662127118412,-0.1037339197111044,-0.46084543177887033,0.10014101378130144,-0.5338750662349473,1.526784633114908,-0.09182328343744808,0.12766310635799052,-0.19567257574871205,0.4364140585788292,1.3498686359655176,0.07429721714573664
-0.22145171517768647,-7.251936421653326,0.7445611628600881,0.003586711965538179,0.0007748722293554794,-0.7100906869432605,0.7041006685032717,0.28455170779940264,-0.10653005937606153,-0.1550149169358757,0.2366943622847223,-0.4425667607498517,0.06442134576400593,-0.367149260913082,0.06774171839228008,-0.0443560515690152,0.2617080757648389,-0.0699652752731611,-0.15671659738625662,-0.10096685451000052,-0.39469630894216806,0.09246294777644253,-0.5317937577887637,1.5920194324848276,-0.13335964042261053,0.1234988626616692,-0.20506536146345983,0.43434864528292144,1.3579006831261835,0.07480056863213731
-0.2235654435658333,-7.2814136310188085,0.7470690009918605,0.0021241515130151598,0.004115191310074236,-0.7112134138040792,0.7029609044648074,0.22084868131906576,-0.105401786709749,-0.14229557817119237,0.38180822140218695,-0.3953724068504096,0.011321022626637334,-0.3560138014656555,0.08028496343620321,-0.039477092871821,0.3169821465126524,-0.1260297187312054,-0.1660934267919522,-0.10178694144771255,-0.32431914800937217,0.11074356421157339,-0.4972999966595037,1.6201845020223753,-0.14174414789616072,0.09392182078464778,-0.21131083622268648,0.44919120839079385,1.356785765121091,0.08537401089582089
-0.22519347308494214,-7.308509105103709,0.749466630732596,-0.00016539453777783888,0.0023898517601977287,-0.7082011864263592,0.7060066152646939,0.14860170351227875,-0.11292556697332512,-0.1380590947883475,0.5363833371296856,-0.22106664894306327,-0.003495292958061748,-0.3233356619688283,0.07909243772347013,-0.04275253487009242,0.33788565350513905,-0.16970437297600563,-0.16105910990412167,-0.10233564629532275,-0.244257801271127,0.12522588125481676,-0.4659113298712538,1.6173019575874836,-0.13626716415980683,0.060701255235634445,-0.2220777480590294,0.4416208086161896,1.3652697693745508,0.06955891437058424
-0.22521597997949722,-7.332999095367894,0.7535638328876516,-0.0001405720465079436,0.00438670170745513,-0.7007804454898628,0.7133635148412486,0.06415951445692973,-0.09755496681284392,-0.11424954573837978,0.6655654970371522,0.032944311778209515,-0.019162348778663994,-0.2864765876277232,0.07127113332158533,-0.056422254206720354,0.32741602515232854,-0.19177392158237724,-0.13578076251285062,-0.11089876231910224,-0.18265742771949564,0.1480586804264646,-0.48404690258386335,1.620855760680873,-0.16844098305591837,0.03043157066238713,-0.22969175388811888,0.42859438894590407,1.3506506641819445,0.07308675126175043
-0.22576735032638895,-7.354923523956284,0.7568592245232906,0.0016128443688060035,0.007898266587170761,-0.6917271624723462,0.7221139444823909,-0.024652419671638694,-0.07291815701293859,-0.09782618309346505,0.7756501065370035,0.15453756544353667,-0.07679355557302567,-0.2538983899077949,0.06521751556017838,-0.07228535042047043,0.3090004232555174,-0.2142716350471324,-0.12329913770343968,-0.10885857966767984,-0.131551555830225,0.17659858606603707,-0.4928652784052325,1.6236928573480147,-0.18670913429234323,0.004944070284704751,-0.23967642682719453,0.4226865216301408,1.3186278481794567,0.07375508267103446
-0.2277971498671172,-7.373137662341091,0.7594800965458964,-4.2096818109768445e-05,0.005408372135112657,-0.6843010461450281,0.7291795567509604,-0.10960934701253028,-0.04854144447260849,-0.0872455682668008,0.870820676992572,0.0862904418241405,-0.061905444370141775,-0.2141494091623472,0.06226673044909031,-0.08546300180304775,0.2919912806563036,-0.2236988051799411,-0.11399543754419324,-0.08589428874845091,-0.08535901862668666,0.20129734333772548,-0.4860938088638096,1.6103051371774273,-0.18585709863746477,0.00034465450567689945,-0.2560017293190617,0.4290047078599367,1.2857542059277232,0.08754348274388665
-0.22794253178658908,-7.3915851886336545,0.761738183135651,0.005216418589024865,0.003859382730054127,-0.6828619425931215,0.7305186250192368,-0.21361484285083177,-0.03254122245516147,-0.054481349928469314,0.9453525394915697,-0.05139211247821623,0.02017025280150912,-0.18340227017039137,0.052712015050626046,-0.08486400217002668,0.27205350899056246,-0.22339469667826367,-0.09364691709564675,-0.054750632295598414,-0.05521661653199834,0.22483832067212112,-0.47997224041325254,1.5833614139089445,-0.20334378110084583,-0.02669067381608745,-0.27901562383750145,0.4437826814726256,1.2724362770065503,0.05310824155705651
-0.22696240749427943,-7.410115735809119,0.7634033383997878,0.009380652831131212,0.003540847615847327,-0.6827693841580943,0.7305651468602926,-0.3084823440444652,-0.02145744069054749,-0.031908412229802424,0.9777627594342818,-0.18461723609067077,0.1107194946770072,-0.1546755984766995,0.04902850215045614,-0.08278876886624506,0.25379313075837967,-0.23920164834546184,-0.1020136151710692,-0.019699845658940892,-0.03864498342033015,0.24676595208908983,-0.4637918546899344,1.5472897441566793,-0.2076225442623512,-0.061163929775522714,-0.2966180062173819,0.4722456021395128,1.2742302519719466,0.06191353001370145
-0.22565488475818946,-7.429242223055574,0.7658158866254573,0.011915965215733704,0.0001341041995700828,-0.6745393680069377,0.7381426913529955,-0.35553504156220145,0.011107710459222436,0.009337801730625405,0.924608974609464,-0.16474308875538235,0.111188044528674,-0.1239580767124227,0.033142996607234944,-0.1086080937127176,0.24745935014493492,-0.2742267823395253,-0.10782316221023493,-0.008258653649744513,-0.011912202587616223,0.260876441998776,-0.46054224135519806,1.4922323141749505,-0.2132127605371152,-0.08677719586860284,-0.3149961012105306,0.5046604231190044,1.276140401037818,0.08407765650076655
-0.2224052367650035,-7.448943196381401,0.7671683650458607,0.01548808732432432,0.0007631125011480628,-0.6754051619439582,0.7372838015512083,-0.4065191280044145,0.005295523057185738,0.020262016563323503,0.8363426579505648,-0.15079343600611056,0.14137193737432716,-0.10091033440531608,0.025640650162094002,-0.1048538899151238,0.2447441666061152,-0.28210036691509716,-0.09124177404409331,0.020534844593592463,0.0056235479476831815,0.27342226936314207,-0.4617692706965311,1.4333182718163002,-0.21723783917606665,-0.11972826735412606,-0.3278347307482249,0.5276826470791373,1.2807799456478712,0.09066966963221942
-0.21828565589660465,-7.469021715615683,0.7667104539673489,0.022650514124504376,0.0022820952469880256,-0.6756669269472032,0.736855447208544,-0.45783832155494153,-0.023635966039759135,0.0135893150267882,0.7305420526590389,-0.1799197434586035,0.1787116717324373,-0.07652300943546289,0.017351985999320137,-0.10620143810565334,0.2255982827951893,-0.3269584629783934,-0.1132478144890691,0.03771994731505843,0.003514599012722453,0.2737021106644798,-0.443582557956637,1.3916483030482023,-0.2167859797133848,-0.1631785519438547,-0.3429944470876981,0.5535450896449732,1.2855239603914594,0.06570737176822786
-0.21383479276770317,-7.490956251724044,0.7639004089228366,0.02693670083385673,0.0009573193343629591,-0.6860355074191016,0.7270686214162297,-0.4785147611693148,-0.06343428251042037,-0.026356811527882735,0.5851621883902728,-0.17477585852668323,0.16880514396352264,-0.05513491170227451,0.011188228701391424,-0.08366092299934494,0.23400801308689312,-0.366576579568425,-0.1254166837182016,0.07824811721682459,0.005246668485953807,0.26436989486960494,-0.38095527351952174,1.3564139655593328,-0.19639779620079015,-0.202026600174098,-0.3541097243561698,0.5823623541402084,1.2854625535508448,0.05876420485670314
-0.20990387419160378,-7.514021145001963,0.7597444343365443,0.029231054915675157,0.0016176946947925519,-0.6944780191490212,0.7189180825457396,-0.4760910995933704,-0.09030953543243922,-0.0758069432925868,0.40303137724277965,-0.09885502352395098,0.12752631693102737,-0.03464707764836287,0.012857579148912796,-0.06320074737276558,0.24841481546179817,-0.43448220523844977,-0.16512504845015005,0.10761091778839636,0.009392966887285074,0.25187021760845274,-0.3035847492709544,1.343965794740544,-0.1972043214627618,-0.2397596613309552,-0.3629131167503478,0.6213784176706184,1.2777825908008729,0.07094132590627478
-0.20677192600608668,-7.538391706612743,0.7548094238394087,0.030532513703187405,0.001178236901416826,-0.7008847287546233,0.7126197964997372,-0.4528179136033541,-0.09973994616453745,-0.09168453768846355,0.21761869724782304,-0.06053732575760316,0.09134346788413661,-0.015480291954489411,0.011119082507612508,-0.0486361053565102,0.27624219577168047,-0.4876146416066864,-0.18846696272251673,0.12491521078967605,0.009276607878243926,0.23621832502260287,-0.23489837966647553,1.3674503937432962,-0.2303625798745839,-0.27561397560682,-0.3645379163048241,0.6450106888780576,1.2733995689239432,0.07154697494005796
-0.20420157946109507,-7.56517640667569,0.7478458576876083,0.029414754018295408,-0.0008985019976155313,-0.7051137551195007,0.7084832794649991,-0.4263044813315888,-0.10075854697133524,-0.06738723250498263,0.08190286306311872,-0.06488898981608443,0.07345868862539237,0.011200709657395828,0.008572019462266423,-0.0449076743183348,0.3078705949116888,-0.5481237029010412,-0.21071521471940616,0.13461377914240935,0.015591098639633915,0.21896479114876005,-0.16252524122633413,1.3529548079673652,-0.24669840144718488,-0.2987735969145848,-0.36065017081593154,0.656390848766347,1.266340840967183,0.0754515362670643
-0.20193845029067886,-7.592429160003319,0.7402554682895757,0.02687665988083846,-0.0018447082519029703,-0.7066642739018443,0.7070359582057294,-0.4235052487479892,-0.10669384435884471,-0.04263146471257658,0.03164097588972789,-0.05499689576656221,0.05863664341989973,0.04099389516167934,0.008146561188357656,-0.045827017941444365,0.33662614524827794,-0.6021860970965468,-0.23111173769528212,0.13690010775162267,0.0116505984189406,0.20976922306223128,-0.14237716631075514,1.361098073581558,-0.24646729853745933,-0.31188309172539774,-0.3497267484541316,0.648229389373598,1.2618501110786244,0.07442218474251841
-0.19985472077401362,-7.6198857316350015,0.7349138734119895,0.02475649225728936,-0.0019676425905727404,-0.7090808513416039,0.7046897123801484,-0.41291328953349,-0.11032299755847733,-0.023400671746622616,0.005160172483457502,-0.04560714134894576,0.05560436322684685,0.08230243419490221,0.009782106013635496,-0.04531720598377512,0.33451742749995206,-0.6465362608368441,-0.24698157952908445,0.1404441274611643,0.014837772045944959,0.19636410163360485,-0.14573337402298386,1.3664285976174204,-0.22220039788048312,-0.3130621822817739,-0.33866265963780817,0.6505950669062488,1.2562053694887183,0.0800055098607038
-0.1992252925168782,-7.64824476634072,0.7320577410888633,0.021371505879927463,-0.0008321841825675138,-0.7128972408566078,0.7009422873425073,-0.4052283647959371,-0.10759551268544527,-0.024220289679783912,0.020985273896225204,0.006441308935670725,0.03450618437754883,0.130410163865746,0.015643903592263073,-0.0370969875093438,0.31503124264604326,-0.6535653919814971,-0.22946280076964143,0.15074374035210938,0.01815077342199892,0.18862794026630983,-0.15484943391967912,1.3820436004217103,-0.22666043055947185,-0.3018748061303589,-0.3258529926641324,0.6566203968377106,1.252681094081317,0.07668368831907482
-0.19846595406453948,-7.676691330284752,0.7339242287972115,0.01902220614321256,-0.00048767072009983073,-0.7174938491647477,0.6963048859956882,-0.3955206181392869,-0.1057030464729167,-0.032977083578709765,0.037615431076642655,0.10884403501581412,0.016563362120964854,0.18912420962804904,0.01949122364925844,-0.02344148393969006,0.261657040284878,-0.6496050007110747,-0.21785755711303628,0.1609364978696571,0.03788566232003546,0.1764846567288551,-0.16066427815033296,1.3953928303139667,-0.228647532338146,-0.27627046635915875,-0.3151897259081777,0.6582693622849749,1.2550252431447064,0.07036357443283127
-0.1971285504491097,-7.708204360857989,0.7363970980209864,0.01526889864094239,7.281031107672794e-05,-0.7216571407139202,0.6920822398310481,-0.3821772766032965,-0.10165815917815708,-0.02419022119653696,0.06908196613321135,0.1787572269866556,-0.013742468109543387,0.24325425064779824,0.023410609134079267,-0.005620468758235202,0.22066049667917956,-0.6448464281726367,-0.19144533268544928,0.1680852959910291,0.0521665239246656,0.17208310688110615,-0.17126672351906674,1.419642427152782,-0.2559316430479981,-0.2503491297024175,-0.2944075998232385,0.6547247507857931,1.2728868512086209,0.05715847452905944
-0.1965477265749867,-7.741697918194842,0.7376782224236732,0.010260504598481369,-0.00431186160121653,-0.723831212397631,0.689887313880964,-0.36144258002446794,-0.1079163134111358,-0.03614106690062201,0.12411226632251075,0.21458558616568396,-0.027131812498313687,0.27307532488122743,0.01879465226998025,0.004893672871880285,0.2485090778772352,-0.6479835825212319,-0.13646286757235263,0.17131904145517804,0.06148504989998833,0.16626260868061576,-0.16856074471683327,1.4504142129227633,-0.2638419059444545,-0.2142792974310124,-0.27261984500016473,0.644504216065362,1.2918728958262196,0.05663535864950778
-0.19599551923250075,-7.773691161922767,0.739460309902256,0.0048856208818972,-0.008143906469459283,-0.7242968866436049,0.6894228219999652,-0.335143860477065,-0.11354691912117172,-0.04788934741158721,0.1740666374874704,0.2392329030317016,-0.06232800558762144,0.2679913079818495,0.018618927638663078,0.022652624569511736,0.3319874999448488,-0.6230445895026764,-0.09346292277348812,0.16482229064505383,0.06905513444074002,0.1649141664021903,-0.16469879846091887,1.4781628113792824,-0.27699384213016126,-0.17555975992698375,-0.2520787126286395,0.6273822535076988,1.3143984259725396,0.06350725771780173
-0.19481335621147994,-7.803491291792466,0.7416403668786375,0.0016399349406222927,-0.015255341519647175,-0.7263868730820997,0.6871147617265396,-0.2942386195613641,-0.12437451481160498,-0.055052768399046575,0.19885936916688568,0.2060089955370652,-0.07887095489429503,0.23314746323819852,0.010346240469696608,0.04748894446953328,0.46391816049305207,-0.5526169386809693,-0.04173040331055629,0.15778756827679982,0.08223448038306781,0.16104885362106836,-0.16445206653105962,1.488538904505114,-0.2859134716744199,-0.13365873815252746,-0.23985981226023056,0.6216057190815154,1.3341510577683109,0.03479240489426793
-0.19411636592954928,-7.830811249091201,0.744924688396645,0.0007932738765717404,-0.01876902836914529,-0.7304600128218324,0.6826970513770829,-0.2503664032094252,-0.1271931347908624,-0.05053398001488508,0.19940478122273167,0.1694865302527266,-0.08902831549808404,0.17675932748392637,0.0009165410478820411,0.06311644769146893,0.5957547813897718,-0.38453397181818016,-0.02262663056296779,0.15427669985451223,0.07275395422655762,0.1590090314848608,-0.16778924049880214,1.5072886908899659,-0.28168935281124174,-0.10250177731075152,-0.2360546864767687,0.6283315601132684,1.3411107633653212,0.039034007601210646
-0.1941732170783272,-7.856036881369113,0.7485001405736159,0.000894895364206087,-0.02032840730181872,-0.7370497084733043,0.6755321474647044,-0.20817290250465745,-0.1259180671559638,-0.0418240267648454,0.19139722236828727,0.12989266878675892,-0.08696047087771636,0.10703532457572708,-0.02005330239755324,0.06025984649004918,0.7066815116684516,-0.1626616554462132,-0.022319711440182646,0.1496147439487233,0.05430876394909492,0.16101138362115602,-0.18873360288216984,1.5212545885344648,-0.2987171546223812,-0.07778214595741163,-0.23336222776881207,0.6304559058668292,1.3430491124198782,0.03288598464110726
-0.19429322761978252,-7.877042398272262,0.7499749663151225,0.0044438230694820655,-0.020705653004714136,-0.7436965034533942,0.6681818907463526,-0.18459827637748372,-0.12974981060051297,-0.029352530060357887,0.1943062525551662,0.1046643079016087,-0.07360784257427166,0.01571664810303002,-0.03039966772457651,0.08232611494322113,0.8236212918737733,-0.09578617067981007,-0.0002524614249261121,0.1377681720211247,0.03140395724876793,0.15939609962329956,-0.20073886325394535,1.5325057410605663,-0.2936602751215053,-0.05735229111060053,-0.23782969319998548,0.6265449693037489,1.3314442340421755,0.03485690854735609
-0.19524721421477947,-7.896323974195842,0.7506032818910899,0.008154214504447742,-0.019836992382721387,-0.7481867458653028,0.6631414598941248,-0.1722001680741286,-0.1329023597150446,-0.014576719119535123,0.2118074872442509,0.064312787550788,-0.041104906293594035,-0.0764236390825479,-0.020836412594502626,0.1162822925744528,0.9229612201645667,-0.18946972166423467,-0.029738670033046546,0.11701930188138016,0.013351255834624322,0.15813788281220442,-0.2091145200010632,1.5223173963853616,-0.2792239777010235,-0.037949855077513674,-0.24698504303682767,0.623176051137414,1.3150027429648978,0.053807931164351695
-0.1969155318490945,-7.916995574323997,0.7516632638744623,0.008709438348088324,-0.017742475064382594,-0.7496859712116979,0.6614985221681322,-0.16070454497628067,-0.13291107331189944,-0.005695746983948261,0.2403142801208828,0.0032969665092788814,0.010024934291693363,-0.1535404769579543,-0.020526452653513657,0.11968993937697404,0.9684196086888521,-0.30149665942429804,-0.07170064991366949,0.08714061112279045,-0.03314286168224898,0.17108772223977708,-0.28887301853104635,1.5384914416991589,-0.31653146140628413,-0.0423024693555754,-0.25959755908005944,0.6098985009332145,1.3247313684348259,0.049992401052088846
-0.19924013765659138,-7.935856477745123,0.7524711505731687,0.009131606453430537,-0.014191586966180343,-0.7500576735253521,0.6611570910220173,-0.15175820901312403,-0.1272213211131512,0.0032552283092089087,0.269246508176529,-0.049998864170335305,0.031457944001293474,-0.22962342609420977,-0.034656318253369,0.09429637921413717,0.9739333415677928,-0.39395605743497,-0.12563641605583872,0.06773097933686227,-0.09014781781049154,0.17874064969477632,-0.314191948251151,1.543063540394971,-0.2999931509062387,-0.02894356821447737,-0.2663815865059685,0.5803325611878414,1.3128983103389986,0.049693985393830485
-0.20243385563616295,-7.955417151432669,0.753251647683158,0.009315892481430067,-0.01087813469824532,-0.7497663048306871,0.6615477068763048,-0.1346152848603162,-0.1206488209417392,0.0041405431217375775,0.282970702370251,-0.08837913582291995,0.029080799701683452,-0.2923520724559104,-0.044186668417439234,0.06983714611330596,0.9294364976931544,-0.430551825182052,-0.17441552211028416,0.03993019007943609,-0.14839475444412137,0.1909251569450428,-0.3519252294957611,1.5512041176875764,-0.31070114675184046,-0.022754999772954435,-0.2716913658542175,0.5627686960184458,1.3083556689209817,0.05028888042856585
-0.2060289691003268,-7.975039482989156,0.7540307923550985,0.008779648980788902,-0.005081397908133466,-0.7478908810085185,0.6637441730541778,-0.1201413120717488,-0.1107148818127164,-0.0017017642773760893,0.29391893306549144,-0.1229224041504706,0.02417571597134652,-0.34204799221646764,-0.0444152907079888,0.04087923911475767,0.8420566729526218,-0.44195332243711993,-0.2505821138915469,0.018202659187885023,-0.2067695659106961,0.20377625632081217,-0.3639515490065616,1.537818272181994,-0.2899825259088139,-0.01867973619730498,-0.2682541729755332,0.5388547614955549,1.310824881445438,0.05797045054732765
-0.20959328250436438,-7.9954940552721885,0.754237968604112,0.010398393374851735,-0.002981729239635672,-0.7432010707004632,0.6689806807491884,-0.10571505555694936,-0.1149415156459672,-0.014542022983441868,0.3048469766366953,-0.15626004360868107,0.06540332966918078,-0.3760308108855848,-0.044212261164878856,0.02492729101070115,0.7288156446243835,-0.44145477532193633,-0.26179993499222054,-0.012678519830044983,-0.26067463473428854,0.20970854997898183,-0.360710326744587,1.5289142322200386,-0.2724975807495204,-0.012901865523263651,-0.2702134656085996,0.5220898859504963,1.310317040715383,0.07094710155632257
-0.21378604229308418,-8.017115479568375,0.7534173446466789,0.011476653228050623,-0.0004059355151132656,-0.7363194070501639,0.6765366600919236,-0.0869859923180823,-0.11324902319895952,-0.0245792286429268,0.3175344799664825,-0.1991149452697136,0.08400579157422204,-0.40110720580056985,-0.032947853634254586,0.015553699147938069,0.6013591605354749,-0.4047087635135255,-0.2524769568423411,-0.04479746595062607,-0.3157541150632081,0.21699846359096847,-0.35134462830986185,1.512469620552442,-0.24623700210255375,-0.004660942571144983,-0.26825124777302933,0.5045575962660857,1.3008114823373904,0.07055341125426726
-0.21687079054713143,-8.039615669437044,0.7521035041812947,0.013167333493770172,0.002364863149708702,-0.7283766225720485,0.6850463666362168,-0.06572737250462907,-0.11336477133410441,-0.042059913184123415,0.32002139441914795,-0.22337326190925505,0.082444211873111,-0.4166585583124792,-0.015776089617731234,0.023517639603471314,0.46031081791136497,-0.35081805444897524,-0.23363209131833376,-0.07540919610458421,-0.36753950159514887,0.2275469276443469,-0.35804264483957776,1.492747205473124,-0.22154734066974213,0.0036486561375583463,-0.2656018221445666,0.49713092842430967,1.2933749895369495,0.07195160743000217
-0.21874515748624024,-8.06274168947855,0.749888982817719,0.016546477558139875,0.002513227129492926,-0.720204642639397,0.6935597814828013,-0.0419838185350193,-0.12157834587542282,-0.05513654392780071,0.3234838808383364,-0.2762714107890086,0.10906639045542396,-0.41876380606016433,-0.007478576035066144,0.03866661542912517,0.3141462607971056,-0.303044486615503,-0.20891407544992813,-0.10123169715680752,-0.42198602102229166,0.225218073262793,-0.35626566090067807,1.4791856441831135,-0.1973047150014052,0.014184911117885193,-0.26629407357766005,0.4889977941732552,1.2849101808164243,0.07275725453299133
-0.2204875003339854,-8.088102131969737,0.7459352778297496,0.01700672289931084,0.0017848447656250272,-0.7179439577363094,0.6958908386056768,-0.004848701304653252,-0.12258237738445785,-0.05716486692197017,0.3206175462938395,-0.30310090093051284,0.118452811754025,-0.413398862589737,0.0015635181641493073,0.017368490462946008,0.18855452561244865,-0.33727814987566385,-0.19671333109997263,-0.1106801003179138,-0.4618300526350288,0.2201641479906732,-0.34294678463046113,1.4625636861021964,-0.17594352824021844,0.02365953183392576,-0.2662489334089845,0.48813791471608736,1.2876562729369019,0.07842739799970258
-0.22300331292752618,-8.114934994869575,0.7409989205820355,0.01543194955368954,0.0005050877949428767,-0.7169700219021352,0.6969329863860246,0.03734783174017789,-0.1197046795108794,-0.0583967495002457,0.3204060235296611,-0.34101275846787926,0.128085959647568,-0.4138528064238815,0.010823377240291343,-0.023593408503444838,0.11144706694140212,-0.33305535079475523,-0.14563255785526596,-0.11398793094306156,-0.49198842969505674,0.21223334236894828,-0.3391105064955132,1.4504854251040031,-0.17450187129600084,0.033481802208968514,-0.26330985800918805,0.4808726649909063,1.2983925222325878,0.07746818944068627
-0.2253460409079196,-8.141981686121255,0.7353628683672313,0.01508675372246912,-0.002385969863610223,-0.7175818759663276,0.6963066481763427,0.08337484419180179,-0.1224469757208692,-0.06283852245820522,0.3117941879269875,-0.3719985983041708,0.13203499996731063,-0.41727837537328016,0.018958480528160973,-0.057622511452857406,0.07689785876892087,-0.315798871143238,-0.11450136225737804,-0.11396855821142073,-0.5105826792801236,0.20041056169259916,-0.3270756001942707,1.441199277099534,-0.16537283091501287,0.03778177641295832,-0.25844091658074414,0.4707607710378878,1.318400972536829,0.07682052310443413
-0.2269960813374315,-8.168636905792937,0.7297113648017475,0.016722221430258144,-0.0022171059491955768,-0.71575759531115,0.6981450540582856,0.12152942660463474,-0.1223838319813234,-0.06200699950528653,0.30443378453082504,-0.4100325821683594,0.15084872031207439,-0.4191205247906267,0.024589409214882327,-0.08021542334778602,0.07283098203882159,-0.29792469992752546,-0.11025288864685232,-0.11863831966289656,-0.5267852314318155,0.18640535027435773,-0.3224419505037443,1.4406049978255644,-0.1609695376050155,0.03992329283863887,-0.25170036822528974,0.4634693024349568,1.3349751057759431,0.07583111286219872
-0.2287264123475281,-8.196425697450891,0.7269810160295133,0.0187491558575456,0.0006396980349711017,-0.7152884826824564,0.6985774448712768,0.15598740493865507,-0.12033072442387348,-0.07117068283340727,0.2869284158167071,-0.4249026887434569,0.1520080697971468,-0.42196515779025673,0.03483000631802748,-0.07806354040290926,0.100126330139757,-0.2471525808685467,-0.10800812851782808,-0.12562347900537643,-0.5284816370796817,0.18215061374609137,-0.34024313658826044,1.4398641645472912,-0.16806794639255485,0.04335182403878453,-0.2413556105953789,0.46556205232628534,1.3430161187652876,0.08242700465857734
-0.22956897703734408,-8.224726750776306,0.7282439121866807,0.022240943085715566,-0.0015562868062401467,-0.7141855934170136,0.6996012125329841,0.22301926091778815,-0.12285603573458788,-0.07635391064883172,0.20722001019952224,-0.4231301685492532,0.133206869338802,-0.42521935455526993,0.036464124353650165,-0.05862482761067353,0.13159608939982986,-0.16262149322042,-0.14538477717522155,-0.13435208450462277,-0.5091926116671446,0.17172360651374016,-0.348740370439365,1.4523005552966195,-0.14328296703661866,0.05434337551510689,-0.23988046552172249,0.467869623768886,1.3483113367595447,0.08501117886857427
-0.23048519236448883,-8.255055534327361,0.7310830529905578,0.024889627615947655,-0.005355216000530602,-0.7125937824516019,0.7011147761315868,0.2606273321348281,-0.13221888075927107,-0.0894767756307889,0.1889716182381697,-0.4490484075312269,0.15416178448208684,-0.42944342237146926,0.02743950688825828,-0.052380411932996335,0.1899496517497552,-0.07424712672132495,-0.14699140912437225,-0.13963372167809035,-0.4852695707685266,0.15294451710066978,-0.36989711487218047,1.4785569104384368,-0.14178261112791063,0.058882701244435245,-0.2400755633688849,0.4605523589919512,1.3570067892481883,0.07993014488946469
-0.23114577643599743,-8.287038281705552,0.7326185111622646,0.022444915239582586,-0.008955309890919128,-0.712974036324068,0.7007738948708143,0.26552307644077766,-0.1398319178202736,-0.10365633629469843,0.24357819069081652,-0.477708004860676,0.1393166693751842,-0.42732504990764214,0.025759391022629016,-0.047840741790772,0.27431274891794766,-0.04359915368736068,-0.14759583559169323,-0.13568316164864333,-0.4554503763953056,0.1359695005549736,-0.38228489571459606,1.5145396193494736,-0.1347403457452227,0.06222773930025176,-0.2374520327953581,0.44941102874663935,1.3629625358264443,0.07592400626176754
-0.2322092408111397,-8.317623246245763,0.734427403512759,0.017367030920938754,-0.011733611926577323,-0.7140272268045676,0.6998041354335691,0.22987359579430408,-0.1458838870991586,-0.1129684702008505,0.3673350379238867,-0.48680853492847176,0.09430306107565468,-0.4181426319048919,0.033096383669438664,-0.03607671101397426,0.3605110541393084,-0.08615719062647202,-0.1510293632192672,-0.1250342542230156,-0.41935541874375615,0.12174207075938416,-0.41066935649394254,1.5528423028695288,-0.154522698984208,0.058589782929723264,-0.2336421680480661,0.44511552719419273,1.3690403214863989,0.07333993579735992
-0.23319722113815528,-8.34609354543164,0.737181772868007,0.013150870008403905,-0.011518318167593494,-0.7137624425443027,0.7001696641370588,0.17477305384019157,-0.14207083937922504,-0.10610057473643128,0.4945200449797056,-0.3658743031107967,0.04581702526656572,-0.39282689652327446,0.036234608973011694,-0.0444908839759586,0.4023863867419019,-0.12954610588564447,-0.15069978273009355,-0.1156855264477799,-0.3735809582357272,0.1202252215461686,-0.4333475242642255,1.5734860751562463,-0.1453137336335994,0.046778400618591176,-0.23170688039094273,0.45413785454832334,1.366850986103828,0.0758502294916377
-0.23482850118044507,-8.372382393076196,0.7408476487208318,0.014488742123599112,-0.0029098924298078823,-0.7107459437024825,0.7032935463859945,0.08516569560468054,-0.11654755734768991,-0.07915162978475715,0.6183175644905112,-0.06301707672072515,-0.016457854508467172,-0.3738426027926943,0.04271614077814237,-0.053738188799066035,0.4114814637150125,-0.17271218707680971,-0.14804276457693616,-0.11010272526581807,-0.35406998166661013,0.12858061340496582,-0.4619811890495041,1.586513973476709,-0.1597145401300183,0.012076328090162252,-0.22733272246654607,0.4625979842411538,1.3529266651624812,0.08580098254888403
-0.23600818361744025,-8.395197027990557,0.7443690464543097,0.01572259344306276,-7.052110296111233e-06,-0.7020124818407175,0.7119910640910648,-0.008263869078083498,-0.0923925670320891,-0.06695785288005289,0.740587260302401,0.11687070537964328,-0.042450595891103816,-0.34333030103635565,0.034782335458476116,-0.06795914508073651,0.4042620539803029,-0.20285715625913223,-0.12774237200181895,-0.1124626983740157,-0.3232882997923414,0.13736811600900306,-0.49656987114085216,1.5844194396816926,-0.17139320167969446,-0.015508508440722593,-0.2287993110293272,0.46606044652194933,1.338718685113264,0.08873986314383776
-0.23850809676239398,-8.415790845974238,0.7474310594779702,0.010620294485082747,-0.0012599694343921708,-0.6943517673397498,0.7195562834234992,-0.08020977744340922,-0.08659995115964003,-0.10326924103977148,0.824064658006522,0.13740988860021128,-0.10263158152929716,-0.29910458184215144,0.03506376726049108,-0.0832435560469159,0.3925561013627978,-0.2163517477530996,-0.1066024997989216,-0.09586673808426031,-0.2708158551537584,0.15003676541062727,-0.5092544919580769,1.56343965701128,-0.15681915499116245,-0.01736486336478992,-0.22980358557467492,0.46745973279060427,1.3115336996432143,0.07770067846800435
-0.239490966025789,-8.435471661214455,0.7504803130178503,0.009478872922679366,-0.008157439662618855,-0.6866684529445646,0.7268631527852981,-0.16251676718383049,-0.08459484299626198,-0.11549445567126967,0.888857050197218,0.09062690455040473,-0.06976961895001478,-0.24866985868109395,0.022384642187867242,-0.09560962249080433,0.3708825260687373,-0.22745871349962088,-0.09820239463735747,-0.07844287721055089,-0.21632790079628184,0.15661435532147175,-0.511668642928941,1.5159246153131667,-0.16574989890272276,-0.02243374587488029,-0.24574327794703807,0.46989871814468137,1.2977021674624192,0.07500288345796666
-0.24007680348417354,-8.45406716481806,0.7530872718345221,0.01292932504760322,-0.007674624782069744,-0.6829200320942929,0.7303383890037526,-0.2701177559442652,-0.07784396995946857,-0.1091621211148282,0.939776534742808,0.012460518329176672,0.007289033247748266,-0.2182833793478596,0.018704097282388026,-0.10254833167612729,0.3507771988544156,-0.24225443857003007,-0.10423443578427384,-0.05316208113543449,-0.17950363718375578,0.17146759364263997,-0.5111389810967489,1.4822130260301056,-0.204176896587524,-0.04596524269726429,-0.2594558755557353,0.4919610322863646,1.2836920193087504,0.08280637644485182
-0.2404593481851383,-8.47284117020895,0.7555238443741082,0.01671677218077299,-0.006866097994105246,-0.6805734086821705,0.7324569896047971,-0.3565592496649596,-0.05307588748040883,-0.0808536827959822,0.9372655063036942,-0.021821949958364513,0.06886089787932417,-0.1904905003950224,0.017899634115902903,-0.10555165314506856,0.33106085074488306,-0.26021589796502054,-0.12556921388067854,-0.029252125929470255,-0.14292722415706963,0.19054674923769585,-0.5382268035989701,1.4338371341138267,-0.262661143575282,-0.08030746257289306,-0.2737044653796718,0.5036272378807308,1.2825192538495775,0.07993197095486992
-0.23916947083304252,-8.492425385619246,0.7569989411497752,0.020129293657788518,-0.004701138899828001,-0.6892219579518111,0.724255344134204,-0.4251487599675444,-0.014911472495504265,-0.02680664705762212,0.9110204279738269,-0.10852313985422989,0.13867520499579297,-0.16663040718408853,0.025292432305776175,-0.08634913363731776,0.3187598415186571,-0.28627254062778734,-0.1365973991829239,0.02088745699569043,-0.11724797891037166,0.2000199945759213,-0.5018330255913509,1.41660736608098,-0.2538420746204172,-0.11783464795282964,-0.28308144057163764,0.5185334339822972,1.2900822244668573,0.07242493270837617
-0.23753657657602795,-8.513112457214167,0.7574191428347709,0.023224794369071346,-0.006792519632303769,-0.6829902594278605,0.7300265585101832,-0.4671961718849585,-0.03000726663954068,-0.032555819111642924,0.8108551139799409,-0.11055353222653425,0.17093362050140243,-0.13596685368957911,0.011418848121271474,-0.1052600199072866,0.31372295426506813,-0.30942836357855,-0.13651368654178078,0.027312866027417303,-0.08094785112196208,0.200454096560797,-0.4303566174624711,1.3974685749640927,-0.17651389599379408,-0.14793794486083886,-0.29807175211337983,0.5349654171144811,1.29685179053412,0.06940102823071649
-0.23494902237612048,-8.534816256012782,0.7564027452543359,0.02600226105571564,-0.004929524927068962,-0.6850816297477811,0.7279854001187847,-0.49616902699208143,-0.0475714113537949,-0.05274402844845527,0.6817697506961372,-0.08691704829804081,0.15889124606923735,-0.11071036022041884,0.012332736275110712,-0.0984118202226436,0.3088412901672465,-0.34580708525321124,-0.1564392485977867,0.05092344807218857,-0.0636911753421626,0.21355294707540112,-0.44135190029525495,1.3837049156435264,-0.1858892838853884,-0.18130277521857033,-0.30664071780586327,0.5554982512556506,1.2935916335615179,0.06556876465421563
-0.23218520424835215,-8.557668279075136,0.7540668065677144,0.02658869857066796,-0.006364316865661265,-0.689169245429207,0.7240844479297203,-0.5010252963198767,-0.08161170792830033,-0.1054790321768359,0.5231861863445334,-0.0684351005490848,0.13575331344789893,-0.0803118207130439,0.011947221462207204,-0.08924308292814473,0.31361763305569396,-0.3993214102833528,-0.17551210591179395,0.07861612231682982,-0.041340550774944855,0.21738962283821647,-0.438900968345498,1.3826941622725963,-0.1942870690564418,-0.20344222323859543,-0.31596332128485105,0.5789929268494497,1.288124430044274,0.07568494185496517
-0.23067934656045658,-8.583487430033534,0.7504369177811305,0.02623879033679387,-0.006756225869121533,-0.6913634691254169,0.721998914717006,-0.4996960854499964,-0.1134248364280028,-0.17299783922316564,0.3681290719960282,-0.06360657032357928,0.1326222686611307,-0.041471953601883535,0.013894784623916802,-0.08828376496860467,0.30892588728591946,-0.4640148830482704,-0.19826319146936963,0.09771645343221239,-0.0229892921029282,0.2197307083877129,-0.4342872226069678,1.3894866289511751,-0.20848478355558608,-0.22435734654608025,-0.31940368803597,0.5954828629977323,1.2845612276527907,0.08158066031725894
-0.2286008576376703,-8.60946046342054,0.745682990635915,0.02548955179605136,-0.00934325068094295,-0.6952182863784312,0.7182858210357392,-0.47885891625646737,-0.13050526788911557,-0.2194139970120217,0.2016316947747252,-0.030055466773568348,0.1094674543568076,-0.0021180889310420735,0.010801229200863382,-0.08077077710439327,0.3122816049182167,-0.5019471630717004,-0.1916427738062358,0.1170498581531778,-0.0017779008221955892,0.2183985864050152,-0.4247032753090781,1.3937832663465572,-0.22248772689210752,-0.23958237148922,-0.32314365580932347,0.606444098202334,1.2782011289207056,0.07369583029030173
-0.22781730215293455,-8.637766414384542,0.7390368054875764,0.020706966588118696,-0.01121487809655363,-0.6979001695107436,0.7158077964376136,-0.450817272137388,-0.12686976175490008,-0.2212513592953088,0.07504626256604861,-0.03097455099796577,0.06325048346993374,0.04382626083909199,0.017210248975830438,-0.07673467521244937,0.3185069599567837,-0.5463549690995856,-0.20551283889199856,0.1354646354803751,0.010313569167554588,0.21203681227944077,-0.41667607257162326,1.417018256062624,-0.24352836014414017,-0.24535611507558355,-0.31897652323503606,0.6092400633504159,1.2701667375372432,0.058344053872306394
-0.22714583385272707,-8.666386981916586,0.7316814987654067,0.01714786374420873,-0.011201281854500584,-0.7052474774200347,0.7086652789903725,-0.44275379276002647,-0.11826169875322252,-0.16226552968975497,0.03347591264545735,-0.03510285299700737,0.049231286311363726,0.09260305123138353,0.025469042805740336,-0.06203215620017372,0.3088052896051869,-0.5751556671399157,-0.21420931891889447,0.1628289227947242,0.019850759795722817,0.20861811225274107,-0.40456617767130343,1.4328540026044967,-0.25002129701310355,-0.25120662158211665,-0.3144467943516861,0.624832308095892,1.2596351693459524,0.06343487585652657
-0.22596181074688054,-8.694976088206772,0.725031572768266,0.01342183824777214,-0.012248208191465484,-0.7094499084946532,0.7045215844749373,-0.41816009081307504,-0.11155492249476642,-0.08450142302208079,0.022762180921715672,-0.05049829470342701,0.020867327039537684,0.1337804971810128,0.026938038853628447,-0.05859746333031424,0.31855332639304446,-0.6046755329154875,-0.20123553914592776,0.17531132264261723,0.042310085769074246,0.19962243520389683,-0.4012268771364291,1.4243969314280218,-0.26498831525299804,-0.2539325170702512,-0.30441174810755306,0.6228334775347413,1.2675402061272611,0.05247943758407592
-0.22522104485639172,-8.723585795819387,0.7212519390748792,0.009712293283317935,-0.011608076473259024,-0.7174629458927099,0.6964322258416268,-0.3969564569855135,-0.10404805799512867,-0.04712340771687407,0.03812843366670566,-0.02118826605893133,0.004376917875391297,0.17746908883877363,0.029890451736555333,-0.04077496732469805,0.3111467447966654,-0.6318624266011875,-0.1850704149121415,0.19454795064401145,0.07144562848237954,0.18079527804278703,-0.36914204474581913,1.4231928996179055,-0.25203196768448294,-0.24773436027834533,-0.2936906419235387,0.6348486196785573,1.2760172027586345,0.049346718806588266
-0.22522104485639172,-8.723585795819387,0.7212519390748792,0.047226888131314405,0.008814891970321585,-0.7207394064827974,0.6915393167852482,-0.43152633144909885,-0.15813388648283633,-0.07046713463010629,0.031163157906482844,0.026585465109738977,0.008442330761885065,0.09213094548687913,-0.005518942800122387,-0.06978642110588787,0.1816568285811269,-0.5528512255217495,-0.10057659605727376,0.2708406567952228,0.2404638842020712,0.1779595724589327,-0.45421913097459826,1.3071448471821765,-0.2096763710336945,-0.09932032792252872,-0.2037355030862525,0.6137594948890027,1.3607836626455188,-0.017049284812054307
-0.22620541573659808,-8.742872210059705,0.7173249459354188,0.045020993789182645,0.008676043731646571,-0.7255726936219203,0.6866164159511705,-0.4216403887547258,-0.15614569644169016,-0.044569110193145696,0.03808802110524041,0.012986517220544544,0.012150136348938436,0.12633492339102295,0.0007534185251266848,-0.056905854547438406,0.16916912502776002,-0.5867407879241732,-0.12166563978695846,0.26831273837157565,0.25148236611143265,0.1698345552764123,-0.44153207921691007,1.3077283872234668,-0.20809073403935507,-0.11049666253108616,-0.204429490837152,0.608742324736024,1.3589627824507362,-0.013805997730333076
-0.22750291035404063,-8.763293556495226,0.7162526648677384,0.04173614691898977,0.0074024796479673265,-0.7299306495975568,0.6822056464978185,-0.4137029738861787,-0.1563137967297121,-0.03839224927646671,0.07091196798220148,0.02778621026919493,0.040924254601325774,0.1678535929651128,0.0033175176390669624,-0.06022089590586231,0.1477047250053428,-0.6152999146512163,-0.12464330578687896,0.2651966206725117,0.2593200842817121,0.16483323239377495,-0.4358301191070765,1.3085718674693352,-0.2106406511239308,-0.11248006775205138,-0.20416759173093968,0.6188949306245652,1.3654552663900152,0.026083637076858887
-0.22879121042800465,-8.786039078082686,0.7180481185367311,0.03855150883479724,0.008492269569801538,-0.7365494322158103,0.675230772718988,-0.40364011240421455,-0.1449296848643291,-0.014791104993067064,0.10204985548541722,0.09340070161658913,0.03231696467081413,0.20451175827185925,0.005477604859322006,-0.04442768131408036,0.1260775083877078,-0.5901188872000374,-0.07784694840182171,0.2600806311782884,0.2576693100010409,0.16069736053445124,-0.41975172994257354,1.3171051579308073,-0.20956472473063745,-0.11823814612554329,-0.20371918569070707,0.6382336240829689,1.3650999646983988,0.05860703020881084
-0.2298147866029545,-8.81111857894194,0.7202706043529712,0.036261360584761114,0.005225931737031062,-0.7419291327639481,0.669476635381816,-0.3817929733009716,-0.1449700943541933,0.005983448536870184,0.12292211366541148,0.13042976585696275,0.04955949201945078,0.22498838787624112,-0.006120640709436874,-0.030359069656343343,0.1483995962726785,-0.5541787520676352,0.0093460166624214,0.24614458714947424,0.2360977057628586,0.15406294716566904,-0.40138544477977234,1.3494165606963384,-0.21678979123196,-0.1184857724070588,-0.21028295739538097,0.6552323063692237,1.3628115776580019,0.08312303106344718
-0.23049845332649238,-8.837761365819496,0.7232107015747103,0.028441663792343405,0.0003796933842520544,-0.7474043130200018,0.6637602884119804,-0.35337342773549885,-0.14982845059218095,-0.008028826208464165,0.16019465936092447,0.1766955205329614,0.049257898120573955,0.2356186090432031,-0.01043515424426814,0.009531583150833408,0.2050268390408528,-0.5020814751748057,0.07672680765205223,0.2369347165747692,0.21182525046357273,0.16115711529592594,-0.4090483981160119,1.3818645694234724,-0.23835089965342127,-0.1109171383327641,-0.2063340997531574,0.6393940734430036,1.3662420145338592,0.05430538892067602
-0.23131714043048118,-8.86390482527684,0.7248312897194412,0.017978683328654724,-0.0072980462925374,-0.7503314516820349,0.6607769805939138,-0.30903528451938567,-0.15077032503772295,-0.004833609960728577,0.19037043549029775,0.17479326535178763,0.045418055430028574,0.2264974127080376,-0.015264701460408115,0.02727709002805698,0.309177288053238,-0.4969412051843716,0.13540293764031353,0.23098800400586897,0.17703739785253855,0.17077042503801876,-0.4269991383347634,1.422443539732792,-0.2624296527325891,-0.0851950263190398,-0.20791474009164249,0.6333575325770973,1.351799239069192,0.07410524180419105
-0.23186835667068056,-8.887381301890864,0.7255904172896684,0.01534190034242238,-0.01373892357127724,-0.7538699467591697,0.6567008233939652,-0.27027649564021705,-0.15647031061115077,0.0036744838017017936,0.2041215173576396,0.13395828600752557,0.04678838722393249,0.1735471549999404,-0.02745563756384942,0.043808565595399536,0.46090180818792736,-0.48008834749386814,0.1712876304068247,0.21671613226002817,0.1292104977197004,0.17616317065307718,-0.43989762238557023,1.447401123134404,-0.28044829353788875,-0.07903389103285886,-0.22074035593348448,0.6361936492997134,1.3494844215486497,0.06055373436551949
-0.2324572752978588,-8.908414025603417,0.7265085083259699,0.013504356212083152,-0.016945276486672992,-0.7604957078104938,0.6489813312953641,-0.23581046792201996,-0.15592668503794307,0.010647565897073103,0.2085404273365161,0.10884321672675273,0.030997991441878044,0.1003214910293672,-0.047432262820949776,0.047157766133179686,0.6134912158280664,-0.38206162910951946,0.21364488008520396,0.2111015453400948,0.062163845929698695,0.1830793564148704,-0.4526064865863349,1.4786072700405084,-0.2880349333462278,-0.07391094553874167,-0.23295243878007396,0.6415952211043953,1.338893272415516,0.05670625676016288
-0.23280144368435596,-8.928498850859233,0.7279042343136656,0.012716924976864904,-0.01845511338079399,-0.7664059964343826,0.6419653707472517,-0.19836412627871103,-0.1560278702710313,0.01909941195829167,0.19810049771484275,0.08332765496295254,0.022377261627162057,0.026120136441242968,-0.06473098518803154,0.05967309656892604,0.7313678515759433,-0.1859187665405416,0.23075279322236805,0.19934915141815057,-0.0063084195579266806,0.19131492983025755,-0.45585396844029086,1.4943089150668876,-0.277181358838321,-0.07871746751696218,-0.2433905359864604,0.6359989359030842,1.3337901044854463,0.04323093534278832
-0.2339024911546676,-8.944809210643648,0.7277681261058414,0.01283982545028914,-0.017588126565110798,-0.7716387897340041,0.6356881113125973,-0.17898685016123697,-0.1532621089441769,0.03141465684875764,0.20578788035124224,0.04854370652038749,0.030256216905067808,-0.05809240787702444,-0.06920395043347355,0.07877877251841174,0.8412650047780738,-0.12144059220280232,0.1411188042700741,0.18715374622479491,-0.08241572677686958,0.19862829950296104,-0.4691501715134265,1.5107158572626211,-0.23080161111174216,-0.08107649606622398,-0.25789018029116534,0.6308689779874275,1.3250669239038997,0.031228180244316388
-0.23555893997933558,-8.959347775057452,0.7267220473828473,0.012497990707105859,-0.015537154507963856,-0.7740956131136869,0.6327545960451225,-0.17253770671091848,-0.14966467967826613,0.040071180584936375,0.23241484447511568,0.0022751118468232663,0.041580005267856456,-0.13999377677145014,-0.06553400983799071,0.09979095264173263,0.9348346414955225,-0.24990730622269625,0.06251984142855638,0.16828519817413062,-0.16817932499649568,0.2031163838677732,-0.47722131015558855,1.541511383142092,-0.1969340884846049,-0.08002956105299025,-0.2705357015969862,0.6212910696451248,1.3207341208427217,0.028763541758576303
-0.2382588143654657,-8.974508025883683,0.7264900748396822,0.012716364147326803,-0.010353557104195202,-0.7746276130145912,0.6322049976815113,-0.1674244255009257,-0.14150390409067765,0.041311211454611245,0.25313584381783305,-0.02573749359810177,0.032014358586434526,-0.2143101556544381,-0.07049449038819385,0.09592406407697322,0.9715551180385552,-0.3632237815858848,-0.02297637361941016,0.1425625241646926,-0.23848651435570553,0.21571318933859843,-0.4968636794725389,1.5329315997933584,-0.2252615644278431,-0.08719347340302028,-0.281703676254504,0.6046851846931646,1.3160498948022208,0.034809450094947285
-0.24193312754836954,-8.991020925872618,0.7280688067376065,0.010898663484145463,-0.00716176688034507,-0.7735117352271422,0.6336477915177379,-0.14679609167491003,-0.13543703026612788,0.03340749554131141,0.2533998297462003,-0.03677568274975392,0.016164869296365195,-0.26927990450896416,-0.08072825454411853,0.08136737788089918,0.9521463172720208,-0.42143755353182183,-0.08310424714114782,0.111037251430612,-0.2966312777942216,0.23189458207066624,-0.5078753201364106,1.505726721253324,-0.23770456431935835,-0.09064287876689296,-0.287672615415916,0.5867314633767229,1.3155048067912187,0.014336909204212808
-0.24558686763980056,-9.007591057946497,0.7294501761472145,0.009934226257451625,-0.0050308111029471496,-0.769446355560493,0.6386143656409462,-0.12437327453695247,-0.13428077499104077,0.020272311393267003,0.2519892525242943,-0.06813971291900592,0.039779950513597805,-0.3124218794018434,-0.08415779408383829,0.07188519526160068,0.8934031525505712,-0.449649501787911,-0.1644276612559049,0.07499417266389702,-0.3584717861246229,0.2370593950853181,-0.5059382867014889,1.4890490863136907,-0.2235970455787048,-0.08496537607233658,-0.29550871414286184,0.576532168050491,1.3180546156319997,0.027171565191886463
-0.25002744383775877,-9.024374092012199,0.7306750373263803,0.009397300767123591,-0.0012737306050700503,-0.762760234564677,0.6466118564606418,-0.1045980696810364,-0.13000866612692638,0.008321574340310878,0.24983213315602448,-0.09701923610113573,0.05123978730477717,-0.34797428827478694,-0.07399934898330335,0.0732370837191982,0.8083928834931331,-0.4546989587855964,-0.20873522122432897,0.03858996278425563,-0.4193381664723295,0.2394847073277568,-0.5167338820755497,1.4716890904847346,-0.2128352497713777,-0.06993263502934643,-0.30069663177552297,0.5772546364404129,1.30703406473525,0.0927545180538288
-0.25496169583123773,-9.041915599164357,0.7319436816247622,0.009398451437525398,0.0032672980654363387,-0.7557114439644464,0.6548291436207617,-0.08665036922243721,-0.12610857485595195,-0.012079378709041187,0.24764182194599443,-0.13545321246729247,0.07347212822625444,-0.37790562389705434,-0.05808343077416861,0.07468745183535046,0.7044840612988752,-0.4146189041513616,-0.20193980781341317,0.008151784539020265,-0.48339980540179006,0.24148630817420047,-0.5267632627008232,1.4529093566441178,-0.16684697605823587,-0.05845350579158704,-0.3015143159947564,0.5569684076367446,1.3064001173913236,0.08668345674004697
-0.259437568170941,-9.060987632585736,0.7315975728829508,0.008729794434798748,0.00692492411551375,-0.747672077456999,0.6639746235408825,-0.06979337096675643,-0.1215414295470093,-0.033865486726070614,0.25542069935546186,-0.16246073412494777,0.07972001518461148,-0.39684072542487087,-0.030260849097460282,0.0822047196209024,0.5830056930371222,-0.4301314301845916,-0.2600396149068618,-0.01758465371461692,-0.5398408227465279,0.23422175966470987,-0.5497911092510883,1.4296174558450876,-0.15688533922161027,-0.03678717605355948,-0.3045782481411896,0.5364584226722885,1.2968627407781308,0.0897702084344283
-0.2640622057809212,-9.081000743750796,0.7314986237215033,0.009355314626809975,0.010498330246024772,-0.7406452287627268,0.6717491408712688,-0.0482575931909781,-0.11888250238197146,-0.05898441307788404,0.24880108376920204,-0.1737245687425258,0.08040657426671469,-0.4150439484699072,-0.006612676248189947,0.08846926487772815,0.46442576892938664,-0.3632199469902789,-0.228850649643728,-0.03743317258717952,-0.5862874546826209,0.22423323053347388,-0.573650131209908,1.4039243523012537,-0.16111922509065393,-0.01508593104631926,-0.29997509145384765,0.5131402514659495,1.295541852935905,0.08251659919367979
-0.26655401623830577,-9.102279901930645,0.7309334528238761,0.011524375362297177,0.0108161471306185,-0.7331832943834714,0.6798473774096354,-0.016491469044336883,-0.12276176537744536,-0.07354861572613254,0.23185320003596263,-0.19288451797838788,0.09860941895200846,-0.42003537035543975,0.010080687668358295,0.10164535543383175,0.3370798337090051,-0.3211009190381719,-0.19998218369691104,-0.05855723029854271,-0.6204379104769824,0.21184607305597808,-0.5861869525308596,1.3764946878877724,-0.14091999240931893,0.005781950569719504,-0.29475642405648966,0.4994105589561244,1.304409206114115,0.07796318986375769
-0.26987020163818487,-9.125071802218772,0.7283334036787166,0.011091421384812951,0.013582181087608692,-0.7328903710546377,0.680120731005874,0.01015052592005106,-0.11514226072988196,-0.06989721746119042,0.23889351862020264,-0.24081755189597737,0.1117783107200251,-0.4146761443226795,0.03135118402329697,0.07945975997466674,0.20809994740478985,-0.3081206307097926,-0.14373393409955504,-0.05853457804893076,-0.6361499776301204,0.19637019661348332,-0.5759122822301632,1.3494954730176572,-0.12369694552599587,0.02122969315670177,-0.2822698119679146,0.4914105218069993,1.3142311745322492,0.08052776732414
-0.2731342931863588,-9.149890953532925,0.7233232484382065,0.00967029930832252,0.01174924829366208,-0.7309188627287062,0.6822946992196238,0.04617869594085305,-0.11428117861672984,-0.06990894941017621,0.24728452833990724,-0.28193600377794475,0.12433241914358736,-0.4059828175535138,0.04236185381429853,0.038276307986963,0.11381980620309892,-0.3037187275449804,-0.1021919454582367,-0.06471709501024028,-0.6352784535135838,0.17720013680345892,-0.5524160469598145,1.3256172105153732,-0.10263066074127834,0.03546641744900282,-0.270273844047184,0.48159150410038465,1.332639049156643,0.07342009122619733
-0.2764784171116675,-9.175146991886562,0.7177214338669561,0.009248103868710927,0.014817773908394175,-0.7285390759401806,0.6847815133160806,0.07651316870844083,-0.1061814642040362,-0.07423179044490236,0.24985988017219424,-0.3129832495362294,0.12452245817287816,-0.42535763901411183,0.05789539631480092,-0.010610223948334545,0.09492451180998433,-0.31953098462934304,-0.08546699930397414,-0.07609067352247502,-0.6270749254243041,0.16906086970299594,-0.5231442575471035,1.3020030835282943,-0.0763846225196752,0.041481016238908784,-0.25406003629295226,0.48578601258373794,1.3494034642950494,0.08675526755820101
-0.2796582126624378,-9.201005356889846,0.7122522662621128,0.009477377130227956,0.013649954414365593,-0.7267784269004662,0.6866709373923593,0.11457155842917983,-0.1071313898283055,-0.0835156806314863,0.2448183143334478,-0.3411526168250568,0.1353744433394962,-0.4247705636792539,0.0642537238310507,-0.04077266544790059,0.08594523933414501,-0.30192933513750414,-0.07325190869821913,-0.07771458682002999,-0.6213736435301243,0.15018589063498064,-0.5291297006719168,1.3187650842903769,-0.07364329031260923,0.06169218750286837,-0.23910248038608137,0.4655005882247757,1.3503657191425475,0.07414102665980729
-0.2824065862359714,-9.228244081210605,0.7078146380930257,0.00788033432229984,0.01450648711125045,-0.7227617433569037,0.6909000828646281,0.1668647284164068,-0.09699704478641269,-0.08830964978159003,0.21288238692792924,-0.3607418143404955,0.11937066112455416,-0.4172515747069087,0.07126514660809012,-0.06958647283665871,0.099367286837214,-0.28057937585572207,-0.09080969608569495,-0.08677878490419262,-0.5937471590121411,0.13570186649066035,-0.5385448969380684,1.3428163029876248,-0.06098402045419996,0.08142335910733206,-0.21584748282921865,0.44827222923968846,1.3504652745188594,0.054380353645004605
-0.284752350810817,-9.255862611367258,0.7083042921049153,0.008841166481003193,0.014085385808907195,-0.7168740903549596,0.6970042856823905,0.22266989152773767,-0.09116639548996008,-0.10196473894034376,0.15723321268226131,-0.3489269836046,0.09953254310509128,-0.40790395373476906,0.07050822260883328,-0.07001907670239467,0.10966377012425287,-0.1885376670026173,-0.1235587169246364,-0.0991608476500872,-0.5557691847973468,0.12593543050305078,-0.5483005875600513,1.3791337633850635,-0.0720214761059467,0.10056147499361583,-0.2021628039587605,0.45039119648586823,1.3537587687347803,0.07722061837074173
-0.28682291306037105,-9.285843495856298,0.7109109912247606,0.00904622961196188,0.01200887771090816,-0.7140413280669692,0.6999420936036722,0.27664587928400614,-0.08973872490291376,-0.11981487325160287,0.11080904328948848,-0.3662586769441882,0.09683663935284352,-0.3978351144682055,0.0702704823045228,-0.07209420979240452,0.13262617553756295,-0.1392126389380541,-0.13914433893096817,-0.10073673664554449,-0.5139547747346743,0.11380131165957764,-0.5481321188431225,1.4464356614561606,-0.08956895775219224,0.11987532186015493,-0.19479494031047345,0.44643806766223776,1.3461827161194344,0.08187817012599621
-0.2892697448368519,-9.318350667668039,0.7121132056931385,0.006449224401995182,0.006467213430008934,-0.7114166996484451,0.7027110801149918,0.30247462774431544,-0.09149418658615113,-0.12964492781655607,0.14091794677355976,-0.4087722366569052,0.07895051171116067,-0.38255231683032515,0.06965700900711691,-0.05628373491245893,0.19375720579882497,-0.08061651591046037,-0.15648662127118412,-0.1037339197111044,-0.46084543177887033,0.10014101378130144,-0.5338750662349473,1.526784633114908,-0.09182328343744808,0.12766310635799052,-0.19567257574871205,0.4364140585788292,1.3498686359655176,0.07429721714573664
-0.2900376992956439,-9.349577237193042,0.7148238224435707,0.003586711965538179,0.0007748722293554794,-0.7100906869432605,0.7041006685032717,0.28455170779940264,-0.10653005937606153,-0.1550149169358757,0.2366943622847223,-0.4425667607498517,0.06442134576400593,-0.367149260913082,0.06774171839228008,-0.0443560515690152,0.2617080757648389,-0.0699652752731611,-0.15671659738625662,-0.10096685451000052,-0.39469630894216806,0.09246294777644253,-0.5317937577887637,1.5920194324848276,-0.13335964042261053,0.1234988626616692,-0.20506536146345983,0.43434864528292144,1.3579006831261835,0.07480056863213731
-0.2921514276837907,-9.379054446558523,0.717331660575343,0.0021241515130151598,0.004115191310074236,-0.7112134138040792,0.7029609044648074,0.22084868131906576,-0.105401786709749,-0.14229557817119237,0.38180822140218695,-0.3953724068504096,0.011321022626637334,-0.3560138014656555,0.08028496343620321,-0.039477092871821,0.3169821465126524,-0.1260297187312054,-0.1660934267919522,-0.10178694144771255,-0.32431914800937217,0.11074356421157339,-0.4972999966595037,1.6201845020223753,-0.14174414789616072,0.09392182078464778,-0.21131083622268648,0.44919120839079385,1.356785765121091,0.08537401089582089
-0.29377945720289955,-9.406149920643424,0.7197292903160786,-0.00016539453777783888,0.0023898517601977287,-0.7082011864263592,0.7060066152646939,0.14860170351227875,-0.11292556697332512,-0.1380590947883475,0.5363833371296856,-0.22106664894306327,-0.003495292958061748,-0.3233356619688283,0.07909243772347013,-0.04275253487009242,0.33788565350513905,-0.16970437297600563,-0.16105910990412167,-0.10233564629532275,-0.244257801271127,0.12522588125481676,-0.4659113298712538,1.6173019575874836,-0.13626716415980683,0.060701255235634445,-0.2220777480590294,0.4416208086161896,1.3652697693745508,0.06955891437058424
-0.2938019640974546,-9.430639910907608,0.7238264924711342,-0.0001405720465079436,0.00438670170745513,-0.7007804454898628,0.7133635148412486,0.06415951445692973,-0.09755496681284392,-0.11424954573837978,0.6655654970371522,0.032944311778209515,-0.019162348778663994,-0.2864765876277232,0.07127113332158533,-0.056422254206720354,0.32741602515232854,-0.19177392158237724,-0.13578076251285062,-0.11089876231910224,-0.18265742771949564,0.1480586804264646,-0.48404690258386335,1.620855760680873,-0.16844098305591837,0.03043157066238713,-0.22969175388811888,0.42859438894590407,1.3506506641819445,0.07308675126175043
-0.29435333444434636,-9.452564339496,0.7271218841067731,0.0016128443688060035,0.007898266587170761,-0.6917271624723462,0.7221139444823909,-0.024652419671638694,-0.07291815701293859,-0.09782618309346505,0.7756501065370035,0.15453756544353667,-0.07679355557302567,-0.2538983899077949,0.06521751556017838,-0.07228535042047043,0.3090004232555174,-0.2142716350471324,-0.12329913770343968,-0.10885857966767984,-0.131551555830225,0.17659858606603707,-0.4928652784052325,1.6236928573480147,-0.18670913429234323,0.004944070284704751,-0.23967642682719453,0.4226865216301408,1.3186278481794567,0.07375508267103446
-0.2963831339850746,-9.470778477880806,0.729742756129379,-4.2096818109768445e-05,0.005408372135112657,-0.6843010461450281,0.7291795567509604,-0.10960934701253028,-0.04854144447260849,-0.0872455682668008,0.870820676992572,0.0862904418241405,-0.061905444370141775,-0.2141494091623472,0.06226673044909031,-0.08546300180304775,0.2919912806563036,-0.2236988051799411,-0.11399543754419324,-0.08589428874845091,-0.08535901862668666,0.20129734333772548,-0.4860938088638096,1.6103051371774273,-0.18585709863746477,0.00034465450567689945,-0.2560017293190617,0.4290047078599367,1.2857542059277232,0.08754348274388665
-0.2965285159045465,-9.48922600417337,0.7320008427191336,0.005216418589024865,0.003859382730054127,-0.6828619425931215,0.7305186250192368,-0.21361484285083177,-0.03254122245516147,-0.054481349928469314,0.9453525394915697,-0.05139211247821623,0.02017025280150912,-0.18340227017039137,0.052712015050626046,-0.08486400217002668,0.27205350899056246,-0.22339469667826367,-0.09364691709564675,-0.054750632295598414,-0.05521661653199834,0.22483832067212112,-0.47997224041325254,1.5833614139089445,-0.20334378110084583,-0.02669067381608745,-0.27901562383750145,0.4437826814726256,1.2724362770065503,0.05310824155705651
-0.29554839161223684,-9.507756551348834,0.7336659979832704,0.009380652831131212,0.003540847615847327,-0.6827693841580943,0.7305651468602926,-0.3084823440444652,-0.02145744069054749,-0.031908412229802424,0.9777627594342818,-0.18461723609067077,0.1107194946770072,-0.1546755984766995,0.04902850215045614,-0.08278876886624506,0.25379313075837967,-0.23920164834546184,-0.1020136151710692,-0.019699845658940892,-0.03864498342033015,0.24676595208908983,-0.4637918546899344,1.5472897441566793,-0.2076225442623512,-0.061163929775522714,-0.2966180062173819,0.4722456021395128,1.2742302519719466,0.06191353001370145
-0.29424086887614687,-9.52688303859529,0.7360785462089399,0.011915965215733704,0.0001341041995700828,-0.6745393680069377,0.7381426913529955,-0.35553504156220145,0.011107710459222436,0.009337801730625405,0.924608974609464,-0.16474308875538235,0.111188044528674,-0.1239580767124227,0.033142996607234944,-0.1086080937127176,0.24745935014493492,-0.2742267823395253,-0.10782316221023493,-0.008258653649744513,-0.011912202587616223,0.260876441998776,-0.46054224135519806,1.4922323141749505,-0.2132127605371152,-0.08677719586860284,-0.3149961012105306,0.5046604231190044,1.276140401037818,0.08407765650076655
-0.2909912208829609,-9.546584011921116,0.7374310246293433,0.01548808732432432,0.0007631125011480628,-0.6754051619439582,0.7372838015512083,-0.4065191280044145,0.005295523057185738,0.020262016563323503,0.8363426579505648,-0.15079343600611056,0.14137193737432716,-0.10091033440531608,0.025640650162094002,-0.1048538899151238,0.2447441666061152,-0.28210036691509716,-0.09124177404409331,0.020534844593592463,0.0056235479476831815,0.27342226936314207,-0.4617692706965311,1.4333182718163002,-0.21723783917606665,-0.11972826735412606,-0.3278347307482249,0.5276826470791373,1.2807799456478712,0.09066966963221942
-0.28687164001456206,-9.566662531155398,0.7369731135508315,0.022650514124504376,0.0022820952469880256,-0.6756669269472032,0.736855447208544,-0.45783832155494153,-0.023635966039759135,0.0135893150267882,0.7305420526590389,-0.1799197434586035,0.1787116717324373,-0.07652300943546289,0.017351985999320137,-0.10620143810565334,0.2255982827951893,-0.3269584629783934,-0.1132478144890691,0.03771994731505843,0.003514599012722453,0.2737021106644798,-0.443582557956637,1.3916483030482023,-0.2167859797133848,-0.1631785519438547,-0.3429944470876981,0.5535450896449732,1.2855239603914594,0.06570737176822786
-0.2824207768856606,-9.588597067263759,0.7341630685063192,0.02693670083385673,0.0009573193343629591,-0.6860355074191016,0.7270686214162297,-0.4785147611693148,-0.06343428251042037,-0.026356811527882735,0.5851621883902728,-0.17477585852668323,0.16880514396352264,-0.05513491170227451,0.011188228701391424,-0.08366092299934494,0.23400801308689312,-0.366576579568425,-0.1254166837182016,0.07824811721682459,0.005246668485953807,0.26436989486960494,-0.38095527351952174,1.3564139655593328,-0.19639779620079015,-0.202026600174098,-0.3541097243561698,0.5823623541402084,1.2854625535508448,0.05876420485670314
-0.2784898583095612,-9.611661960541678,0.7300070939200268,0.029231054915675157,0.0016176946947925519,-0.6944780191490212,0.7189180825457396,-0.4760910995933704,-0.09030953543243922,-0.0758069432925868,0.40303137724277965,-0.09885502352395098,0.12752631693102737,-0.03464707764836287,0.012857579148912796,-0.06320074737276558,0.24841481546179817,-0.43448220523844977,-0.16512504845015005,0.10761091778839636,0.009392966887285074,0.25187021760845274,-0.3035847492709544,1.343965794740544,-0.1972043214627618,-0.2397596613309552,-0.3629131167503478,0.6213784176706184,1.2777825908008729,0.07094132590627478
-0.2753579101240441,-9.636032522152458,0.7250720834228913,0.030532513703187405,0.001178236901416826,-0.7008847287546233,0.7126197964997372,-0.4528179136033541,-0.09973994616453745,-0.09168453768846355,0.21761869724782304,-0.06053732575760316,0.09134346788413661,-0.015480291954489411,0.011119082507612508,-0.0486361053565102,0.27624219577168047,-0.4876146416066864,-0.18846696272251673,0.12491521078967605,0.009276607878243926,0.23621832502260287,-0.23489837966647553,1.3674503937432962,-0.2303625798745839,-0.27561397560682,-0.3645379163048241,0.6450106888780576,1.2733995689239432,0.07154697494005796
-0.2727875635790525,-9.662817222215406,0.7181085172710908,0.029414754018295408,-0.0008985019976155313,-0.7051137551195007,0.7084832794649991,-0.4263044813315888,-0.10075854697133524,-0.06738723250498263,0.08190286306311872,-0.06488898981608443,0.07345868862539237,0.011200709657395828,0.008572019462266423,-0.0449076743183348,0.3078705949116888,-0.5481237029010412,-0.21071521471940616,0.13461377914240935,0.015591098639633915,0.21896479114876005,-0.16252524122633413,1.3529548079673652,-0.24669840144718488,-0.2987735969145848,-0.36065017081593154,0.656390848766347,1.266340840967183,0.0754515362670643
-0.27052443440863627,-9.690069975543034,0.7105181278730582,0.02687665988083846,-0.0018447082519029703,-0.7066642739018443,0.7070359582057294,-0.4235052487479892,-0.10669384435884471,-0.04263146471257658,0.03164097588972789,-0.05499689576656221,0.05863664341989973,0.04099389516167934,0.008146561188357656,-0.045827017941444365,0.33662614524827794,-0.6021860970965468,-0.23111173769528212,0.13690010775162267,0.0116505984189406,0.20976922306223128,-0.14237716631075514,1.361098073581558,-0.24646729853745933,-0.31188309172539774,-0.3497267484541316,0.648229389373598,1.2618501110786244,0.07442218474251841
-0.268440704891971,-9.717526547174717,0.7051765329954721,0.02475649225728936,-0.0019676425905727404,-0.7090808513416039,0.7046897123801484,-0.41291328953349,-0.11032299755847733,-0.023400671746622616,0.005160172483457502,-0.04560714134894576,0.05560436322684685,0.08230243419490221,0.009782106013635496,-0.04531720598377512,0.33451742749995206,-0.6465362608368441,-0.24698157952908445,0.1404441274611643,0.014837772045944959,0.19636410163360485,-0.14573337402298386,1.3664285976174204,-0.22220039788048312,-0.3130621822817739,-0.33866265963780817,0.6505950669062488,1.2562053694887183,0.0800055098607038
-0.2678112766348356,-9.745885581880435,0.7023204006723459,0.021371505879927463,-0.0008321841825675138,-0.7128972408566078,0.7009422873425073,-0.4052283647959371,-0.10759551268544527,-0.024220289679783912,0.020985273896225204,0.006441308935670725,0.03450618437754883,0.130410163865746,0.015643903592263073,-0.0370969875093438,0.31503124264604326,-0.6535653919814971,-0.22946280076964143,0.15074374035210938,0.01815077342199892,0.18862794026630983,-0.15484943391967912,1.3820436004217103,-0.22666043055947185,-0.3018748061303589,-0.3258529926641324,0.6566203968377106,1.252681094081317,0.07668368831907482
-0.2670519381824969,-9.774332145824467,0.7041868883806941,0.01902220614321256,-0.00048767072009983073,-0.7174938491647477,0.6963048859956882,-0.3955206181392869,-0.1057030464729167,-0.032977083578709765,0.037615431076642655,0.10884403501581412,0.016563362120964854,0.18912420962804904,0.01949122364925844,-0.02344148393969006,0.261657040284878,-0.6496050007110747,-0.21785755711303628,0.1609364978696571,0.03788566232003546,0.1764846567288551,-0.16066427815033296,1.3953928303139667,-0.228647532338146,-0.27627046635915875,-0.3151897259081777,0.6582693622849749,1.2550252431447064,0.07036357443283127
-0.2657145345670671,-9.805845176397703,0.706659757604469,0.01526889864094239,7.281031107672794e-05,-0.7216571407139202,0.6920822398310481,-0.3821772766032965,-0.10165815917815708,-0.02419022119653696,0.06908196613321135,0.1787572269866556,-0.013742468109543387,0.24325425064779824,0.023410609134079267,-0.005620468758235202,0.22066049667917956,-0.6448464281726367,-0.19144533268544928,0.1680852959910291,0.0521665239246656,0.17208310688110615,-0.17126672351906674,1.419642427152782,-0.2559316430479981,-0.2503491297024175,-0.2944075998232385,0.6547247507857931,1.2728868512086209,0.05715847452905944
-0.2651337106929441,-9.839338733734557,0.7079408820071558,0.010260504598481369,-0.00431186160121653,-0.723831212397631,0.689887313880964,-0.36144258002446794,-0.1079163134111358,-0.03614106690062201,0.12411226632251075,0.21458558616568396,-0.027131812498313687,0.27307532488122743,0.01879465226998025,0.004893672871880285,0.2485090778772352,-0.6479835825212319,-0.13646286757235263,0.17131904145517804,0.06148504989998833,0.16626260868061576,-0.16856074471683327,1.4504142129227633,-0.2638419059444545,-0.2142792974310124,-0.27261984500016473,0.644504216065362,1.2918728958262196,0.05663535864950778
-0.26458150335045816,-9.871331977462482,0.7097229694857385,0.0048856208818972,-0.008143906469459283,-0.7242968866436049,0.6894228219999652,-0.335143860477065,-0.11354691912117172,-0.04788934741158721,0.1740666374874704,0.2392329030317016,-0.06232800558762144,0.2679913079818495,0.018618927638663078,0.022652624569511736,0.3319874999448488,-0.6230445895026764,-0.09346292277348812,0.16482229064505383,0.06905513444074002,0.1649141664021903,-0.16469879846091887,1.4781628113792824,-0.27699384213016126,-0.17555975992698375,-0.2520787126286395,0.6273822535076988,1.3143984259725396,0.06350725771780173
-0.26339934032943735,-9.901132107332181,0.7119030264621201,0.0016399349406222927,-0.015255341519647175,-0.7263868730820997,0.6871147617265396,-0.2942386195613641,-0.12437451481160498,-0.055052768399046575,0.19885936916688568,0.2060089955370652,-0.07887095489429503,0.23314746323819852,0.010346240469696608,0.04748894446953328,0.46391816049305207,-0.5526169386809693,-0.04173040331055629,0.15778756827679982,0.08223448038306781,0.16104885362106836,-0.16445206653105962,1.488538904505114,-0.2859134716744199,-0.13365873815252746,-0.23985981226023056,0.6216057190815154,1.3341510577683109,0.03479240489426793
-0.2627023500475067,-9.928452064630916,0.7151873479801276,0.0007932738765717404,-0.01876902836914529,-0.7304600128218324,0.6826970513770829,-0.2503664032094252,-0.1271931347908624,-0.05053398001488508,0.19940478122273167,0.1694865302527266,-0.08902831549808404,0.17675932748392637,0.0009165410478820411,0.06311644769146893,0.5957547813897718,-0.38453397181818016,-0.02262663056296779,0.15427669985451223,0.07275395422655762,0.1590090314848608,-0.16778924049880214,1.5072886908899659,-0.28168935281124174,-0.10250177731075152,-0.2360546864767687,0.6283315601132684,1.3411107633653212,0.039034007601210646
-0.2627592011962846,-9.953677696908828,0.7187628001570985,0.000894895364206087,-0.02032840730181872,-0.7370497084733043,0.6755321474647044,-0.20817290250465745,-0.1259180671559638,-0.0418240267648454,0.19139722236828727,0.12989266878675892,-0.08696047087771636,0.10703532457572708,-0.02005330239755324,0.06025984649004918,0.7066815116684516,-0.1626616554462132,-0.022319711440182646,0.1496147439487233,0.05430876394909492,0.16101138362115602,-0.18873360288216984,1.5212545885344648,-0.2987171546223812,-0.07778214595741163,-0.23336222776881207,0.6304559058668292,1.3430491124198782,0.03288598464110726
-0.2628792117377399,-9.974683213811977,0.7202376258986051,0.0044438230694820655,-0.020705653004714136,-0.7436965034533942,0.6681818907463526,-0.18459827637748372,-0.12974981060051297,-0.029352530060357887,0.1943062525551662,0.1046643079016087,-0.07360784257427166,0.01571664810303002,-0.03039966772457651,0.08232611494322113,0.8236212918737733,-0.09578617067981007,-0.0002524614249261121,0.1377681720211247,0.03140395724876793,0.15939609962329956,-0.20073886325394535,1.5325057410605663,-0.2936602751215053,-0.05735229111060053,-0.23782969319998548,0.6265449693037489,1.3314442340421755,0.03485690854735609
-0.2638331983327369,-9.993964789735557,0.7208659414745725,0.008154214504447742,-0.019836992382721387,-0.7481867458653028,0.6631414598941248,-0.1722001680741286,-0.1329023597150446,-0.014576719119535123,0.2118074872442509,0.064312787550788,-0.041104906293594035,-0.0764236390825479,-0.020836412594502626,0.1162822925744528,0.9229612201645667,-0.18946972166423467,-0.029738670033046546,0.11701930188138016,0.013351255834624322,0.15813788281220442,-0.2091145200010632,1.5223173963853616,-0.2792239777010235,-0.037949855077513674,-0.24698504303682767,0.623176051137414,1.3150027429648978,0.053807931164351695
-0.2655015159670519,-10.014636389863712,0.7219259234579448,0.008709438348088324,-0.017742475064382594,-0.7496859712116979,0.6614985221681322,-0.16070454497628067,-0.13291107331189944,-0.005695746983948261,0.2403142801208828,0.0032969665092788814,0.010024934291693363,-0.1535404769579543,-0.020526452653513657,0.11968993937697404,0.9684196086888521,-0.30149665942429804,-0.07170064991366949,0.08714061112279045,-0.03314286168224898,0.17108772223977708,-0.28887301853104635,1.5384914416991589,-0.31653146140628413,-0.0423024693555754,-0.25959755908005944,0.6098985009332145,1.3247313684348259,0.049992401052088846
-0.2678261217745488,-10.033497293284839,0.7227338101566513,0.009131606453430537,-0.014191586966180343,-0.7500576735253521,0.6611570910220173,-0.15175820901312403,-0.1272213211131512,0.0032552283092089087,0.269246508176529,-0.049998864170335305,0.031457944001293474,-0.22962342609420977,-0.034656318253369,0.09429637921413717,0.9739333415677928,-0.39395605743497,-0.12563641605583872,0.06773097933686227,-0.09014781781049154,0.17874064969477632,-0.314191948251151,1.543063540394971,-0.2999931509062387,-0.02894356821447737,-0.2663815865059685,0.5803325611878414,1.3128983103389986,0.049693985393830485
-0.27101983975412036,-10.053057966972384,0.7235143072666406,0.009315892481430067,-0.01087813469824532,-0.7497663048306871,0.6615477068763048,-0.1346152848603162,-0.1206488209417392,0.0041405431217375775,0.282970702370251,-0.08837913582291995,0.029080799701683452,-0.2923520724559104,-0.044186668417439234,0.06983714611330596,0.9294364976931544,-0.430551825182052,-0.17441552211028416,0.03993019007943609,-0.14839475444412137,0.1909251569450428,-0.3519252294957611,1.5512041176875764,-0.31070114675184046,-0.022754999772954435,-0.2716913658542175,0.5627686960184458,1.3083556689209817,0.05028888042856585
-0.2746149532182842,-10.072680298528871,0.7242934519385811,0.008779648980788902,-0.005081397908133466,-0.7478908810085185,0.6637441730541778,-0.1201413120717488,-0.1107148818127164,-0.0017017642773760893,0.29391893306549144,-0.1229224041504706,0.02417571597134652,-0.34204799221646764,-0.0444152907079888,0.04087923911475767,0.8420566729526218,-0.44195332243711993,-0.2505821138915469,0.018202659187885023,-0.2067695659106961,0.20377625632081217,-0.3639515490065616,1.537818272181994,-0.2899825259088139,-0.01867973619730498,-0.2682541729755332,0.5388547614955549,1.310824881445438,0.05797045054732765
-0.2781792666223218,-10.093134870811904,0.7245006281875945,0.010398393374851735,-0.002981729239635672,-0.7432010707004632,0.6689806807491884,-0.10571505555694936,-0.1149415156459672,-0.014542022983441868,0.3048469766366953,-0.15626004360868107,0.06540332966918078,-0.3760308108855848,-0.044212261164878856,0.02492729101070115,0.7288156446243835,-0.44145477532193633,-0.26179993499222054,-0.012678519830044983,-0.26067463473428854,0.20970854997898183,-0.360710326744587,1.5289142322200386,-0.2724975807495204,-0.012901865523263651,-0.2702134656085996,0.5220898859504963,1.310317040715383,0.07094710155632257
-0.2823720264110416,-10.11475629510809,0.7236800042301614,0.011476653228050623,-0.0004059355151132656,-0.7363194070501639,0.6765366600919236,-0.0869859923180823,-0.11324902319895952,-0.0245792286429268,0.3175344799664825,-0.1991149452697136,0.08400579157422204,-0.40110720580056985,-0.032947853634254586,0.015553699147938069,0.6013591605354749,-0.4047087635135255,-0.2524769568423411,-0.04479746595062607,-0.3157541150632081,0.21699846359096847,-0.35134462830986185,1.512469620552442,-0.24623700210255375,-0.004660942571144983,-0.26825124777302933,0.5045575962660857,1.3008114823373904,0.07055341125426726
-0.28545677466508884,-10.13725648497676,0.7223661637647772,0.013167333493770172,0.002364863149708702,-0.7283766225720485,0.6850463666362168,-0.06572737250462907,-0.11336477133410441,-0.042059913184123415,0.32002139441914795,-0.22337326190925505,0.082444211873111,-0.4166585583124792,-0.015776089617731234,0.023517639603471314,0.46031081791136497,-0.35081805444897524,-0.23363209131833376,-0.07540919610458421,-0.36753950159514887,0.2275469276443469,-0.35804264483957776,1.492747205473124,-0.22154734066974213,0.0036486561375583463,-0.2656018221445666,0.49713092842430967,1.2933749895369495,0.07195160743000217
-0.28733114160419765,-10.160382505018266,0.7201516424012016,0.016546477558139875,0.002513227129492926,-0.720204642639397,0.6935597814828013,-0.0419838185350193,-0.12157834587542282,-0.05513654392780071,0.3234838808383364,-0.2762714107890086,0.10906639045542396,-0.41876380606016433,-0.007478576035066144,0.03866661542912517,0.3141462607971056,-0.303044486615503,-0.20891407544992813,-0.10123169715680752,-0.42198602102229166,0.225218073262793,-0.35626566090067807,1.4791856441831135,-0.1973047150014052,0.014184911117885193,-0.26629407357766005,0.4889977941732552,1.2849101808164243,0.07275725453299133
-0.2890734844519428,-10.185742947509453,0.7161979374132321,0.01700672289931084,0.0017848447656250272,-0.7179439577363094,0.6958908386056768,-0.004848701304653252,-0.12258237738445785,-0.05716486692197017,0.3206175462938395,-0.30310090093051284,0.118452811754025,-0.413398862589737,0.0015635181641493073,0.017368490462946008,0.18855452561244865,-0.33727814987566385,-0.19671333109997263,-0.1106801003179138,-0.4618300526350288,0.2201641479906732,-0.34294678463046113,1.4625636861021964,-0.17594352824021844,0.02365953183392576,-0.2662489334089845,0.48813791471608736,1.2876562729369019,0.07842739799970258
-0.2915892970454836,-10.212575810409291,0.7112615801655181,0.01543194955368954,0.0005050877949428767,-0.7169700219021352,0.6969329863860246,0.03734783174017789,-0.1197046795108794,-0.0583967495002457,0.3204060235296611,-0.34101275846787926,0.128085959647568,-0.4138528064238815,0.010823377240291343,-0.023593408503444838,0.11144706694140212,-0.33305535079475523,-0.14563255785526596,-0.11398793094306156,-0.49198842969505674,0.21223334236894828,-0.3391105064955132,1.4504854251040031,-0.17450187129600084,0.033481802208968514,-0.26330985800918805,0.4808726649909063,1.2983925222325878,0.07746818944068627
-0.293932025025877,-10.239622501660971,0.7056255279507139,0.01508675372246912,-0.002385969863610223,-0.7175818759663276,0.6963066481763427,0.08337484419180179,-0.1224469757208692,-0.06283852245820522,0.3117941879269875,-0.3719985983041708,0.13203499996731063,-0.41727837537328016,0.018958480528160973,-0.057622511452857406,0.07689785876892087,-0.315798871143238,-0.11450136225737804,-0.11396855821142073,-0.5105826792801236,0.20041056169259916,-0.3270756001942707,1.441199277099534,-0.16537283091501287,0.03778177641295832,-0.25844091658074414,0.4707607710378878,1.318400972536829,0.07682052310443413
-0.2955820654553889,-10.266277721332653,0.69997402438523,0.016722221430258144,-0.0022171059491955768,-0.71575759531115,0.6981450540582856,0.12152942660463474,-0.1223838319813234,-0.06200699950528653,0.30443378453082504,-0.4100325821683594,0.15084872031207439,-0.4191205247906267,0.024589409214882327,-0.08021542334778602,0.07283098203882159,-0.29792469992752546,-0.11025288864685232,-0.11863831966289656,-0.5267852314318155,0.18640535027435773,-0.3224419505037443,1.4406049978255644,-0.1609695376050155,0.03992329283863887,-0.25170036822528974,0.4634693024349568,1.3349751057759431,0.07583111286219872
-0.2973123964654855,-10.294066512990607,0.6972436756129958,0.0187491558575456,0.0006396980349711017,-0.7152884826824564,0.6985774448712768,0.15598740493865507,-0.12033072442387348,-0.07117068283340727,0.2869284158167071,-0.4249026887434569,0.1520080697971468,-0.42196515779025673,0.03483000631802748,-0.07806354040290926,0.100126330139757,-0.2471525808685467,-0.10800812851782808,-0.12562347900537643,-0.5284816370796817,0.18215061374609137,-0.34024313658826044,1.4398641645472912,-0.16806794639255485,0.04335182403878453,-0.2413556105953789,0.46556205232628534,1.3430161187652876,0.08242700465857734
-0.2981549611553015,-10.322367566316021,0.6985065717701633,0.022240943085715566,-0.0015562868062401467,-0.7141855934170136,0.6996012125329841,0.22301926091778815,-0.12285603573458788,-0.07635391064883172,0.20722001019952224,-0.4231301685492532,0.133206869338802,-0.42521935455526993,0.036464124353650165,-0.05862482761067353,0.13159608939982986,-0.16262149322042,-0.14538477717522155,-0.13435208450462277,-0.5091926116671446,0.17172360651374016,-0.348740370439365,1.4523005552966195,-0.14328296703661866,0.05434337551510689,-0.23988046552172249,0.467869623768886,1.3483113367595447,0.08501117886857427
-0.29907117648244624,-10.352696349867077,0.7013457125740403,0.024889627615947655,-0.005355216000530602,-0.7125937824516019,0.7011147761315868,0.2606273321348281,-0.13221888075927107,-0.0894767756307889,0.1889716182381697,-0.4490484075312269,0.15416178448208684,-0.42944342237146926,0.02743950688825828,-0.052380411932996335,0.1899496517497552,-0.07424712672132495,-0.14699140912437225,-0.13963372167809035,-0.4852695707685266,0.15294451710066978,-0.36989711487218047,1.4785569104384368,-0.14178261112791063,0.058882701244435245,-0.2400755633688849,0.4605523589919512,1.3570067892481883,0.07993014488946469
-0.29973176055395484,-10.384679097245268,0.7028811707457472,0.022444915239582586,-0.008955309890919128,-0.712974036324068,0.7007738948708143,0.26552307644077766,-0.1398319178202736,-0.10365633629469843,0.24357819069081652,-0.477708004860676,0.1393166693751842,-0.42732504990764214,0.025759391022629016,-0.047840741790772,0.27431274891794766,-0.04359915368736068,-0.14759583559169323,-0.13568316164864333,-0.4554503763953056,0.1359695005549736,-0.38228489571459606,1.5145396193494736,-0.1347403457452227,0.06222773930025176,-0.2374520327953581,0.44941102874663935,1.3629625358264443,0.07592400626176754
-0.3007952249290971,-10.415264061785479,0.7046900630962416,0.017367030920938754,-0.011733611926577323,-0.7140272268045676,0.6998041354335691,0.22987359579430408,-0.1458838870991586,-0.1129684702008505,0.3673350379238867,-0.48680853492847176,0.09430306107565468,-0.4181426319048919,0.033096383669438664,-0.03607671101397426,0.3605110541393084,-0.08615719062647202,-0.1510293632192672,-0.1250342542230156,-0.41935541874375615,0.12174207075938416,-0.41066935649394254,1.5528423028695288,-0.154522698984208,0.058589782929723264,-0.2336421680480661,0.44511552719419273,1.3690403214863989,0.07333993579735992
-0.3017832052561127,-10.443734360971355,0.7074444324514896,0.013150870008403905,-0.011518318167593494,-0.7137624425443027,0.7001696641370588,0.17477305384019157,-0.14207083937922504,-0.10610057473643128,0.4945200449797056,-0.3658743031107967,0.04581702526656572,-0.39282689652327446,0.036234608973011694,-0.0444908839759586,0.4023863867419019,-0.12954610588564447,-0.15069978273009355,-0.1156855264477799,-0.3735809582357272,0.1202252215461686,-0.4333475242642255,1.5734860751562463,-0.1453137336335994,0.046778400618591176,-0.23170688039094273,0.45413785454832334,1.366850986103828,0.0758502294916377
-0.3034144852984025,-10.47002320861591,0.7111103083043143,0.014488742123599112,-0.0029098924298078823,-0.7107459437024825,0.7032935463859945,0.08516569560468054,-0.11654755734768991,-0.07915162978475715,0.6183175644905112,-0.06301707672072515,-0.016457854508467172,-0.3738426027926943,0.04271614077814237,-0.053738188799066035,0.4114814637150125,-0.17271218707680971,-0.14804276457693616,-0.11010272526581807,-0.35406998166661013,0.12858061340496582,-0.4619811890495041,1.586513973476709,-0.1597145401300183,0.012076328090162252,-0.22733272246654607,0.4625979842411538,1.3529266651624812,0.08580098254888403
-0.30459416773539766,-10.492837843530271,0.7146317060377922,0.01572259344306276,-7.052110296111233e-06,-0.7020124818407175,0.7119910640910648,-0.008263869078083498,-0.0923925670320891,-0.06695785288005289,0.740587260302401,0.11687070537964328,-0.042450595891103816,-0.34333030103635565,0.034782335458476116,-0.06795914508073651,0.4042620539803029,-0.20285715625913223,-0.12774237200181895,-0.1124626983740157,-0.3232882997923414,0.13736811600900306,-0.49656987114085216,1.5844194396816926,-0.17139320167969446,-0.015508508440722593,-0.2287993110293272,0.46606044652194933,1.338718685113264,0.08873986314383776
-0.3070940808803514,-10.513431661513952,0.7176937190614527,0.010620294485082747,-0.0012599694343921708,-0.6943517673397498,0.7195562834234992,-0.08020977744340922,-0.08659995115964003,-0.10326924103977148,0.824064658006522,0.13740988860021128,-0.10263158152929716,-0.29910458184215144,0.03506376726049108,-0.0832435560469159,0.3925561013627978,-0.2163517477530996,-0.1066024997989216,-0.09586673808426031,-0.2708158551537584,0.15003676541062727,-0.5092544919580769,1.56343965701128,-0.15681915499116245,-0.01736486336478992,-0.22980358557467492,0.46745973279060427,1.3115336996432143,0.07770067846800435
-0.3080769501437464,-10.53311247675417,0.7207429726013329,0.009478872922679366,-0.008157439662618855,-0.6866684529445646,0.7268631527852981,-0.16251676718383049,-0.08459484299626198,-0.11549445567126967,0.888857050197218,0.09062690455040473,-0.06976961895001478,-0.24866985868109395,0.022384642187867242,-0.09560962249080433,0.3708825260687373,-0.22745871349962088,-0.09820239463735747,-0.07844287721055089,-0.21632790079628184,0.15661435532147175,-0.511668642928941,1.5159246153131667,-0.16574989890272276,-0.02243374587488029,-0.24574327794703807,0.46989871814468137,1.2977021674624192,0.07500288345796666
-0.30866278760213095,-10.551707980357776,0.7233499314180046,0.01292932504760322,-0.007674624782069744,-0.6829200320942929,0.7303383890037526,-0.2701177559442652,-0.07784396995946857,-0.1091621211148282,0.939776534742808,0.012460518329176672,0.007289033247748266,-0.2182833793478596,0.018704097282388026,-0.10254833167612729,0.3507771988544156,-0.24225443857003007,-0.10423443578427384,-0.05316208113543449,-0.17950363718375578,0.17146759364263997,-0.5111389810967489,1.4822130260301056,-0.204176896587524,-0.04596524269726429,-0.2594558755557353,0.4919610322863646,1.2836920193087504,0.08280637644485182
-0.3090453323030957,-10.570481985748664,0.7257865039575908,0.01671677218077299,-0.006866097994105246,-0.6805734086821705,0.7324569896047971,-0.3565592496649596,-0.05307588748040883,-0.0808536827959822,0.9372655063036942,-0.021821949958364513,0.06886089787932417,-0.1904905003950224,0.017899634115902903,-0.10555165314506856,0.33106085074488306,-0.26021589796502054,-0.12556921388067854,-0.029252125929470255,-0.14292722415706963,0.19054674923769585,-0.5382268035989701,1.4338371341138267,-0.262661143575282,-0.08030746257289306,-0.2737044653796718,0.5036272378807308,1.2825192538495775,0.07993197095486992
-0.30775545495099993,-10.590066201158962,0.7272616007332577,0.020129293657788518,-0.004701138899828001,-0.6892219579518111,0.724255344134204,-0.4251487599675444,-0.014911472495504265,-0.02680664705762212,0.9110204279738269,-0.10852313985422989,0.13867520499579297,-0.16663040718408853,0.025292432305776175,-0.08634913363731776,0.3187598415186571,-0.28627254062778734,-0.1365973991829239,0.02088745699569043,-0.11724797891037166,0.2000199945759213,-0.5018330255913509,1.41660736608098,-0.2538420746204172,-0.11783464795282964,-0.28308144057163764,0.5185334339822972,1.2900822244668573,0.07242493270837617
-0.30612256069398536,-10.610753272753882,0.7276818024182534,0.023224794369071346,-0.006792519632303769,-0.6829902594278605,0.7300265585101832,-0.4671961718849585,-0.03000726663954068,-0.032555819111642924,0.8108551139799409,-0.11055353222653425,0.17093362050140243,-0.13596685368957911,0.011418848121271474,-0.1052600199072866,0.31372295426506813,-0.30942836357855,-0.13651368654178078,0.027312866027417303,-0.08094785112196208,0.200454096560797,-0.4303566174624711,1.3974685749640927,-0.17651389599379408,-0.14793794486083886,-0.29807175211337983,0.5349654171144811,1.29685179053412,0.06940102823071649
-0.3035350064940779,-10.632457071552498,0.7266654048378185,0.02600226105571564,-0.004929524927068962,-0.6850816297477811,0.7279854001187847,-0.49616902699208143,-0.0475714113537949,-0.05274402844845527,0.6817697506961372,-0.08691704829804081,0.15889124606923735,-0.11071036022041884,0.012332736275110712,-0.0984118202226436,0.3088412901672465,-0.34580708525321124,-0.1564392485977867,0.05092344807218857,-0.0636911753421626,0.21355294707540112,-0.44135190029525495,1.3837049156435264,-0.1858892838853884,-0.18130277521857033,-0.30664071780586327,0.5554982512556506,1.2935916335615179,0.06556876465421563
-0.30077118836630956,-10.65530909461485,0.724329466151197,0.02658869857066796,-0.006364316865661265,-0.689169245429207,0.7240844479297203,-0.5010252963198767,-0.08161170792830033,-0.1054790321768359,0.5231861863445334,-0.0684351005490848,0.13575331344789893,-0.0803118207130439,0.011947221462207204,-0.08924308292814473,0.31361763305569396,-0.3993214102833528,-0.17551210591179395,0.07861612231682982,-0.041340550774944855,0.21738962283821647,-0.438900968345498,1.3826941622725963,-0.1942870690564418,-0.20344222323859543,-0.31596332128485105,0.5789929268494497,1.288124430044274,0.07568494185496517
-0.299265330678414,-10.681128245573248,0.7206995773646131,0.02623879033679387,-0.006756225869121533,-0.6913634691254169,0.721998914717006,-0.4996960854499964,-0.1134248364280028,-0.17299783922316564,0.3681290719960282,-0.06360657032357928,0.1326222686611307,-0.041471953601883535,0.013894784623916802,-0.08828376496860467,0.30892588728591946,-0.4640148830482704,-0.19826319146936963,0.09771645343221239,-0.0229892921029282,0.2197307083877129,-0.4342872226069678,1.3894866289511751,-0.20848478355558608,-0.22435734654608025,-0.31940368803597,0.5954828629977323,1.2845612276527907,0.08158066031725894
-0.2971868417556277,-10.707101278960256,0.7159456502193976,0.02548955179605136,-0.00934325068094295,-0.6952182863784312,0.7182858210357392,-0.47885891625646737,-0.13050526788911557,-0.2194139970120217,0.2016316947747252,-0.030055466773568348,0.1094674543568076,-0.0021180889310420735,0.010801229200863382,-0.08077077710439327,0.3122816049182167,-0.5019471630717004,-0.1916427738062358,0.1170498581531778,-0.0017779008221955892,0.2183985864050152,-0.4247032753090781,1.3937832663465572,-0.22248772689210752,-0.23958237148922,-0.32314365580932347,0.606444098202334,1.2782011289207056,0.07369583029030173
-0.29640328627089196,-10.735407229924256,0.709299465071059,0.020706966588118696,-0.01121487809655363,-0.6979001695107436,0.7158077964376136,-0.450817272137388,-0.12686976175490008,-0.2212513592953088,0.07504626256604861,-0.03097455099796577,0.06325048346993374,0.04382626083909199,0.017210248975830438,-0.07673467521244937,0.3185069599567837,-0.5463549690995856,-0.20551283889199856,0.1354646354803751,0.010313569167554588,0.21203681227944077,-0.41667607257162326,1.417018256062624,-0.24352836014414017,-0.24535611507558355,-0.31897652323503606,0.6092400633504159,1.2701667375372432,0.058344053872306394
-0.2957318179706845,-10.7640277974563,0.7019441583488892,0.01714786374420873,-0.011201281854500584,-0.7052474774200347,0.7086652789903725,-0.44275379276002647,-0.11826169875322252,-0.16226552968975497,0.03347591264545735,-0.03510285299700737,0.049231286311363726,0.09260305123138353,0.025469042805740336,-0.06203215620017372,0.3088052896051869,-0.5751556671399157,-0.21420931891889447,0.1628289227947242,0.019850759795722817,0.20861811225274107,-0.40456617767130343,1.4328540026044967,-0.25002129701310355,-0.25120662158211665,-0.3144467943516861,0.624832308095892,1.2596351693459524,0.06343487585652657
-0.29454779486483795,-10.792616903746488,0.6952942323517486,0.01342183824777214,-0.012248208191465484,-0.7094499084946532,0.7045215844749373,-0.41816009081307504,-0.11155492249476642,-0.08450142302208079,0.022762180921715672,-0.05049829470342701,0.020867327039537684,0.1337804971810128,0.026938038853628447,-0.05859746333031424,0.31855332639304446,-0.6046755329154875,-0.20123553914592776,0.17531132264261723,0.042310085769074246,0.19962243520389683,-0.4012268771364291,1.4243969314280218,-0.26498831525299804,-0.2539325170702512,-0.30441174810755306,0.6228334775347413,1.2675402061272611,0.05247943758407592
-0.2938070289743491,-10.821226611359101,0.6915145986583617,0.009712293283317935,-0.011608076473259024,-0.7174629458927099,0.6964322258416268,-0.3969564569855135,-0.10404805799512867,-0.04712340771687407,0.03812843366670566,-0.02118826605893133,0.004376917875391297,0.17746908883877363,0.029890451736555333,-0.04077496732469805,0.3111467447966654,-0.6318624266011875,-0.1850704149121415,0.19454795064401145,0.07144562848237954,0.18079527804278703,-0.36914204474581913,1.4231928996179055,-0.25203196768448294,-0.24773436027834533,-0.2936906419235387,0.6348486196785573,1.2760172027586345,0.049346718806588266
