-5.047292364345712878e-05,-1.909839878672928842e-02,8.060292892049409907e-01,-1.758424859170348506e-02,2.593732897296051332e-02,6.793252441672127384e-01,7.331679628873388754e-01,-3.488173011966987785e-02,-7.723738207617918128e-02,-6.639931988288154396e-03,1.090634221012795890e-01,-1.693781298050647255e-01,1.078197995806933068e-01,-8.008756660172838826e-02,4.463318498837786502e-02,-7.841063239659763068e-03,1.503675242913144472e-01,-1.582251473992037916e-01,1.850888879991866715e-02,-2.983524509879725492e-02,-4.492584068400367822e-03,-5.229987686950038350e-02,-1.025378783021342333e-01,2.709294839109260833e-01,-4.692492065938315693e-01,1.307469152793088174e+00,2.531933902362619171e-01,-1.407909002015402811e-01,7.636588976599795187e-02,-1.143877490507748673e-01,-2.581952982826639098e-01,4.805085262204758512e-01,1.252938448279836692e+00,-1.242041555429664046e-01,-1.313235738108789741e-01,-8.886536242773274141e-02
-8.373341641209578346e-04,-1.927407342404558604e-02,8.058686155698419062e-01,-1.786675516731971863e-02,2.565538699133006889e-02,6.794792836608259945e-01,7.330282963527990914e-01,-3.604758843583381195e-02,-7.749843425238006622e-02,-5.565275626463660197e-03,1.110778361054743507e-01,-1.723171158464801289e-01,1.105145313945102847e-01,-8.177443234072170886e-02,4.433780629550186647e-02,-8.120956385399100141e-03,1.536859618506940806e-01,-1.603038149954434943e-01,2.031406477407951897e-02,-3.008863877146362303e-02,-4.957232936166655266e-03,-5.293643127035577156e-02,-1.059959174510211183e-01,2.666766444938091785e-01,-4.686400582652974767e-01,1.317734244931027643e+00,2.597160673113779183e-01,-1.442197343312138502e-01,8.310979312712109268e-02,-1.167598406206200173e-01,-2.575473593285101392e-01,4.813875534151372260e-01,1.260310883668312121e+00,-1.296676490980784580e-01,-1.358128765117635750e-01,-9.435544443638796408e-02
-1.756051014676004779e-03,-1.955112762443743379e-02,8.059002047907408706e-01,-1.851244589397158663e-02,2.554944596319638078e-02,6.791614369520216909e-01,7.333104783891074563e-01,-3.716392950291842051e-02,-7.743542042410517245e-02,-4.679728307500401197e-03,1.107972404338715272e-01,-1.722561116228455147e-01,1.118800760284933554e-01,-8.395440877215457065e-02,4.469289419144541198e-02,-5.947763587784021116e-03,1.551014488725539486e-01,-1.590891412496058810e-01,2.090834275423768610e-02,-3.176126359497231932e-02,-4.454591315548287085e-03,-5.355268617447059981e-02,-1.077501476991401530e-01,2.622020707076901935e-01,-4.687886818747357132e-01,1.325656980498526760e+00,2.635450649142075941e-01,-1.418774373183604165e-01,8.404807364153209226e-02,-1.193878322299980338e-01,-2.579175094029476090e-01,4.820809331254758967e-01,1.263229007241860380e+00,-1.296091246023534094e-01,-1.351762183324466959e-01,-9.427268157425811035e-02
-2.754230435584058279e-03,-1.990357157861508824e-02,8.059517602117980406e-01,-1.907516520975871196e-02,2.510279230206320655e-02,6.787353320880943341e-01,7.337058926205539677e-01,-3.780212441590399819e-02,-7.702461636725317640e-02,-3.596592427955971893e-03,1.108385161346867598e-01,-1.725000454909186298e-01,1.132622093975189093e-01,-8.509274433193420029e-02,4.538623412266026141e-02,-3.647747591297316461e-03,1.554188963783706412e-01,-1.571083118234625486e-01,2.195189920934615194e-02,-3.358600707282435871e-02,-4.454421999259385381e-03,-5.406089081534805330e-02,-1.087744551144653737e-01,2.568441999712348101e-01,-4.680681094836999789e-01,1.333405891813785216e+00,2.668453858625206010e-01,-1.391323724782940197e-01,8.341516191472256314e-02,-1.223001522524712198e-01,-2.580180182665785527e-01,4.824275489788744653e-01,1.266038448990011833e+00,-1.285188149682530978e-01,-1.347118799114135901e-01,-9.408051756821805833e-02
-3.763161413130056317e-03,-2.033513486318009114e-02,8.059881718882982993e-01,-1.961478729208175967e-02,2.476713981646933363e-02,6.784988643758733673e-01,7.339217532853536952e-01,-3.884877782737025664e-02,-7.680161636736054787e-02,-1.841698357292066712e-03,1.111713468553544304e-01,-1.728053055676528338e-01,1.142664044460902778e-01,-8.692760400914621710e-02,4.573267414764626421e-02,-1.523687134488992123e-03,1.566088815666563661e-01,-1.551892011872793020e-01,2.341875585337205995e-02,-3.515118079254348632e-02,-4.423252502876994299e-03,-5.434846444803297094e-02,-1.100119321216375123e-01,2.503589484210629879e-01,-4.669426609417579033e-01,1.341203612045978710e+00,2.697527925095130619e-01,-1.366476679767536229e-01,8.390768379185327419e-02,-1.249163740361475677e-01,-2.582226171694195771e-01,4.826105872538272723e-01,1.267825679108066428e+00,-1.285914421359953264e-01,-1.343489939196548244e-01,-9.549793743632981058e-02
-4.741427814574925188e-03,-2.084422602319790235e-02,8.060509881476046745e-01,-1.998843508548261289e-02,2.435014596581984436e-02,6.783260221514373356e-01,7.340853768646288247e-01,-3.943287095432774364e-02,-7.672944618253289828e-02,-6.385319990620808017e-04,1.109543917629242926e-01,-1.724282368133585874e-01,1.143358270443474711e-01,-8.807745218913397289e-02,4.584110873885362258e-02,-2.589885964836627363e-04,1.570870791637467845e-01,-1.532792292099335318e-01,2.376663979191959847e-02,-3.572855010377043450e-02,-4.130419157355975229e-03,-5.368004103437330754e-02,-1.115144365752258893e-01,2.441588179526807956e-01,-4.683643983066733130e-01,1.346426228983459428e+00,2.727387199342972690e-01,-1.348538121437327653e-01,8.241695344683916402e-02,-1.269787546436520476e-01,-2.589469359966394268e-01,4.832406277027985753e-01,1.268123776944508396e+00,-1.284175962443108165e-01,-1.338798089729467677e-01,-9.663843512238966260e-02
-5.640254144484655070e-03,-2.140181300287948007e-02,8.060626036290970964e-01,-2.058169562511259765e-02,2.410425149888696661e-02,6.782360153023205829e-01,7.341602593519370723e-01,-4.120924368348873046e-02,-7.636661056716927132e-02,1.289819470173543536e-03,1.118672110322692925e-01,-1.729744561335793129e-01,1.148072564731142803e-01,-8.998925659872500371e-02,4.607156518189958749e-02,5.653600527385296837e-04,1.577161281649843705e-01,-1.514972812617550457e-01,2.533139891820208878e-02,-3.606936834777463990e-02,-4.098898628240657538e-03,-5.288030545281574568e-02,-1.127978376956691869e-01,2.391558526060396095e-01,-4.720533525598374913e-01,1.348169955405927434e+00,2.770094759056930811e-01,-1.340766158028407207e-01,8.253447130348084970e-02,-1.285476787883317040e-01,-2.599484181832000806e-01,4.846130629877473672e-01,1.267573665106022096e+00,-1.300776120994850960e-01,-1.340344143021481027e-01,-9.950006987717463502e-02
-6.415557128595451679e-03,-2.197075571189682427e-02,8.060986569337520447e-01,-2.087494992083257020e-02,2.386823804597760015e-02,6.784195914514691284e-01,7.339900555274605498e-01,-4.225977734449527790e-02,-7.650615185000619878e-02,2.314909137196362321e-03,1.118615739105710827e-01,-1.723870856866014378e-01,1.148727804970335886e-01,-9.136368464080366070e-02,4.568212265196483490e-02,2.546510296007956087e-04,1.583357423905992767e-01,-1.498798561004132668e-01,2.593681957778127753e-02,-3.543726130172362293e-02,-3.546146619128293792e-03,-5.236169971692504477e-02,-1.142964218994332037e-01,2.349233361347584648e-01,-4.759816120476969004e-01,1.347801616525520219e+00,2.815275579228694314e-01,-1.340026950894468438e-01,8.121750974619654229e-02,-1.291997382097674896e-01,-2.609236968925197631e-01,4.846001876363529304e-01,1.267220858304586084e+00,-1.312463549458801892e-01,-1.342576276464230445e-01,-1.015981683593407264e-01
-7.046514888404129158e-03,-2.249785248312267949e-02,8.061374223567330244e-01,-2.108605455756028951e-02,2.360839467277373732e-02,6.787476466052536628e-01,7.336890719044408815e-01,-4.307602964497991849e-02,-7.662465489234122906e-02,2.891601216667552543e-03,1.117443904608114991e-01,-1.714549500862493359e-01,1.152857725462929778e-01,-9.194141613280107372e-02,4.541986490926537556e-02,3.706641830973148033e-04,1.578329009263930161e-01,-1.481344985496686750e-01,2.610126999145911952e-02,-3.475169167633398309e-02,-3.400981575627238553e-03,-5.229402926813749020e-02,-1.152862305511290902e-01,2.322402771745417649e-01,-4.799901378724190648e-01,1.343910784877629938e+00,2.852616305143166886e-01,-1.350704079282321890e-01,7.997263042956488655e-02,-1.291080866930667259e-01,-2.618328482265548374e-01,4.846548956130247721e-01,1.266250827341977248e+00,-1.325971533710217087e-01,-1.357459709564393657e-01,-1.023370874435744482e-01
-7.518710077870646193e-03,-2.293096680339820614e-02,8.061583444439531787e-01,-2.121178042809722733e-02,2.360567164954007965e-02,6.790959293731120283e-01,7.333631783406594495e-01,-4.356313854811667829e-02,-7.709843335266015896e-02,3.308109049314195138e-03,1.106229800828532617e-01,-1.700779719768647225e-01,1.154513536747636682e-01,-9.305889013783627539e-02,4.472797419733980095e-02,9.256354628782437199e-05,1.582255460975779404e-01,-1.470505618846419948e-01,2.686837391084024099e-02,-3.390742944119577024e-02,-3.281805290788165300e-03,-5.245659353774183298e-02,-1.166767862154932528e-01,2.309213300919769618e-01,-4.832714470894915459e-01,1.338270571449583279e+00,2.888756125969254573e-01,-1.368080805175634074e-01,7.784755740610803387e-02,-1.282263683748888772e-01,-2.624835823469960916e-01,4.836235335821912340e-01,1.264474389658834852e+00,-1.325155202674397348e-01,-1.371027339342205942e-01,-1.012671329789344987e-01
-7.838893961144998215e-03,-2.323149298514813957e-02,8.061412909906415791e-01,-2.141418343670281957e-02,2.363978782496569883e-02,6.796248821090788983e-01,7.328660264997627349e-01,-4.331012769863877565e-02,-7.745728527692276322e-02,2.856215233476788740e-03,1.080881572116079714e-01,-1.692413402755321428e-01,1.153629455408069354e-01,-9.410851802722952630e-02,4.424671114468261418e-02,-4.383543140920806436e-04,1.587392547920396524e-01,-1.465615483880828296e-01,2.702086107903887632e-02,-3.372109965116321106e-02,-2.357747192927384019e-03,-5.240588143239083285e-02,-1.196599094297662869e-01,2.316590109212083859e-01,-4.864714946329543044e-01,1.330641335433981887e+00,2.920524988779871212e-01,-1.391934997386014006e-01,7.535980773227900220e-02,-1.268797444401748298e-01,-2.636606290497664484e-01,4.829885281375744244e-01,1.261120841282666438e+00,-1.320651181781297701e-01,-1.386424613915430981e-01,-9.924275299963504493e-02
-8.014970124193441722e-03,-2.336998361386161474e-02,8.061374256931195248e-01,-2.175285978144294446e-02,2.374462380213141974e-02,6.804105556002655320e-01,7.321232695110585498e-01,-4.320253223196885567e-02,-7.765006956029726903e-02,1.625321368176960157e-03,1.055946940473389550e-01,-1.685060816828661268e-01,1.148421468778478977e-01,-9.476546167218294348e-02,4.401313014158264592e-02,-1.156792771682978171e-03,1.586324590943463120e-01,-1.463996112324051080e-01,2.660416691037576289e-02,-3.332999287174715636e-02,-1.040717167252099354e-03,-5.282324437438327969e-02,-1.254838235734410112e-01,2.369665303103103970e-01,-4.896178974691542396e-01,1.320470334425802639e+00,2.941846194822830274e-01,-1.420492874600723099e-01,7.307728115499882715e-02,-1.244928144287741761e-01,-2.648906557459189126e-01,4.823349373454870470e-01,1.257618650617703393e+00,-1.315645351574133148e-01,-1.403628097110756756e-01,-9.655240809370435606e-02
-8.081518220787224649e-03,-2.337275030331909670e-02,8.059831139543092160e-01,-2.221608514723050556e-02,2.390448952306609143e-02,6.813216017510254074e-01,7.312563818038033681e-01,-4.287242507504203382e-02,-7.769242538380854990e-02,-1.545758053346987793e-04,1.026432504441935900e-01,-1.696320000325929889e-01,1.147346215691540106e-01,-9.545040710688153240e-02,4.373580118848423293e-02,-3.595802436082567999e-03,1.587444519288378486e-01,-1.478552324253287198e-01,2.682842382558522573e-02,-3.363364289320399519e-02,4.339466731990328100e-04,-5.302809578572864613e-02,-1.324245911217458438e-01,2.480541910422379703e-01,-4.922790267746374182e-01,1.307879759340799808e+00,2.954549710480111058e-01,-1.454261458722699574e-01,7.359703300193277953e-02,-1.213346200195734165e-01,-2.667415110844775783e-01,4.814673995344046498e-01,1.251486232511793029e+00,-1.298784586979628008e-01,-1.431113046498252994e-01,-9.460631957814685800e-02
-8.067115257903765754e-03,-2.325408467744535107e-02,8.058630661343844093e-01,-2.238363219249572128e-02,2.423411512334804757e-02,6.819103161134667523e-01,7.306914543445071075e-01,-4.249070412127500113e-02,-7.818878788314195805e-02,-1.096947000140909012e-03,1.002826520534303156e-01,-1.696600928367116845e-01,1.140941392799654647e-01,-9.587713337175941819e-02,4.286854473269425397e-02,-6.248330018161992599e-03,1.588889194706634700e-01,-1.497195676837665690e-01,2.560836857303945904e-02,-3.366536701898752149e-02,1.588322557879398144e-03,-5.300920688594538965e-02,-1.376230096316830021e-01,2.622379790360184759e-01,-4.930349189655575670e-01,1.295162105098363714e+00,2.943263108488253788e-01,-1.490440733239590254e-01,7.412912240210121906e-02,-1.182402411888619498e-01,-2.681003539173029138e-01,4.785264170967015174e-01,1.244984216451946679e+00,-1.269618016156994211e-01,-1.452856885113726626e-01,-9.143394220761984215e-02
-7.995426427708738140e-03,-2.308357908862891661e-02,8.055979844569353121e-01,-2.305580803101064946e-02,2.465064554680932579e-02,6.830917576105769440e-01,7.295522092863918617e-01,-4.300699859600386893e-02,-7.808362490784041821e-02,-2.325986927891744716e-03,9.807178024428521435e-02,-1.716622406351888119e-01,1.131751583696532920e-01,-9.672635086643061042e-02,4.255380941458166560e-02,-9.226197025451056410e-03,1.587696322482596289e-01,-1.525875211920120766e-01,2.696034448846334336e-02,-3.477872821707136963e-02,2.475617354722671644e-03,-5.309155652925757335e-02,-1.423943736192855303e-01,2.800275529408629560e-01,-4.928804572073829382e-01,1.282161680866858333e+00,2.925524154565054546e-01,-1.511286886908838611e-01,7.405745666755968182e-02,-1.160471262702369721e-01,-2.693985171803910394e-01,4.743967157114989397e-01,1.239861393407439616e+00,-1.251164487953582982e-01,-1.453652826564388878e-01,-8.731329729032252795e-02
-7.931517754226380043e-03,-2.290495406522989261e-02,8.054547574694662648e-01,-2.373981650642619998e-02,2.489339213402399012e-02,6.837784507984252524e-01,7.288784331862263599e-01,-4.280141789912354777e-02,-7.737736875028532191e-02,-2.283907541185778434e-03,9.515458145761476749e-02,-1.730219618142850302e-01,1.116353568179318939e-01,-9.737150559611651435e-02,4.267373323568917493e-02,-1.266798195011548112e-02,1.585440243336424804e-01,-1.542646360662593974e-01,2.733417931790228447e-02,-3.649281309136545581e-02,3.649933205738111613e-03,-5.328349690597314336e-02,-1.454670098334263084e-01,2.958663004977725164e-01,-4.918956186966877420e-01,1.273009825145521301e+00,2.877366163743044769e-01,-1.533983422057057788e-01,6.991584394799499336e-02,-1.144552224041860966e-01,-2.718347420433520623e-01,4.712654772769968026e-01,1.234089743684340101e+00,-1.200715028031331261e-01,-1.463642886923570419e-01,-8.103278001228710059e-02
-7.889295906327791624e-03,-2.277400019661593097e-02,8.052226473261279160e-01,-2.424619556453803254e-02,2.515780408832872170e-02,6.843195572219680223e-01,7.283446646318134654e-01,-4.364866278312307807e-02,-7.685675643982328720e-02,-9.841688679269947060e-04,9.480130315511499373e-02,-1.751194576396820635e-01,1.104888498167555244e-01,-9.854785493680461028e-02,4.241939908075462173e-02,-1.623314675866713297e-02,1.595984051604840692e-01,-1.568717646930135878e-01,2.784930692109175918e-02,-3.811356941658063796e-02,3.932491061937163496e-03,-5.314934757393897924e-02,-1.485034531107225497e-01,3.139630930346258286e-01,-4.908011029108604317e-01,1.263481745058051109e+00,2.859350339932606455e-01,-1.555518856555065943e-01,6.864306448313130249e-02,-1.137076461538852057e-01,-2.764299048619520693e-01,4.666305689606557450e-01,1.228886836432415253e+00,-1.177445832183632440e-01,-1.463634413365891840e-01,-7.729512707224540924e-02
-7.880734085125563199e-03,-2.273013600316690225e-02,8.050342459618623492e-01,-2.484222348139711323e-02,2.538753422976470012e-02,6.849891619706799384e-01,7.276868729205838715e-01,-4.443974265080424813e-02,-7.618254935972282316e-02,4.654164815190708904e-04,9.389573748756996352e-02,-1.768884646262295357e-01,1.089294638807132981e-01,-1.000046189951030867e-01,4.240198984250263814e-02,-1.909087283984971933e-02,1.608334007425247236e-01,-1.589559353243758522e-01,2.745366577420869231e-02,-4.041582117271975971e-02,4.201658412304390758e-03,-5.276473024789077315e-02,-1.509324693757715941e-01,3.306553212040116985e-01,-4.859915296685151098e-01,1.260179539917745783e+00,2.822172913999634325e-01,-1.561248726020205424e-01,6.812637554356666680e-02,-1.138664228791762129e-01,-2.838227947828771969e-01,4.604403045102760661e-01,1.224621552124498747e+00,-1.151370800246496739e-01,-1.455241719439384629e-01,-7.644640640024931433e-02
-7.919545699229865038e-03,-2.278755131082974700e-02,8.047932122377661202e-01,-2.524625201405818545e-02,2.524920451139998565e-02,6.856287027943089862e-01,7.270752274251797154e-01,-4.620586671674135198e-02,-7.534093524441271006e-02,1.673435093523925610e-03,9.655040127448372145e-02,-1.804405174154654068e-01,1.094074868717637705e-01,-1.011101618405369218e-01,4.262784943453208630e-02,-2.146644631887226207e-02,1.626882303613598757e-01,-1.609855443429055177e-01,2.726832595329162223e-02,-4.206021079427511161e-02,3.629355223317294252e-03,-5.320718168446044588e-02,-1.527990953778697036e-01,3.466192310108576202e-01,-4.811043730724489653e-01,1.262483135629094866e+00,2.813165404810080705e-01,-1.551112038658337133e-01,6.820483811862737555e-02,-1.144199728103716118e-01,-2.928066953933516348e-01,4.530666692052278122e-01,1.225218202948672674e+00,-1.117205309220684062e-01,-1.436734672228121845e-01,-7.686499207018954172e-02
-8.008168340909527574e-03,-2.294167239974329031e-02,8.047414920315655307e-01,-2.577014700571481770e-02,2.536148701849207793e-02,6.860494807743557910e-01,7.266559051082919218e-01,-4.827059357601728995e-02,-7.486376535208077998e-02,1.496777129218397617e-03,9.808850584884259982e-02,-1.813100594176111358e-01,1.094471832027217734e-01,-1.026661340717342219e-01,4.272409147084220427e-02,-2.383309718225888260e-02,1.640222123278049504e-01,-1.620543027557772020e-01,2.606115296193490735e-02,-4.381806586413761889e-02,2.861015691721368291e-03,-5.236742385114045994e-02,-1.513172854538764323e-01,3.598663176256724494e-01,-4.743425974216359253e-01,1.267021737081713395e+00,2.810190895297234870e-01,-1.534818157030332086e-01,6.458777496827176889e-02,-1.146985770124159809e-01,-3.020692228376466448e-01,4.437688782837320711e-01,1.224687169495255690e+00,-1.085410955030325642e-01,-1.422653978330090940e-01,-7.406104410400178584e-02
-8.134241024617388377e-03,-2.318237862816710515e-02,8.046537495808319118e-01,-2.655859922884497987e-02,2.569982872032015864e-02,6.861268158675490891e-01,7.265426017503761047e-01,-5.119118885533199825e-02,-7.421533379919992290e-02,1.929040213269041237e-03,9.968488308724424152e-02,-1.824280240542029974e-01,1.105957136492068532e-01,-1.044640414195111000e-01,4.327754137230411385e-02,-2.414979194101921078e-02,1.634287312654807145e-01,-1.623407077254476194e-01,2.516106280627740388e-02,-4.506141788285540628e-02,1.161309340748819478e-03,-5.131611205110159224e-02,-1.481173915822700249e-01,3.718337134319349979e-01,-4.661939098639353296e-01,1.274520076913830291e+00,2.809809912357906225e-01,-1.513624288969417087e-01,6.471372586081354517e-02,-1.146628811453477559e-01,-3.113231726820949730e-01,4.359221076443413612e-01,1.223118849492695448e+00,-1.064041428532681161e-01,-1.409433157603652842e-01,-7.319188818073277258e-02
-8.284048886399790826e-03,-2.348973054575375849e-02,8.045685446909646155e-01,-2.695287058162075880e-02,2.577901529390286620e-02,6.859747675396515865e-01,7.266688402820142834e-01,-5.313137912168600097e-02,-7.378691389158324732e-02,2.222548723216692668e-03,1.011979381533383987e-01,-1.835218855323643705e-01,1.118223267704334667e-01,-1.057871819939391195e-01,4.356086261353418060e-02,-2.481206112055516638e-02,1.637573725536519142e-01,-1.630557056269597016e-01,2.472401960953055436e-02,-4.629306768102049718e-02,-4.163763832020482038e-06,-5.025712274364806109e-02,-1.445719213657034041e-01,3.805067996024658061e-01,-4.593258378274109877e-01,1.282224324566457518e+00,2.806722199943293972e-01,-1.493819827106144804e-01,6.230003507269251534e-02,-1.131750638096029882e-01,-3.194307747142016152e-01,4.275622716066631024e-01,1.221476106629681757e+00,-1.018821433955233863e-01,-1.402054289054662228e-01,-7.129157002311806157e-02
-8.433868157695673107e-03,-2.382236557587022810e-02,8.044386837394293943e-01,-2.733194822168550850e-02,2.607155789187779252e-02,6.856650021782242366e-01,7.269365469306333649e-01,-5.467821059201161127e-02,-7.371329038851200111e-02,2.423344093627391449e-03,1.013372055039049036e-01,-1.844996542438285536e-01,1.121299184178282393e-01,-1.069601464294883814e-01,4.375240923494325834e-02,-2.422881838872293497e-02,1.628882497885413283e-01,-1.638122106149987600e-01,2.379982401195010130e-02,-4.654192268719183762e-02,-1.254202429103550270e-03,-4.974934828470278791e-02,-1.389242552616361537e-01,3.869913072895199702e-01,-4.475549853041475012e-01,1.293890281734920711e+00,2.779735372362502899e-01,-1.473609866125617784e-01,6.179173413653304275e-02,-1.111812248205656939e-01,-3.263785894148085176e-01,4.197958394195240306e-01,1.219072545420146092e+00,-9.921262262817791278e-02,-1.394779655140110097e-01,-6.936663404609669237e-02
-8.562734001666561651e-03,-2.414870006740968064e-02,8.043753426695900988e-01,-2.774497562067485684e-02,2.617620265401943494e-02,6.861867330393432995e-01,7.264246624001807762e-01,-5.664833359481643432e-02,-7.355585527915180222e-02,1.712027171995651742e-03,1.023934890293127231e-01,-1.849137738150077870e-01,1.116984082215780605e-01,-1.078373718920288549e-01,4.381990700880432354e-02,-2.504527227716535701e-02,1.623917839753772629e-01,-1.639564041229818192e-01,2.302915586421633645e-02,-4.717374813298207126e-02,-1.504257793638989977e-03,-4.921415098085320239e-02,-1.341600886379796520e-01,3.915107954900295950e-01,-4.407680144587675097e-01,1.298911230878184941e+00,2.758210942788074105e-01,-1.468378958177622984e-01,6.002831154639790695e-02,-1.091815403633908527e-01,-3.316826658887906953e-01,4.130875697390731793e-01,1.219075636268964313e+00,-9.637456612965408786e-02,-1.391591289487603966e-01,-6.761742320721431110e-02
-8.681645928689021505e-03,-2.445768292206697628e-02,8.043071439783232579e-01,-2.776022352123313358e-02,2.611099437908345061e-02,6.864409019361744635e-01,7.261862530450694520e-01,-5.750761021769618814e-02,-7.355735830840878786e-02,2.288361616646424068e-03,1.032148232699509616e-01,-1.852574772808067149e-01,1.118971964094091359e-01,-1.075917479307412217e-01,4.367847507846806671e-02,-2.516225306325532013e-02,1.611205911462607054e-01,-1.640235199578635172e-01,2.188712748293517030e-02,-4.784274828530361151e-02,-1.898825851378343078e-03,-4.885481518867672984e-02,-1.294394118845516584e-01,3.935178225682724462e-01,-4.360474154206564479e-01,1.303022829862887200e+00,2.742808633042032596e-01,-1.472413337041759696e-01,6.014812641240552954e-02,-1.072608727362502068e-01,-3.355082535400234489e-01,4.074625295981319506e-01,1.218837694211684086e+00,-9.362816510314689311e-02,-1.392945931482948707e-01,-6.869744538112994292e-02
-8.778362484200996629e-03,-2.471561863097774397e-02,8.042578506510923431e-01,-2.778748075015391450e-02,2.610476728989032796e-02,6.869680781302670569e-01,7.256867483069451286e-01,-5.817780859283827599e-02,-7.383550017095016904e-02,1.564059890381497286e-03,1.033670057874481740e-01,-1.851579686461420071e-01,1.113691148163175326e-01,-1.072969934896168265e-01,4.342305757879515171e-02,-2.522713512977318648e-02,1.599270350162965149e-01,-1.642187236276415052e-01,2.087548576188226479e-02,-4.800848972866590680e-02,-1.695985029064840275e-03,-4.872203368461089368e-02,-1.254034796954905662e-01,3.939989182412209634e-01,-4.338974270912919762e-01,1.304653144244088514e+00,2.746032786379180024e-01,-1.481219652188176805e-01,5.962411672713697347e-02,-1.049937254883768212e-01,-3.379364474824998466e-01,4.013378237413680605e-01,1.219757131134534323e+00,-9.044559007361922809e-02,-1.393826663694771317e-01,-7.041433477664335583e-02
-8.860011229091557458e-03,-2.491715549249630401e-02,8.042551072468547835e-01,-2.790290134063509384e-02,2.628645965210780339e-02,6.873758603433011150e-01,7.252895123693979818e-01,-5.877072470482627708e-02,-7.418712672197323721e-02,1.213627467000807925e-03,1.027476979344264935e-01,-1.845778804461031819e-01,1.107053563138599844e-01,-1.074598553070122836e-01,4.325890077834049913e-02,-2.419490660174627994e-02,1.588438695007641788e-01,-1.641993990289987160e-01,1.997211516091009983e-02,-4.800877539040403902e-02,-9.676035655476993144e-04,-4.865785817814337333e-02,-1.213140170744961832e-01,3.928805688652415862e-01,-4.333703998266372759e-01,1.304995108510729418e+00,2.741875380849682076e-01,-1.491219693973148408e-01,5.897469724035937083e-02,-1.034367108776147737e-01,-3.395466840360331640e-01,3.961330970622624070e-01,1.221508243431317142e+00,-8.702258944415766639e-02,-1.393429888953001683e-01,-7.164272602131104006e-02
-8.928461926438365642e-03,-2.507545816278567569e-02,8.042309469306903047e-01,-2.818504031078153393e-02,2.648714782469580031e-02,6.878701088630975180e-01,7.248025578290010484e-01,-5.887867366954595283e-02,-7.430352534794529284e-02,8.828649953049189092e-04,1.007035059704773083e-01,-1.841253546075797276e-01,1.096929766042498700e-01,-1.075887641288776064e-01,4.324286164195365739e-02,-2.397494281726930340e-02,1.574734568978731486e-01,-1.644831643876721039e-01,1.942439350404911655e-02,-4.745195190034939836e-02,-1.243637090140351474e-04,-4.878201820445955683e-02,-1.172873257294890503e-01,3.908015282186668160e-01,-4.338604738613284773e-01,1.303327296569930516e+00,2.739857356837800406e-01,-1.499292104949727922e-01,5.691000254018990789e-02,-1.015453523399232338e-01,-3.408743979884603648e-01,3.916460473581357959e-01,1.223100340984322854e+00,-8.420922679252780541e-02,-1.392708461029996125e-01,-7.088926266921237451e-02
-8.982796017682906711e-03,-2.519939870077602881e-02,8.042325545449282576e-01,-2.840499911234601813e-02,2.675359542911946373e-02,6.881856853392606110e-01,7.244845503191732483e-01,-5.903783409635332546e-02,-7.443489768492779490e-02,1.599874065516232458e-03,9.896283640218736521e-02,-1.834010320121143567e-01,1.087578064713076859e-01,-1.080247627804652166e-01,4.313626390192547289e-02,-2.314461706501606472e-02,1.564639183311395954e-01,-1.641043497959048802e-01,1.960800612096198769e-02,-4.757596226087382196e-02,3.844914921708583646e-04,-4.946879833482891592e-02,-1.129447255922531174e-01,3.872148466159098246e-01,-4.353347093903214837e-01,1.302230090792516837e+00,2.732874596772914555e-01,-1.513967992640666838e-01,5.484629928395446524e-02,-1.001260829084981152e-01,-3.416162736593791882e-01,3.882348655019844941e-01,1.224617519852367442e+00,-8.184360924901540324e-02,-1.391682887478846997e-01,-7.135804111948984563e-02
-9.013692053880612010e-03,-2.530377252329425730e-02,8.042908753668995825e-01,-2.845682411476316287e-02,2.668003560179647154e-02,6.886126343038070363e-01,7.240794326168636941e-01,-5.830801149086835278e-02,-7.443919771504342586e-02,1.107294123424633348e-03,9.699214562604216439e-02,-1.823399138666799146e-01,1.082110936743663904e-01,-1.083450714962882477e-01,4.323795181175042746e-02,-2.271088557617276585e-02,1.571211928933469726e-01,-1.637926925611669082e-01,1.903519186259698334e-02,-4.837035151151766743e-02,1.312476567424177660e-03,-4.937516936632518894e-02,-1.085943187810013422e-01,3.828881666736210221e-01,-4.380489597694910975e-01,1.299598570440424039e+00,2.736061683153294122e-01,-1.516371695005787334e-01,5.372345260162116748e-02,-9.984823347715537922e-02,-3.421230380098040369e-01,3.861946993486662372e-01,1.227417049488527701e+00,-8.142965661222439921e-02,-1.385132691641601244e-01,-7.210413819361848053e-02
-8.996665097832015970e-03,-2.537640030017539530e-02,8.043543860993284111e-01,-2.830049243477453236e-02,2.640679280321120426e-02,6.891391343959010207e-01,7.235945113569238751e-01,-5.726203608911252518e-02,-7.445799362476891725e-02,4.891609429705928713e-04,9.577684597818766910e-02,-1.815363140962399369e-01,1.081954799542487744e-01,-1.084366843274219699e-01,4.331665309903736522e-02,-2.230143735499543617e-02,1.586401249997895779e-01,-1.632756907553107040e-01,1.792671873348754968e-02,-4.872940623585726022e-02,1.984364174495059641e-03,-4.985709191169529486e-02,-1.050447035900174131e-01,3.772411468366616005e-01,-4.408539067472854178e-01,1.298472286597013747e+00,2.741321217450116698e-01,-1.519896220344985616e-01,5.284644620847438884e-02,-9.912591616501922887e-02,-3.423217073800902122e-01,3.851899397919835710e-01,1.230553251806121073e+00,-8.191467118255335578e-02,-1.379966921049977924e-01,-7.195103607400316070e-02
-8.914231867664825296e-03,-2.540484755241129849e-02,8.044297832895885847e-01,-2.792032743912205642e-02,2.594942242531279170e-02,6.896378641382414632e-01,7.231505369826733975e-01,-5.589186557823987156e-02,-7.437624292153624528e-02,2.529217737816738532e-04,9.532658431537402444e-02,-1.807500935822917154e-01,1.080804342602532386e-01,-1.082064079516643906e-01,4.334531366319190754e-02,-2.228500151754281289e-02,1.609639653928654490e-01,-1.629040725345042850e-01,1.674803115960207117e-02,-4.901984340421161601e-02,2.330138312193269761e-03,-4.966415700923344778e-02,-1.025333776349679760e-01,3.712826985268752322e-01,-4.432155278009979882e-01,1.297896338432193319e+00,2.748468428750630022e-01,-1.519983815745232503e-01,5.282721058350758198e-02,-9.870432310082571936e-02,-3.422956096754528610e-01,3.854499811697394418e-01,1.233447176481668572e+00,-8.323762927493137675e-02,-1.377480338120183889e-01,-7.225198777860721011e-02
-8.753417677400735647e-03,-2.534840602997205997e-02,8.044921896285862628e-01,-2.767132890666251094e-02,2.577185602558234451e-02,6.898170414664229755e-01,7.229955451426010038e-01,-5.495585835718320988e-02,-7.440914901912025481e-02,-4.259336746271005780e-04,9.486807925024356991e-02,-1.802668017899164421e-01,1.085334494407603767e-01,-1.079072775576957050e-01,4.342155227092217573e-02,-2.198599031880735244e-02,1.619230815606338414e-01,-1.625052327585055079e-01,1.662211797629473825e-02,-4.818067639119411744e-02,2.433585405977569966e-03,-4.999074889499913188e-02,-1.012032542601904728e-01,3.652361290705256613e-01,-4.450219487043251543e-01,1.299012789868926765e+00,2.758195781152991133e-01,-1.517179413348156702e-01,5.234847261831047233e-02,-9.806023533680446880e-02,-3.421581307881941814e-01,3.863605236723616776e-01,1.235901301432825505e+00,-8.463109036269317320e-02,-1.374076498286129211e-01,-7.124549330751391019e-02
-8.501003009245226144e-03,-2.516557329276985708e-02,8.045249911246364904e-01,-2.738618889121807731e-02,2.573296921116108998e-02,6.898873769136187883e-01,7.229406740036403711e-01,-5.426256417318570113e-02,-7.462196188971402522e-02,-1.558915863929331846e-03,9.494561123459310803e-02,-1.800567607456850794e-01,1.093557227132984228e-01,-1.075697200806429443e-01,4.344207463656470786e-02,-2.139693958901194709e-02,1.628187259279183785e-01,-1.629090196837794102e-01,1.522317977985863414e-02,-4.740536694075798974e-02,1.980762465920609880e-03,-4.972198004941887073e-02,-1.007971030235890741e-01,3.596101029552172257e-01,-4.457466502657604357e-01,1.301686354415426239e+00,2.751236664502975660e-01,-1.504265257582978466e-01,5.098436424396034228e-02,-9.813511763854976255e-02,-3.414753380591089571e-01,3.877476355009570330e-01,1.238741196713818660e+00,-8.455254971781379913e-02,-1.369245716135735758e-01,-6.866155735347087563e-02
-8.153022030502646636e-03,-2.481937313423770303e-02,8.044991697143818454e-01,-2.701351943574346881e-02,2.582943610085947084e-02,6.900101704722457763e-01,7.228340574732681212e-01,-5.289183232275702917e-02,-7.500003367731078452e-02,-2.325789825823404433e-03,9.398377369811611315e-02,-1.797411363458070177e-01,1.077155468942382066e-01,-1.060736115803849466e-01,4.304157323552229575e-02,-2.195917103420051697e-02,1.619017678910325553e-01,-1.639926992147409113e-01,1.488398592846986238e-02,-4.650888849662161706e-02,1.543161915082440303e-03,-4.902625678799770598e-02,-1.002570896482299356e-01,3.556424759628527554e-01,-4.451613485210982324e-01,1.303420584943283167e+00,2.744072446784363573e-01,-1.504195330651814377e-01,4.974428112986004069e-02,-9.728439200398310283e-02,-3.410213253037605585e-01,3.890667414433092164e-01,1.239096655734287511e+00,-8.461731974119245103e-02,-1.372104191991847799e-01,-6.655675825504667187e-02
-7.732626201476805981e-03,-2.427127589023130375e-02,8.044947911749156244e-01,-2.677263712866794279e-02,2.611422711489793519e-02,6.900024306105210226e-01,7.228401751389723628e-01,-5.167987156854361025e-02,-7.536384251084146668e-02,-3.245990507080763476e-03,9.298048778736636710e-02,-1.793161813903917379e-01,1.066004660975277685e-01,-1.042804334024356738e-01,4.281339907879072593e-02,-2.196053250083090588e-02,1.598396205556822380e-01,-1.648923824751197809e-01,1.438372710882305366e-02,-4.531913154565045398e-02,7.149994809553074978e-04,-4.836154633996418012e-02,-9.991764890861531967e-02,3.525927581320646431e-01,-4.435420157845157418e-01,1.305973561029307506e+00,2.729930753328675963e-01,-1.499017127478005085e-01,4.930355407307691895e-02,-9.564205814751862433e-02,-3.405459670250690074e-01,3.912171332172595939e-01,1.238243307732911580e+00,-8.501107268871282985e-02,-1.380697977693703948e-01,-6.403573755008455659e-02
-7.277182492166529848e-03,-2.352707012520742144e-02,8.044491980362930006e-01,-2.646458633846705127e-02,2.626799235819535228e-02,6.899782034096749728e-01,7.228690732539049257e-01,-5.024453983952099911e-02,-7.561251274855693150e-02,-4.354082184038245151e-03,9.286131481151618794e-02,-1.799155907760008055e-01,1.054930721421788453e-01,-1.020720371134107157e-01,4.264995414426577675e-02,-2.247986109500098306e-02,1.582664765656992545e-01,-1.664980102953070584e-01,1.381780588586902121e-02,-4.475150908454040427e-02,5.116363625895016011e-05,-4.821132498621151508e-02,-9.903312259879003265e-02,3.506667499685545142e-01,-4.424188496909575719e-01,1.308460453867349660e+00,2.710954168556343746e-01,-1.496798312536053444e-01,4.897532659675968986e-02,-9.395768888632950733e-02,-3.401104688587758829e-01,3.933866568975102340e-01,1.237520314279874523e+00,-8.577520287729381576e-02,-1.384409218714058587e-01,-6.185333292301389840e-02
-6.813605887932379021e-03,-2.258360120839307886e-02,8.045078570285691955e-01,-2.629857011552593632e-02,2.656281828754646426e-02,6.899736156322302527e-01,7.228687374799710463e-01,-4.910457369880141809e-02,-7.592444124271800765e-02,-5.827204777645207667e-03,9.296773733743572687e-02,-1.797561656219223702e-01,1.052746441845491265e-01,-9.997710064188727874e-02,4.261666360526723124e-02,-2.224923857864635410e-02,1.565099704781973688e-01,-1.672898061790104862e-01,1.265172832771099994e-02,-4.403679925864573824e-02,-5.150202809150321607e-04,-4.803135951746448362e-02,-9.784297693785354300e-02,3.488118909258912104e-01,-4.401046676780222544e-01,1.311016819155577107e+00,2.671767710643439542e-01,-1.486514054150752384e-01,4.734536278833909040e-02,-9.180864765533640337e-02,-3.397821329801575807e-01,3.957330077401012280e-01,1.236797317827364795e+00,-8.592631103164408146e-02,-1.382607674517956631e-01,-5.733351063718554463e-02
-6.378990188586467804e-03,-2.147726437359029003e-02,8.044767609180454304e-01,-2.630975569585737930e-02,2.685318588034033005e-02,6.899646178397558227e-01,7.228661904478159705e-01,-4.799755749661425985e-02,-7.582924153918808863e-02,-6.140308512971558164e-03,9.319434191043562965e-02,-1.807395881297822471e-01,1.046338257766177837e-01,-9.776432699447763774e-02,4.279689658599190177e-02,-2.232447846439186007e-02,1.545619107431050465e-01,-1.687631041564339462e-01,1.231042847111132009e-02,-4.344949794053745012e-02,-1.022321707512405514e-03,-4.825341792048380707e-02,-9.603385522045435052e-02,3.480358138837844062e-01,-4.371624280261443563e-01,1.312165695898972029e+00,2.635249149874600016e-01,-1.481387106349587868e-01,4.663238229963239528e-02,-8.907481494503878550e-02,-3.395299794305922658e-01,3.964396231480390997e-01,1.235369253901056341e+00,-8.564182395094765976e-02,-1.386095529413264027e-01,-5.493359641829229090e-02
-6.006652432220357073e-03,-2.021794612673857502e-02,8.044593966404289809e-01,-2.640418849734226317e-02,2.713318599947051393e-02,6.898555565250438226e-01,7.229563750177706583e-01,-4.674991719550741776e-02,-7.561348392058267476e-02,-5.927702829329042911e-03,9.348404734194494525e-02,-1.820438660517781915e-01,1.046591705760415297e-01,-9.535822105285385319e-02,4.304958599103082123e-02,-2.233494275867198287e-02,1.522723122904205972e-01,-1.697695370033613926e-01,1.287549384005900847e-02,-4.273888916322641368e-02,-1.403123203554430733e-03,-4.911493841869338239e-02,-9.417985336667425433e-02,3.469573333342989008e-01,-4.349724691576880575e-01,1.314203169463360243e+00,2.603929321144702325e-01,-1.475503736447147940e-01,4.488686431431095775e-02,-8.600066401655151460e-02,-3.394394041265752504e-01,3.972323473408478911e-01,1.234376991767757392e+00,-8.493947631753270833e-02,-1.391910004425453429e-01,-5.166827995151582198e-02
-5.716497299119615433e-03,-1.881755082563904558e-02,8.043982465503032309e-01,-2.641176779788302273e-02,2.731531565012933552e-02,6.895747500619378023e-01,7.232170878302994765e-01,-4.508323849297478370e-02,-7.554012456502627593e-02,-6.084297391123739962e-03,9.399767523279212167e-02,-1.840191878102381828e-01,1.057952011111999574e-01,-9.319682642461318833e-02,4.325284474696991510e-02,-2.216368437336567465e-02,1.514682031555977526e-01,-1.716952427627041478e-01,1.279923982637810355e-02,-4.179632639953533013e-02,-1.824218447117084523e-03,-4.979525486483871166e-02,-9.171452112714463534e-02,3.464171222663637861e-01,-4.321947551068573978e-01,1.315372565942834804e+00,2.572850601451237562e-01,-1.464835677908765676e-01,4.357935233576114287e-02,-8.281818636705422232e-02,-3.394228650859038576e-01,3.978348590917176186e-01,1.233523614722985329e+00,-8.489658957749195156e-02,-1.395307428967756669e-01,-4.897657161744096987e-02
-5.515646541779209953e-03,-1.727395098511015289e-02,8.043224217442873636e-01,-2.627528761868906659e-02,2.738197009873227783e-02,6.895149293167771587e-01,7.232765717368052627e-01,-4.314710581719036209e-02,-7.574231833157453464e-02,-6.288981963912081141e-03,9.518772561000207744e-02,-1.862936018232928537e-01,1.063919820940099764e-01,-9.072734281954678015e-02,4.315527621319747292e-02,-2.218397588353223857e-02,1.515050774424052671e-01,-1.743155596791430839e-01,1.223525182970294431e-02,-4.093832883194054723e-02,-1.972969989000599930e-03,-5.042768468177690616e-02,-8.899177374331972146e-02,3.458295986371500153e-01,-4.294092362752828795e-01,1.315585721519690443e+00,2.546035077291985416e-01,-1.464337088613343607e-01,4.287179673363822330e-02,-7.923506973970391443e-02,-3.396520006320644658e-01,3.982619741173719641e-01,1.233070794995398733e+00,-8.591036099062882014e-02,-1.405209955486617646e-01,-4.771364393896812550e-02
-5.426232266785469167e-03,-1.557611620160571399e-02,8.041816527673172343e-01,-2.635478407433861428e-02,2.752766481246669145e-02,6.895225819296523229e-01,7.232608533823965402e-01,-4.133208026682894110e-02,-7.587336565289257151e-02,-6.104992398306384460e-03,9.617376602432281540e-02,-1.893762655537745143e-01,1.073749624349814719e-01,-8.894036822426593103e-02,4.304686347742060770e-02,-2.230228799882211579e-02,1.524304040365974111e-01,-1.773368748148039797e-01,1.238389275213031167e-02,-4.007654542349461946e-02,-2.145618454409881429e-03,-5.128315718214177671e-02,-8.586124686228660541e-02,3.456964652208359134e-01,-4.281684998891089888e-01,1.314771992032229608e+00,2.540072097612638413e-01,-1.464669407519030297e-01,4.281758903726343851e-02,-7.554858256831144259e-02,-3.398255751219843024e-01,3.983836436879443221e-01,1.233799464422647540e+00,-8.691825286228180292e-02,-1.411188671108130899e-01,-4.789988596729181924e-02
-5.466211530983476272e-03,-1.370902195504735896e-02,8.040070028788370848e-01,-2.644703649762109379e-02,2.771161551182904290e-02,6.895527480346538285e-01,7.232217006589849451e-01,-3.974296731850172210e-02,-7.629958186642160634e-02,-6.290605055396449041e-03,9.788944732854581998e-02,-1.927664823843366904e-01,1.080400681984534234e-01,-8.759325233205647598e-02,4.272229627416414266e-02,-2.210276213689445907e-02,1.546410767346298454e-01,-1.811516988584638277e-01,1.210477543366432658e-02,-3.919049900859272045e-02,-2.239676727188721905e-03,-5.174321545372079223e-02,-8.269651450321159614e-02,3.454475752400286703e-01,-4.273125658977066088e-01,1.313493034464476850e+00,2.538369768103381774e-01,-1.466432435531107858e-01,4.358274338244106511e-02,-7.165935841539922135e-02,-3.403723873238139741e-01,3.993784575965872996e-01,1.234394963832126102e+00,-8.908541054551968874e-02,-1.418406472640575955e-01,-4.882314052187523151e-02
-5.657554758423897004e-03,-1.166772352496177161e-02,8.037902718582946582e-01,-2.694951655549653047e-02,2.793712452484775968e-02,6.897611904606000266e-01,7.229956713321894490e-01,-3.827388988990590435e-02,-7.639607898444210343e-02,-6.389634511262211325e-03,9.896593093704661448e-02,-1.969799818720112117e-01,1.092005675497063760e-01,-8.684510030289148419e-02,4.273897735499052747e-02,-2.195112833845410186e-02,1.572967582608581771e-01,-1.851073512998858139e-01,1.234212716207431365e-02,-3.882060984539294907e-02,-1.934757573783795273e-03,-5.220416461686918502e-02,-7.936750831210004353e-02,3.451719592470160469e-01,-4.280285370916032672e-01,1.311304948818253546e+00,2.541008606270037107e-01,-1.464195232931810309e-01,4.405213313100490857e-02,-6.787168805496486546e-02,-3.412378793705301838e-01,4.004047242821854868e-01,1.235625234682727447e+00,-9.109202121070930636e-02,-1.418206974646966934e-01,-4.937328400493750519e-02
-6.026583950130426012e-03,-9.445899756709046774e-03,8.035337146501112526e-01,-2.748887849006938569e-02,2.823458771944722598e-02,6.897329337416097106e-01,7.229907673877050689e-01,-3.692553390583620809e-02,-7.692719298266292860e-02,-7.594112714487538662e-03,1.004576696533169833e-01,-2.013867573063012062e-01,1.107182852413996360e-01,-8.636197142520424253e-02,4.266125129427281865e-02,-2.063555664752805135e-02,1.605183574817634906e-01,-1.896862555689152741e-01,1.270444377358279087e-02,-3.854096799433211901e-02,-1.948803754489728327e-03,-5.266034033028353656e-02,-7.624530666462671358e-02,3.446725330224523209e-01,-4.282945604330028466e-01,1.309236631001688300e+00,2.554638050428607032e-01,-1.451198399419385832e-01,4.529878698723711211e-02,-6.456670010957113459e-02,-3.419438154092072635e-01,4.002986406010728415e-01,1.237754123022243746e+00,-9.380871543656491007e-02,-1.409103468100413870e-01,-4.958679847687395142e-02
-6.584115573320675416e-03,-7.059655721528054935e-03,8.032123705075309150e-01,-2.812074912409722252e-02,2.846487636895632736e-02,6.898324358578384885e-01,7.228624936462259010e-01,-3.522219980624592683e-02,-7.754234379107532993e-02,-8.768717971951771328e-03,1.016783106227888284e-01,-2.065446348865639936e-01,1.123671354558333224e-01,-8.617833367447139126e-02,4.255061456205663784e-02,-1.903460068102410738e-02,1.648236323368678369e-01,-1.949282276626789490e-01,1.297154411190081999e-02,-3.896851427214338692e-02,-1.783615926025530892e-03,-5.299349509895751736e-02,-7.388422490630719430e-02,3.437537273520138159e-01,-4.286977248225137260e-01,1.306399918802570559e+00,2.561015695868352759e-01,-1.433106466066041418e-01,4.528394388352166566e-02,-6.131744496024892077e-02,-3.430021345903224161e-01,4.003895467276066822e-01,1.239217491052190034e+00,-9.622105698619110026e-02,-1.391969603939319788e-01,-4.899608101012859623e-02
-7.351030434841272949e-03,-4.522346903363930540e-03,8.028163540999606607e-01,-2.875161786934102640e-02,2.856544585728980692e-02,6.899122842089950858e-01,7.227574972771959594e-01,-3.344056819853086227e-02,-7.835940831927436234e-02,-1.033080219216907930e-02,1.037154991192600906e-01,-2.128603936485619352e-01,1.148057389624213553e-01,-8.635039582838657801e-02,4.233595744719401144e-02,-1.744797220223202189e-02,1.708766345955539112e-01,-2.013870818055068512e-01,1.285120228349249938e-02,-3.947556725245252029e-02,-1.763337954703242914e-03,-5.293143740040394396e-02,-7.373982508248963508e-02,3.422955241150371641e-01,-4.288867727433675614e-01,1.302052114320678244e+00,2.574386334213901728e-01,-1.411855639678011309e-01,4.563121884998134342e-02,-5.889800137454843931e-02,-3.441474648763414579e-01,4.003659675513448479e-01,1.240989262452563358e+00,-9.983236624694943884e-02,-1.369585065525018019e-01,-4.880694369619052730e-02
-8.339561166396353836e-03,-1.819793700429495542e-03,8.023888268741370400e-01,-2.940214468903399464e-02,2.832392469964553280e-02,6.899415822989265479e-01,7.227128628937964372e-01,-3.151941740651723056e-02,-7.897058556654600048e-02,-1.196998331506102936e-02,1.071347114094579889e-01,-2.203371483256161834e-01,1.182654520203109405e-01,-8.693367065658474946e-02,4.227351729748144576e-02,-1.629897406822080133e-02,1.792625744350455630e-01,-2.077784737211681720e-01,1.344950363432526573e-02,-4.036920268049026816e-02,-1.873925191662187883e-03,-5.252061817962900420e-02,-7.756318326974409594e-02,3.397295552931610674e-01,-4.303136776717710887e-01,1.297171853279576403e+00,2.580384034432852136e-01,-1.382117150481179391e-01,4.577108212711415020e-02,-5.718357505575422106e-02,-3.452201796128260836e-01,4.005762075504839537e-01,1.241382014437440118e+00,-1.027518943150209502e-01,-1.346489548581024376e-01,-4.879335340188278164e-02
-9.529605607015828247e-03,1.060869762764907100e-03,8.019281025378022232e-01,-3.020094195256426903e-02,2.795667429111681895e-02,6.906652410178516499e-01,7.220026678049821234e-01,-2.946383934157235235e-02,-7.963670977296238851e-02,-1.401908499076912062e-02,1.104515448078416257e-01,-2.280394231633415258e-01,1.217280082870321190e-01,-8.804209308896331077e-02,4.195183111467499365e-02,-1.625723298673536349e-02,1.895472012952821861e-01,-2.141507327474578837e-01,1.411773646605770684e-02,-4.111995119646573438e-02,-2.094905498447587229e-03,-5.140894849408139677e-02,-8.717924481143585203e-02,3.357392600734633303e-01,-4.322238930095299025e-01,1.291016262555375826e+00,2.591423200132662030e-01,-1.347631827266945470e-01,4.556321496220042122e-02,-5.729083091385497178e-02,-3.452445636931584794e-01,4.001293974420807587e-01,1.242591382952624723e+00,-1.062441031982182676e-01,-1.314132880166384298e-01,-4.925876950377675034e-02
-1.094063974527373015e-02,4.168115478065844738e-03,8.014838736875841141e-01,-3.131845023585833748e-02,2.761040566198433299e-02,6.915028515329307846e-01,7.211661573422799565e-01,-2.758378779754196153e-02,-8.021994288474479373e-02,-1.673520392436858573e-02,1.135659083240356804e-01,-2.356422525582583527e-01,1.243184711096366746e-01,-9.152586525076630841e-02,4.150866368280897029e-02,-1.766012443937023391e-02,2.044820681043984512e-01,-2.204135345816434222e-01,1.458540866301988835e-02,-4.147010238645684049e-02,-1.527309652113852416e-03,-4.892309925098306533e-02,-9.922087298783535680e-02,3.303578654497380529e-01,-4.353214197532969121e-01,1.284383942516248878e+00,2.600767417233155188e-01,-1.313787403184495939e-01,4.519447294970304480e-02,-6.073770803804930118e-02,-3.447611112369647346e-01,4.000418619070836290e-01,1.239656472434804035e+00,-1.082791251117539572e-01,-1.295859266176041247e-01,-4.906449048582477851e-02
-1.256494439444101781e-02,7.589058152988162158e-03,8.011468137578398041e-01,-3.313160344999398210e-02,2.712847490455978089e-02,6.927020019684904106e-01,7.199515811296131051e-01,-2.595931290081620810e-02,-7.996894148380570555e-02,-2.084265494465354501e-02,1.161544605735690822e-01,-2.431198549855057012e-01,1.278118026163883592e-01,-9.785240933335502544e-02,4.206645850480336679e-02,-1.859912998248319446e-02,2.242012786313069550e-01,-2.241052976958345933e-01,1.518872791758909928e-02,-4.258990864036409779e-02,-1.042704522339035289e-03,-4.636488562307204686e-02,-1.091396884971685965e-01,3.241915267694985836e-01,-4.377879334330053163e-01,1.279156082557993290e+00,2.613702003352055825e-01,-1.265756983995151019e-01,4.400511228093879207e-02,-7.046199988497521549e-02,-3.414628564359931118e-01,4.006987722062552715e-01,1.235235189300489811e+00,-1.102674523103800014e-01,-1.273791653855467221e-01,-4.794043081657148320e-02
-1.442083565498879921e-02,1.141554691549203152e-02,8.009641053123472965e-01,-3.530017174409741387e-02,2.614954062064767104e-02,6.938269222271411518e-01,7.188005991879656831e-01,-2.354637514474740290e-02,-7.869059095223275568e-02,-2.551134904737996367e-02,1.188886739855536112e-01,-2.505421331246538430e-01,1.317170481076540278e-01,-1.074554613724479357e-01,4.348599041481666233e-02,-1.990919336299851530e-02,2.515135177469067784e-01,-2.243273953600862791e-01,1.583272097263254199e-02,-4.513640103527140346e-02,-1.261420658976903936e-04,-4.250905797931375796e-02,-1.151728603970521014e-01,3.175312413389829169e-01,-4.403210623905954302e-01,1.275972651891491338e+00,2.625421887302572532e-01,-1.210329792108409963e-01,4.390322845211785951e-02,-8.622570638885579397e-02,-3.360748071576703522e-01,4.033662090771898967e-01,1.226991563924326289e+00,-1.113468432603766656e-01,-1.255177462302000946e-01,-4.818170696959148125e-02
-1.649284816560816352e-02,1.578547399299524284e-02,8.008263591617965638e-01,-3.798351155667755580e-02,2.538109164359847111e-02,6.947366791963465182e-01,7.178119528233249946e-01,-2.020137652186077340e-02,-7.717580410945824865e-02,-3.050954604165009854e-02,1.190108724458281003e-01,-2.573999251110014597e-01,1.348918783469573723e-01,-1.227052009394626747e-01,4.401241415856967099e-02,-2.302347087758731259e-02,2.848413468168114471e-01,-2.192954253598719538e-01,1.836553403723134234e-02,-4.858431665363786844e-02,1.058829753590341668e-03,-3.809794214055060857e-02,-1.196443016720486058e-01,3.111252060602654468e-01,-4.429130997697480199e-01,1.275930107220615728e+00,2.644894091314284879e-01,-1.154812011227410867e-01,4.355886130817384488e-02,-1.031337774566785381e-01,-3.297077805415543073e-01,4.048297482273927606e-01,1.217138161255306050e+00,-1.101076882044349503e-01,-1.241240631866654953e-01,-4.930863145622705473e-02
-1.876266230410323158e-02,2.089217887971395529e-02,8.009720650703747724e-01,-4.109310552942657679e-02,2.362738879524933430e-02,6.960979767895473236e-01,7.163802830104719632e-01,-1.457907157163415394e-02,-7.357676273159963198e-02,-3.612630728265197461e-02,1.181781693888477452e-01,-2.629633809607145878e-01,1.355046611731710593e-01,-1.465999736076164794e-01,4.421450582058263773e-02,-3.408780010063468258e-02,3.245342032519424325e-01,-2.180305041905908903e-01,1.510962006116917111e-02,-5.466048348879021940e-02,4.728001448479461806e-03,-3.102873158572742526e-02,-1.227981333815780229e-01,3.043747153346882395e-01,-4.447553807412001348e-01,1.276123096978195148e+00,2.643199612008331201e-01,-1.110502141275610533e-01,4.309670885357574227e-02,-1.175796256475315216e-01,-3.247051739306117679e-01,4.087806256831741925e-01,1.205726663255017206e+00,-1.087834216878951904e-01,-1.240778868686813058e-01,-4.940216802334262275e-02
-2.113346266259163650e-02,2.705085444484655460e-02,8.015961558772017881e-01,-4.466084948285273248e-02,1.965922943228094050e-02,6.993827157577413578e-01,7.130797571947508073e-01,-3.776277517967321570e-03,-6.625333992491722057e-02,-4.601091831133895943e-02,1.149662819000719233e-01,-2.666611628784234522e-01,1.362138123248247401e-01,-1.798411433484288779e-01,5.577730414629586408e-02,-3.429952630741366082e-02,3.674707002869396777e-01,-2.622186011394687100e-01,9.179671062429992090e-04,-6.644873026249226156e-02,1.202332786165505318e-02,-2.177500097480276550e-02,-1.239133063622758213e-01,2.969429645706885279e-01,-4.492854100497312708e-01,1.277835421389549753e+00,2.676777180406235690e-01,-1.059877515195009057e-01,4.257440666564472204e-02,-1.275447291504459291e-01,-3.213953084357955570e-01,4.113897671153171065e-01,1.194983785893397155e+00,-1.067312715974159110e-01,-1.242198978760070127e-01,-5.253452318096359791e-02
-2.367245927660726126e-02,3.416358548809993873e-02,8.019863582934818602e-01,-4.784438515480727433e-02,1.662159607709760151e-02,7.031742964256190165e-01,7.092112140958733990e-01,6.907631190404592281e-03,-6.157483948739039814e-02,-5.836986621347024784e-02,1.126139795499801061e-01,-2.704183759514355301e-01,1.366134276869632458e-01,-2.180311679870070019e-01,6.625782347213786394e-02,-3.699207272315559181e-02,4.103662656033074119e-01,-2.771638129465580080e-01,-5.466255775382396036e-03,-8.087395527944300777e-02,1.816096827385538931e-02,-1.071698108693370025e-02,-1.238283719551929729e-01,2.890127465988078237e-01,-4.556609606693663994e-01,1.279488548013812732e+00,2.669009952196220725e-01,-1.013943741586405961e-01,4.208093226073542081e-02,-1.360021337048968881e-01,-3.201577392769527353e-01,4.178996782600107873e-01,1.183233154477723481e+00,-1.021561177880321025e-01,-1.250190577141882253e-01,-5.484586687034797431e-02
-2.627938224472719381e-02,4.229181619608424897e-02,8.017616789917632047e-01,-5.105451198226271942e-02,1.495787816311339516e-02,7.059994911520981464e-01,7.062113119881949785e-01,1.805596957276531245e-02,-5.845686084926449144e-02,-6.624128467940168519e-02,1.084545526728551978e-01,-2.765083898608076129e-01,1.376437662625132341e-01,-2.558777239829421735e-01,6.825430601071914849e-02,-4.930915399478651845e-02,4.357515267616455246e-01,-2.737816389891339908e-01,-5.213361282723125850e-03,-9.449092815851234395e-02,2.186970262909634227e-02,-6.006386992115746171e-04,-1.245448119910628482e-01,2.806790460727571768e-01,-4.617256946429070807e-01,1.283320525213534014e+00,2.660233265844675343e-01,-9.932515726521702615e-02,4.119532584773275691e-02,-1.445012775032083474e-01,-3.196992011520414789e-01,4.243132308329687352e-01,1.169788990815698870e+00,-9.620151531859084948e-02,-1.272786148972991638e-01,-5.558886916180048876e-02
-2.886852388914417505e-02,5.161427945002399625e-02,8.011795531366149303e-01,-5.346014198859218997e-02,1.364582508606835588e-02,7.099675888470107221e-01,7.020696742226091303e-01,3.175466995053530250e-02,-5.754456903452720429e-02,-7.818444713638808552e-02,1.038093824314080954e-01,-2.829360277836650561e-01,1.370519742508225502e-01,-2.943803585782551746e-01,7.006600307403666739e-02,-6.337110092822306751e-02,4.459789981812437576e-01,-2.621569432542062428e-01,-1.544624766167076047e-03,-1.095331826959102944e-01,2.518372445390549066e-02,8.970268040623854966e-03,-1.248260745025148721e-01,2.723621501274167134e-01,-4.709582901141773914e-01,1.288441423200692437e+00,2.665351091070938261e-01,-9.865547308389133185e-02,4.018044504326290234e-02,-1.511848305507490497e-01,-3.188899004507428359e-01,4.315539914774321195e-01,1.157661603812483619e+00,-9.065346179142816374e-02,-1.288766303577770500e-01,-5.638158742175336524e-02
-3.132714800644274128e-02,6.220447947474350148e-02,7.995178178517847734e-01,-5.474364886587165802e-02,1.364908444810924125e-02,7.146859245929512161e-01,6.971663105682139872e-01,4.782443728044905029e-02,-6.049183043127438070e-02,-9.177742606395820901e-02,9.812044194625041404e-02,-2.937299281077042079e-01,1.367702364855891972e-01,-3.334407863751320256e-01,6.684100236036054354e-02,-7.768297340813958007e-02,4.360789963788185286e-01,-2.488215666772582435e-01,6.853690740077345717e-03,-1.276660407785873697e-01,2.667002983948862579e-02,2.092001638648190165e-02,-1.265734696002906723e-01,2.631990697249691480e-01,-4.790179793353643856e-01,1.291055832547281623e+00,2.648687090370487884e-01,-1.002143193069906513e-01,4.152870178564445347e-02,-1.566777149587142426e-01,-3.179579717161913899e-01,4.362031896810366627e-01,1.147306823788042829e+00,-8.507685190957808841e-02,-1.314399792550582646e-01,-5.808735519368535966e-02
-3.356802202354222664e-02,7.415089859258562621e-02,7.973596015831017070e-01,-5.446840227641463333e-02,1.296531947455241245e-02,7.199864029724840631e-01,6.917258656282267992e-01,6.641516501559630026e-02,-6.438302323182382159e-02,-1.057064142485075464e-01,9.924711064005438399e-02,-3.082098432775343122e-01,1.397208669969243477e-01,-3.742490206944387721e-01,6.034072509881503732e-02,-8.709989391454810159e-02,4.188942075649352281e-01,-2.286838618253594357e-01,1.777217223282402322e-02,-1.468402110312032882e-01,2.565943500824896875e-02,3.507066701687552857e-02,-1.292206408058504397e-01,2.540721926251651164e-01,-4.878643455622985181e-01,1.294910443516926746e+00,2.664539286895674652e-01,-1.017205482933235400e-01,4.556825044703340100e-02,-1.608484080561498608e-01,-3.181951986135795885e-01,4.429069861451042645e-01,1.136985008430561717e+00,-8.274657630203310910e-02,-1.321981624191878035e-01,-6.104348977067327459e-02
-3.554870305817876136e-02,8.747555460946145056e-02,7.950275615705094667e-01,-5.268683715198517470e-02,1.208957049253181135e-02,7.250104686762309791e-01,6.866132534302673562e-01,8.773268817213610016e-02,-6.953396640036531295e-02,-1.196866655894245207e-01,1.046457121560376013e-01,-3.216964804488766094e-01,1.411277635801020669e-01,-4.150148511781441285e-01,5.168469413524931499e-02,-1.000345114623688025e-01,4.023251572860006564e-01,-2.125791402637875471e-01,2.789194346490636231e-02,-1.671554445230754027e-01,2.595460771030023289e-02,5.029635321595654629e-02,-1.340928464377281748e-01,2.470216861359409988e-01,-5.002493651253273610e-01,1.295468549183061535e+00,2.652399233701185355e-01,-1.057775178035581382e-01,4.964196705644976365e-02,-1.652238090656975855e-01,-3.200661809084240361e-01,4.504527295382416141e-01,1.127264076438486251e+00,-7.891748602454107253e-02,-1.327805392937826678e-01,-6.438271149243701696e-02
-3.715008462458233712e-02,1.024801596118411623e-01,7.925471834892359180e-01,-4.968453025462008649e-02,1.086748257697951921e-02,7.306256849941953346e-01,6.808813800527798721e-01,1.136911368404383560e-01,-7.456548096890655564e-02,-1.343063913463014847e-01,1.103500983935071095e-01,-3.317415712073087941e-01,1.401628185576633823e-01,-4.550273892708422974e-01,4.086414900970585656e-02,-1.150517639055829988e-01,3.822897981945891921e-01,-1.945250959493134424e-01,4.003026043520948457e-02,-1.863214671029841674e-01,2.564132334619984716e-02,6.633803161239650026e-02,-1.401516315316512773e-01,2.403749052305936273e-01,-5.106243286154459327e-01,1.293135044751909213e+00,2.592513692593818031e-01,-1.106652650627892726e-01,5.420740018355844209e-02,-1.686467518265119259e-01,-3.220834034017380221e-01,4.547587753727936333e-01,1.118185851879251125e+00,-7.337489413131391414e-02,-1.347800882573821635e-01,-6.946640491564949615e-02
-3.826539715474220477e-02,1.194287267675859382e-01,7.887445509392331244e-01,-4.742926678631263077e-02,1.037260957887818115e-02,7.361530646525504817e-01,6.750715066015550159e-01,1.423279680435907135e-01,-7.776799704303660743e-02,-1.480795597303542210e-01,1.130168112817391823e-01,-3.497898622325878448e-01,1.413688638529253805e-01,-4.922789760995985309e-01,2.756871560002043670e-02,-1.271209369261166455e-01,3.577651281362332347e-01,-1.796925895096572190e-01,5.463032768071059836e-02,-2.062498660603819256e-01,2.436085194653838867e-02,8.282532777512388589e-02,-1.480129345775439975e-01,2.355379728634885150e-01,-5.202268669396938883e-01,1.287001696098675207e+00,2.497167049184626231e-01,-1.175377811880656820e-01,5.952360041136375846e-02,-1.733150424429176772e-01,-3.245828932719924120e-01,4.571540589241798180e-01,1.110068635201564513e+00,-6.566689731673762409e-02,-1.381521017226499670e-01,-7.722970350836165510e-02
-3.879644852861982574e-02,1.387987681957839337e-01,7.847878272758445073e-01,-4.416361459027880187e-02,1.002667043173218961e-02,7.417212882404474739e-01,6.691775336913998729e-01,1.740840680497127702e-01,-8.078585383798889130e-02,-1.623953971761908643e-01,1.187384610626777137e-01,-3.621201686907176143e-01,1.401512548748643783e-01,-5.216577324092128709e-01,1.203035671721843988e-02,-1.328916120817991431e-01,3.193311022871791471e-01,-1.673685019761317061e-01,6.906199801257396909e-02,-2.261417624789551217e-01,2.303173061184300013e-02,9.631985077155112707e-02,-1.583380907126232806e-01,2.305653378910707263e-01,-5.295784682856030656e-01,1.281606690860505271e+00,2.370743388560626053e-01,-1.230941936275346260e-01,6.078483251368492490e-02,-1.766902304353643871e-01,-3.259618493068955347e-01,4.584681552234221580e-01,1.105778311685602144e+00,-5.591452943960990157e-02,-1.382336318611924186e-01,-7.572724648618713028e-02
-3.874315696723225344e-02,1.606465958165622376e-01,7.802024581302801076e-01,-4.187877379401139938e-02,1.100380853066233039e-02,7.469537052872183835e-01,6.634645783016790421e-01,2.059736020404318857e-01,-8.155638701280754077e-02,-1.719954680744743558e-01,1.234565597652342722e-01,-3.718603178941489174e-01,1.369511521830152900e-01,-5.442809310404047585e-01,-4.694594884591105077e-03,-1.419602525949653915e-01,2.827730634299814305e-01,-1.541640980151902651e-01,8.229576469076071987e-02,-2.450977009686979013e-01,2.361332191419524690e-02,1.072140673276330836e-01,-1.718139471327307932e-01,2.254565021935173441e-01,-5.383353029832417258e-01,1.268841319253801281e+00,2.224847170866176838e-01,-1.304046391262586591e-01,6.308505147919706013e-02,-1.803854518034410659e-01,-3.287180805366282654e-01,4.582945464590162388e-01,1.103857124259891132e+00,-5.151776176592574863e-02,-1.383329373917160099e-01,-7.203685035344800647e-02
-3.810502427712590678e-02,1.849187586882407863e-01,7.752131859950680548e-01,-4.250602961077614567e-02,1.366343389385128206e-02,7.517128178341450084e-01,6.579774977343864073e-01,2.329101865020431761e-01,-7.647608387633154925e-02,-1.691107816626067628e-01,1.260332574025329611e-01,-3.748406650079056379e-01,1.312614121279713220e-01,-5.604383053101097412e-01,-1.957033152676976306e-02,-1.512198762242386585e-01,2.572974346208458662e-01,-1.381586050737033666e-01,9.146437452118418021e-02,-2.630320337828923050e-01,2.751743739326143953e-02,1.141162333613181812e-01,-1.837377922995178936e-01,2.191309193401683730e-01,-5.430807290221041361e-01,1.253893254604300456e+00,2.051267633647239630e-01,-1.357684935410310156e-01,6.691390654783932468e-02,-1.830015453301615247e-01,-3.319232359468725080e-01,4.563494427223838690e-01,1.104006914362622327e+00,-4.696196628916306931e-02,-1.367465414132179868e-01,-6.841006494453047426e-02
-3.682102639855607679e-02,2.119806835980975468e-01,7.697042312741571024e-01,-4.529696580096768954e-02,1.516682941103762554e-02,7.594033213045722208e-01,6.488641982467716618e-01,2.620558672321919857e-01,-5.979687817237162167e-02,-1.578223729078521986e-01,1.248670993129150364e-01,-3.745412467380118127e-01,1.210155242134011572e-01,-5.535145312258794581e-01,-3.075738098907120077e-02,-1.705383273732855587e-01,2.478631936287352122e-01,-1.252909362958898043e-01,9.459612330494350518e-02,-2.850493136392909799e-01,3.549048264765541222e-02,1.131732361747987692e-01,-1.797469148169808240e-01,2.132818457023357706e-01,-5.474786350866094331e-01,1.242027814551086129e+00,1.956862916768900840e-01,-1.416100165875434636e-01,7.353925177818282366e-02,-1.693634496162728098e-01,-3.308172035467352723e-01,4.555150929663959181e-01,1.105692568440496792e+00,-4.633959012130683952e-02,-1.366222587919733167e-01,-6.953175354846181933e-02
-3.496320230957728620e-02,2.403653578299436433e-01,7.636778821057825795e-01,-5.181489279974652723e-02,2.114412097918696304e-02,7.636895219701225201e-01,6.431535252684327242e-01,2.848287796082411560e-01,-5.061532051821327621e-02,-1.767077788968045571e-01,1.288307352655094218e-01,-3.749183341912223910e-01,1.141469451163850679e-01,-5.428695641515158821e-01,-3.511254853766065248e-02,-1.800658011478157017e-01,2.505243931905652977e-01,-1.062321953885434350e-01,8.965151608938297378e-02,-2.968426454717509322e-01,4.643739780310757181e-02,1.072875606305349339e-01,-1.794493288391208752e-01,2.076306714688268551e-01,-5.471068290161228420e-01,1.228354535442633511e+00,1.847054190481401681e-01,-1.480587837460322909e-01,8.144197573334593931e-02,-1.586739590451350657e-01,-3.315762596362234471e-01,4.534893561394097716e-01,1.108268730579445416e+00,-4.229268735810558927e-02,-1.382726739713649178e-01,-7.180100830548247215e-02
-3.273491785787322611e-02,2.689404254649251369e-01,7.581298203081265896e-01,-6.476966328353747637e-02,3.699270989855042713e-02,7.602902177492442126e-01,6.452869244973928886e-01,2.761243531858984523e-01,-5.687680146190437352e-02,-2.144100892185847318e-01,1.508154389322059474e-01,-3.513677529146254641e-01,9.714041894033470514e-02,-5.526548341550890919e-01,-2.817227397160811456e-02,-1.680043927852568619e-01,2.772416753586380844e-01,-8.883313750487825677e-02,7.218344621050584720e-02,-2.844548814402564352e-01,6.601616399099756449e-02,9.441066049247856529e-02,-1.917024950256852323e-01,1.996122023198958206e-01,-5.418930453489593235e-01,1.212801655401222867e+00,1.605351870860000085e-01,-1.542432009189694253e-01,8.125487604396011698e-02,-1.666940144830759418e-01,-3.409851741004706893e-01,4.546238489659537030e-01,1.119385707012300335e+00,-3.480206927951196016e-02,-1.408862476740482539e-01,-6.910860674642298196e-02
-3.012360967922890834e-02,2.983505905991153950e-01,7.601059740321354230e-01,-7.724288416446346839e-02,4.869406053073862400e-02,7.570752719604962877e-01,6.469153405979199967e-01,2.674641235687186258e-01,-5.112730837645191456e-02,-2.319366188439511423e-01,2.018873247908569701e-01,-2.364144913918442836e-01,4.095563589948557348e-02,-5.412421808702038151e-01,-1.746442801554095453e-02,-1.719360908901770846e-01,2.946029545772393954e-01,-9.137532093250314014e-02,4.336061166107083031e-02,-2.720490404080764257e-01,8.696576214806636673e-02,7.633912016260813171e-02,-1.879227493593839948e-01,1.939908088923671114e-01,-5.409775702032881828e-01,1.198578765245809530e+00,1.450136791722834717e-01,-1.629260371127694840e-01,8.139933584954546497e-02,-1.611222877454245306e-01,-3.437086942508909559e-01,4.577165108320376818e-01,1.133275894135936657e+00,-2.586457943772492094e-02,-1.451734806742893402e-01,-6.773405333959486851e-02
-2.725776013817887006e-02,3.280543701719124683e-01,7.668624436851741999e-01,-8.299829473804487545e-02,6.013986681461250955e-02,7.500413547796328517e-01,6.534006776935792349e-01,2.406307863112722711e-01,-6.461723768493954356e-02,-2.507741007827740676e-01,2.916146288505717665e-01,-7.435855630836174512e-02,-3.101516535633357802e-02,-5.254458718290383468e-01,-3.216005475076250120e-03,-1.522345344325335692e-01,3.062328730967999735e-01,-9.781893844086678169e-02,7.128719876569495316e-03,-2.411826325045078878e-01,9.807261236541894855e-02,5.517154261047921282e-02,-1.795662125638038398e-01,1.911452343735843273e-01,-5.410591140396768806e-01,1.185229736395955857e+00,1.261898371829307253e-01,-1.699124437011382271e-01,7.848608395608719368e-02,-1.550449811592942706e-01,-3.465904407713256696e-01,4.611289586641980076e-01,1.151448582666227738e+00,-9.652985499061680214e-03,-1.492634531144897969e-01,-6.413793875172343895e-02
-2.448989367773823575e-02,3.584887053898738185e-01,7.747830596226339406e-01,-7.615909988937558106e-02,6.572004554848034918e-02,7.398404725983721564e-01,6.652193188885613395e-01,1.870933841690302357e-01,-1.010145345295570818e-01,-2.535995943082986481e-01,4.454940717524296656e-01,6.969618913385954018e-02,-1.006376446938629099e-01,-4.814497828897121301e-01,1.118601585434521317e-02,-1.088396377874484011e-01,3.089369774718493389e-01,-1.173482917017367733e-01,-2.848247186916722656e-02,-1.995952536440308844e-01,8.767393806730143513e-02,4.408448953985413810e-02,-1.644611625154892287e-01,1.952098539158557966e-01,-5.444974752780086247e-01,1.168547688446052613e+00,1.040426463629415821e-01,-1.723225649418034799e-01,8.218329046565299445e-02,-1.480730031671967373e-01,-3.428471788371326157e-01,4.703049284461658375e-01,1.164802291515546484e+00,1.121524357405648958e-02,-1.492595687342010147e-01,-7.028457114533995242e-02
-2.145290701761131541e-02,3.881543036645163647e-01,7.817671521074558427e-01,-5.930305147967773749e-02,6.956453733118091176e-02,7.280936102798295506e-01,6.793552957773870693e-01,8.192565403293221304e-02,-1.370836565956078668e-01,-1.992340413738797056e-01,6.564084643182402923e-01,1.129082460568800045e-01,-1.089794320025705143e-01,-4.228590043279299993e-01,1.245831446745363294e-02,-5.772987647997900734e-02,3.152301600058976527e-01,-1.469043828324728684e-01,-5.419317645128624711e-02,-1.488202178338608461e-01,6.110901164508791839e-02,4.333575154242954447e-02,-1.560688085759296961e-01,2.033454429311189193e-01,-5.458498487216926209e-01,1.153420684941845575e+00,8.125656705650710632e-02,-1.662423930601300559e-01,8.052997396188434076e-02,-1.491559607583081426e-01,-3.375465258318738337e-01,4.715539096454809953e-01,1.172737592254060823e+00,2.519755021341639131e-02,-1.466957147103875592e-01,-8.401795424835700743e-02
-1.775100176216193662e-02,4.161590645833130320e-01,7.879505089591738454e-01,-4.155359545455065973e-02,7.280549119735718611e-02,7.212136331169454184e-01,6.876216652800919427e-01,-4.105597506678699410e-02,-1.369079875909119115e-01,-1.187525178887468141e-01,8.432979870498689134e-01,5.589204647183798613e-02,-5.513835087006296876e-02,-3.562090686309641874e-01,5.051006601421853537e-05,-2.470083617254276165e-02,3.079293860491091328e-01,-1.711198879520409166e-01,-6.062705874859831284e-02,-1.039566351607559558e-01,3.274879731155796309e-02,4.595464809468743916e-02,-1.505058821043897821e-01,2.133155121926922082e-01,-5.391641290837457801e-01,1.139579931862810147e+00,5.874601667866586469e-02,-1.645408639896438485e-01,8.006296148914067434e-02,-1.560470281553654193e-01,-3.267474363750357824e-01,4.725036972702831850e-01,1.186425395031508234e+00,2.731499773568719230e-02,-1.488458408730668203e-01,-1.059510919951698743e-01
-1.397013576231886413e-02,4.429386179123849798e-01,7.932268439094369850e-01,-2.435548909083663088e-02,7.512012843132130635e-02,7.137572638440907724e-01,6.959269679825639265e-01,-1.689420916493049318e-01,-1.135074778370960824e-01,-3.954885256388353254e-02,9.813693663338897144e-01,-3.326691804342794823e-02,1.732085457318188054e-02,-2.831338425412650017e-01,-1.500564268990162153e-02,4.223823954368974287e-04,2.844029255258949118e-01,-1.930641153599751414e-01,-5.982638684828725517e-02,-5.815579109905907873e-02,8.875111522205377662e-03,5.117461827388362222e-02,-1.400781635670125813e-01,2.251249103831035880e-01,-5.305620294985375907e-01,1.129007909096220619e+00,3.734160867672840084e-02,-1.651932601429167424e-01,8.197357046314747431e-02,-1.696951381231415756e-01,-3.184580279148480630e-01,4.782731556113157256e-01,1.191715268488219737e+00,2.074853762611216998e-02,-1.538223902656107589e-01,-1.312606598730883256e-01
-1.066432850689193884e-02,4.693557208782661583e-01,7.972232127826924808e-01,-9.966438664642760306e-03,7.458436667932111241e-02,7.048070324423173494e-01,7.053969728934492700e-01,-2.734691416789657437e-01,-9.239946317917746565e-02,1.892327740109039577e-02,1.011723867812662769e+00,-1.143957076322555388e-01,7.185027237533786471e-02,-2.078127790140742726e-01,-2.555543936163157115e-02,1.911340109216818142e-02,2.517078883067811468e-01,-2.065070193294232248e-01,-5.122485667399098025e-02,-1.492181120873261983e-02,-9.735957548793715277e-03,5.739801662916860919e-02,-1.208461081964082029e-01,2.353377525709902662e-01,-5.199883860437368721e-01,1.123190852706780429e+00,1.420224930863703446e-02,-1.648208911841311797e-01,8.377176511739028997e-02,-1.865268320281988357e-01,-3.105141295763447773e-01,4.888265441354008867e-01,1.187136033405294055e+00,2.275298201087204084e-02,-1.592067218979074106e-01,-1.492842639294826856e-01
-8.071551503918281828e-03,4.961478947903527059e-01,8.005328675004805827e-01,-3.041682740051749462e-04,7.114247188696140589e-02,6.947060951845398513e-01,7.157667898756703284e-01,-3.499712161140939859e-01,-7.434613790894174790e-02,5.419574887238069044e-02,9.565495952503048072e-01,-1.673445006587897521e-01,1.016948011797510348e-01,-1.379129164288941389e-01,-2.882983644710017390e-02,2.999980301066278512e-02,2.199079133757064486e-01,-2.016752287399440347e-01,-3.592193510607434581e-02,3.085093827485350590e-02,-1.719329140025089436e-02,6.255553850485032208e-02,-1.036230597332040149e-01,2.463005222915974624e-01,-5.120245118328321521e-01,1.119770442814796763e+00,4.165330133801057981e-03,-1.671970052125952011e-01,8.613361969734899259e-02,-2.043904590849656977e-01,-3.055826686705876427e-01,4.980467844979990510e-01,1.178340397946000095e+00,2.727230102044009633e-02,-1.659442546250781692e-01,-1.618971100070533131e-01
-6.226071581480707891e-03,5.240670575560570921e-01,8.024513239670768572e-01,4.432526711978873428e-03,6.523766903372521520e-02,6.819709657787735857e-01,7.284504108590778015e-01,-3.925254134258533978e-01,-4.981111853028888370e-02,8.612293529402145764e-02,8.060558152785036734e-01,-1.871114226150110971e-01,1.053108582154756862e-01,-7.382275205713544064e-02,-2.409425981221305010e-02,3.260986998993704866e-02,1.910789415647894951e-01,-1.873992162362635439e-01,-1.904031492745052179e-02,7.135998063925221013e-02,-1.397268380913673641e-02,7.075591785170314008e-02,-8.090401123213077084e-02,2.583414376978198645e-01,-5.049832455388699737e-01,1.116322268003624663e+00,-6.240061423987274848e-03,-1.702822461747470761e-01,8.962052112223803380e-02,-2.228989812727543152e-01,-3.017901485129976802e-01,5.098860088759189502e-01,1.157388482338050695e+00,4.673716168075991995e-02,-1.748113410567381232e-01,-1.702681713515850070e-01
-5.107234959836547475e-03,5.536418010268877588e-01,8.019447387076051870e-01,4.787731623474875825e-03,5.612984466588474136e-02,6.681354754183470579e-01,7.419039726616805108e-01,-4.195949097707306064e-01,-2.145048960214313710e-02,1.184559109590136716e-01,6.265982109919853160e-01,-1.667042259504314672e-01,9.175907803048367894e-02,-6.415234892540078865e-03,-8.504803943645396214e-03,4.368647084698115690e-02,1.610868868121184128e-01,-1.818227912891984266e-01,-8.545382900299974133e-03,1.086441093921371170e-01,-2.421908279591008725e-03,8.028988946433193719e-02,-5.560437349562464410e-02,2.708919486305657598e-01,-4.992621044269239250e-01,1.117329299171714085e+00,-4.812789103172164865e-03,-1.726692022864795284e-01,8.436593881465148659e-02,-2.427831278129473080e-01,-2.990304337718761585e-01,5.213902898292555044e-01,1.134267537628603995e+00,6.039370662804231793e-02,-1.798772573047861256e-01,-1.726565470733339713e-01
-4.857057313815591262e-03,5.853152421196117228e-01,7.977624507518639163e-01,1.643609354116766161e-03,4.171591579878729250e-02,6.527230238418855190e-01,7.564454607333327418e-01,-4.364073306323882351e-01,1.920188664585969346e-02,1.504315440261951298e-01,4.437071455559179478e-01,-1.322219888310696145e-01,6.607575655982235452e-02,6.424189812131354815e-02,1.738909853271533579e-02,6.273950859935217839e-02,1.391383181505717326e-01,-1.880241492921291280e-01,-1.443617016816219761e-03,1.409051352835195836e-01,1.872452704014978750e-02,9.475280200156123434e-02,-3.405902647681009754e-02,2.813224395626052199e-01,-4.942667547076098344e-01,1.127424869721880052e+00,7.160942456738764866e-03,-1.713534632386463641e-01,7.747282851561149153e-02,-2.662672702993093554e-01,-2.962509884809991778e-01,5.303652323341162544e-01,1.112423383316886616e+00,6.911329633986856846e-02,-1.788409742702149197e-01,-1.748981839541766670e-01
-5.414401484270847491e-03,6.192615962498951854e-01,7.911474247558506478e-01,-2.238403807337846236e-03,2.484964749989915234e-02,6.378554658702886293e-01,7.697518361309197976e-01,-4.540856228347612822e-01,6.128614510909313057e-02,1.718116534095501247e-01,2.818898433577364804e-01,-1.028963026995561164e-01,3.355958730928365608e-02,1.424863947596307079e-01,4.295530499711493200e-02,9.287198110261243866e-02,1.167705721533887214e-01,-1.990501900250051248e-01,3.340074095741858620e-03,1.721674801615930006e-01,4.215277991484678299e-02,1.122782948622648574e-01,-1.479398771176822919e-02,2.842753008349180321e-01,-4.784240871389846550e-01,1.139801383991223771e+00,1.564653877353436653e-02,-1.676416597402450304e-01,8.010073672189010896e-02,-2.858970454228884628e-01,-2.969915811406299011e-01,5.380541073486518888e-01,1.088120259914469701e+00,7.371968600220250856e-02,-1.786594035848181605e-01,-1.749680042830442928e-01
-6.641165043197709388e-03,6.555574062961129211e-01,7.829111810449426168e-01,-4.917004361387487636e-03,1.239204698171153182e-02,6.245251185271444294e-01,7.808909248853956875e-01,-4.785029205036258060e-01,9.798617063139117289e-02,1.893354329445838813e-01,1.604985612388249994e-01,-8.582936345051227212e-02,7.968637298676122666e-03,2.168821217548062563e-01,5.451442760662977838e-02,1.288349886854904813e-01,1.050454686007100402e-01,-2.236173325273675128e-01,4.096768965260963805e-03,1.999173236002977361e-01,5.653568547943603473e-02,1.218565991022587669e-01,1.377258441797661603e-02,2.835741783351360956e-01,-4.625386382499568905e-01,1.152898489300409945e+00,2.400064716480541233e-02,-1.622255556780318464e-01,8.810851197782634814e-02,-2.933650709410547952e-01,-2.970141195494016562e-01,5.429958908326987244e-01,1.067018899806099652e+00,7.683564816868890257e-02,-1.840108866973778623e-01,-1.773739142795174861e-01
-8.258056514472809570e-03,6.926840294543582521e-01,7.747797960407430962e-01,-8.577742812112404414e-03,1.476789636221318086e-03,6.136327674485591022e-01,7.895435821625312878e-01,-4.988409946888399116e-01,1.295364335675389944e-01,2.175400410924286376e-01,7.866183815227162368e-02,-8.363092709248530487e-02,4.896049509122924782e-03,2.831190096712560833e-01,6.193484197157472781e-02,1.719935969836708933e-01,1.016127271261125925e-01,-2.327992925823869075e-01,4.488760729391111370e-03,2.171603239974866095e-01,6.433328349065292606e-02,1.288716998821081705e-01,3.543563997235125995e-02,2.811177459169286741e-01,-4.423066378415661526e-01,1.172212797903627868e+00,2.787419549894999335e-02,-1.566369288867631160e-01,9.329022115556268036e-02,-3.002788470279403876e-01,-2.985620698517613691e-01,5.454112725708908371e-01,1.053363189781825193e+00,8.748867954603282981e-02,-1.904464524462154695e-01,-1.759913667559235562e-01
-9.924055851355464627e-03,7.315106066757318670e-01,7.675146960640522042e-01,-8.406353770298627057e-03,-1.310842450486554090e-03,6.045322012160067038e-01,7.965352676443695490e-01,-4.962073379668393014e-01,1.389310935623923049e-01,2.689494613160778314e-01,7.754000824575088546e-02,-7.305912993652498300e-02,1.590435581406721491e-02,3.379588684304795088e-01,4.861273461033428778e-02,2.201456962139248241e-01,1.097253798044625361e-01,-2.297788402152526888e-01,1.461758908689897614e-02,2.340249446839650638e-01,5.343178480022031662e-02,1.183075703188181116e-01,7.262154872016640672e-02,2.763081729990344848e-01,-4.328557436394733782e-01,1.188992620456639004e+00,3.238303142823517611e-02,-1.536904688269974117e-01,9.548082216030391589e-02,-2.806239932560218864e-01,-2.946809995995625653e-01,5.461578994262854536e-01,1.047813494462971118e+00,9.089231556715332561e-02,-1.954684369053341919e-01,-1.696864528650439685e-01
-1.155655670707979657e-02,7.684717067919668576e-01,7.609777706786722273e-01,-2.136410427204916279e-02,-5.276033079652560224e-04,6.050443919397561210e-01,7.959048815440527003e-01,-5.087585041386738505e-01,1.441205378574840767e-01,2.740049890306089919e-01,1.304594651867714283e-01,-3.502220585843750233e-02,3.141413488509946228e-02,3.560000289953063612e-01,5.804598512796768639e-02,2.393504098657187606e-01,1.348746391117282006e-01,-1.949282059406780565e-01,3.225728049838149508e-02,2.309152741231939310e-01,4.806701961255095690e-02,9.880214504634564354e-02,7.072138385445654596e-02,2.754612405558372057e-01,-4.142276320339354778e-01,1.226467378943703501e+00,3.777894606967054092e-02,-1.521688516603990626e-01,8.621935322932441914e-02,-2.696705640259499104e-01,-2.891208684405496832e-01,5.341044644486554471e-01,1.049322130119674679e+00,9.677931289854922736e-02,-1.923876719500568766e-01,-1.437981382874341518e-01
-1.294604369693101373e-02,8.070287814816176075e-01,7.620021104907090947e-01,-2.756715040349660972e-02,8.440646259303012655e-03,6.061493325028927126e-01,7.948281540154785718e-01,-5.091160301761529228e-01,1.348777468473193741e-01,2.745644952561827612e-01,2.025720171010793880e-01,1.262432786234501947e-03,5.524318868052827125e-02,3.556024551465000183e-01,4.544060671751713049e-02,2.463445716073318914e-01,1.857784191701449261e-01,-1.090391399645428139e-01,6.529723926367346498e-02,2.281359857913844991e-01,3.063936742147329792e-02,6.891937100753570133e-02,8.029152273828163433e-02,2.735867171656189423e-01,-4.114053022830519990e-01,1.258016457943141875e+00,4.685780409932441271e-02,-1.552610921400281452e-01,7.819149821736036399e-02,-2.389932708619940116e-01,-2.820170143292894949e-01,5.337008359933939072e-01,1.059411621103408585e+00,9.348927504416792988e-02,-1.920537006432935234e-01,-1.300194686300570890e-01
-1.388736795496919169e-02,8.458948965438428669e-01,7.667112886245930348e-01,-3.798570902018305606e-02,1.878614476214889376e-02,6.147127982450134587e-01,7.876117967304669953e-01,-5.035194671889167140e-01,1.153926760424274500e-01,2.544085106660833318e-01,2.635378921797693619e-01,1.597621409692929345e-02,8.435629975977844419e-02,3.266768220625658747e-01,4.805733121280519188e-02,2.433794949715679390e-01,2.820198969563000313e-01,1.586830886961991538e-02,1.145765887126461435e-01,2.113159776246755217e-01,1.803058975877024767e-02,3.142136405705644314e-02,8.596460174407642707e-02,2.762105275619220479e-01,-4.134721066648123777e-01,1.287670533383022065e+00,7.132779853980134033e-02,-1.641265540704623938e-01,5.692503166691542660e-02,-2.003982281444252056e-01,-2.801386653613281985e-01,5.247783133944147194e-01,1.085837372240182619e+00,7.666707120371178685e-02,-1.945274954446176707e-01,-1.117067347923258597e-01
-1.456253640940110422e-02,8.856565164561049919e-01,7.740646497026382189e-01,-4.086186753867687010e-02,2.091662719784999000e-02,6.287495085829439834e-01,7.762518006063650056e-01,-4.610097539117934407e-01,7.920690140971292648e-02,2.060930429447607737e-01,2.975198129152593074e-01,-1.938369046879186153e-02,1.241208218167502708e-01,2.663500205193050085e-01,7.413559136868361210e-02,2.375433588927941819e-01,4.476454203530969012e-01,1.490899067224021046e-01,1.738226644083231687e-01,1.788856807112695901e-01,1.726664404385236037e-02,1.272627666662223128e-02,8.483901550549197146e-02,2.847161195034257908e-01,-4.277503799018508857e-01,1.297376335475624698e+00,1.088860746562854004e-01,-1.670029591652401613e-01,3.890803672525643131e-02,-1.534131213450114495e-01,-2.807865140665921078e-01,5.126940542767735032e-01,1.122744635209801389e+00,5.376582210835918058e-02,-1.880547504654751789e-01,-9.589198942916515866e-02
-1.557842848714272727e-02,9.246511963754865393e-01,7.833527287833043085e-01,-4.168168383035986135e-02,1.244121020152011425e-02,6.470369250298098063e-01,7.612168358422951586e-01,-4.002442609714124688e-01,5.393786900819286245e-02,1.541411000218654292e-01,3.112456379292419251e-01,-6.928511691761571334e-02,1.428212604192605484e-01,1.630823440036204275e-01,1.009868632967122759e-01,1.893216005266009083e-01,6.550378828696662437e-01,1.835072796019640573e-01,1.769039002396700089e-01,1.308040125448086122e-01,3.599035677219616924e-02,6.814554634916300535e-03,7.535397938121735084e-02,2.958464614250383429e-01,-4.456060018152153690e-01,1.287009552157609482e+00,1.423087888114933919e-01,-1.772502994064653614e-01,2.736630676571041865e-02,-1.141382932870635969e-01,-2.861985494313100120e-01,5.030915598250043086e-01,1.150338680621961318e+00,2.378813827224575059e-02,-1.875245913466948855e-01,-9.433138390358948577e-02
-1.771282728352326433e-02,9.616588005592754396e-01,7.893765300762669579e-01,-4.174746640571293937e-02,4.272748593340250020e-04,6.625499043724133452e-01,7.478533216487071034e-01,-3.302897114201417406e-01,4.255329478582188518e-02,1.233050504107472967e-01,3.142619262826336080e-01,-1.249873621101607324e-01,1.545033494988319045e-01,3.854404066417738139e-02,9.522442909811636158e-02,1.192485963606035454e-01,8.275548129417069632e-01,1.383326647032368517e-01,1.284567227361395336e-01,8.387103652911512275e-02,5.779351939238722147e-02,8.096291810938578692e-03,4.924995335787500650e-02,3.026846428344601159e-01,-4.614007293905387774e-01,1.274407690469734344e+00,1.635235497226578405e-01,-1.836474531317136005e-01,2.509827059634194696e-02,-7.955452083234586247e-02,-2.991549773347376706e-01,4.973862075890142509e-01,1.164069598909754255e+00,-6.159740559340873669e-04,-1.909578728862499075e-01,-9.136038029427770435e-02
-2.034853382547769859e-02,9.966133628576826498e-01,7.940971694929171987e-01,-3.872761359963633465e-02,-9.244427043169172603e-03,6.761664023595862494e-01,7.356722835839445418e-01,-2.613376745157234282e-01,2.922559528789955147e-02,9.776436912924527101e-02,3.111248783027013021e-01,-1.611211052123497356e-01,1.622124753473386249e-01,-7.683979721709870148e-02,7.944069849983749487e-02,6.670341460256146160e-02,9.204926195390707999e-01,7.111083539400991915e-02,7.473318840011877739e-02,4.078939805727737483e-02,7.233388304199439567e-02,1.337870458737551449e-02,8.474216377536120115e-03,3.077099535049678258e-01,-4.798456842120488730e-01,1.254987363586152593e+00,1.709124331461079338e-01,-1.880597448679472983e-01,2.813259997630648823e-02,-5.370032239406749563e-02,-3.180691388179205936e-01,4.889757106581224533e-01,1.169176660494066100e+00,-1.998828131547189524e-02,-1.931950804518813014e-01,-8.000328538615349150e-02
-2.333042443559620732e-02,1.030207153979687762e+00,7.981235699473582246e-01,-3.473007629002595326e-02,-1.629220596477316124e-02,6.898851735124840179e-01,7.229016760205642100e-01,-1.978796488327511094e-01,1.736420349760540299e-02,8.467884033961076140e-02,3.049108701690463885e-01,-1.755700115078061563e-01,1.603643999965509714e-01,-1.628131450108847300e-01,6.228678212080115961e-02,2.694021498215776189e-02,9.057668170181824019e-01,1.563241029202105947e-02,4.231726530194192260e-02,-1.481250497630036932e-03,8.149344804895795880e-02,2.259545202890643478e-02,-3.919871873006433582e-02,3.103574588628853492e-01,-4.931735371548238711e-01,1.228887435762361147e+00,1.545611643675420810e-01,-1.949475932353841590e-01,3.982834865675494856e-02,-3.466470795035429819e-02,-3.367061040326050914e-01,4.796673365701706881e-01,1.163099427230363414e+00,-2.027590069152064578e-02,-1.952292145886330710e-01,-7.532083934647318402e-02
-2.673926600162408046e-02,1.063031989355822438e+00,8.019005945557451387e-01,-2.870456035321299754e-02,-2.119480578739035143e-02,7.052593450766011518e-01,7.080509053766456118e-01,-1.317419739978434312e-01,1.260077888282598590e-03,7.038437076596466835e-02,2.864743634506417003e-01,-1.717347835595842420e-01,1.478709106824508401e-01,-2.271418345018098583e-01,3.958446700820751618e-02,-1.596111487201169743e-02,8.215254537114569100e-01,-2.528362699111543627e-02,2.049072801623669227e-02,-4.377418909095467936e-02,8.595245300157777768e-02,3.604008904720820694e-02,-9.500966887870306021e-02,3.141210635608735480e-01,-5.016420221587455375e-01,1.193805235332268344e+00,1.250643513095446857e-01,-1.978898536759225724e-01,4.760318213702463552e-02,-2.582387143427425716e-02,-3.543318765288294148e-01,4.688130910740376245e-01,1.158056595255197552e+00,-1.804854656156429371e-02,-1.914155132480628019e-01,-6.880042066064410988e-02
-3.056541554481360251e-02,1.095651442811979237e+00,8.044394272611837815e-01,-2.238222179349597801e-02,-2.253462289599084817e-02,7.200559573732798757e-01,6.931887514737757883e-01,-6.304856565805463942e-02,-2.335382181471049728e-02,3.709276280523994551e-02,2.603857164315417361e-01,-1.755368133360818428e-01,1.321119746634681624e-01,-2.719562179782045175e-01,9.422006757334708965e-03,-5.685076551425794628e-02,6.866052621857655636e-01,-3.789580457955335491e-02,1.403351438357398201e-02,-8.324985014871461031e-02,8.443552054150231523e-02,5.013314775664562406e-02,-1.524798162852721850e-01,3.231849279405553110e-01,-5.143692293556264561e-01,1.134317078991240901e+00,9.923852130006215189e-02,-2.005317619636998450e-01,5.711722525252837385e-02,-2.174162534652351875e-02,-3.703229141863086937e-01,4.572025086262778704e-01,1.151229387365014345e+00,-1.289837794165139828e-02,-1.826612004391292010e-01,-6.366799246731090489e-02
-3.455984418056998186e-02,1.128699992695181065e+00,8.041761843278615318e-01,-1.172632167272701087e-02,-2.013038395346198814e-02,7.358329563896519598e-01,6.767622339587063829e-01,7.726622786567853216e-03,-5.917522904253152971e-02,-2.748923316067991562e-03,2.388059502564967018e-01,-1.835339822856508762e-01,1.225471234716749153e-01,-3.030566365388308037e-01,-2.109614636251598563e-02,-9.091418624383962310e-02,5.107257316143939407e-01,-8.218192691309897380e-03,2.769876821809095363e-02,-1.220734338118245055e-01,7.029149249936439414e-02,6.012863498726674083e-02,-2.079200302547344892e-01,3.307321068039089651e-01,-5.249134484010419266e-01,1.075499029438562015e+00,7.121921987953268307e-02,-2.027696854186107622e-01,7.020115598006768098e-02,-1.803785101830534393e-02,-3.810614014657213167e-01,4.490516292681266397e-01,1.147353843343750901e+00,-1.071288838002140871e-02,-1.767379811268006973e-01,-6.600902309658390754e-02
-3.859678679891930669e-02,1.162443016423143405e+00,8.003189028068328215e-01,3.865396376432819053e-04,-1.591365319043358192e-02,7.535156904630812003e-01,6.572371797571932017e-01,8.103746351923984959e-02,-9.619867635010799500e-02,-4.783401144348060213e-02,2.178032609139848863e-01,-2.061542602961030923e-01,1.195845833955987009e-01,-3.268369964340495648e-01,-4.500705980922618810e-02,-1.049084179323142851e-01,3.465290091026163588e-01,4.545404168490405072e-02,6.177697565179753048e-02,-1.603430453569649472e-01,4.758828496482115505e-02,7.093322577322441758e-02,-2.598295242520096693e-01,3.418449911199313851e-01,-5.375657131165479941e-01,1.014680626999221014e+00,6.054772246155400856e-02,-2.110761004892397208e-01,8.505876335899330287e-02,-1.031157145594365984e-02,-3.874209534523034293e-01,4.333170453468119243e-01,1.145573081568432405e+00,-1.314878788369724938e-02,-1.741339664759178618e-01,-6.673665336794676328e-02
-4.248338982861259855e-02,1.197635566030991860e+00,7.939705842505735411e-01,1.471772213947961268e-02,-1.542653458823742621e-02,7.691376989817271248e-01,6.387273367335370988e-01,1.571493658000477911e-01,-1.217791902177602081e-01,-8.949655568541484141e-02,2.127332519781811038e-01,-2.324338666038350820e-01,1.162529205160088286e-01,-3.539563872010020318e-01,-6.445097277483421983e-02,-1.044530431788987801e-01,2.122032825095874209e-01,8.759221710619130574e-02,9.360623033992081232e-02,-1.897928353303014459e-01,2.752218939388406671e-02,7.164845774198191908e-02,-2.955946416398864685e-01,3.521427781053090289e-01,-5.448332941763945891e-01,9.658305068772933266e-01,5.411994322544760871e-02,-2.274911611417016200e-01,1.065104077120468673e-01,5.315394190726900614e-03,-3.897327658992511545e-01,4.191934874790682608e-01,1.151583927102475480e+00,-1.398013547004306120e-02,-1.738542696710385915e-01,-7.845156867042248072e-02
-4.611970542665567996e-02,1.232729111227812036e+00,7.875624480789789050e-01,2.754397962380978129e-02,-1.737564341154180375e-02,7.832581672553241559e-01,6.208430233403198217e-01,2.230750272470242435e-01,-1.316889931431369509e-01,-1.247173228006258072e-01,2.224690604098166213e-01,-2.432492758232741026e-01,1.028879149327283360e-01,-3.743070415125350769e-01,-8.068749144116536820e-02,-9.478726231601541929e-02,1.249058840123091346e-01,1.150917606063960041e-01,1.159650660339174438e-01,-2.159161985153064123e-01,1.417721157647673300e-02,7.749441333719767067e-02,-3.301250029289797272e-01,3.668479590172822880e-01,-5.535529465229227508e-01,9.170526409078705310e-01,5.215430823180677855e-02,-2.392753581100286742e-01,1.278001563007286068e-01,9.784791799618266714e-03,-3.896381674297667019e-01,4.076275589188685378e-01,1.160711871773243198e+00,-1.672689107825895208e-02,-1.733213375211739016e-01,-9.268070833368557970e-02
-4.916640646569136325e-02,1.267986648163282659e+00,7.810082432530519592e-01,3.556150879870088877e-02,-1.749126902140849676e-02,7.947091012193132631e-01,6.056953681836870773e-01,2.730199844355304939e-01,-1.379009547212068365e-01,-1.695887714430452387e-01,2.525363543659262522e-01,-2.549840165309745776e-01,8.289545317379953815e-02,-3.835223785053410439e-01,-9.211002714292386429e-02,-7.828940947736270917e-02,7.448297673609161063e-02,1.290116525744421094e-01,1.205096130654129405e-01,-2.337966933938949998e-01,5.187782341939041475e-03,7.894285205889206569e-02,-3.520944671686086491e-01,3.793457139645856069e-01,-5.636947620049954644e-01,8.666484457575436284e-01,4.526602533659053462e-02,-2.495060528507775655e-01,1.502126923043105577e-01,1.678827108978737589e-02,-3.879149511268389916e-01,3.992140505472657752e-01,1.172700076980459860e+00,-1.576383165857058247e-02,-1.734315255183674909e-01,-1.099678475898589469e-01
-5.184478062252183272e-02,1.304291528684025758e+00,7.726309037103310517e-01,4.086736085050644840e-02,-1.396282228370328976e-02,8.032003318048878127e-01,5.941415028421316302e-01,3.211482929180466406e-01,-1.525266454327594001e-01,-2.332309718568606749e-01,2.915828245529483720e-01,-2.723155883689936108e-01,6.180871518751171467e-02,-3.648791868700586027e-01,-9.794323740595652084e-02,-7.016474816573331497e-02,8.331153868705071242e-02,1.391908555454216545e-01,1.107832510538035997e-01,-2.440438037114646963e-01,-4.106389016460031474e-03,6.525337758459440196e-02,-3.403890312951157182e-01,3.780299600315173980e-01,-5.689856861918601849e-01,8.356110736734867483e-01,4.281475152660667999e-02,-2.623565118313522793e-01,1.625481125839569052e-01,4.663146167625178279e-02,-3.814829775263104406e-01,3.986934234864591975e-01,1.181542713118138410e+00,-1.821763875759680948e-02,-1.771024744338219326e-01,-1.211832020572312096e-01
-5.318599485931394671e-02,1.337212150046491299e+00,7.689958786203385799e-01,3.562418318953008978e-02,1.403933863712309577e-04,8.050851653498513061e-01,5.920884852751137073e-01,2.891351345215522617e-01,-1.682310545852791772e-01,-2.229509093826850252e-01,4.158290961602224001e-01,-2.304202655918505260e-01,8.325753818191701863e-03,-3.740072538073586639e-01,-9.932566406623299926e-02,-4.809977410443518064e-02,1.344574705916124491e-01,1.625296529907369891e-01,9.021213523533708201e-02,-2.262265189308453883e-01,-6.986085461124654471e-03,4.975782098564184713e-02,-3.275541688367796245e-01,3.740475303808832863e-01,-5.621040283571429041e-01,8.104967800688785973e-01,2.758188492989710819e-02,-2.689666737650189265e-01,1.547113398175622434e-01,3.791583130465056573e-02,-3.788793570972702751e-01,3.954679852450462274e-01,1.206929953704171998e+00,-2.977011292380742427e-02,-1.854152224733514875e-01,-1.172739962113702461e-01
-5.460994614586949653e-02,1.370768214118803785e+00,7.688414536619209150e-01,3.321057508936030994e-02,1.075811950826448260e-02,8.033101211645923279e-01,5.945369372893561932e-01,2.465300200060597802e-01,-1.732047713169146130e-01,-1.923266249679425888e-01,5.934071646847611792e-01,-1.157073009740870323e-01,-5.333507248218065377e-02,-3.665705881576232228e-01,-8.962712476683523666e-02,-3.686956213450835046e-02,2.000846793257516354e-01,1.285739280789979233e-01,4.255348992942572378e-02,-2.076552879735183432e-01,-9.357780618603530817e-03,3.068981659158799558e-02,-2.777198440907857058e-01,3.607283791870607437e-01,-5.553785739126300136e-01,8.204689723515490307e-01,1.948635807346674881e-02,-2.665614609588207173e-01,1.316000909633391336e-01,4.557060284912044235e-02,-3.753933871892465302e-01,3.964757186882695850e-01,1.216004373245264336e+00,-4.433351976657738669e-02,-1.876111172575503361e-01,-9.813314561253029533e-02
-5.534948340069917316e-02,1.402670658711806739e+00,7.793553733772450309e-01,2.894192463205753213e-02,1.743882814832491829e-02,8.006136233933930368e-01,5.982274469700529229e-01,1.756750584080465361e-01,-1.631869771485756349e-01,-1.284715395782269065e-01,7.786759357992967256e-01,-3.631809751987577495e-02,-7.131828808223468485e-02,-3.626054310439940087e-01,-7.785541313798759189e-02,-2.838140844646312722e-02,2.666225422372941467e-01,7.675341058915673143e-02,5.632255317591728164e-03,-1.990355095392624396e-01,-8.992990319164558682e-03,2.696347264552028528e-02,-2.249640122840968481e-01,3.440614904807485774e-01,-5.370454636486413635e-01,8.659234435485713144e-01,2.866975924639066781e-02,-2.553602605192565322e-01,1.117223681223209614e-01,3.970909003988792874e-02,-3.771452142221063397e-01,4.011195205634513483e-01,1.219011697599459376e+00,-5.219064404633740051e-02,-1.911836596322158688e-01,-9.391979255386373460e-02
-5.520708391149910937e-02,1.432143320687821353e+00,7.858506938438747369e-01,2.995934095202110181e-02,2.073884343796438684e-02,7.978069755385788220e-01,6.018109072163457807e-01,1.026767691118295744e-01,-1.332733258752503702e-01,-4.391200821714513064e-02,9.141425734642399936e-01,-2.154133787117390453e-02,-4.023794322571758869e-02,-3.383017583343402856e-01,-6.988060917650412707e-02,-2.808628505225991417e-02,3.031178689217056688e-01,2.752165541182961805e-02,-1.536826961170077721e-02,-1.964629181032243876e-01,-1.586754823981081919e-02,3.376395028501862766e-02,-1.741412216273029445e-01,3.205519647102966774e-01,-5.248456342254615992e-01,9.497642827498863349e-01,5.676117793675295592e-02,-2.392935645126115785e-01,1.022738355003982025e-01,3.355115187810425725e-02,-3.762055356025388875e-01,4.030657705732733076e-01,1.214657355545250006e+00,-4.956735544950558597e-02,-1.954737834478677549e-01,-1.005586456488350156e-01
-5.454908845495482633e-02,1.458296655306215772e+00,7.901756823083641024e-01,3.354009756770827411e-02,2.111612699746184471e-02,7.954232542948751483e-01,6.047569905033968185e-01,3.073910122079679882e-02,-9.330077212667461928e-02,4.900697396653280052e-02,9.759210729122066441e-01,-6.762556678969985913e-02,9.116018795341448988e-03,-3.050115954082364134e-01,-6.399175144653071468e-02,-3.473899526082780548e-02,3.257774783875201918e-01,-1.578010068879708017e-02,-3.323355728515901830e-02,-1.909665405798780802e-01,-2.165468118816251189e-02,3.976823159004100328e-02,-1.258094373985629011e-01,3.003602334794352458e-01,-5.144366554696254701e-01,1.034638079105336894e+00,8.553818790591796728e-02,-2.234234935827814350e-01,8.178621845072873986e-02,2.275360387483971875e-02,-3.744647116928348507e-01,4.051152554839461128e-01,1.213084946971624278e+00,-4.843999826685880389e-02,-1.947216003250318295e-01,-1.012330836137082246e-01
-5.414529336026541878e-02,1.481079214658100440e+00,7.928137270968268480e-01,3.829675237354757122e-02,1.803869631351537328e-02,7.904504243462813218e-01,6.110614460459203867e-01,-3.173873014073429893e-02,-6.130875908636247706e-02,1.204821169443563988e-01,9.829511014743482766e-01,-1.217478817239903144e-01,5.103871299280199336e-02,-2.696697413360860662e-01,-5.260881849265145599e-02,-3.728002444053490905e-02,3.435350790218470451e-01,-4.863690298630875958e-02,-4.542338876896883509e-02,-1.841071359030362342e-01,-2.473599641577299557e-02,4.588965899347487859e-02,-8.559931293170011668e-02,2.844441957844352498e-01,-4.961654464811098286e-01,1.121703052944529544e+00,1.065054596271400866e-01,-2.061434451869892104e-01,6.965905303072593424e-02,1.501915901418649987e-02,-3.738431375460071759e-01,4.055970883814875028e-01,1.200076484244753550e+00,-4.131863722145889817e-02,-1.913870826933117830e-01,-9.781511434815991224e-02
-5.433005864034021193e-02,1.500694923076862253e+00,7.969053542658149913e-01,4.164814017048945605e-02,1.686702562788430435e-02,7.842577706048537989e-01,6.188058541357794873e-01,-7.196652803323894121e-02,-4.585086659014254301e-02,1.684654136114320244e-01,9.325717127150530139e-01,-1.421029882469938554e-01,6.717731688364600440e-02,-2.301021749239396397e-01,-4.353118403309490236e-02,-3.650503191774637918e-02,3.321222461284952798e-01,-6.185050569272294851e-02,-4.670008853839879848e-02,-1.738760616662086700e-01,-2.654683418433530923e-02,4.764443714017919246e-02,-4.122051560471828163e-02,2.771979350690541577e-01,-4.757085040387485919e-01,1.183015098258268782e+00,1.159976212472753343e-01,-1.982688012858438154e-01,6.395344404060425425e-02,2.036150968579817505e-02,-3.768746130798905636e-01,4.094377230429308567e-01,1.167699308317397655e+00,-2.763612490005462607e-02,-1.924260176249746046e-01,-9.571234581056599355e-02
-5.544700890917445002e-02,1.517679796311481866e+00,8.018764253602805869e-01,4.280934910928413384e-02,1.856959102933472550e-02,7.775940792494242526e-01,6.270326768471335965e-01,-9.551828212844659660e-02,-4.559408297386047249e-02,1.970096810998049897e-01,8.490185756520849392e-01,-1.476330815499565241e-01,7.256688368667790767e-02,-1.928117857589237982e-01,-3.802839875107597023e-02,-3.063886630444359604e-02,3.004517188304366426e-01,-5.866673563874957864e-02,-4.577316688092557956e-02,-1.640582881820061567e-01,-2.948710393793822077e-02,4.320093346323430200e-02,2.157585318437585387e-03,2.758331220617161739e-01,-4.654111459758082936e-01,1.230025053107432598e+00,1.289991586958113279e-01,-1.907931134033636345e-01,5.926337137557294299e-02,2.962850728419281002e-02,-3.782633919007482026e-01,4.130991472385954211e-01,1.140784653996578690e+00,-1.559853118880119571e-02,-1.948635036188659519e-01,-9.543281547487618421e-02
-5.759226778139443087e-02,1.532124341553974034e+00,8.063576879864019498e-01,4.176714598095569025e-02,2.074131130403070178e-02,7.684886444062588584e-01,6.381618187737529979e-01,-1.075812365085213190e-01,-4.736000938136390032e-02,2.058594780914499711e-01,7.663380726338643312e-01,-1.409459314168092225e-01,7.111404658455633410e-02,-1.623244894836855523e-01,-3.034407536257701515e-02,-1.748646654693548561e-02,2.640682618447247609e-01,-4.947987166221250177e-02,-3.858454698891806978e-02,-1.514887665308153608e-01,-2.922339340391624796e-02,3.968714281332529070e-02,3.799176957654529230e-02,2.740113619094197150e-01,-4.547331784491739914e-01,1.263283022356765262e+00,1.390851105027044177e-01,-1.883618486692081873e-01,5.681580446627206016e-02,3.700631512378999705e-02,-3.832203284119996001e-01,4.179835840996670715e-01,1.108429300020194130e+00,-5.921958090330718336e-03,-1.945932673324967666e-01,-9.615554176996193858e-02
-6.090560691810693872e-02,1.544523274218737585e+00,8.097483949320907204e-01,4.027223845042960521e-02,2.252733393165172807e-02,7.581256451088579373e-01,6.504738059786884241e-01,-1.169193535921463495e-01,-5.329970523049749886e-02,2.028707133457164635e-01,6.976423313904686063e-01,-1.243221217011994395e-01,6.645903061961458413e-02,-1.383323944086090884e-01,-2.301968224147397934e-02,1.560050827915236693e-03,2.338216284416164137e-01,-4.081441545412375915e-02,-3.311556860271704095e-02,-1.396744212743387115e-01,-2.620110888071310040e-02,3.821298456242562536e-02,6.719579989102135442e-02,2.724184066817600947e-01,-4.504405523376918685e-01,1.279691202504886105e+00,1.400904635054397163e-01,-1.934044573430649394e-01,5.343733230412191226e-02,4.315955231591701163e-02,-3.886849905636945990e-01,4.211815956025933283e-01,1.082018885017407062e+00,2.229023501273960824e-03,-1.959976733610907240e-01,-9.851839170969853288e-02
-6.527352154259341566e-02,1.555006406670064845e+00,8.120938679905225221e-01,3.744127129653464225e-02,2.356437419872614569e-02,7.492690418308238787e-01,6.607864817217733444e-01,-1.228065459433602680e-01,-5.558514026885468667e-02,1.999953595970926923e-01,6.380926580637625856e-01,-1.070427917560030640e-01,6.245017506295585247e-02,-1.196773968384025888e-01,-1.657866931516494349e-02,2.008845684636997864e-02,2.085583016550767999e-01,-3.525488020062481076e-02,-2.212522652838208939e-02,-1.282425108193266106e-01,-2.288828277992151217e-02,3.680284132918938689e-02,8.719775797556630903e-02,2.738945042479410397e-01,-4.497536557080810127e-01,1.283705096520332489e+00,1.353379225376931394e-01,-2.012615526722650594e-01,4.903817211227825407e-02,4.911824755919252938e-02,-3.949741311857006831e-01,4.234655677804375906e-01,1.063308527629001299e+00,5.672397785351309188e-03,-1.994271613418293621e-01,-9.848647152502332247e-02
-7.081684533815327254e-02,1.563696616122721261e+00,8.135947379910338784e-01,3.619721659998052787e-02,2.386350053774438998e-02,7.392648811272373166e-01,6.720176563040808349e-01,-1.242132639960951274e-01,-5.949006853776806630e-02,1.846950354536525674e-01,5.942967789157851399e-01,-9.365311377285281957e-02,6.151884490270632944e-02,-1.062939535480184744e-01,-1.364168536910652547e-02,4.010256717160243928e-02,1.956676352680059017e-01,-3.304604406384732684e-02,-1.354120432740940974e-02,-1.149010768069742838e-01,-1.734886101477628451e-02,3.574168455006633549e-02,9.889106692442833912e-02,2.756712941929541638e-01,-4.540151588513168246e-01,1.279900886520905390e+00,1.310754299774994636e-01,-2.065920471044289108e-01,5.176081824756890298e-02,5.502621709675006856e-02,-4.016413475383423526e-01,4.228849249779408903e-01,1.057466668826646528e+00,5.427173359442156141e-03,-1.994027664357772289e-01,-1.029061041778954744e-01
-7.743791540026019604e-02,1.570659501166768557e+00,8.143657308013484419e-01,3.590261945668089816e-02,2.322996769044163856e-02,7.276042456333182695e-01,6.846630063422577406e-01,-1.236294310098999955e-01,-6.077538658330981086e-02,1.722793393042320875e-01,5.470976123395283608e-01,-8.710815325592054237e-02,6.273799026871415552e-02,-9.775582654319310560e-02,-1.255724894363181854e-02,5.988567935609646203e-02,1.924648711710204574e-01,-3.405759830020305134e-02,-3.298818748550077194e-03,-1.056484108208361195e-01,-1.051626063221500380e-02,3.616428762562982901e-02,1.055615382884253078e-01,2.768978545029233684e-01,-4.613365952877916953e-01,1.275889875477196123e+00,1.249190397247482154e-01,-2.102078360947357838e-01,5.604002950814914591e-02,5.436196601391010685e-02,-4.105878710364326278e-01,4.218700401432982083e-01,1.056844965179989160e+00,5.536801787616535409e-03,-2.002424262056294035e-01,-1.158422776031335089e-01
-8.509055371757423547e-02,1.576032847800212577e+00,8.148928816795761865e-01,3.556841557323985048e-02,2.209732651032068201e-02,7.159036157000109313e-01,6.969423283187464735e-01,-1.220217852793123864e-01,-6.256128045484782296e-02,1.535934869667543168e-01,5.120509097703968004e-01,-8.276862251264809067e-02,6.140040588118420017e-02,-9.461579943071139753e-02,-1.291136982602222177e-02,7.816835888834436363e-02,1.966586226530848691e-01,-3.481579521261925214e-02,5.273762137669405804e-03,-9.703391106916786635e-02,-3.356039750173377308e-03,3.801823707221543835e-02,1.060728975971506061e-01,2.758435101277231793e-01,-4.697780211730586686e-01,1.270591832565041601e+00,1.270831015911171036e-01,-2.126996034896283527e-01,5.580418320566227913e-02,4.876963064965543493e-02,-4.206427955949645359e-01,4.235945354796438744e-01,1.063841948390534142e+00,-5.866581979163269615e-03,-1.984397230106726695e-01,-1.249621033045221347e-01
-9.369852126024964811e-02,1.580007445209955064e+00,8.147182131714525433e-01,3.588314288051493162e-02,1.930068760165271763e-02,7.036528690424281862e-01,7.093747411654000024e-01,-1.244531693389346327e-01,-6.549609301268119466e-02,1.303219409190300437e-01,4.809073426672714202e-01,-7.671293269596930753e-02,5.728205468604276318e-02,-9.356647730409944907e-02,-1.220487360953135918e-02,1.007423085125977308e-01,2.069048219996203752e-01,-3.736548697294857918e-02,1.628943665944286232e-02,-9.091863028087122933e-02,5.605181898035329138e-03,4.127704785255559283e-02,1.057381684557748697e-01,2.769993807436472166e-01,-4.786665902570315101e-01,1.258489241150206217e+00,1.377205508086277175e-01,-2.149568663690338000e-01,5.687454262094982643e-02,3.981986355354382584e-02,-4.309049504688974852e-01,4.261263263855956107e-01,1.069736518308638473e+00,-2.790472936459831299e-02,-1.957072889743458333e-01,-1.364423191512859068e-01
-1.032816037399648668e-01,1.582823998710314983e+00,8.148036958225238768e-01,3.829529944230852107e-02,1.833718604270417538e-02,6.891824104527000117e-01,7.233428113773331392e-01,-1.377229864670657666e-01,-7.395391098902012739e-02,9.556619054042736483e-02,4.876229364402238642e-01,-7.333887634185384807e-02,5.260364427064625342e-02,-9.499973528580499260e-02,-1.822376395374929875e-02,1.276093044535001608e-01,2.166961200594198500e-01,-3.981663214223848946e-02,2.589846491768076076e-02,-8.015733061528362846e-02,9.562263811451447368e-03,4.981357687614128282e-02,9.778978893916809301e-02,2.774815034481108444e-01,-4.897093319327676109e-01,1.245106268449945430e+00,1.433018985600003070e-01,-2.188047250715769720e-01,5.899630279288626405e-02,3.087486198706802104e-02,-4.328438719405510726e-01,4.311854074937394588e-01,1.074889111612160608e+00,-4.340384956578102749e-02,-1.956561660396127778e-01,-1.408265617459917574e-01
-1.136959479928694450e-01,1.584630233975189206e+00,8.146925538150200374e-01,3.979017326090984047e-02,1.867264089202739716e-02,6.763521538661214638e-01,7.352658284964976865e-01,-1.544373607844746754e-01,-8.200740859003130545e-02,6.645315978777681376e-02,5.129284481221343395e-01,-8.185663231275219776e-02,4.910503207503050249e-02,-1.010502858677885529e-01,-2.775071982032525919e-02,1.496323578023850132e-01,2.248196520368475060e-01,-4.109661989295166490e-02,3.817543277673734331e-02,-7.109358202068868926e-02,1.178809530474348582e-02,5.716697826397271892e-02,8.226165445741241700e-02,2.811631279955351115e-01,-5.041144186313325504e-01,1.231267858667198345e+00,1.532373342485091883e-01,-2.229667144742364382e-01,6.299197145106562312e-02,2.615698678940252611e-02,-4.221580921603871883e-01,4.353039116653128482e-01,1.088462936018045113e+00,-5.799854527193221837e-02,-1.948564324100410805e-01,-1.410296040679121232e-01
-1.249285267672793076e-01,1.585717956496440761e+00,8.143006746973059373e-01,4.175094524732420737e-02,1.971933788663719767e-02,6.625662261354782201e-01,7.475787599101895164e-01,-1.710344736154870982e-01,-9.112475658379952381e-02,3.506417290784212548e-02,5.586672448435061611e-01,-9.487593352085117726e-02,4.515221340387487459e-02,-1.095677065690223717e-01,-3.942340145511558092e-02,1.742632548401797099e-01,2.314136965896684273e-01,-4.199164182427642805e-02,5.068184764646716661e-02,-6.485181945632556566e-02,9.521357498257767768e-03,6.376474089358863395e-02,6.491608325597475471e-02,2.836854053192698344e-01,-5.126868779090487660e-01,1.221123917916735468e+00,1.617878312241302075e-01,-2.258393880008041643e-01,6.608604096198680833e-02,2.352145731044021776e-02,-4.104516209738351962e-01,4.405190172918825864e-01,1.104919013669158234e+00,-7.606580009993742231e-02,-1.945891272442660802e-01,-1.395827635422338397e-01
-1.368039660042935646e-01,1.586168156354416325e+00,8.135844926283701817e-01,4.271011730613675367e-02,2.151936832998346122e-02,6.481073671719098650e-01,7.600457902546851052e-01,-1.947859002201743350e-01,-9.786330468488863010e-02,-4.538730605508911609e-04,6.283234375267646721e-01,-1.064408457722361701e-01,4.012254633480543536e-02,-1.234545671209162365e-01,-4.942577158557419359e-02,2.045309562488319965e-01,2.382098341858643609e-01,-4.250431258879813073e-02,6.360762949572516811e-02,-5.952014447039501166e-02,5.787614766651540815e-03,7.055744912397174384e-02,3.828694034571994420e-02,2.848961275652585612e-01,-5.208779953527563622e-01,1.214407914208195161e+00,1.647773528258593689e-01,-2.256465499551474907e-01,7.142912368206522089e-02,1.025918874603541642e-02,-4.018094204111294365e-01,4.400468363375931169e-01,1.128256333082521934e+00,-9.087834890434841328e-02,-1.921331919584469139e-01,-1.412056511132918635e-01
-1.492100219138398909e-01,1.586444702690141595e+00,8.123865620063978055e-01,4.539329910416721459e-02,2.186140694628225037e-02,6.350363866154764558e-01,7.708374114929339438e-01,-2.069585270263832877e-01,-1.033687806742476234e-01,-3.594991379879657750e-02,6.995739246702606939e-01,-1.143141029355633220e-01,3.073644830880001635e-02,-1.326646701477004475e-01,-6.005405574255257006e-02,2.398026204114771798e-01,2.450533871144598419e-01,-4.724821455930125480e-02,6.951923482608929339e-02,-5.894054966424450148e-02,9.931959195805598051e-06,7.403759114579376577e-02,1.911778176903163040e-02,2.892146010296161029e-01,-5.237172986062418323e-01,1.201591313830350671e+00,1.630837018113909798e-01,-2.261631729725010476e-01,7.193931341959561299e-02,3.788848508152718730e-03,-3.991742851689746296e-01,4.386575331422212787e-01,1.143949551008952348e+00,-1.077360532227115975e-01,-1.905340101642424844e-01,-1.358239881108450342e-01
-1.619361259933057573e-01,1.586425626921539545e+00,8.107176075169995055e-01,4.590655462658955327e-02,2.242886815425557123e-02,6.216944033374627310e-01,7.815917111731104372e-01,-2.046262633562961064e-01,-1.093836220518587948e-01,-7.276421437668359471e-02,7.590999873209607340e-01,-1.244124737109624929e-01,1.921203402527872292e-02,-1.444366915050578903e-01,-6.776083542730129694e-02,2.736887158978211776e-01,2.472221385287949325e-01,-5.146534451976436664e-02,8.434196836094449978e-02,-6.171304959666887302e-02,-4.986997083453501012e-03,7.397286201735173150e-02,8.983166651463023178e-04,2.937336795355596220e-01,-5.267807919244246184e-01,1.188378238023925171e+00,1.609799061686602584e-01,-2.246853508292297463e-01,6.849623603352261725e-02,-1.666395107058116914e-03,-3.983058131543982250e-01,4.352201804637955140e-01,1.157891261243870318e+00,-1.185009619590229740e-01,-1.869491426160441727e-01,-1.286569339678827195e-01
-1.748463040424291237e-01,1.586138868047111350e+00,8.089248547748919549e-01,4.638058861150223117e-02,2.325361236997644868e-02,6.093565597182956095e-01,7.911970005252048077e-01,-1.957342695123933107e-01,-1.158803043436469893e-01,-1.133297379390804382e-01,8.185030116384963694e-01,-1.288539290515892111e-01,-8.212537532622920383e-04,-1.568565814496059585e-01,-7.555180669341803046e-02,3.097438589830799893e-01,2.485296145105198029e-01,-5.520365417702752242e-02,9.765276791172627924e-02,-6.674682073941021199e-02,-9.828458293097596526e-03,7.294473383394578514e-02,-1.944101552749915446e-02,2.983850524984853481e-01,-5.281080599483668481e-01,1.170814213150980887e+00,1.530433387233208209e-01,-2.266413711530317621e-01,6.596184069098152969e-02,-5.259998297235342346e-03,-3.987304384868540219e-01,4.301641819750360307e-01,1.167777673203128419e+00,-1.223374570141306517e-01,-1.852906927101702073e-01,-1.213935109481742297e-01
-1.878756589753783901e-01,1.585630656501070046e+00,8.066229354267451246e-01,4.788542809800753336e-02,2.162472100003583197e-02,5.966666846316222017e-01,8.007672724757485261e-01,-1.730915476440153533e-01,-1.230699790570963792e-01,-1.574389305720762799e-01,8.489987695563185888e-01,-1.251426912008103132e-01,-2.209373696634219647e-02,-1.666594250499206786e-01,-8.054662838608267483e-02,3.465134092305758862e-01,2.537583832567796849e-01,-5.710013108479133209e-02,1.100819082671444932e-01,-7.532313260702838686e-02,-1.349390960160688248e-02,6.891855845676400638e-02,-3.202878432592425745e-02,3.025755703445825451e-01,-5.353389862065607296e-01,1.154528522939086477e+00,1.456188429629786119e-01,-2.309194154787824749e-01,6.221205747211865783e-02,-5.441544347802432235e-03,-4.027707461671674594e-01,4.321110499528612592e-01,1.167787105042293661e+00,-1.266696203925321007e-01,-1.843525062875295828e-01,-1.190868004656870371e-01
-2.009453507019657859e-01,1.584314391523502286e+00,8.036824811715347350e-01,4.695581816348818466e-02,1.848456954145976175e-02,5.861133776557997388e-01,8.086560334050407750e-01,-1.432149952629995782e-01,-1.268389002410124089e-01,-2.021855313079839733e-01,8.703755319109991451e-01,-1.208976949219032898e-01,-4.409131496362525549e-02,-1.783481239111581462e-01,-8.017277390351729149e-02,3.750192452244309749e-01,2.602618114772821123e-01,-5.751997476762206463e-02,1.241109512965533485e-01,-8.413065937560140761e-02,-1.256286588736084918e-02,6.674164479060910871e-02,-5.054650773037177441e-02,3.080655495387532583e-01,-5.455482617717123395e-01,1.131037625944785630e+00,1.465662103737792321e-01,-2.350490928137095870e-01,6.030497908286185788e-02,-7.587472563818933868e-03,-4.074052365507674356e-01,4.294119491275119604e-01,1.165857793032632594e+00,-1.302359598297643251e-01,-1.828232780463314722e-01,-1.174141579441358579e-01
-2.142254002962323545e-01,1.582188328165300195e+00,8.006903531302352883e-01,4.434019896736068889e-02,1.530134276327491105e-02,5.744184252525876833e-01,8.172167939999234187e-01,-1.018915660414403540e-01,-1.332031272150107359e-01,-2.555202530408041683e-01,8.684974145270958346e-01,-1.191158114036597326e-01,-6.993077241573844582e-02,-1.937054760786899310e-01,-7.374026041495859718e-02,4.089394605123412574e-01,2.662287301312823984e-01,-5.249905282422043240e-02,1.381721147321872123e-01,-9.479345523516682914e-02,-9.591615013359843997e-03,6.512206487676772126e-02,-7.347621934323531057e-02,3.124645358193713918e-01,-5.559580355678590546e-01,1.103950087711711658e+00,1.465873744091406583e-01,-2.401642700564138588e-01,5.889453925356667729e-02,-1.202831627667009726e-02,-4.128912019147873425e-01,4.238332944605153751e-01,1.163650380921551708e+00,-1.261369189613237574e-01,-1.826291699628193321e-01,-1.169937607894035170e-01
-2.277908329921898845e-01,1.579037592314283200e+00,7.970904833001583034e-01,3.947811127956156463e-02,1.118765553391937520e-02,5.642852540312875975e-01,8.245595595081646190e-01,-4.868085505214809344e-02,-1.331743349499713847e-01,-3.118516075218658035e-01,8.284356331839752841e-01,-1.145934222147667048e-01,-9.397786494089799270e-02,-2.106341751838840259e-01,-6.363432325975224013e-02,4.344239172942008786e-01,2.698776588972727764e-01,-4.395448606914138800e-02,1.533374613827979960e-01,-1.077533265384146705e-01,-2.021232212643037270e-03,6.151062795176845399e-02,-9.227907304719067116e-02,3.138078473080666564e-01,-5.675357373925845605e-01,1.080759250522732362e+00,1.482956170440782317e-01,-2.422945134287212976e-01,5.806264922176231080e-02,-1.938574795565446013e-02,-4.216070014748108941e-01,4.216051814887363247e-01,1.155431559967580624e+00,-1.230234472080710961e-01,-1.846491663490484880e-01,-1.140914652354916015e-01
-2.417949748657720610e-01,1.574761687238875441e+00,7.939867263774561534e-01,3.637942260125262561e-02,7.805140011538811914e-03,5.533993231707104998e-01,8.320846149970564376e-01,5.033646129907193636e-03,-1.241851059370486093e-01,-3.614607149708989331e-01,7.577189704645611590e-01,-1.202281017076246017e-01,-1.059629128890868383e-01,-2.273672819652541865e-01,-5.973547200019276027e-02,4.513055414201709303e-01,2.683110599271346097e-01,-3.000041600104749739e-02,1.649024928108220323e-01,-1.214941672171794412e-01,7.273916613059981315e-03,6.284774459494599230e-02,-1.135384145315565529e-01,3.150134113653426104e-01,-5.802693316183726857e-01,1.055928733024228183e+00,1.530833443915040337e-01,-2.416032452934999963e-01,5.827590424344114561e-02,-2.634155284132786226e-02,-4.284004538548162322e-01,4.167440714669868873e-01,1.142460181737878999e+00,-1.155026055101357613e-01,-1.851923173077395235e-01,-1.159505040558160699e-01
-2.563181408361772107e-01,1.569301512798168208e+00,7.897334273292186957e-01,3.094392083715058472e-02,4.399227916018442000e-03,5.428025679442634033e-01,8.392785549447099314e-01,5.475958418307928788e-02,-1.185002063028647440e-01,-4.049192917020519866e-01,6.705859518636442251e-01,-1.472861869738341933e-01,-1.069091981517794054e-01,-2.447166651373560153e-01,-5.149082429668565275e-02,4.737248801448371571e-01,2.570618928054136387e-01,-1.156411547696567510e-02,1.893995479418632555e-01,-1.389023450758111455e-01,1.848088408900943475e-02,6.704462826451959567e-02,-1.457319980695525041e-01,3.119089670923329005e-01,-5.950930183375721105e-01,1.027018299214805142e+00,1.633663385304657822e-01,-2.480477924471304330e-01,6.948792964255222360e-02,-4.008045756415230809e-02,-4.370348471052448169e-01,4.113049158835275776e-01,1.129166147370835427e+00,-1.094549043936627053e-01,-1.871693314716997847e-01,-1.276508469495278020e-01
-2.715274083244605396e-01,1.562790052417764697e+00,7.854430219062774610e-01,2.557966694262907639e-02,1.054523768339231350e-03,5.344918044316157024e-01,8.447858187814010211e-01,9.426390133559703344e-02,-1.097164568820971908e-01,-4.314100550580415305e-01,5.824118604173377234e-01,-1.889211792897506070e-01,-9.358274253760517913e-02,-2.609022347388159080e-01,-4.802912456602011215e-02,4.859759211689762548e-01,2.399571662046810772e-01,1.248646018252935752e-02,2.121505207257587122e-01,-1.608006980632369076e-01,2.994944079440339454e-02,7.746082789340461017e-02,-1.830426991569108763e-01,3.049100095580715153e-01,-6.136927231321993581e-01,1.000613586210261419e+00,1.832699014811371985e-01,-2.507143580387924398e-01,8.035824584386073999e-02,-5.942374859700856604e-02,-4.443032960739015658e-01,4.048345394043449397e-01,1.116061135751845734e+00,-1.026178508896567476e-01,-1.852010182442160591e-01,-1.373249306730809083e-01
-2.873763300403643917e-01,1.555386219064202047e+00,7.811641337841761512e-01,2.321428661600773158e-02,-1.092034452851093403e-03,5.257839891712074998e-01,8.503005945481136862e-01,1.215275187061547468e-01,-1.046890043074909377e-01,-4.333153134395320016e-01,5.026725543947014874e-01,-2.428837358407029134e-01,-6.819882873253695077e-02,-2.746474155949827356e-01,-5.336835091824883304e-02,4.977362469177094573e-01,2.124105197660042799e-01,4.442974615235144309e-02,2.304719841971553107e-01,-1.846222582214139540e-01,3.774110629001636852e-02,9.244507186219505512e-02,-2.280296685603944162e-01,2.959456339494256349e-01,-6.359568840020258795e-01,9.726699417879391962e-01,2.028940923733609236e-01,-2.543543203770375349e-01,8.990434095394707337e-02,-8.195972729674233515e-02,-4.517516377823385665e-01,3.968177033458445413e-01,1.097841998119024831e+00,-9.055503171828944986e-02,-1.838214480449261168e-01,-1.513689027377328467e-01
-3.038564130690188936e-01,1.547506492056188732e+00,7.754933329090263339e-01,2.338014999021506210e-02,-2.473097092104005468e-03,5.150735394035239612e-01,8.568234948830096842e-01,1.340176028565654709e-01,-1.034446354661801709e-01,-4.030385779353253262e-01,4.400259560313748430e-01,-3.035356614504970962e-01,-2.756137662157331220e-02,-2.917321589936153758e-01,-6.758158484430279445e-02,4.831775744781162119e-01,1.801013126619654958e-01,7.948132719811876190e-02,2.325241300748164819e-01,-2.110185364849144762e-01,4.091534296872037513e-02,1.112656216117393904e-01,-2.807066894797881074e-01,2.851988676707460924e-01,-6.731674810462303649e-01,9.513308032635577893e-01,2.309833787728426402e-01,-2.542550926305226500e-01,9.597881028927104929e-02,-1.062464768237669221e-01,-4.578420191295711206e-01,3.894427756785435735e-01,1.076862139156600007e+00,-7.428802739149031886e-02,-1.812856656231855434e-01,-1.671080752460116225e-01
-3.209165693618225013e-01,1.539238237063615511e+00,7.743273812858281202e-01,2.434396324576263912e-02,-2.304604009662818750e-03,5.018889511787183455e-01,8.645863409391648657e-01,1.434214574503922257e-01,-1.013444942954515038e-01,-3.373802088729515591e-01,3.800444197764683563e-01,-3.476754913124337487e-01,1.376372130164034077e-02,-3.165184705101009022e-01,-9.026554377872535173e-02,4.134373339999622976e-01,1.404482999000131183e-01,1.338901809325117598e-01,2.105195684650474908e-01,-2.328223905646776004e-01,3.894170204179044775e-02,1.298879793535382687e-01,-3.312120461201137345e-01,2.638937784623801575e-01,-6.929979528922642906e-01,9.305660759699883045e-01,2.435443118547651054e-01,-2.542526432521993729e-01,1.045497194002271840e-01,-1.333012985700418040e-01,-4.594747002408001157e-01,3.809851741970862737e-01,1.053039687209183839e+00,-5.307909014462382224e-02,-1.824077901202631746e-01,-1.868332522244489924e-01
-3.379592959997393398e-01,1.530418938181674848e+00,7.764134507542047592e-01,2.259391940355976597e-02,-5.839691252247276171e-03,4.847660645511259192e-01,8.743324742177186470e-01,1.457430656977603267e-01,-9.476201620904753375e-02,-2.765289126506720874e-01,3.341941217677448783e-01,-3.497593435159956354e-01,3.603283186366279534e-02,-3.422464318754916968e-01,-1.069022591722905702e-01,3.417754893127598614e-01,1.167321384520182553e-01,1.295938245663583732e-01,1.847267878111246986e-01,-2.508049997462616920e-01,4.159988251148439425e-02,1.510584582493199324e-01,-3.846454919125634753e-01,2.453982505556033811e-01,-7.073661544066923712e-01,9.134308860669961838e-01,2.460165776986968644e-01,-2.535193407068500049e-01,1.148557399699531578e-01,-1.614136182660741992e-01,-4.641256327259368208e-01,3.834080767636285914e-01,1.027707961294991312e+00,-4.151138940396870147e-02,-1.856166526624903335e-01,-2.065177381966203651e-01
-3.545781047256026941e-01,1.521254851217970883e+00,7.791109623417076246e-01,2.039540064617345605e-02,-6.550492200302399440e-03,4.664161947707110012e-01,8.843059719011436837e-01,1.454416866298300359e-01,-9.036035409695804266e-02,-2.159237433804213346e-01,2.870162996398879507e-01,-3.445537031980728804e-01,5.024158331352469864e-02,-3.567944119309734985e-01,-1.211529371352401130e-01,2.510794214779110689e-01,1.046883251063281672e-01,1.208639365526298082e-01,1.670080282847440645e-01,-2.650751221635234134e-01,4.335262444908073720e-02,1.651215534006591767e-01,-4.380995589863856954e-01,2.271827523544066862e-01,-7.238362730116042476e-01,8.983838800086511034e-01,2.596098597566367516e-01,-2.504558732582755076e-01,1.170084415097617098e-01,-1.854564826336421723e-01,-4.718532285351994537e-01,3.861819125816555176e-01,1.006478899091987511e+00,-4.095393319679781208e-02,-1.873403580731693996e-01,-2.168782159599387804e-01
-3.703333338422061805e-01,1.511932165397697592e+00,7.817218323541128555e-01,1.946379844679174340e-02,-7.152494646507937155e-03,4.489693387839548411e-01,8.933065180565140651e-01,1.371121735401985842e-01,-8.815061854299059696e-02,-1.515239164017748164e-01,2.567752769093797349e-01,-3.294009761428579042e-01,5.967506072620824831e-02,-3.599411779168590897e-01,-1.362697939739931918e-01,1.372592076875199241e-01,1.138143486248750502e-01,9.627612474351389393e-02,1.519687284012943562e-01,-2.682516224950953765e-01,4.308997549459488152e-02,1.715576174471801496e-01,-4.764205686837292286e-01,2.181796822190104901e-01,-7.386870768561065725e-01,8.684619388352263769e-01,2.721115990226186110e-01,-2.592354901897929165e-01,1.221100730681910079e-01,-1.978411593486233966e-01,-4.849224375838815937e-01,3.895409172769798700e-01,9.742566062124551340e-01,-4.643035029621284115e-02,-1.999311529574839541e-01,-2.302794769816792486e-01
-3.847650836452947143e-01,1.502931506933702810e+00,7.849293580374283597e-01,1.756015198728300142e-02,-7.809142042668301004e-03,4.348426065915589334e-01,9.003013750158331829e-01,1.273218041549551427e-01,-8.445986981416044037e-02,-1.021621742239507552e-01,2.297269771054088472e-01,-3.080856977914393502e-01,6.793062090069336423e-02,-3.519992363935528501e-01,-1.408423590686249671e-01,5.277428585838023906e-02,1.377908177903448550e-01,7.938243802344953359e-02,1.305062478254170877e-01,-2.762756654918983035e-01,4.592617986338897590e-02,1.698767283466774414e-01,-5.223832703583353165e-01,2.070746182004894187e-01,-7.675594159600723776e-01,8.465598465155980135e-01,2.884874739131353949e-01,-2.582763756447348236e-01,1.230960191757228955e-01,-2.023568357002482054e-01,-5.056773937050842438e-01,3.996556080737166949e-01,9.406045031451393257e-01,-5.646114977500930193e-02,-2.079728549163853135e-01,-2.418857351363412900e-01
-3.979560755796810456e-01,1.494273046596755083e+00,7.879600708897023242e-01,1.154614292480905628e-02,-6.856131892686812175e-03,4.187965576907282661e-01,9.079807945686000359e-01,1.150008196679590394e-01,-7.173839663811031053e-02,-5.060897162863157994e-02,1.990356731196209483e-01,-2.959146958691895590e-01,7.351034857499658126e-02,-3.368167657008468430e-01,-1.369647394775739546e-01,-2.858438165807779263e-02,1.844327453395688821e-01,4.385911692034276388e-02,1.078901534770743270e-01,-2.781493233842486368e-01,5.250264642952404137e-02,1.637722539967321755e-01,-5.538731611200168325e-01,2.038025750926767410e-01,-7.895087117770739349e-01,8.172166668553229041e-01,2.940998263314023031e-01,-2.598818157550492614e-01,1.140568710551966569e-01,-1.996940849096622006e-01,-5.268775350030101556e-01,4.031370392344639786e-01,9.084391575387176232e-01,-5.537302945050228548e-02,-2.176782302420388893e-01,-2.388535765851931281e-01
-4.095987834248401849e-01,1.486304412768204353e+00,7.907650924243196933e-01,3.467230542064675663e-03,-6.294932677099122909e-03,4.018632165710377402e-01,9.156715062194179522e-01,1.067255792638273915e-01,-5.285703120040029929e-02,8.830832042353436995e-04,1.641131323808887044e-01,-2.866113374224434907e-01,7.828793758659441382e-02,-3.166233535253522580e-01,-1.209949386524586112e-01,-8.449527773782070095e-02,2.550536519430047777e-01,3.169604684357452129e-03,8.718191338511412092e-02,-2.764326611293808633e-01,6.200915697804220555e-02,1.580117002130594916e-01,-5.927692952470290377e-01,2.074070045881200863e-01,-8.177262480092097885e-01,7.836709592534593094e-01,2.890068336940372906e-01,-2.581971775476737396e-01,9.157476244671562682e-02,-1.978594103074838850e-01,-5.588168109875091272e-01,4.052963364194953622e-01,8.802480974272856029e-01,-4.746734759780895513e-02,-2.218842580392826336e-01,-2.320604100940009407e-01
-4.192024246403948107e-01,1.479505138273944809e+00,7.936597251978275702e-01,-6.304684759536785532e-03,-7.322125447970943835e-03,3.870293624303069446e-01,9.220167623453472405e-01,1.004994438345767765e-01,-2.926958168979216374e-02,3.813477544745246667e-02,1.352042290690266269e-01,-2.801156934519444253e-01,7.401196656942465868e-02,-2.846447942966153777e-01,-9.811872029725196565e-02,-1.301696436241545629e-01,3.424820812190872976e-01,-5.317944244519216129e-02,7.238876374853885076e-02,-2.761621663810604477e-01,8.262952099138751172e-02,1.411762280684776272e-01,-6.222115968909790462e-01,2.192171266280916186e-01,-8.555529132358530298e-01,7.310019775918294993e-01,2.678606900112320277e-01,-2.672215286279182034e-01,6.354523546126769618e-02,-1.782194137746108964e-01,-6.128705880403274575e-01,4.140017811944213810e-01,8.513917509230233271e-01,-5.501767958999709968e-02,-2.273035429748054559e-01,-2.151029660634574958e-01
-4.261952861320810748e-01,1.474065708789831453e+00,7.955755341302961359e-01,-1.369668662063761380e-02,-1.033352527556666983e-02,3.796168046255650186e-01,9.249847029420917854e-01,9.775747860737679651e-02,-9.176201028295537937e-03,6.030180974234032598e-02,1.181147086341003266e-01,-2.772535849684188425e-01,6.836753852544499854e-02,-2.489463465747991655e-01,-8.033390303928972243e-02,-1.513692093856376375e-01,4.149830585411100614e-01,-9.382263472627892786e-02,6.399397010538949992e-02,-2.764554279840680806e-01,9.625960097329991361e-02,1.248537945767390911e-01,-6.542070330651309495e-01,2.362816074928337784e-01,-8.924949298767611561e-01,6.726814526949996820e-01,2.512636646073678759e-01,-2.786715157533085074e-01,2.805824240030137945e-02,-1.486465136319488067e-01,-6.653012795259729550e-01,4.069209283589855786e-01,8.291030369510387077e-01,-6.512392412082877724e-02,-2.299164087337075835e-01,-1.889916250615920057e-01
-4.307922100413890121e-01,1.469901382218467667e+00,7.967746656555160234e-01,-1.743899203622917282e-02,-1.325552851037337457e-02,3.743351784776324798e-01,9.270347062946400207e-01,9.982031931334313379e-02,2.814890966523250770e-03,7.362073681060293806e-02,1.036022649041908050e-01,-2.719161975648551888e-01,6.573265676361614296e-02,-2.057679776311900910e-01,-6.238610347903811304e-02,-1.585926320993549243e-01,4.526232796141914094e-01,-1.139672843003973618e-01,6.687660664692296475e-02,-2.791437855010539537e-01,1.051121945315738326e-01,1.074769656948008634e-01,-6.798402429445737916e-01,2.466956400101430469e-01,-9.191488948744567233e-01,6.286698103963319628e-01,2.460340878757813765e-01,-2.896461599299784972e-01,8.300730914430827154e-03,-1.246907717133381582e-01,-7.122949436954618685e-01,3.889742946587066985e-01,8.253129856820475840e-01,-7.040844543691252011e-02,-2.377728817505987968e-01,-1.762774271785290670e-01
-4.331560237891833309e-01,1.466943577314778535e+00,7.968170504567402279e-01,-1.915779652519340390e-02,-1.174691639963880430e-02,3.710850635936470687e-01,9.283269167513658049e-01,9.549405939077318384e-02,6.201159625395868263e-03,7.815364696574966796e-02,9.303775324584073747e-02,-2.696498898924598042e-01,5.865423584955131026e-02,-1.562059669100145098e-01,-4.593351847078350897e-02,-1.567514346203471853e-01,4.409242645838346575e-01,-1.142513780724061789e-01,7.767466977817177876e-02,-2.858709086390585630e-01,1.042593871052220345e-01,8.264543249943973047e-02,-7.055376007427096585e-01,2.638705210700877934e-01,-9.536408212693705533e-01,5.859701444900924372e-01,2.452609591440723935e-01,-3.023537448565746799e-01,-1.074242595003499848e-02,-8.679688022663890890e-02,-7.598482056446447253e-01,3.642389819815660124e-01,8.277575228510603012e-01,-6.788847184540373891e-02,-2.396332216453996300e-01,-1.713566864519778798e-01
-4.342082989673721749e-01,1.464742083261332928e+00,7.960471678115677019e-01,-1.924292292499793847e-02,-6.851866469711660051e-03,3.667300546933198180e-01,9.301031280604414864e-01,9.009615942831405988e-02,3.524306611937196715e-03,8.484772302649071229e-02,7.821536668422558736e-02,-2.689953654039878295e-01,5.186196372017096157e-02,-1.088964074620707434e-01,-3.248431016694926926e-02,-1.448200175621806307e-01,4.087768764654631792e-01,-1.091693699102816301e-01,9.244602536551865812e-02,-2.876639031819692160e-01,1.019673390067051127e-01,5.688464363956392822e-02,-7.329945962622372857e-01,2.872266296707441935e-01,-9.923257925984331207e-01,5.450805518955459394e-01,2.392471350820296327e-01,-3.121301971669440678e-01,-3.540346021392906661e-02,-4.199835146732837365e-02,-8.113840067669496614e-01,3.300283173931214953e-01,8.430152321400470328e-01,-6.417363739323410365e-02,-2.370929754623875563e-01,-1.542776867867004797e-01
-4.340188459279439859e-01,1.463206891566334988e+00,7.949790045421576412e-01,-1.768301625465563964e-02,-1.216985905674195650e-03,3.647015557209918324e-01,9.309557482158488106e-01,8.497852338023327567e-02,-3.401499765535810627e-03,8.642644376010841234e-02,6.509003010724706551e-02,-2.650694960383775389e-01,4.330389060672824170e-02,-6.666214983218221590e-02,-2.087733351440886065e-02,-1.215742781711353498e-01,3.443686712509176906e-01,-1.051742355443613663e-01,1.075736313509287057e-01,-2.914784218361121670e-01,9.837435350490569830e-02,3.394147038745639472e-02,-7.534409259601786424e-01,3.072280459592305890e-01,-1.029601750066634347e+00,5.010777424939448776e-01,2.378945247033017185e-01,-3.180595369310884601e-01,-4.853640597459819850e-02,-1.179304347979567846e-04,-8.539267746306703488e-01,2.924271659050962091e-01,8.461985986968791895e-01,-5.574303643559323784e-02,-2.345191831185672315e-01,-1.388173386936913112e-01
-4.330881209831703993e-01,1.462100983272820010e+00,7.938859134100443304e-01,-1.569251819749151872e-02,2.431501226068826828e-03,3.642130873569824900e-01,9.311802509032844899e-01,8.308755277468979350e-02,-9.045308543412532154e-03,8.740080932725760587e-02,5.659412100243716576e-02,-2.637617217428750993e-01,3.701144105208216406e-02,-3.423188156824390205e-02,-1.775695670436463688e-02,-1.057761222477056479e-01,2.873612458484450793e-01,-1.066680727765574044e-01,1.191943992087303172e-01,-2.913096590596515045e-01,9.443656746375303501e-02,1.403213581702443535e-02,-7.693657573071319700e-01,3.264390561935420765e-01,-1.063349706286179197e+00,4.606094522746214670e-01,2.407907853971498480e-01,-3.239514214662496117e-01,-5.068135753775849378e-02,4.802882790731924367e-02,-8.869554440997885481e-01,2.553399451786385610e-01,8.539446322160993974e-01,-5.221928071509158303e-02,-2.287073811100900356e-01,-1.294573353047435982e-01
-4.317982593764390642e-01,1.461377203985568585e+00,7.931785790823057125e-01,-1.481697756687353450e-02,2.918910745070110030e-03,3.629303619669567715e-01,9.316938818616224971e-01,8.706228557211580232e-02,-8.500454605109994399e-03,9.637143114004600997e-02,5.089114206932354723e-02,-2.666811800725730208e-01,3.140222323177099817e-02,-1.628011917076285439e-02,-1.419290250022311149e-02,-1.001089599164421140e-01,2.526722786604914117e-01,-1.121734028786542520e-01,1.203436889927889386e-01,-2.961985436398703042e-01,9.307354372710438528e-02,-1.693599586965327530e-05,-7.766942811340421526e-01,3.443810854604686389e-01,-1.093116969265253147e+00,4.252584184635195275e-01,2.266611069155094194e-01,-3.250233007309777378e-01,-5.825792526236171082e-02,9.247013497799300152e-02,-9.126733566643401296e-01,2.228821990355728810e-01,8.592539381493169426e-01,-5.399025536585850410e-02,-2.210689987739474227e-01,-1.171441152057404733e-01
-4.304826521143699236e-01,1.460735024755055456e+00,7.931430030868902303e-01,-1.468269102581086505e-02,3.029492292562465522e-03,3.618177258051070155e-01,9.321283034292598968e-01,9.113978368822844844e-02,-5.960115486822086320e-03,1.049909461551478407e-01,4.491086515611613511e-02,-2.635670780692636606e-01,2.281988832204287845e-02,-6.604789284866342119e-03,-1.081570255771006732e-02,-9.775451178983407541e-02,2.332319804195974733e-01,-1.111189017352789687e-01,1.211988556545033485e-01,-3.014761096721022549e-01,9.445606918305345101e-02,-1.050820983915409790e-02,-7.740397514100441079e-01,3.584896870063812857e-01,-1.106485269784334369e+00,4.028355277433740556e-01,2.118551796532514575e-01,-3.215966428889941997e-01,-6.555016896829581052e-02,1.302377178510470690e-01,-9.297699715768114048e-01,1.966774499916260355e-01,8.635734944391676438e-01,-6.107238325005805851e-02,-2.155725245367489662e-01,-1.032652233716145479e-01
-4.294244910794750569e-01,1.460065154540691079e+00,7.935135491288431986e-01,-1.513409106160070600e-02,1.821252765911812472e-03,3.620400002513430859e-01,9.320379179755026167e-01,9.758735365811448126e-02,-1.496934616149131828e-03,1.119363787028331281e-01,3.706789829769996381e-02,-2.583817606765013153e-01,1.400278979160007702e-02,-1.687894345755879336e-03,-7.013176591042372468e-03,-9.929734076486582128e-02,2.271330089816000486e-01,-1.018794148352860363e-01,1.222165979111225070e-01,-3.080263247959839634e-01,9.715301729525446794e-02,-1.777072939445933225e-02,-7.721799031079565889e-01,3.688201668177308878e-01,-1.120391566972697373e+00,3.834145075952898329e-01,2.014258145405173894e-01,-3.173459830425591210e-01,-7.290974646896282441e-02,1.628856721151488163e-01,-9.403271370315465782e-01,1.768539871151140475e-01,8.717651747615769997e-01,-6.540355123521700287e-02,-2.091821177534408938e-01,-9.828992892754431776e-02
-4.286442213652306710e-01,1.459250064777395384e+00,7.938759691934162976e-01,-1.554676195431198456e-02,1.925886651212140119e-04,3.671865848916656683e-01,9.300173509015506879e-01,1.021289684276027038e-01,2.191572595029819825e-03,1.106280783152384928e-01,3.129925069485075401e-02,-2.537193253938254678e-01,6.508033651337586170e-03,3.204436727520423855e-03,-4.538219184138951069e-03,-1.064855634288779385e-01,2.259032305294747522e-01,-9.451046044399269430e-02,1.207722482798523206e-01,-3.149117529638518764e-01,1.019883217991527646e-01,-2.186850821487891505e-02,-7.688137858785565326e-01,3.705178231001393652e-01,-1.134236429526620293e+00,3.741871191257106766e-01,1.887408283278175780e-01,-3.122424312728562801e-01,-8.400816415673215132e-02,1.909984995869130897e-01,-9.430505994887857790e-01,1.570282692361601173e-01,8.708716606469795174e-01,-6.725617207680650855e-02,-2.070968808397604943e-01,-9.054466757158156909e-02
-4.282791029402381877e-01,1.458443302814266485e+00,7.940980544710454225e-01,-1.578249908347728603e-02,-1.423139625419291357e-03,3.675251291940845322e-01,9.298785763782055902e-01,1.066667424072734877e-01,5.982648178846675449e-03,1.169823796684764106e-01,2.792954509150060577e-02,-2.516781746251828267e-01,1.357837080461219478e-03,5.626031110886334924e-03,-2.589404671890465151e-03,-1.125973684197197344e-01,2.261590972558973900e-01,-8.790724512779672650e-02,1.256061751364972445e-01,-3.181900817149214689e-01,1.004442306306583127e-01,-2.651286474570504342e-02,-7.684267389246025592e-01,3.775559107213137255e-01,-1.143985951782620969e+00,3.614380170847150131e-01,1.800838390303321768e-01,-3.112276826707413013e-01,-8.732846499808316620e-02,2.186018691132951830e-01,-9.508127154677223913e-01,1.390996042813952005e-01,8.647075441512319660e-01,-7.461768479849936742e-02,-2.040714471133939778e-01,-9.238049619149858727e-02
-4.281582779398390715e-01,1.457628636748371953e+00,7.944024972984913280e-01,-1.667247806954076650e-02,-2.926696830005712929e-03,3.685120510007597883e-01,9.294688435810528615e-01,1.107608978235075231e-01,1.069455067146657043e-02,1.228197706497079766e-01,2.271827855063288104e-02,-2.494519050312084818e-01,-4.401880257988185878e-03,6.022073303544799722e-03,7.027504094087233186e-04,-1.166322046337380236e-01,2.282090241823717114e-01,-7.942020234436436565e-02,1.270971624027596447e-01,-3.233825989997415884e-01,9.834869086663294846e-02,-3.027152110249539674e-02,-7.640639081437089475e-01,3.836194485862810533e-01,-1.150623410310970041e+00,3.496503249721685247e-01,1.692032517589199536e-01,-3.098729020276732027e-01,-9.126649240766732119e-02,2.427702375008623237e-01,-9.493754672772188874e-01,1.238588378408299884e-01,8.646478025922916810e-01,-7.533340433004391545e-02,-1.991106645107592610e-01,-9.431320181980618056e-02
-4.282299833435398995e-01,1.456784751715555881e+00,7.943689214869014137e-01,-1.670093897265539223e-02,-4.103527127409255931e-03,3.705905119929698843e-01,9.286371261818768819e-01,1.142019103591561946e-01,1.218922379118643137e-02,1.208596160248071871e-01,1.760362061223366692e-02,-2.484434432947889571e-01,-8.423546968904370436e-03,7.995223642888363291e-03,1.451928001731848071e-03,-1.221052484859688481e-01,2.284060078782259862e-01,-7.790897662154575021e-02,1.266089671436846920e-01,-3.250046185064339177e-01,9.899769586077969419e-02,-3.307851751025263354e-02,-7.640325990329198680e-01,3.902816057436061525e-01,-1.159412868853905820e+00,3.388092063473387983e-01,1.630590082455882772e-01,-3.087395530215789052e-01,-8.947396659845033295e-02,2.631178943061773801e-01,-9.496722861813805538e-01,1.124134290020456090e-01,8.555702655090478004e-01,-7.262683102855495287e-02,-1.981621331478766457e-01,-9.150848608340698964e-02
-4.284262882099590941e-01,1.455983445192462700e+00,7.945609912631369509e-01,-1.688645525601037770e-02,-5.716211030439862992e-03,3.714227130650458175e-01,9.282927021041063043e-01,1.175830426311351706e-01,1.481323430424316343e-02,1.230015621189478880e-01,1.481572018204689589e-02,-2.474121603321674523e-01,-1.040593859802572962e-02,9.268703839088236057e-03,2.900482773621241954e-03,-1.263153675797570319e-01,2.301451220989704782e-01,-7.256001716464854923e-02,1.302270293575452653e-01,-3.261184318973426866e-01,9.675944438748790288e-02,-3.672591865919844212e-02,-7.619561198276928460e-01,3.962719276577540972e-01,-1.164868686772343231e+00,3.265442512725175717e-01,1.616175755726992069e-01,-3.094850408674762465e-01,-8.535362953651173812e-02,2.800859596730105872e-01,-9.467204093400517495e-01,1.022985303848818056e-01,8.452211280534827065e-01,-6.600491827758452057e-02,-1.974115604780936339e-01,-9.576914926272935003e-02
-4.287229595782948155e-01,1.455201941599157944e+00,7.944929461676110138e-01,-1.684289597205405539e-02,-6.827569790206012082e-03,3.713038298196121301e-01,9.283335430260629684e-01,1.206978756622967275e-01,1.618909481810813095e-02,1.239163434761786642e-01,1.115161093268657311e-02,-2.474359071252140163e-01,-1.418601389525957560e-02,1.015544796174835777e-02,3.926581679473390915e-03,-1.279511879017291853e-01,2.304974156640499650e-01,-7.102495169041686540e-02,1.316268196518222688e-01,-3.258544633256345580e-01,9.441873862151645147e-02,-4.018076101388620008e-02,-7.589831376927087536e-01,4.019922628507465734e-01,-1.168957593931420291e+00,3.173657051859583578e-01,1.559688232373689087e-01,-3.109960107598456203e-01,-8.779250367654649334e-02,2.944342457634270271e-01,-9.443538518542966553e-01,9.468060575300354942e-02,8.351787538977191172e-01,-5.743215543200439616e-02,-1.980461978685655045e-01,-9.635520867120696276e-02
-4.290611905914419877e-01,1.454405034697308308e+00,7.944654509264775788e-01,-1.706125597940054417e-02,-7.650621501210287494e-03,3.729038698757881631e-01,9.276815646366549650e-01,1.212982492678374019e-01,1.768542999178280423e-02,1.221972891657404359e-01,9.750138100688941767e-03,-2.490138966734096460e-01,-1.565676820815879028e-02,1.081441709623994635e-02,5.116371160468810748e-03,-1.303842148677919477e-01,2.305710753456134965e-01,-6.969567749590328820e-02,1.287318707647762128e-01,-3.255789719226476753e-01,9.450404553770923310e-02,-4.310265177399515840e-02,-7.597902183302222001e-01,4.047307626518478196e-01,-1.175012172100650121e+00,3.121238837340789551e-01,1.524066190375571173e-01,-3.094799722991384838e-01,-8.915303574201062509e-02,3.038459673233688818e-01,-9.412397234842652116e-01,8.967615753003649326e-02,8.350497852708984592e-01,-5.342682419347404704e-02,-1.943746299077670769e-01,-9.839982759727768091e-02
-4.294823441906081007e-01,1.453568738760544043e+00,7.943833861164366628e-01,-1.744294883754770112e-02,-8.086730521171559341e-03,3.735056253595782083e-01,9.274286474711028738e-01,1.214073852470972936e-01,1.918463053547812477e-02,1.216406801778213836e-01,7.865817445711770217e-03,-2.508307395185848110e-01,-1.578050370798146640e-02,1.084262741477074778e-02,6.845924781260438047e-03,-1.309107378799113652e-01,2.293464631313554825e-01,-6.942063218931113222e-02,1.278889164531803735e-01,-3.248281346753796872e-01,9.189349841816758790e-02,-4.457471915564374665e-02,-7.593220752389401307e-01,4.062119475010815273e-01,-1.175736150351232467e+00,3.108949638496953938e-01,1.483522933204304839e-01,-3.088541956919261811e-01,-9.473013617276977716e-02,3.079805733630550657e-01,-9.348791954978024066e-01,8.408253470121324069e-02,8.350905715058366541e-01,-4.096204483587435885e-02,-1.940279691921271699e-01,-9.542220497454970141e-02
-4.300266382632702555e-01,1.452667890821191188e+00,7.944471674200034306e-01,-1.736530329464264222e-02,-8.847567106307605705e-03,3.752099326579120264e-01,9.267349530651306511e-01,1.210493011217831372e-01,2.018674206995280801e-02,1.222983370296659711e-01,7.899050163219074883e-03,-2.503458270058757096e-01,-1.783776094529796255e-02,1.174513823865892120e-02,7.468444358633389776e-03,-1.321546185468849832e-01,2.282741614905391958e-01,-6.788617272473046471e-02,1.241852267229087980e-01,-3.226347412560451322e-01,8.924020705241053619e-02,-4.594171056765824351e-02,-7.589498304617809943e-01,4.073524714445234673e-01,-1.175218429531794451e+00,3.112558059744691130e-01,1.442123910301050527e-01,-3.063143667151622673e-01,-9.758765733821249400e-02,3.123294703401842121e-01,-9.301145552794136684e-01,8.198323674873200795e-02,8.319259415291687665e-01,-3.189173829358686596e-02,-1.942195706344883310e-01,-9.025899267417200611e-02
-4.306813422781792799e-01,1.451723829467130411e+00,7.944734893452822799e-01,-1.720429355365154372e-02,-9.551195466953769225e-03,3.774199260225287733e-01,9.258331309634696416e-01,1.207756520633616049e-01,2.049410693737464123e-02,1.195703301912742766e-01,6.762421561057108121e-03,-2.493782846685833610e-01,-2.016282979374076079e-02,1.321828878531535779e-02,7.963927826769863494e-03,-1.331972341481605926e-01,2.263374268809834611e-01,-6.790849157648136403e-02,1.191327793528185741e-01,-3.216676160200711010e-01,8.831143744683635222e-02,-4.668747823086240312e-02,-7.592687524609526006e-01,4.098036390005468377e-01,-1.176395400495056753e+00,3.096431842037691284e-01,1.389615873481162001e-01,-3.038718999277656985e-01,-9.981390030061616792e-02,3.152407691092700137e-01,-9.266015525845437972e-01,8.083612232064418812e-02,8.258115780005955697e-01,-2.376531418759281547e-02,-1.943082147014583982e-01,-8.715306074502113254e-02
-4.314779304592609721e-01,1.450712549549800112e+00,7.945645413507573807e-01,-1.712152545248625188e-02,-1.075942355526213895e-02,3.801827231172547061e-01,9.246903185467488795e-01,1.206876428246974470e-01,2.129071128272542676e-02,1.160305081011209077e-01,6.515822526489675748e-03,-2.490738589273790993e-01,-2.031536059746473152e-02,1.524974645870543627e-02,8.650726667505001868e-03,-1.355199997593095618e-01,2.251545926475120307e-01,-6.591161016496341341e-02,1.181893359683489075e-01,-3.185606635661030750e-01,8.496505747295599043e-02,-4.594428266330996546e-02,-7.604623681167993476e-01,4.106105505425469149e-01,-1.175894680835262163e+00,3.092208301334140041e-01,1.349763039757281013e-01,-3.023737061913102653e-01,-1.020233753276727079e-01,3.177871753411439792e-01,-9.237341154350662276e-01,8.026673257022784447e-02,8.203560730896820585e-01,-1.920973923253987276e-02,-1.934999528577511507e-01,-8.861898129002630797e-02
-4.324472618366932974e-01,1.449664949602520903e+00,7.946987074882597701e-01,-1.692108070011366650e-02,-1.191620443902390546e-02,3.830894592027740964e-01,9.234793702879531274e-01,1.202566415792770682e-01,2.156715723283833541e-02,1.118985412367684285e-01,6.326185087540590890e-03,-2.479052179857916260e-01,-2.045048994431266157e-02,1.759091247936458990e-02,8.695984838296394459e-03,-1.388852408248728854e-01,2.229345227299285026e-01,-6.319319589269854764e-02,1.177534156703176210e-01,-3.151744972928138266e-01,8.334499881779690311e-02,-4.657699017627692922e-02,-7.595309075459794057e-01,4.108922456619571451e-01,-1.175263777252002262e+00,3.096090338674784559e-01,1.276671311773419359e-01,-3.006152661342667010e-01,-1.056232964927050488e-01,3.210943039815033484e-01,-9.231318206234484514e-01,8.050939422700008341e-02,8.131704447384958678e-01,-1.320729198914857155e-02,-1.947254307108720883e-01,-8.357848534777682914e-02
-4.335500205480108948e-01,1.448627060747776030e+00,7.948811752189940405e-01,-1.679902513215928220e-02,-1.299633859273324581e-02,3.847282400632377475e-01,9.227854947037453792e-01,1.194285822140301184e-01,2.200019157878635445e-02,1.092037672040404583e-01,7.030422007848272092e-03,-2.468087858477446273e-01,-2.060119151794510134e-02,1.751262207195710893e-02,8.933322656791446367e-03,-1.403799014498770537e-01,2.243089193371746171e-01,-6.096044194829604301e-02,1.161742677805977508e-01,-3.114978522421097407e-01,8.029489691217497893e-02,-4.628793964749219891e-02,-7.594607030973932194e-01,4.102772983558340969e-01,-1.175190676825083491e+00,3.105727875380398517e-01,1.222964062781226324e-01,-2.999171563123834150e-01,-1.091176493111178092e-01,3.213113647709170961e-01,-9.194657263401008196e-01,8.133458206732060991e-02,8.094463314647628582e-01,-2.462134890963153886e-03,-1.958353119035614043e-01,-7.917827363264312579e-02
-4.347697852043330702e-01,1.447532641952369525e+00,7.950001206977815871e-01,-1.682091602377165651e-02,-1.423759408138031493e-02,3.877758031036982467e-01,9.214902464085972245e-01,1.180440545490667598e-01,2.281095633390005373e-02,1.067411259278595037e-01,8.168878591170283809e-03,-2.465149462299931482e-01,-2.206718706384387316e-02,1.795552711515464514e-02,9.168268698235160913e-03,-1.434750328947546061e-01,2.254300595915522676e-01,-5.869119698360353299e-02,1.137721887327408365e-01,-3.082036210673717580e-01,7.752607798181175569e-02,-4.654653420022919486e-02,-7.644221632672847377e-01,4.102690050010426859e-01,-1.177955619620202343e+00,3.097714339128010974e-01,1.215567404304890992e-01,-3.016267322279656549e-01,-1.074341293297863542e-01,3.221050345299054096e-01,-9.156288668580893075e-01,8.294633556473718361e-02,8.092403294716011830e-01,4.920465502726119149e-03,-1.973140389533994676e-01,-8.311131322863563042e-02
-4.360770404678394052e-01,1.446411139630897180e+00,7.951383322640592777e-01,-1.707521197467965976e-02,-1.543357092757563324e-02,3.902451156659560993e-01,9.204232676998710394e-01,1.165652342110514161e-01,2.413087068344126757e-02,1.056810279789389406e-01,9.100426789286908402e-03,-2.468369707514374567e-01,-2.290517486772560701e-02,1.880575619534725212e-02,1.008253832007528251e-02,-1.460543303885127320e-01,2.243523483565459387e-01,-5.516116014637849341e-02,1.134331065895469864e-01,-3.050288775352730797e-01,7.411119545136739262e-02,-4.569844143627802002e-02,-7.673253631140574127e-01,4.105128361058371089e-01,-1.179962864639104936e+00,3.078076550254742472e-01,1.171954079368889012e-01,-3.024263446114314746e-01,-1.057602712613924661e-01,3.215556392058774859e-01,-9.111035964324802894e-01,8.483971678759090473e-02,8.068639011554696872e-01,1.581954915346917012e-02,-1.991141752976761936e-01,-8.322455734620398671e-02
-4.374153460755026424e-01,1.445307282101520485e+00,7.952689899845880594e-01,-1.715392833486599836e-02,-1.645487247123034527e-02,3.919312588744995329e-01,9.196873752703625948e-01,1.152756045473194435e-01,2.492905132778246852e-02,1.053847117704904413e-01,9.588505020147276847e-03,-2.458175952361555949e-01,-2.493486719818397909e-02,1.908893033785542467e-02,1.044638142176084611e-02,-1.483410996825888506e-01,2.236491285800518702e-01,-5.223776069444174830e-02,1.128179466077434412e-01,-3.023945705645642024e-01,7.120804869011949922e-02,-4.473378103591100358e-02,-7.692013618931337060e-01,4.111921062383962489e-01,-1.181916126942728296e+00,3.053683041278669741e-01,1.103080705878172335e-01,-3.021627177289353816e-01,-1.047810102332904642e-01,3.203196474553336448e-01,-9.087036521828715241e-01,8.841491167618377445e-02,8.020087067369311429e-01,2.454990544079393641e-02,-2.004180013894583112e-01,-8.145862106534683400e-02
-4.387804967266653033e-01,1.444198709068323705e+00,7.952860591012731462e-01,-1.731699150782133045e-02,-1.727574013618724327e-02,3.947145055638922595e-01,9.184781596234706802e-01,1.138844293578925027e-01,2.528835066789277344e-02,1.022624293939854712e-01,8.292320535846636753e-03,-2.446010012188001848e-01,-2.749317753873293385e-02,1.934289268988050731e-02,1.009698466959582999e-02,-1.536530498320483051e-01,2.228737523861077374e-01,-5.003316909453318917e-02,1.121515560165700087e-01,-3.012346409081967935e-01,6.873597965638482410e-02,-4.315377314014702537e-02,-7.755071889648411654e-01,4.124935831788190121e-01,-1.187145127225581298e+00,3.013165615603669023e-01,1.025881404545131576e-01,-3.010143029643716495e-01,-1.096381662090697706e-01,3.200646304702125522e-01,-9.075147404135509577e-01,8.857855675475077850e-02,8.014485127965047528e-01,3.221021625653919945e-02,-1.994267565789802077e-01,-7.952226775253479207e-02
-4.401834177934333958e-01,1.443116443300646701e+00,7.953217034514826755e-01,-1.803208258694440069e-02,-1.804318619441628788e-02,3.970461877577430299e-01,9.174440648980050073e-01,1.121988775662327298e-01,2.685133882460846722e-02,1.005562301684010534e-01,6.828014980448500471e-03,-2.448712865234453639e-01,-3.129920616409738454e-02,1.831016835577442547e-02,1.090009658109882332e-02,-1.585991730292769797e-01,2.230096769631169651e-01,-4.609345243031982842e-02,1.115215960864213568e-01,-3.006848467762854860e-01,6.750839384907963980e-02,-4.000296475071676849e-02,-7.833593788559602977e-01,4.112743907543188748e-01,-1.193111227113961448e+00,2.996246419449255516e-01,9.913880804486646658e-02,-2.996089109392905403e-01,-1.130346040343511993e-01,3.172938371358086651e-01,-9.041557144747139896e-01,9.252588720371651698e-02,8.046666273757548948e-01,3.693956969977233579e-02,-1.980427566571590914e-01,-8.089556590845838058e-02
-4.415963068549715320e-01,1.442018686182414910e+00,7.953459769115623912e-01,-1.780041152397200677e-02,-1.864957676791848679e-02,3.988417632576358729e-01,9.166572895676415866e-01,1.100955180970455277e-01,2.617345251151618341e-02,9.779409599464253255e-02,7.483651542984748328e-03,-2.431960722067278424e-01,-3.244437208278664470e-02,1.822738083511599161e-02,1.005590523046613269e-02,-1.612603459361036662e-01,2.222705454088378940e-01,-4.614631709322738334e-02,1.103983474963051992e-01,-2.983262806102068287e-01,6.528560478232844910e-02,-3.836010540476702396e-02,-7.882774221123334257e-01,4.104257541105361118e-01,-1.195088320764259304e+00,2.972342887924927513e-01,9.810539373095893134e-02,-2.999129204087081502e-01,-1.097448236789751591e-01,3.132774029141581762e-01,-9.020324701819517621e-01,1.001873821002673554e-01,8.019048690796540813e-01,3.671318162624046672e-02,-2.010898362578709131e-01,-8.328753240863966123e-02
-4.430713113052894836e-01,1.440972848261058203e+00,7.955065643312888568e-01,-1.781131747403965834e-02,-2.026889091289052827e-02,4.010318420552635987e-01,9.156666373133637293e-01,1.093063798046971791e-01,2.700222854312545051e-02,9.568254956915425713e-02,9.065852294988428761e-03,-2.423692872241574592e-01,-3.376310557191369854e-02,1.830129534649543172e-02,9.727901435738112862e-03,-1.663386465052086871e-01,2.250444619199265528e-01,-4.237691014561228986e-02,1.094327425209185023e-01,-2.983607096558802962e-01,6.387111416730320568e-02,-3.570917630998665659e-02,-7.933719177789284593e-01,4.112507459798280252e-01,-1.199290619786410161e+00,2.930598646509252059e-01,9.604272325937095178e-02,-2.984477989445631363e-01,-1.127185953375698796e-01,3.096387301333541897e-01,-9.009905590613307425e-01,1.055821757312933179e-01,7.961543173395279061e-01,3.978595289867555701e-02,-2.007922690961043977e-01,-7.764752587757747793e-02
-4.445908713329087547e-01,1.439934197469210142e+00,7.957078711115899150e-01,-1.798124812737195849e-02,-2.162657498082295668e-02,4.034199890550190792e-01,9.145825705759047519e-01,1.072859382940277023e-01,2.783543336937106816e-02,9.321363089720854922e-02,1.159824164724882617e-02,-2.414884401313466822e-01,-3.423544234485897259e-02,1.768680870843224867e-02,9.928677135873732740e-03,-1.688351789966245353e-01,2.274419352936226657e-01,-3.814549403884252843e-02,1.086744406196769180e-01,-2.973441727675970592e-01,6.116205990597537584e-02,-3.211088242904534124e-02,-7.975691954367581937e-01,4.089974953036502048e-01,-1.199684632290461073e+00,2.926135579382849738e-01,9.547507952726615177e-02,-2.967881556168245893e-01,-1.146685580839344881e-01,3.043020932005296997e-01,-8.952519148204565180e-01,1.063426051701864411e-01,7.983529861834863794e-01,4.892698223866062679e-02,-1.986510175829412084e-01,-7.244166853103346793e-02
-4.461751289944181353e-01,1.438964101103163751e+00,7.957409549308805952e-01,-1.860858332087434591e-02,-2.253178156473892302e-02,4.049202603795707955e-01,9.138849064189923377e-01,1.057614603401040992e-01,2.909997911441177670e-02,9.270894401629711790e-02,1.104977938795253384e-02,-2.418162058211135168e-01,-3.535930191903866038e-02,1.581832851805824516e-02,1.075444802534198524e-02,-1.708983346847118556e-01,2.292149111288774022e-01,-3.446097242600693750e-02,1.093589633111186621e-01,-2.971029464688847432e-01,5.899752751750379776e-02,-2.817111031960928963e-02,-8.050851572420495428e-01,4.080125775326133297e-01,-1.202163897468984777e+00,2.900179478744800421e-01,9.592561701347517011e-02,-2.957807828851923837e-01,-1.191969525370604882e-01,2.986650526992194465e-01,-8.920757969347429261e-01,1.105051703733877649e-01,7.973326136297788080e-01,5.303967847657269780e-02,-1.967545647021388955e-01,-7.315585237305796684e-02
-4.477672055017614672e-01,1.438010362853990864e+00,7.958399044999882044e-01,-1.835429429830552628e-02,-2.354040778964055017e-02,4.068621706427998364e-01,9.130017213465364545e-01,1.043962415959595463e-01,2.846014667218239175e-02,9.171735405741024416e-02,1.184941476492334250e-02,-2.398669923052561548e-01,-3.502315090657583813e-02,1.516343915673562873e-02,1.021981996291261401e-02,-1.702179541469901469e-01,2.305196124649481204e-01,-3.251907719212522585e-02,1.060441477604382315e-01,-2.978502201336142297e-01,5.751019668786239158e-02,-2.485834358378396364e-02,-8.097341215935327519e-01,4.079577542566433790e-01,-1.203549217041915531e+00,2.876347810528498972e-01,8.924967343725066782e-02,-2.932330565096027408e-01,-1.205350073680268030e-01,2.949797487495699477e-01,-8.897042520873568172e-01,1.136421122103210279e-01,7.858377215088918621e-01,6.020969202520332075e-02,-1.985358765133745929e-01,-7.455579617942545423e-02
-4.493167828778911743e-01,1.437125653514861989e+00,7.959807508399876497e-01,-1.835893071205489321e-02,-2.479779263849554022e-02,4.087296504694509780e-01,9.121338125354686577e-01,1.035174261156184827e-01,2.857554897943565680e-02,9.030433206767989052e-02,1.245512915934359616e-02,-2.382066486819274242e-01,-3.414713608182085025e-02,1.580326274406183840e-02,1.008007828486300744e-02,-1.723399903196905503e-01,2.303140573710275030e-01,-2.928601280849876809e-02,1.050270233587166507e-01,-2.983739340351577729e-01,5.597532243521841783e-02,-2.166170704094223104e-02,-8.140454199212235897e-01,4.066245692819153712e-01,-1.204064527204534940e+00,2.860515975728765703e-01,8.882985252027221501e-02,-2.912305654658779441e-01,-1.235117898799936026e-01,2.896860016161841855e-01,-8.876040560416427194e-01,1.172984495869393989e-01,7.797367168406924565e-01,6.374667321737477466e-02,-1.972761950956145871e-01,-7.543696339108196813e-02
-4.508111328430916553e-01,1.436301477281699768e+00,7.960851463973097619e-01,-1.836489732075556602e-02,-2.591730988332093324e-02,4.104319660950586091e-01,9.113378214483122131e-01,1.021052544187708994e-01,2.862021626035467919e-02,8.925919409238550206e-02,1.411096131628315070e-02,-2.374550986267604524e-01,-3.247255207822682954e-02,1.528795409514198574e-02,1.024334935254360944e-02,-1.714589097651066929e-01,2.316291279122173197e-01,-2.665191153242044836e-02,1.034959215600823185e-01,-2.994171057531636593e-01,5.363500162786964676e-02,-1.927601391967489336e-02,-8.164202128562061400e-01,4.047155521316940785e-01,-1.203456709485739573e+00,2.850267302665831504e-01,8.472059327009349994e-02,-2.892694835962562605e-01,-1.229500166452143772e-01,2.848326571623754355e-01,-8.842375442257355278e-01,1.205398978918022918e-01,7.760397384977207880e-01,6.724180165956487876e-02,-1.970128451750899345e-01,-7.857440280675778710e-02
-4.522134745041843096e-01,1.435525691142612192e+00,7.961309086976362526e-01,-1.853371499927512420e-02,-2.629795512667649354e-02,4.112794778004897900e-01,9.109413318675567695e-01,9.973203718111847693e-02,2.841045256875580904e-02,8.873573580986225673e-02,1.516916143642051823e-02,-2.369879722684462287e-01,-3.148736781953703767e-02,1.391286430961045928e-02,1.040136290803859130e-02,-1.701999212331105626e-01,2.314082891989595880e-01,-2.558518847132603552e-02,1.024623237780276919e-01,-3.010931609419576493e-01,5.144073724155302091e-02,-1.610116658177866700e-02,-8.181367904135831148e-01,4.036374798862420454e-01,-1.202298620286724296e+00,2.840313018157914482e-01,8.134013065001011178e-02,-2.887603832760377576e-01,-1.254231642951393888e-01,2.803679945015248864e-01,-8.808230694289974627e-01,1.208096028498913121e-01,7.725937040776813536e-01,7.271848473786397815e-02,-1.974304853856612696e-01,-7.908371938414661406e-02
-4.534978250047975723e-01,1.434792358742037255e+00,7.961524685306320404e-01,-1.857524320203827323e-02,-2.682938742520049949e-02,4.119803161141928349e-01,9.106082381819440297e-01,9.831410219582582821e-02,2.814331202342441884e-02,8.783984739641939599e-02,1.554063467238320229e-02,-2.363177728568749414e-01,-3.135712412885130473e-02,1.321232903246337756e-02,1.031864496189954447e-02,-1.699053379475740644e-01,2.309462039597572902e-01,-2.408209048270433528e-02,1.023045209829110402e-01,-3.007808667308249362e-01,5.046643325331517937e-02,-1.398563634860622990e-02,-8.199759187466891808e-01,4.027501630050244197e-01,-1.200854019167056252e+00,2.830256249683767433e-01,8.103823351136814346e-02,-2.900913806508343962e-01,-1.230181455738929702e-01,2.780540574314733782e-01,-8.789863324180032800e-01,1.221519962508333390e-01,7.661791204834382807e-01,7.601686873760420127e-02,-1.986829354042700946e-01,-8.176055798567388733e-02
-4.546652285649774861e-01,1.434098068702629014e+00,7.961936908340172536e-01,-1.862947662114221997e-02,-2.723578369256749246e-02,4.124526530526458346e-01,9.103812188733403366e-01,9.726658252837296070e-02,2.776816663587337863e-02,8.598281005862835891e-02,1.488384026126381154e-02,-2.347458313693124854e-01,-3.198907256636920882e-02,1.231121632685341048e-02,1.035503939490578507e-02,-1.692600652066978406e-01,2.305563192053926569e-01,-2.303360679221640867e-02,9.981771115272222716e-02,-3.014672688508859832e-01,5.044109948287835155e-02,-1.199114166963775180e-02,-8.213420033941725151e-01,4.010205042146305354e-01,-1.201525044253605401e+00,2.839876436666170512e-01,7.974420216479671808e-02,-2.895451180142609715e-01,-1.243821628805674429e-01,2.746157920929644947e-01,-8.769285716029127098e-01,1.235345693883933421e-01,7.635127221446712520e-01,7.846642558297285686e-02,-1.987345438256561125e-01,-8.435859802923070805e-02
-4.557476569015150303e-01,1.433393648897437700e+00,7.962555152233078415e-01,-1.863380612457760446e-02,-2.765596206963977233e-02,4.131971392532067244e-01,9.100307979097637112e-01,9.613530742862903822e-02,2.756173257859560397e-02,8.583046245156067400e-02,1.463952587336199429e-02,-2.329428034132669523e-01,-3.324876731934773427e-02,1.101696853544698387e-02,1.029511191753151346e-02,-1.683923476221345084e-01,2.312795639960138483e-01,-2.158519171494301114e-02,9.780173530250368952e-02,-3.024688358946329703e-01,4.956068302864648917e-02,-9.827941896472555672e-03,-8.212833240299367565e-01,3.997937178224921229e-01,-1.200414588054762088e+00,2.844898095069008370e-01,7.500518992534382923e-02,-2.886894944848291122e-01,-1.267559259601207799e-01,2.721054981454040234e-01,-8.734789964339664259e-01,1.241010727754743304e-01,7.611493478143785962e-01,8.166778375897258690e-02,-1.990665429555285304e-01,-8.707656823851732397e-02
-4.567669146234654143e-01,1.432710227036417594e+00,7.963486264877372989e-01,-1.851413235999506413e-02,-2.847919122571061432e-02,4.132042386660467748e-01,9.100046262071962433e-01,9.567117503135859347e-02,2.775966731055167294e-02,8.643045390235641612e-02,1.555567620458876699e-02,-2.314602957176097875e-01,-3.281850295912232957e-02,1.103478522507649398e-02,1.067541867873559626e-02,-1.669607340769845016e-01,2.309815779314380313e-01,-1.992071326727894165e-02,9.628314182025018986e-02,-3.035453091843167694e-01,4.795542623282236100e-02,-7.927386639362557497e-03,-8.226641893560429075e-01,3.998866492379268833e-01,-1.200920900779953504e+00,2.844375028460859878e-01,7.352597192802422243e-02,-2.880211406593017887e-01,-1.297924399198888412e-01,2.688718770012906156e-01,-8.714404270405886610e-01,1.260702361952296680e-01,7.572048939645880106e-01,8.383466905697814497e-02,-1.980250184553684345e-01,-8.853248155815926501e-02
-4.577326231034275494e-01,1.432035198728966341e+00,7.963767614521809479e-01,-1.868914397926541363e-02,-2.926030884950901745e-02,4.136320723969558188e-01,9.097818743566795652e-01,9.536421661216035184e-02,2.853972529132688812e-02,8.763898134568810783e-02,1.549184817759165222e-02,-2.309060234377688370e-01,-3.409541925488979858e-02,1.058114475052022996e-02,1.141864047789725202e-02,-1.666448141946658412e-01,2.315293415238504071e-01,-1.828750838671058809e-02,9.638196521410201389e-02,-3.047345551464705204e-01,4.570091021928247149e-02,-5.484226433034058296e-03,-8.243580652779599616e-01,3.995650573940007777e-01,-1.200925934954472751e+00,2.842142568174840234e-01,7.174955336429424124e-02,-2.879302599061488444e-01,-1.326569365800027434e-01,2.655854349030773442e-01,-8.675359070385540994e-01,1.275759652930393284e-01,7.561718952137498340e-01,9.028492608643744199e-02,-1.960971889743086949e-01,-8.781731615693448567e-02
-4.586825881595496535e-01,1.431396226982274644e+00,7.964531557697864805e-01,-1.899574821438923533e-02,-3.029676897236063468e-02,4.144458085841075667e-01,9.093711778403116286e-01,9.497785848703793610e-02,2.974182886138512782e-02,8.778381307498636654e-02,1.628803379032700560e-02,-2.312283825752347588e-01,-3.458275626522951118e-02,1.004432829420507864e-02,1.224192381347476502e-02,-1.676451439428292556e-01,2.332221784994505942e-01,-1.491871246729377376e-02,9.581120884184221587e-02,-3.069940778453337793e-01,4.473699880685370889e-02,-3.020552897288999311e-03,-8.264099633483804608e-01,3.994603673155379120e-01,-1.202441281080221192e+00,2.842013385305986461e-01,7.135538476180385004e-02,-2.867827233782778706e-01,-1.357248201664851828e-01,2.633402286492370070e-01,-8.647235393366946576e-01,1.288930162834188708e-01,7.524122583157076827e-01,9.452741718396234782e-02,-1.947469234093665569e-01,-8.763872272985538669e-02
-4.595899970698105741e-01,1.430779532811427224e+00,7.965074097703707112e-01,-1.943297995739713679e-02,-3.093066742549771195e-02,4.148214953411158978e-01,9.091692802253872330e-01,9.400420720480930081e-02,3.079046694720852587e-02,8.692659970682217740e-02,1.670954068390559377e-02,-2.314403564964556959e-01,-3.443047480906071683e-02,9.046195162563408845e-03,1.339310071221305395e-02,-1.673850352609828063e-01,2.339441881467884676e-01,-1.263365109946298914e-02,9.672113171654077302e-02,-3.079877239144536150e-01,4.393406606216116589e-02,-1.876968163478914126e-03,-8.283194547449388434e-01,3.989392786108528210e-01,-1.203905444830920990e+00,2.839198247564490574e-01,7.278999358937067454e-02,-2.854769300705888857e-01,-1.385096174741339003e-01,2.620384809087870082e-01,-8.631153232894348548e-01,1.314712859503939790e-01,7.494700531711594449e-01,9.597992818824264971e-02,-1.925196143646372704e-01,-8.466481113116847146e-02
-4.604646880463603154e-01,1.430145374922510371e+00,7.965202077341089204e-01,-1.940867323886791285e-02,-3.159140055131202940e-02,4.147904814514349336e-01,9.091612306470177041e-01,9.375592647863624507e-02,3.115846668002709291e-02,8.825738291457108087e-02,1.697479179917471548e-02,-2.309184973942005892e-01,-3.454805625166795791e-02,8.508726721400568932e-03,1.364732772184545050e-02,-1.670817097706420729e-01,2.346658370735959231e-01,-1.187831224149379916e-02,9.718336301041378966e-02,-3.079069606028175254e-01,4.151335183446935168e-02,-1.053518674117050191e-04,-8.291257807943752667e-01,3.990860887129388246e-01,-1.202702723213750602e+00,2.839538744882091903e-01,7.182777706369780635e-02,-2.851408952822986898e-01,-1.398148237274610961e-01,2.614965972303773256e-01,-8.598105021486817101e-01,1.313005266717577058e-01,7.472688278378259996e-01,1.006727063135575556e-01,-1.925481006675498485e-01,-8.331085786909252222e-02
-4.612736424156272941e-01,1.429531440508629014e+00,7.966035881293793697e-01,-1.930466107034482792e-02,-3.247631503346747744e-02,4.157261459358676525e-01,9.087047873804314779e-01,9.337984756519186746e-02,3.138715608087531278e-02,8.730564504629675926e-02,1.794092123304216746e-02,-2.294681409355330270e-01,-3.605234284028846492e-02,8.097501799314916343e-03,1.358724521599616840e-02,-1.676689649593624543e-01,2.367867445781448865e-01,-9.881782801899427482e-03,9.632871744081315801e-02,-3.089607559953519988e-01,4.123913564583882307e-02,1.691037837744723688e-03,-8.297430964373180284e-01,3.985763977251005619e-01,-1.203669402590942683e+00,2.846460660622004979e-01,6.821027857243176784e-02,-2.821639454834676819e-01,-1.406655393777019314e-01,2.629039247562211523e-01,-8.586147137597058832e-01,1.327710019772554151e-01,7.455507552521728476e-01,1.006151921090401719e-01,-1.908086779701116120e-01,-8.073194758832159812e-02
-4.620382784622899530e-01,1.428907881772525590e+00,7.965933999217180705e-01,-1.958306829443834038e-02,-3.293595186745247594e-02,4.164621033565292230e-01,9.083452223569048467e-01,9.251766358884078167e-02,3.205156474878742556e-02,8.680171202213574078e-02,1.770643921766655582e-02,-2.297267955860608779e-01,-3.695400251181648471e-02,6.969129206326032770e-03,1.411014016456729053e-02,-1.683627440636026318e-01,2.378254749689085457e-01,-8.352941396338950386e-03,9.602363546534889438e-02,-3.100960047328898961e-01,4.039089913619002548e-02,3.187815557099633879e-03,-8.323989861156456671e-01,3.982674955884437651e-01,-1.205811727096538721e+00,2.839304821998661632e-01,6.472599520490775193e-02,-2.801846437168949433e-01,-1.436179238064435038e-01,2.640428920987816230e-01,-8.557022001091999508e-01,1.320509281113447508e-01,7.452280754105363725e-01,1.047210354754836981e-01,-1.893611816945483528e-01,-8.038910325301243387e-02
-4.627227340184183468e-01,1.428285709005963078e+00,7.965883867525592743e-01,-1.985360070075825600e-02,-3.362060873598207711e-02,4.174992190730195118e-01,9.078380314135637841e-01,9.188450940548001378e-02,3.302247727396341592e-02,8.650795108323469651e-02,1.789771331604458893e-02,-2.299383609436255471e-01,-3.774032923500567765e-02,5.588108529526672995e-03,1.447565813726183447e-02,-1.701024390725627278e-01,2.406325098884287417e-01,-5.865701384149865638e-03,9.697612890270870811e-02,-3.112787278197165497e-01,3.863443353098289235e-02,4.328374282226956499e-03,-8.372929265223060247e-01,3.994025935376614989e-01,-1.209925715843699789e+00,2.809780303582186112e-01,6.112778339125573418e-02,-2.787557739031984450e-01,-1.497371147687421578e-01,2.663178806728292991e-01,-8.529003000487032082e-01,1.306659409064074295e-01,7.431482952752455073e-01,1.095576829899273102e-01,-1.875339770322721200e-01,-7.882910427658754160e-02
-4.633449091734206937e-01,1.427625105433648844e+00,7.966034308927827379e-01,-1.982195686357426934e-02,-3.397102426164026051e-02,4.184735662990299865e-01,9.073769524545375331e-01,9.109190414890494525e-02,3.299873664099462617e-02,8.562035820728712554e-02,1.765513424742831683e-02,-2.291819074774343323e-01,-3.834258780549452267e-02,4.706150174664041133e-03,1.440121736333852855e-02,-1.708336923606265656e-01,2.418236500662807320e-01,-5.747368715905074033e-03,9.424459336416106392e-02,-3.115462718377165485e-01,3.757073594554125734e-02,7.738814933352662628e-03,-8.394520872466121331e-01,3.991461802473202924e-01,-1.210350203305922134e+00,2.800774709421682274e-01,5.868985421969842575e-02,-2.779126138425208059e-01,-1.506221825158616523e-01,2.679627424010751491e-01,-8.483938560976014287e-01,1.280479612063953609e-01,7.403439517228947997e-01,1.170374900292345671e-01,-1.874483137811085443e-01,-7.888506915743449810e-02
-4.638670511647002281e-01,1.426978801696244359e+00,7.966417112973049885e-01,-1.963588266185740255e-02,-3.460680437967060541e-02,4.196744848328278765e-01,9.068021437904832949e-01,9.065213976342061108e-02,3.308774810507837671e-02,8.478308979006546342e-02,1.822737235685292778e-02,-2.279601857045822078e-01,-3.921608191236546082e-02,4.583187483436721062e-03,1.430145471903779796e-02,-1.714571818105898870e-01,2.431275396941993128e-01,-4.536185124760255816e-03,9.420165742272189335e-02,-3.113015433818291933e-01,3.678457209436087477e-02,9.752986466691926370e-03,-8.419734588530745079e-01,3.984705033230726556e-01,-1.211920017114449077e+00,2.797395498475513387e-01,5.800225186735075839e-02,-2.773505680086488789e-01,-1.526270418434336196e-01,2.702231631151932878e-01,-8.457136086636470873e-01,1.275004139424716354e-01,7.391461269139362189e-01,1.201789554778614350e-01,-1.867133854038818264e-01,-7.638879000350214110e-02
-4.643145834137386019e-01,1.426359948336021866e+00,7.966396690444981221e-01,-1.948396028470830710e-02,-3.511932859854385858e-02,4.206623557938695690e-01,9.063278603620006368e-01,9.027936649427210913e-02,3.325053746029804635e-02,8.459579515580420428e-02,1.845591146591691462e-02,-2.271806948042840169e-01,-4.018272984410311416e-02,4.783059282752048433e-03,1.422218047321889035e-02,-1.725044871010342207e-01,2.432940999388512604e-01,-3.693093713318523763e-03,9.331139466601848231e-02,-3.114013105509195189e-01,3.682519652275472594e-02,1.101836256004081263e-02,-8.440082701174148605e-01,3.979890030895147368e-01,-1.214154095793506416e+00,2.792412571920498410e-01,5.619151303271956166e-02,-2.763251300750639849e-01,-1.538730567588362519e-01,2.718309046996800205e-01,-8.432970702753503911e-01,1.277578954862182148e-01,7.390087243251010074e-01,1.229636999335830538e-01,-1.852880387595816358e-01,-7.562449838487350640e-02
-4.646549754800903820e-01,1.425755070715423178e+00,7.966752900873494969e-01,-1.912941269497200544e-02,-3.553471539969491055e-02,4.218314817731281807e-01,9.057756623781043626e-01,8.996817628516494414e-02,3.279741948894988879e-02,8.269154628117118822e-02,1.852522394024042757e-02,-2.251109477441703699e-01,-4.019650462400899127e-02,5.392719438093449350e-03,1.398622944218816389e-02,-1.725165704055899862e-01,2.430000909848108459e-01,-3.848332996769177061e-03,9.184482368954663412e-02,-3.111352480680822374e-01,3.588194212775132341e-02,1.206566224354456082e-02,-8.449624650006514193e-01,3.974380231863245405e-01,-1.214663255071935843e+00,2.789752964860873208e-01,5.475072494192183281e-02,-2.756822328934672717e-01,-1.552899487674490875e-01,2.735636309365052643e-01,-8.392759124669889603e-01,1.262383694642633947e-01,7.402988331381067377e-01,1.272444087594443995e-01,-1.844224492924616543e-01,-7.312506465581571080e-02
-4.649246234159175040e-01,1.425197071929025894e+00,7.966753988139038123e-01,-1.915552584389862770e-02,-3.538091750648336004e-02,4.227087238092779864e-01,9.053720734159923511e-01,8.888155292724604639e-02,3.261892892008447231e-02,8.091293888677909829e-02,1.745745489428807140e-02,-2.238168585041004632e-01,-4.133143196197931052e-02,5.399382850946496740e-03,1.410488594494428531e-02,-1.731209652537041011e-01,2.409331703124772961e-01,-3.645575982584317587e-03,9.134361077973794651e-02,-3.113387941133474168e-01,3.590296412511098656e-02,1.381706716860753303e-02,-8.472782219184142871e-01,3.968841523077449307e-01,-1.217657361761887991e+00,2.777799802160843545e-01,5.109036462217574764e-02,-2.742120780226627308e-01,-1.598871299719962225e-01,2.745075961731384129e-01,-8.366071885119937823e-01,1.254789590884808348e-01,7.410896356163009235e-01,1.321495570273122089e-01,-1.830983594164426465e-01,-6.993720669835774839e-02
-4.651178124626129673e-01,1.424669402492194648e+00,7.966294971395401214e-01,-1.906192278241847921e-02,-3.512788358549941148e-02,4.230518826384026543e-01,9.052236074532868937e-01,8.789372207212409194e-02,3.239200877442727222e-02,8.105701777261981045e-02,1.672528502177822451e-02,-2.229124774653531704e-01,-4.269652270388038517e-02,5.441932474088149833e-03,1.415555920233099209e-02,-1.730782403522226898e-01,2.385851407072184238e-01,-4.414532475994659144e-03,9.094535242708376432e-02,-3.106054502730439260e-01,3.535679592201775023e-02,1.453770134729451269e-02,-8.488976518630528822e-01,3.970577863486442483e-01,-1.218873036560435663e+00,2.757411266175059938e-01,4.855695777188351325e-02,-2.747837013437416376e-01,-1.612606823419731328e-01,2.746874116625918072e-01,-8.340718974136437369e-01,1.246837093683159370e-01,7.426610249479744796e-01,1.367577763997073759e-01,-1.827097246216224935e-01,-7.022247038028819888e-02
-4.652554019301148869e-01,1.424191260485931698e+00,7.966515135225151756e-01,-1.892042199531667954e-02,-3.529741357452454570e-02,4.237385547596332347e-01,9.048987498260144813e-01,8.709306312325176824e-02,3.247024825413853677e-02,8.043595800159542009e-02,1.743878113794487816e-02,-2.221545570363173960e-01,-4.329402246136078436e-02,5.490076642578086211e-03,1.421233637448356645e-02,-1.733637384297252171e-01,2.383273086322286183e-01,-4.061835154391110758e-03,8.984271555331491133e-02,-3.103419734367424687e-01,3.471869731800861919e-02,1.579386176703767228e-02,-8.506939574488915357e-01,3.978525356903381827e-01,-1.220620807750000258e+00,2.728654138103794868e-01,4.550601502685196198e-02,-2.738289865360074571e-01,-1.621585168836283952e-01,2.752326735878799502e-01,-8.327381782025021772e-01,1.256381423774786954e-01,7.424455438380802574e-01,1.389235518337701425e-01,-1.826539392702476172e-01,-6.994297952156200426e-02
-4.653605563908477238e-01,1.423755796530976836e+00,7.966259578506017514e-01,-1.878890273407855804e-02,-3.534209246986134978e-02,4.242692625671249940e-01,9.046510412720741856e-01,8.617699407714878024e-02,3.243384552773850849e-02,7.973756242067640831e-02,1.818000231103900771e-02,-2.222470094903667426e-01,-4.368937466150445842e-02,5.304301523126317419e-03,1.391334358951313611e-02,-1.747307994156047095e-01,2.382479407401990601e-01,-3.803541764153081650e-03,9.015826436025813073e-02,-3.093142373924344102e-01,3.438495110793602511e-02,1.673209406206140754e-02,-8.518653537644241824e-01,3.980090705263828466e-01,-1.221886279832039346e+00,2.706405306979224323e-01,4.237238742494978810e-02,-2.730068722612212784e-01,-1.623016899631238852e-01,2.764499764895695377e-01,-8.318888780557850415e-01,1.255900132433391270e-01,7.408295393697108544e-01,1.410381727684321684e-01,-1.830065539590660095e-01,-7.003454860004311444e-02
-4.654105119812192437e-01,1.423362141597311670e+00,7.966263757389896449e-01,-1.857886427074036118e-02,-3.559254722372677537e-02,4.247431984028390284e-01,9.044231375827695985e-01,8.589631923080892628e-02,3.253058942727131420e-02,7.971143153464180231e-02,1.890380115541762107e-02,-2.219918105468408065e-01,-4.397422524556864054e-02,5.954932495835116475e-03,1.390364590426518103e-02,-1.755259121138934564e-01,2.377098118903369361e-01,-4.050892183576876304e-03,8.947172496300581646e-02,-3.094391615740572643e-01,3.366741624075637179e-02,1.815081659823335539e-02,-8.522638430225540906e-01,3.983046341745016261e-01,-1.222668377766110925e+00,2.689799612772550974e-01,4.047498652545062497e-02,-2.723004642197874858e-01,-1.646533675908687655e-01,2.765548155915494299e-01,-8.307591974120993594e-01,1.254353661530000497e-01,7.391775513627886207e-01,1.443496027640762958e-01,-1.827142257267105330e-01,-6.693326821473830068e-02
-4.654188892270005873e-01,1.423018031200864453e+00,7.966025041790250061e-01,-1.825397559072016590e-02,-3.604125997099220241e-02,4.250656909705473052e-01,9.042604593337951746e-01,8.583609889533505566e-02,3.270918026352919589e-02,8.037604903071410289e-02,2.064598651300260379e-02,-2.224962356728021062e-01,-4.453306257344435970e-02,6.719665892662813993e-03,1.383979202873067763e-02,-1.759796559129644944e-01,2.380395467657430153e-01,-4.421713310098690508e-03,8.852169132536696905e-02,-3.091087628375532304e-01,3.292251144124312690e-02,1.874940856247886770e-02,-8.532260917153733359e-01,3.983076456356484107e-01,-1.224281738896872085e+00,2.676555643810104024e-01,3.961666614770418399e-02,-2.719336605727453726e-01,-1.648811684798010824e-01,2.765683337568208278e-01,-8.313234559149406122e-01,1.278328035186958866e-01,7.380122782569080719e-01,1.446147059780561184e-01,-1.819892436367138988e-01,-6.627847812393322657e-02
-4.653708596458536184e-01,1.422729600266178673e+00,7.965822433960574322e-01,-1.815874837786579654e-02,-3.613736668291021858e-02,4.253927439373028085e-01,9.041047306546209361e-01,8.541343509237903087e-02,3.288416719631150759e-02,8.008992122461902619e-02,2.142694742956317844e-02,-2.229475651948703008e-01,-4.463170808878392376e-02,7.003202387432976364e-03,1.382368534395534213e-02,-1.771917500992365169e-01,2.378488474626975768e-01,-4.663947626344602804e-03,8.910359215196561600e-02,-3.094159446615033504e-01,3.249815706886130529e-02,2.001407784172286319e-02,-8.532288812197990069e-01,3.986595742859571079e-01,-1.224904734825682517e+00,2.651660547144669700e-01,3.860215463751254933e-02,-2.710708129815797562e-01,-1.658767247916455856e-01,2.772199500307734321e-01,-8.320476271515736544e-01,1.293566095447146180e-01,7.340485927747668615e-01,1.457315161059059838e-01,-1.814746604795528240e-01,-6.396253633846887832e-02
-4.652708300053188251e-01,1.422497468836785295e+00,7.965897476737041627e-01,-1.815783171133140278e-02,-3.660554964877581197e-02,4.259636153828507688e-01,9.038170861697754077e-01,8.521879242719883341e-02,3.362902695170992551e-02,7.903423131598008577e-02,2.306026895337642130e-02,-2.239306798886684380e-01,-4.492673293561293829e-02,7.935898136386482227e-03,1.409461021846043598e-02,-1.794061933833334677e-01,2.379152904586791240e-01,-3.633323026504015063e-03,8.915312613605921865e-02,-3.103965521214965273e-01,3.274832062720001158e-02,2.017677933913882352e-02,-8.543003080838095231e-01,3.987567080298172750e-01,-1.227994911233219355e+00,2.631873428996693853e-01,3.691330346945707885e-02,-2.694792322223806269e-01,-1.687947735094683932e-01,2.774644788951655672e-01,-8.340140193582497030e-01,1.311262531216832727e-01,7.307960258639016882e-01,1.433047101638165455e-01,-1.804904915272430577e-01,-6.230168952600535076e-02
-4.650748360252168201e-01,1.422268326911481084e+00,7.965813589628398805e-01,-1.794961793181198972e-02,-3.692605556210641626e-02,4.263755788056028950e-01,9.036139349494956008e-01,8.490389446797551309e-02,3.392986354814443717e-02,7.821265250773176692e-02,2.509801157283209072e-02,-2.248030716795819117e-01,-4.422122429554964373e-02,8.981526444984250929e-03,1.426911848838093196e-02,-1.801503907777334823e-01,2.376916725407439701e-01,-4.088948542659578966e-03,8.926165125523635724e-02,-3.104084790160126506e-01,3.133488865641005650e-02,2.070556386628519263e-02,-8.534139206123817489e-01,3.986675033385858602e-01,-1.227606053488523585e+00,2.616364593672017014e-01,3.555226412604774872e-02,-2.685451258407887121e-01,-1.685968161689619660e-01,2.784234485777862256e-01,-8.343356767858917111e-01,1.319399223445171521e-01,7.265423969238050672e-01,1.444648348020360074e-01,-1.804278285788299685e-01,-6.016741345929822044e-02
-4.647969561301579788e-01,1.422068177423484903e+00,7.965432149969964293e-01,-1.785386776904571149e-02,-3.710225748051002026e-02,4.267698247021069480e-01,9.034224806917672268e-01,8.467534579048727195e-02,3.436188093766452678e-02,7.754585303342162450e-02,2.643165347569113866e-02,-2.259179547721557879e-01,-4.472195823207220783e-02,9.594466190016659804e-03,1.439817621624332050e-02,-1.818286351106964405e-01,2.380655918650974590e-01,-5.095631302237696447e-03,8.959773293845188502e-02,-3.107154223178947849e-01,3.135095286275829674e-02,2.172422578313372085e-02,-8.535364747449146750e-01,3.987549224952957605e-01,-1.228244207242704000e+00,2.591548879615684364e-01,3.658639269244404191e-02,-2.680836255629702736e-01,-1.673640032002698952e-01,2.780313180173537013e-01,-8.357635604649964467e-01,1.338260632259755945e-01,7.234062493251969261e-01,1.438543748647119203e-01,-1.803828458816735536e-01,-5.985536060050612034e-02
-4.644340244074458002e-01,1.421854900571246416e+00,7.964848450061753349e-01,-1.747686657267016191e-02,-3.700741267625361208e-02,4.267477960313176277e-01,9.034441483147819252e-01,8.448926939700165950e-02,3.405622032848185793e-02,7.691447757032415788e-02,2.741029580843310637e-02,-2.262408492951678562e-01,-4.371407565825545516e-02,1.031603146166958085e-02,1.419127100805759462e-02,-1.819638292499680121e-01,2.374370107515405282e-01,-7.378878648465411749e-03,8.974804795173983718e-02,-3.099960672669481165e-01,3.053070461406889521e-02,2.231585557239744791e-02,-8.524420526206284432e-01,3.993925467304094146e-01,-1.227084814224856490e+00,2.569393006924717282e-01,3.683769065053325159e-02,-2.675161485808064676e-01,-1.673551165589958478e-01,2.779744307416027738e-01,-8.365938637030599923e-01,1.346897219149035263e-01,7.185186260126693591e-01,1.434251621772571206e-01,-1.805578794066926007e-01,-5.787625679381019905e-02
-4.640099607010114147e-01,1.421629220264323701e+00,7.964612719702541810e-01,-1.730207176924878493e-02,-3.693146050681560266e-02,4.276061019406094954e-01,9.030446982959817737e-01,8.419270973383295720e-02,3.400930753629924364e-02,7.477720969176052113e-02,2.775399986257372220e-02,-2.266160280629069268e-01,-4.403223342908512555e-02,1.111896191494331741e-02,1.428125392737775515e-02,-1.827955723663650944e-01,2.367001511303813976e-01,-8.244236723302156289e-03,8.973696596966601602e-02,-3.102536592478400967e-01,3.096638821702347652e-02,2.310542824096987677e-02,-8.494644912250407520e-01,3.992808915963483862e-01,-1.225322560799773974e+00,2.550221801994797532e-01,3.483683902233645352e-02,-2.662137539159833421e-01,-1.676720906419244539e-01,2.785607029825792891e-01,-8.382544028954564963e-01,1.356297865180094708e-01,7.127505119019702517e-01,1.409940916822683132e-01,-1.802883143279565281e-01,-5.608560182065808197e-02
-4.635361448378562677e-01,1.421414217670808222e+00,7.964678512163559931e-01,-1.702627715791837221e-02,-3.686496925961896959e-02,4.281967983815238021e-01,9.027727187855425495e-01,8.390517670002571593e-02,3.386186140066450162e-02,7.252582180471790763e-02,2.856609970119976943e-02,-2.264756048748300388e-01,-4.399181612544286746e-02,1.154151471943360222e-02,1.403681982137456978e-02,-1.841566504356310641e-01,2.370715874445938620e-01,-9.200161057142941523e-03,8.946286221249236115e-02,-3.101289924620738714e-01,3.156937828723987982e-02,2.337591056883132901e-02,-8.475721440943739804e-01,3.997600638201987966e-01,-1.224736545273707566e+00,2.518604933464418938e-01,3.244493004801246583e-02,-2.647915160198188178e-01,-1.680460524271367717e-01,2.791748740404114693e-01,-8.406329596876151999e-01,1.375623113996897739e-01,7.067144355471414174e-01,1.388892550838982942e-01,-1.799508214903935421e-01,-5.595821343279629156e-02
-4.630376436611680080e-01,1.421185577033262426e+00,7.965078239278081673e-01,-1.641973728888878117e-02,-3.690649477693377922e-02,4.287534180220756719e-01,9.025180382712745253e-01,8.415817030611182081e-02,3.320792746423147090e-02,7.038313902972168079e-02,2.921544230483502647e-02,-2.248839196055550937e-01,-4.428868329237142104e-02,1.280214773320893437e-02,1.314100853464223763e-02,-1.860770693563279510e-01,2.369452635530135409e-01,-1.046823686107840878e-02,8.916663222135808031e-02,-3.092990792669396694e-01,3.204298587788614872e-02,2.298030399738950832e-02,-8.447112333493352887e-01,4.011017952621858118e-01,-1.223642015946674544e+00,2.482079098069192857e-01,2.966861010105737231e-02,-2.634940057611631636e-01,-1.656443484738808480e-01,2.802420556161460685e-01,-8.433120317253867126e-01,1.397306493081768852e-01,7.001740939580549661e-01,1.353418564265309321e-01,-1.797598314510862050e-01,-5.706396528995762857e-02
-4.625289349716089071e-01,1.420977087914458092e+00,7.965389357449357277e-01,-1.597122737804823264e-02,-3.691145277679828279e-02,4.293573930374855463e-01,9.022387120900974278e-01,8.419105553051783875e-02,3.290495038608544365e-02,6.894835019555108080e-02,2.998941946598761288e-02,-2.238832689845792201e-01,-4.422528208657031806e-02,1.366309704062721245e-02,1.256052878096727485e-02,-1.876304917945064710e-01,2.370836235685584714e-01,-1.108865874303738980e-02,8.950426123662080791e-02,-3.086801595109354146e-01,3.217388180952876486e-02,2.271060059908535517e-02,-8.423659009367591155e-01,4.022800862064400129e-01,-1.223373491611463360e+00,2.439573587646239605e-01,2.566969922776206683e-02,-2.615750256715705935e-01,-1.637025313696887363e-01,2.809653314749960829e-01,-8.450992380876048982e-01,1.408872525005574750e-01,6.941745992898246120e-01,1.341880391085747137e-01,-1.790000139752979114e-01,-5.893245712680577481e-02
-4.620123700520907262e-01,1.420791868102524669e+00,7.965346785133711194e-01,-1.568086830016458127e-02,-3.664075875431913043e-02,4.295964732341499004e-01,9.021410285271587171e-01,8.402513067687367165e-02,3.273666419154261376e-02,6.863115136700244368e-02,3.018211639357799153e-02,-2.234905099193436329e-01,-4.425096957299647776e-02,1.397961860401074688e-02,1.260934896733640134e-02,-1.871985872430636522e-01,2.366278436530259988e-01,-1.255715389686121175e-02,8.863894645691686169e-02,-3.069985530711568655e-01,3.176013084214281135e-02,2.270799184008779822e-02,-8.381608904112834990e-01,4.025530166781142172e-01,-1.220583966406292298e+00,2.406603310625547443e-01,2.309049246312066747e-02,-2.605117543829522098e-01,-1.615541304831706326e-01,2.803012345777606829e-01,-8.463160646369373152e-01,1.429401877456950021e-01,6.899622321806490044e-01,1.327694409538514586e-01,-1.789681094586547672e-01,-5.983686136504703240e-02
-4.615002772612004089e-01,1.420656823708496663e+00,7.965294039166616047e-01,-1.541402696340843717e-02,-3.658581066837576085e-02,4.303907775398898572e-01,9.017691860110971236e-01,8.376310314213723796e-02,3.271897121209010190e-02,6.804225565984857449e-02,3.116900499643950745e-02,-2.234559570960852337e-01,-4.463371088546568000e-02,1.488562654610944835e-02,1.266250647172654370e-02,-1.873330221998354417e-01,2.361874201114419480e-01,-1.346176594874683857e-02,8.833355982522399230e-02,-3.072821810726600322e-01,3.178607617975545696e-02,2.261148977909581068e-02,-8.346723551748029823e-01,4.028406879608354418e-01,-1.219426819251296923e+00,2.374420032598829611e-01,1.818923923329886227e-02,-2.599640387679084674e-01,-1.595140585014266921e-01,2.791422787894220492e-01,-8.474935622188857209e-01,1.449538178846994096e-01,6.849755896775258091e-01,1.333342288848846369e-01,-1.795108734291707975e-01,-6.259053586605452246e-02
-4.610030104200806278e-01,1.420575867532986258e+00,7.965191907883697464e-01,-1.528989725754077190e-02,-3.628963192508134067e-02,4.310546101922598239e-01,9.014661417316756076e-01,8.303321943465308275e-02,3.256594881628360749e-02,6.632184540480219603e-02,3.202616189889313097e-02,-2.240626370496744402e-01,-4.377883029986037039e-02,1.504769133290224242e-02,1.254409819699779487e-02,-1.883339015048275944e-01,2.362152630438686396e-01,-1.464120718321773595e-02,8.787500828915308093e-02,-3.068494900668318759e-01,3.167080411510155707e-02,2.316430731125018044e-02,-8.324613354887353545e-01,4.030302368764482890e-01,-1.218238921176305167e+00,2.343233512781507100e-01,1.623545768391246660e-02,-2.597270766890782401e-01,-1.582209942349570853e-01,2.782483370566344871e-01,-8.481324414882308593e-01,1.459694172909682119e-01,6.797782071361354594e-01,1.329413211772689785e-01,-1.798824495330733630e-01,-6.404800767167084796e-02
-4.605163569850322935e-01,1.420565448412826948e+00,7.965349560251900884e-01,-1.516181989098693353e-02,-3.622451071873961093e-02,4.313697002225049260e-01,9.013201904821204202e-01,8.328605657415902308e-02,3.265455987549779893e-02,6.508095060834502565e-02,3.210344501391574484e-02,-2.241317640092500563e-01,-4.344361892610945630e-02,1.539416155077762832e-02,1.264635917483706261e-02,-1.889028654029099308e-01,2.366010962034676979e-01,-1.505424877809126427e-02,8.686549065941256975e-02,-3.063463660317886084e-01,3.264109710158625416e-02,2.315469769448046458e-02,-8.300564621143111665e-01,4.033845416083538526e-01,-1.217658742087635249e+00,2.313160125101574316e-01,1.390191159574128386e-02,-2.597496596452502082e-01,-1.580611653483265933e-01,2.765472776073268357e-01,-8.491091612834014146e-01,1.471036263760512053e-01,6.746300001405539648e-01,1.317165006493721535e-01,-1.807829863890615119e-01,-6.610862768814296242e-02
-4.600518326983041861e-01,1.420571681235882844e+00,7.964549565576769519e-01,-1.522985881269145469e-02,-3.592575462770086075e-02,4.316076418143539040e-01,9.012170854363708017e-01,8.328934048587974259e-02,3.301299019413696939e-02,6.548952793324770705e-02,3.158270210929200322e-02,-2.255404717726327279e-01,-4.382085428013684364e-02,1.571620957960354406e-02,1.288989778868858405e-02,-1.900274215976515135e-01,2.357856275329735518e-01,-1.604749421217938760e-02,8.779957436310675822e-02,-3.054283141274353186e-01,3.292850167261238137e-02,2.324735790586686390e-02,-8.280922058794218943e-01,4.036079903581887840e-01,-1.216471588514469016e+00,2.282676693330379092e-01,9.485124676089891696e-03,-2.601706590668526053e-01,-1.577775437207879217e-01,2.745052352171696852e-01,-8.486595171336490662e-01,1.476064501907733695e-01,6.698591076395685739e-01,1.344967213934810391e-01,-1.823685633082868240e-01,-6.740238741708365344e-02
-4.595926463498807846e-01,1.420639436941130151e+00,7.964660024287526507e-01,-1.527600185560974710e-02,-3.596582431243268430e-02,4.316018545249990512e-01,9.012174778705831502e-01,8.388482711839254091e-02,3.364776894599726814e-02,6.551882318212265410e-02,3.151900125805044695e-02,-2.262826558748698702e-01,-4.399909644302259226e-02,1.541106918325779902e-02,1.359410659085261153e-02,-1.890200345387980652e-01,2.371942443638165865e-01,-1.561916414134922187e-02,8.747574178165087866e-02,-3.041854663666778147e-01,3.321744627186638821e-02,2.323480383327087423e-02,-8.260858607840467771e-01,4.037188349940843413e-01,-1.215591995324428742e+00,2.257275508935961128e-01,7.007043810191429696e-03,-2.601793482698195881e-01,-1.584636898720520048e-01,2.720646526476952487e-01,-8.484336413425266343e-01,1.494414685098571227e-01,6.670841331266912366e-01,1.361176606574318049e-01,-1.828890105341179351e-01,-6.840486383908257750e-02
-4.591753940487372510e-01,1.420720898413135647e+00,7.964309897302452868e-01,-1.531241736421444857e-02,-3.588086585710163062e-02,4.313912682994427428e-01,9.013210676417177103e-01,8.421584831998851772e-02,3.417609010369627998e-02,6.633058292095239672e-02,3.164813573425436649e-02,-2.272938816425479347e-01,-4.445704534698712018e-02,1.560995883809998888e-02,1.405281161400510036e-02,-1.890367847777889299e-01,2.372764997745319682e-01,-1.628089909261331431e-02,8.716142591887399149e-02,-3.037598290218938568e-01,3.424273529346567868e-02,2.256512842841770089e-02,-8.225747978558045626e-01,4.040416796019664636e-01,-1.213651834541987107e+00,2.236003809802745990e-01,5.660530405448620413e-03,-2.602041455745087717e-01,-1.567735057922148290e-01,2.687144296702078661e-01,-8.492390453232235847e-01,1.523212326703766162e-01,6.637764386569995345e-01,1.336666263917677400e-01,-1.837856043658675220e-01,-6.996932646467347860e-02
-4.587986436615411612e-01,1.420794627516864583e+00,7.963675663789149262e-01,-1.531182848156757356e-02,-3.565948210085894549e-02,4.312973176038985557e-01,9.013748238510607136e-01,8.415964162500298718e-02,3.437064040086638961e-02,6.689674826520472517e-02,3.197887152199892918e-02,-2.287560279387454432e-01,-4.393556368375933774e-02,1.617255427685654681e-02,1.407792605093729534e-02,-1.903491401361998847e-01,2.363246238630704044e-01,-1.743562806084368588e-02,8.748239651395546546e-02,-3.033035309312906991e-01,3.535661950257253106e-02,2.222034565016689500e-02,-8.197889071226479585e-01,4.044528992376212329e-01,-1.212143797841358284e+00,2.210852378288322706e-01,5.585025783281623128e-03,-2.606812685113981676e-01,-1.550950328031706904e-01,2.662195345685187675e-01,-8.504009731582352627e-01,1.554782441827460560e-01,6.587299995408647524e-01,1.314766407201986842e-01,-1.846144525243904599e-01,-7.140888472994397218e-02
-4.584811909773089389e-01,1.420852913224903702e+00,7.963682629144167580e-01,-1.512156609493953141e-02,-3.555497009871028125e-02,4.312333581685561246e-01,9.014127651319264745e-01,8.429112580231343244e-02,3.414700325118186219e-02,6.641447830489996540e-02,3.247233590918301160e-02,-2.289605625010611156e-01,-4.332862003752937369e-02,1.667582591387219842e-02,1.395349131596475625e-02,-1.903463100072886327e-01,2.360606434516548946e-01,-1.839800779917069584e-02,8.781079285103665644e-02,-3.027671429464174890e-01,3.593229863168771743e-02,2.195119303297836041e-02,-8.166162672286523261e-01,4.048606035809810266e-01,-1.209682088151379009e+00,2.196253601353269080e-01,7.875328112162507596e-03,-2.609506876276143639e-01,-1.538065714362463476e-01,2.643543011281551669e-01,-8.503665366930160951e-01,1.571112231254456759e-01,6.529780384188913489e-01,1.314433491173103985e-01,-1.857988714026975186e-01,-7.103280606700856925e-02
-4.582495112723031228e-01,1.420879506865711850e+00,7.963156502265852366e-01,-1.499468486473151327e-02,-3.542015176963383277e-02,4.309397061971999010e-01,9.015606146549960398e-01,8.477681519251943631e-02,3.414670530162861734e-02,6.815341918496768681e-02,3.205538801117611275e-02,-2.295964489269898545e-01,-4.348056292030069714e-02,1.690696513117734973e-02,1.397091479257328052e-02,-1.900589112851180651e-01,2.356777818113532375e-01,-1.961727416030929760e-02,8.673677155911085901e-02,-3.030593199513816338e-01,3.627403302829812493e-02,2.249414958376903806e-02,-8.137143044700475558e-01,4.059753026362054040e-01,-1.207871459947979842e+00,2.174990683903072208e-01,7.763946955119338522e-03,-2.608480958472241817e-01,-1.538369189227873080e-01,2.622529537480226547e-01,-8.500044927339155398e-01,1.592868907881909157e-01,6.463522816242469604e-01,1.324616357923689147e-01,-1.864950590965144539e-01,-7.150881206997375394e-02
-4.581051995469251348e-01,1.420861522859786730e+00,7.962683064772737573e-01,-1.480699098515596973e-02,-3.521651910204084968e-02,4.304383386422242497e-01,9.018111700501511008e-01,8.496410682531366221e-02,3.385895892128420320e-02,6.927137867238401803e-02,3.187197967913581176e-02,-2.297264113832255816e-01,-4.305265809597427079e-02,1.667268960542470438e-02,1.392822845569050005e-02,-1.887262988455289392e-01,2.356414910778187877e-01,-2.116170505407913988e-02,8.624681563551578334e-02,-3.025144650671145463e-01,3.573171620793597070e-02,2.293425004050236166e-02,-8.115319431225281877e-01,4.070651745754052531e-01,-1.205981930059915719e+00,2.151351730046907884e-01,7.301505683171493136e-03,-2.603647274379086163e-01,-1.553441282738185492e-01,2.604311001306552908e-01,-8.497548355622798200e-01,1.622416526129739633e-01,6.408622632768103955e-01,1.324896287859740063e-01,-1.865415820089685595e-01,-7.091524396039289302e-02
-4.580773289401902648e-01,1.420781834911015284e+00,7.962404614426088489e-01,-1.466163665441659256e-02,-3.511753687986090416e-02,4.302393673472578728e-01,9.019123470707870460e-01,8.540491480979398031e-02,3.363647556754208873e-02,7.034347667635724999e-02,3.090221795117367720e-02,-2.295234300394005111e-01,-4.319079946607290443e-02,1.671161128518503999e-02,1.389911544559719811e-02,-1.878916195412123624e-01,2.350706310861525039e-01,-2.194760091639384042e-02,8.541088666597615453e-02,-3.030526085376137324e-01,3.530768145591500068e-02,2.317294352638645666e-02,-8.081434408817040893e-01,4.073162167604905681e-01,-1.203335883490490810e+00,2.149386592207637170e-01,5.149274114058224362e-03,-2.597373114888359424e-01,-1.559750366658617660e-01,2.588105015401592213e-01,-8.486752798122704222e-01,1.637517854050612731e-01,6.356609930962852095e-01,1.348755022551265115e-01,-1.868895504374523953e-01,-6.951723717830220195e-02
-4.581451305653541639e-01,1.420654552622025335e+00,7.962184263814970908e-01,-1.463434822504130518e-02,-3.480536493750429478e-02,4.300760977943616226e-01,9.020027563869021936e-01,8.527846344731612738e-02,3.336003046718197945e-02,7.148331458407586325e-02,2.965838285362457777e-02,-2.289947741021760297e-01,-4.331648768003366207e-02,1.644059213639513517e-02,1.409479626158796108e-02,-1.860811757633641372e-01,2.336171259801089750e-01,-2.258862519426965698e-02,8.521789637535669149e-02,-3.039073408705380563e-01,3.508034836631477443e-02,2.358334243968524327e-02,-8.067015172745659601e-01,4.075174032899652188e-01,-1.202297047182830259e+00,2.145038749723500171e-01,3.571063885718979251e-03,-2.591975452300500082e-01,-1.596028506523372859e-01,2.578146661682363949e-01,-8.482004572198426073e-01,1.640446516242569930e-01,6.297494121252392718e-01,1.370049409877362456e-01,-1.864260553209150517e-01,-6.627210842192389484e-02
-4.582841613712573259e-01,1.420513579438459129e+00,7.962839518393870497e-01,-1.463378691846799196e-02,-3.534354024317892112e-02,4.299498801413789706e-01,9.020420095593756349e-01,8.603887290430169144e-02,3.418800158631464525e-02,7.395750214292606817e-02,2.985026904416183957e-02,-2.284409096503866587e-01,-4.362649703808358509e-02,1.602544424572280649e-02,1.481366191165261158e-02,-1.841998192137723755e-01,2.353139655433461597e-01,-2.079430833387251737e-02,8.256252509359240932e-02,-3.055616321023793547e-01,3.484141819841066884e-02,2.363862261215384647e-02,-8.062051946584061213e-01,4.086233481613396057e-01,-1.202757118940562142e+00,2.135947223271766893e-01,2.704081530992457141e-03,-2.579849403521581319e-01,-1.625967820265494523e-01,2.568618463863197587e-01,-8.483136803192665720e-01,1.659591639856256573e-01,6.251513291961450225e-01,1.379091858012809757e-01,-1.846061521412881712e-01,-6.434551551082084986e-02
-4.584754490229727697e-01,1.420327600390698608e+00,7.963150905939192503e-01,-1.432660495176564172e-02,-3.543243480085159908e-02,4.297876100498020380e-01,9.021207797198322886e-01,8.609769421725106675e-02,3.361415848880811019e-02,7.395505274539185270e-02,2.988388238105035150e-02,-2.270054219093343151e-01,-4.327109285985575315e-02,1.600403129607460076e-02,1.433977508789642009e-02,-1.835086696585586929e-01,2.352615475549831858e-01,-2.100091180896465626e-02,8.131869151256292116e-02,-3.063387220194133120e-01,3.473123380187266573e-02,2.432171236477656193e-02,-8.051232595826367522e-01,4.096746764896551651e-01,-1.201700931472142519e+00,2.129640383824422112e-01,1.817935344399260536e-03,-2.562890315069951686e-01,-1.643920822129499304e-01,2.568453976855453180e-01,-8.485924222138041539e-01,1.660077371495496112e-01,6.191045331852721434e-01,1.390975117852943921e-01,-1.834622493651220376e-01,-6.185745869266268127e-02
-4.586691127997138961e-01,1.420143625546744781e+00,7.963409497860253206e-01,-1.406958484855786243e-02,-3.522821315414609994e-02,4.298129226746386644e-01,9.021207631365322221e-01,8.552458258757417164e-02,3.266533349017939486e-02,7.278533586011581846e-02,2.977533306987237283e-02,-2.255480713148536043e-01,-4.286561626028102118e-02,1.579950001098986978e-02,1.366976639130508715e-02,-1.830638517191252590e-01,2.344266295919468779e-01,-2.118241474029985971e-02,8.139823860707390280e-02,-3.073841886931671930e-01,3.444908661399274930e-02,2.486715209540089552e-02,-8.056454279180312872e-01,4.100207989072442438e-01,-1.202441197665980788e+00,2.120742991049401338e-01,1.720089216395517340e-03,-2.558930086226010037e-01,-1.662264179134260167e-01,2.573882058863659616e-01,-8.497352731874621146e-01,1.664467360973326260e-01,6.134962988268484185e-01,1.386759943807884254e-01,-1.835547311553186733e-01,-6.008681997935029495e-02
-4.588512305086714371e-01,1.419964069864050549e+00,7.963524181620875719e-01,-1.396517291023699307e-02,-3.508827582344010987e-02,4.296706733022775393e-01,9.021955992739555397e-01,8.513453606146564878e-02,3.224357350756461293e-02,7.251304260585775263e-02,2.948254231995686009e-02,-2.248250667098652955e-01,-4.281379073604312663e-02,1.534668701668451436e-02,1.355431621106383509e-02,-1.819478104104688965e-01,2.338671917498753028e-01,-2.108551244370431704e-02,8.099665529446270495e-02,-3.080686160976146004e-01,3.409202987656521217e-02,2.498164990805354022e-02,-8.056394089383562829e-01,4.099151021947244899e-01,-1.202752921695258603e+00,2.124365455157793681e-01,1.729444244411646858e-03,-2.557431881624655512e-01,-1.662921152673122183e-01,2.573821423049860724e-01,-8.499884345062062030e-01,1.667961515725437105e-01,6.103967402929343367e-01,1.387167573578755586e-01,-1.831036314523295794e-01,-5.949626768700293222e-02
-4.589792736446443033e-01,1.419792485219616651e+00,7.963660445635480922e-01,-1.386641118873502450e-02,-3.497141356822561914e-02,4.293189362089385175e-01,9.023690896114566762e-01,8.473241741341444588e-02,3.202218836932901880e-02,7.296427967050793384e-02,2.962827178017525542e-02,-2.241524317951913980e-01,-4.285614673987851730e-02,1.463758416202527377e-02,1.368732865917973891e-02,-1.799103831770167417e-01,2.338076375666419404e-01,-2.103750979472135407e-02,8.098238923335966677e-02,-3.083000705722059864e-01,3.325167134600435365e-02,2.515359651418326223e-02,-8.049570824854221929e-01,4.095540524318476705e-01,-1.201799737425638614e+00,2.126027890047238467e-01,2.929100558710768208e-03,-2.563234162597952115e-01,-1.662610617152162906e-01,2.572805915270677812e-01,-8.502164480024309023e-01,1.678199106468887536e-01,6.082659522678407482e-01,1.381513120693237395e-01,-1.836405019292290663e-01,-5.870072923226146017e-02
-4.590386657708288576e-01,1.419631585322155720e+00,7.963913478164575954e-01,-1.396684884517369364e-02,-3.508106750214336905e-02,4.291949157584584729e-01,9.024222792702617513e-01,8.471308974894735389e-02,3.252456613591152290e-02,7.369637529416508959e-02,2.955858728530404850e-02,-2.242683258023636661e-01,-4.243125309936399830e-02,1.393830648754248829e-02,1.432805801070420604e-02,-1.784712842925400278e-01,2.344426371741586412e-01,-1.980259505325424052e-02,8.143202740924182503e-02,-3.088171785411898962e-01,3.245735602558608851e-02,2.491256247035630519e-02,-8.047699700480328566e-01,4.095620045145775823e-01,-1.202025264706437779e+00,2.121862198096830798e-01,3.512857996190946880e-03,-2.570990652919462049e-01,-1.670787202748179323e-01,2.574532755924965888e-01,-8.506314678110808991e-01,1.690711904458227222e-01,6.066236458995580838e-01,1.370879958333817983e-01,-1.838516990317232980e-01,-5.800194022335904143e-02
-4.590290816230137572e-01,1.419483780728340028e+00,7.964258542848342559e-01,-1.375708183127078571e-02,-3.510733359919893104e-02,4.289708279804978486e-01,9.025310224966049955e-01,8.479419096066560801e-02,3.220602545934447142e-02,7.256013342899501894e-02,2.954175558793597361e-02,-2.232684735333650972e-01,-4.196489480692364160e-02,1.357119964181698404e-02,1.403565178326597433e-02,-1.782011742522903175e-01,2.350182366135519230e-01,-1.929878642377447218e-02,8.193419616076481893e-02,-3.087183709900493955e-01,3.216200288099142768e-02,2.519877726283922467e-02,-8.046933188483577082e-01,4.094953499646535877e-01,-1.202326997102797668e+00,2.121348317255066784e-01,3.512307190969809947e-03,-2.569450045931828686e-01,-1.686485623697276393e-01,2.587710623729275183e-01,-8.515355221739985270e-01,1.686630131677606392e-01,6.030632984082396897e-01,1.363982809506354144e-01,-1.837276003744021668e-01,-5.612622857134262622e-02
-4.589369534209432611e-01,1.419334517211057412e+00,7.964346981445399321e-01,-1.365055035235191588e-02,-3.511759947965768791e-02,4.290980974408767357e-01,9.024717388674743379e-01,8.474074453696744946e-02,3.220211707159079118e-02,7.227202914214769791e-02,2.963467306724197614e-02,-2.232423861791289765e-01,-4.161691569239557575e-02,1.318448147639805432e-02,1.394237853190969864e-02,-1.782569341832684895e-01,2.356366147033148173e-01,-1.848117078804449587e-02,8.236632305559456191e-02,-3.082894501928480357e-01,3.190671149613392987e-02,2.506008255859976108e-02,-8.045021757880413960e-01,4.091048614396002314e-01,-1.202110498780929460e+00,2.117714397426925244e-01,4.336769720557205783e-03,-2.572521380495157994e-01,-1.701167246371434738e-01,2.609649537297952793e-01,-8.527810021008337404e-01,1.683317093450392987e-01,5.995729800734489467e-01,1.343093411547420513e-01,-1.839949095140901159e-01,-5.389746460604508127e-02
-4.587646570156432846e-01,1.419202326808190140e+00,7.964091525054918241e-01,-1.352619238425786796e-02,-3.514110967531568208e-02,4.292176951296680087e-01,9.024158214027199199e-01,8.455338330356861054e-02,3.220399202247144904e-02,7.157268724538790039e-02,3.039593214742245669e-02,-2.240415761190567012e-01,-4.107281543446642674e-02,1.251846226752600238e-02,1.387365813978920850e-02,-1.782623788217537197e-01,2.372521270578544228e-01,-1.846304919931549687e-02,8.219536969999396980e-02,-3.079024192602036192e-01,3.170098921507494283e-02,2.561344821263090987e-02,-8.030505377261245581e-01,4.086881532381559379e-01,-1.200474171559178238e+00,2.109709719870298816e-01,5.001955414138002307e-03,-2.577985042392251236e-01,-1.709911219543845118e-01,2.627375305630401114e-01,-8.530704756825154833e-01,1.677376496170562836e-01,5.964794718158918929e-01,1.329323802421829848e-01,-1.846074194223537301e-01,-5.291703036205171878e-02
-4.585585567121204797e-01,1.419069619600361598e+00,7.962952032116924483e-01,-1.279480452165710283e-02,-3.529708027951531518e-02,4.292497702597274922e-01,9.024051439530718088e-01,8.139564457995583646e-02,3.103687757388015611e-02,6.759675413256888143e-02,3.924725417831306795e-02,-2.278434122266754513e-01,-4.019480476487737042e-02,1.221242323874559971e-02,1.268219101307870370e-02,-1.775247202855301798e-01,2.396342931356955086e-01,-2.006221303134818335e-02,7.750181970552545707e-02,-3.041196986199867780e-01,3.201271786052777707e-02,2.718230532805982272e-02,-7.990510018475533993e-01,4.079330776355135635e-01,-1.193887819443008036e+00,2.105329971950695434e-01,4.307212364545208623e-03,-2.582419280468943867e-01,-1.751014710309894418e-01,2.654510531108318361e-01,-8.509164466797715098e-01,1.672127305231318750e-01,5.969978370090259778e-01,1.333769392463588777e-01,-1.855322396871568469e-01,-4.944971942102872886e-02
