-8.412848103577115749e-04,-1.647350508967606458e-02,8.111356732589474205e-01,3.825373068913655306e-02,-2.988931516678418332e-02,6.762789246502853846e-01,7.350442823402395520e-01,-1.732948086283934985e-01,8.782114092016798934e-02,2.345505105089441822e-01,8.411717384525905228e-01,-5.253870762606261957e-01,1.263274599047031765e-01,-3.245773361193246553e-01,-1.226245031593817258e-01,-3.099321777227485863e-02,9.368421264122188674e-01,-5.021824605078614168e-01,5.767157149119777476e-02,-1.773739915487791002e-02,0.000000000000000000e+00,0.000000000000000000e+00,1.960120097111770487e-01,2.019430851191324761e-01,-3.432273701532387866e-01,1.029407430454228001e+00,0.000000000000000000e+00,0.000000000000000000e+00,0.000000000000000000e+00,1.538052320652508465e-01,-2.396656016083859031e-01,3.612883558778544613e-01,1.008576380669229611e+00,0.000000000000000000e+00,0.000000000000000000e+00,0.000000000000000000e+00
-1.058153138063113070e-03,-1.458052193626418677e-02,7.831451726370833866e-01,3.758456013779352262e-02,-2.983922863251162530e-02,6.862981668980360217e-01,7.257353838598895601e-01,-2.880106925072574153e-01,1.040568993417829435e-01,2.051494460673581044e-01,1.104950364010691022e+00,-6.831740124213675491e-01,1.236477707944933085e-01,-4.114634923413939549e-01,-1.465066921147656354e-01,-4.113879722635438441e-02,1.158237785252667518e+00,-6.468775146048001412e-01,6.704170532970486762e-02,-4.275375764926857974e-02,0.000000000000000000e+00,0.000000000000000000e+00,1.627341637598388180e-01,1.541869296883527363e-01,-3.556201577959668403e-01,1.098094025588221001e+00,0.000000000000000000e+00,0.000000000000000000e+00,0.000000000000000000e+00,1.237271593070626979e-01,-2.118262104910351717e-01,3.725139170465776028e-01,1.073786226510002217e+00,0.000000000000000000e+00,0.000000000000000000e+00,0.000000000000000000e+00
-9.537634627085447066e-04,-1.582324264590354024e-02,7.722193466674307505e-01,1.726309165757813208e-02,-1.641100068871280057e-02,6.985025335939518687e-01,7.152110704439966771e-01,-3.952209934810974601e-01,1.058925929441948410e-01,1.675605115081522656e-01,1.201056121559438639e+00,-7.251496745587475701e-01,1.225644240728631373e-01,-4.890866199342546183e-01,-1.587937178538481875e-01,-6.897896993363655804e-02,1.227522372207617396e+00,-6.854813159232734376e-01,6.608932154562170702e-02,-8.091327516748868243e-02,0.000000000000000000e+00,0.000000000000000000e+00,7.871729129944370074e-02,1.474770427905403025e-01,-3.381181086792072743e-01,1.163590466055685502e+00,0.000000000000000000e+00,0.000000000000000000e+00,0.000000000000000000e+00,4.287919437529288946e-02,-1.915929115477514322e-01,3.759881257663779675e-01,1.130182124056648307e+00,0.000000000000000000e+00,0.000000000000000000e+00,0.000000000000000000e+00
-1.149619541614798962e-03,-1.645702911874913354e-02,7.729498813913542321e-01,1.108221636813071231e-02,-1.039866231936328010e-02,7.001618838930473432e-01,7.138223789190674129e-01,-4.163815080733562213e-01,1.050759608492175812e-01,1.652976759865574241e-01,1.198793242279444504e+00,-7.208169675845379487e-01,1.179772527049087888e-01,-5.069477678394630482e-01,-1.603917544194205513e-01,-7.177053141515141177e-02,1.223509316821236537e+00,-6.851374691919634996e-01,6.730849780728138942e-02,-8.799134539279859779e-02,0.000000000000000000e+00,0.000000000000000000e+00,5.471983241045733776e-02,1.450844638072108783e-01,-3.300151104229350763e-01,1.174444489161361238e+00,0.000000000000000000e+00,0.000000000000000000e+00,0.000000000000000000e+00,1.814845977600627533e-02,-1.870882971798495942e-01,3.779600483747332373e-01,1.140226936986644235e+00,0.000000000000000000e+00,0.000000000000000000e+00,0.000000000000000000e+00
-1.352619685152587877e-03,-1.665620669145804686e-02,7.730798950845608752e-01,9.798336665607866938e-03,-1.012456114701582380e-02,7.004335036522659763e-01,7.135785820928054468e-01,-4.196897826549750854e-01,1.061682998234003972e-01,1.646131959039513482e-01,1.199365537539867077e+00,-7.208453791257738441e-01,1.207057200604882419e-01,-5.090814956440159467e-01,-1.590281887023561047e-01,-7.247126714232357547e-02,1.222153298123420884e+00,-6.827731050899812359e-01,6.819699415084677641e-02,-8.764664715098523240e-02,0.000000000000000000e+00,0.000000000000000000e+00,5.079878608570338738e-02,1.449803284840095463e-01,-3.288563578994794789e-01,1.175630436679412361e+00,0.000000000000000000e+00,0.000000000000000000e+00,0.000000000000000000e+00,1.384734423626352712e-02,-1.864001509859679051e-01,3.786851751895584650e-01,1.145505649378380619e+00,0.000000000000000000e+00,0.000000000000000000e+00,0.000000000000000000e+00
-1.382407426273987673e-03,-1.679176863731877273e-02,7.730605917449231423e-01,9.557734932112316173e-03,-1.007430901169090523e-02,7.004625295658702955e-01,7.135540642972237890e-01,-4.204484365819436964e-01,1.065839425125561790e-01,1.644890374853705262e-01,1.199672420031528297e+00,-7.214812430266346333e-01,1.199084702611745989e-01,-5.094666147991543381e-01,-1.584838026193844951e-01,-7.248918213948557510e-02,1.222010524712692447e+00,-6.845198705240773673e-01,6.758527164080808947e-02,-8.740780611360804420e-02,0.000000000000000000e+00,0.000000000000000000e+00,5.071906201578799123e-02,1.456190926361825844e-01,-3.287144723289183723e-01,1.174920997516657240e+00,0.000000000000000000e+00,0.000000000000000000e+00,0.000000000000000000e+00,1.314453590049700568e-02,-1.860385480161069749e-01,3.789091805553195247e-01,1.146039341958058122e+00,0.000000000000000000e+00,0.000000000000000000e+00,0.000000000000000000e+00
-1.320486810845993703e-03,-1.702061313549316224e-02,7.726377403277240319e-01,1.020653418084103460e-02,-1.067634460470771353e-02,7.007539369492494785e-01,7.132501399761683736e-01,-4.203665055268920869e-01,1.057692381590748798e-01,1.634654987487912936e-01,1.202396159304899736e+00,-7.218683148565596674e-01,1.233638122953542998e-01,-5.094135545984620483e-01,-1.592299013526020934e-01,-7.282056739552195124e-02,1.225012747513685385e+00,-6.807987117278738731e-01,6.744277096395068227e-02,-8.723937783140529867e-02,0.000000000000000000e+00,0.000000000000000000e+00,5.102875060195936896e-02,1.453355395603815325e-01,-3.264494942240150910e-01,1.174916191015380695e+00,0.000000000000000000e+00,0.000000000000000000e+00,0.000000000000000000e+00,1.312668902467470193e-02,-1.855258935058709535e-01,3.762415690719956851e-01,1.148120432502871546e+00,0.000000000000000000e+00,0.000000000000000000e+00,0.000000000000000000e+00
-1.164368384145927568e-03,-1.711517369387500001e-02,7.725021697912367591e-01,9.621866982863800516e-03,-1.072875130539054436e-02,7.006563290607675798e-01,7.133533641318865470e-01,-4.221728954792737243e-01,1.064878696009910197e-01,1.617109308516721522e-01,1.203903243216345675e+00,-7.218001733371496309e-01,1.210642363186253262e-01,-5.095978285290126975e-01,-1.571373432829009653e-01,-7.277241118078217608e-02,1.224588677679306681e+00,-6.870603491838442878e-01,6.728839635272959585e-02,-8.538955546299159538e-02,0.000000000000000000e+00,0.000000000000000000e+00,4.951194523473279041e-02,1.466291610556423597e-01,-3.277963784490758870e-01,1.174615875897387696e+00,0.000000000000000000e+00,0.000000000000000000e+00,0.000000000000000000e+00,1.316697185399853462e-02,-1.842593703834523589e-01,3.765852246993718344e-01,1.148353263431806770e+00,0.000000000000000000e+00,0.000000000000000000e+00,0.000000000000000000e+00
-1.010451040559724300e-03,-1.724718663949784819e-02,7.728256990738938681e-01,9.579854264348925189e-03,-1.053277026835892742e-02,7.004208518360612867e-01,7.135880586556880845e-01,-4.218397249396670934e-01,1.063248171646485607e-01,1.619222961384063630e-01,1.201850438241336638e+00,-7.204847753263430299e-01,1.209625932136082493e-01,-5.095136629320369259e-01,-1.565928739677457937e-01,-7.250418242196543517e-02,1.222904187407436671e+00,-6.868864145987978453e-01,6.690471255868685185e-02,-8.488068684919178319e-02,0.000000000000000000e+00,0.000000000000000000e+00,4.906292233110112061e-02,1.476644263155722503e-01,-3.280884418844612349e-01,1.174659659551203328e+00,0.000000000000000000e+00,0.000000000000000000e+00,0.000000000000000000e+00,1.255703020935391989e-02,-1.847773740641730500e-01,3.780967750317691944e-01,1.147893610174137491e+00,0.000000000000000000e+00,0.000000000000000000e+00,0.000000000000000000e+00
-8.096688386598749863e-04,-1.745669401629565756e-02,7.726133620887489784e-01,9.721405913794929285e-03,-1.069976752759428315e-02,7.004714626437446023e-01,7.135339790533089532e-01,-4.221261969386298496e-01,1.065327850372243812e-01,1.612779149520439659e-01,1.203067897316223656e+00,-7.219836777346043677e-01,1.197627655754206211e-01,-5.094231944747303897e-01,-1.562893555904560638e-01,-7.282804272935551604e-02,1.223873724156725018e+00,-6.902528970840933198e-01,6.542278372007419296e-02,-8.460196195912837724e-02,0.000000000000000000e+00,0.000000000000000000e+00,4.855286057825008994e-02,1.478579670686600844e-01,-3.263926222488018336e-01,1.174884441186762718e+00,0.000000000000000000e+00,0.000000000000000000e+00,0.000000000000000000e+00,1.313761921212980646e-02,-1.840614294913449633e-01,3.788288045609201071e-01,1.146468877651381835e+00,0.000000000000000000e+00,0.000000000000000000e+00,0.000000000000000000e+00
-6.642297410462289506e-04,-1.766085452304876069e-02,7.727796882818817048e-01,9.975989142596656048e-03,-1.036867704356334539e-02,6.999655319658125707e-01,7.140316689312948828e-01,-4.217262632397625333e-01,1.067047270897063527e-01,1.629240781210919420e-01,1.201644704468031843e+00,-7.201337813361664564e-01,1.195264944580230054e-01,-5.103132429804653203e-01,-1.574801500316356240e-01,-7.288905533643175172e-02,1.223701832404350487e+00,-6.877649355140276199e-01,6.554369621216478425e-02,-8.502326933732161363e-02,0.000000000000000000e+00,0.000000000000000000e+00,4.870880925528485450e-02,1.476644042142354341e-01,-3.265113173194550966e-01,1.175645516011286640e+00,0.000000000000000000e+00,0.000000000000000000e+00,0.000000000000000000e+00,1.226823870823531663e-02,-1.841236407089374416e-01,3.788750490055965425e-01,1.145598194232351652e+00,0.000000000000000000e+00,0.000000000000000000e+00,0.000000000000000000e+00
-5.775687452476575140e-04,-1.787736598899822282e-02,7.730076204037135135e-01,1.009628742926713119e-02,-1.074553585537549490e-02,7.001063363495593217e-01,7.138863468665892498e-01,-4.210204552589491556e-01,1.069048065801211783e-01,1.623387926777908330e-01,1.200676841467809064e+00,-7.188942425481285037e-01,1.193786126622245342e-01,-5.091507650028630483e-01,-1.568421161228193694e-01,-7.322896410600901462e-02,1.222280497426063706e+00,-6.862569139637404447e-01,6.567699078388528067e-02,-8.538086464867544745e-02,0.000000000000000000e+00,0.000000000000000000e+00,4.810929864162202113e-02,1.477410335385498097e-01,-3.264704740359198887e-01,1.176221896514596965e+00,0.000000000000000000e+00,0.000000000000000000e+00,0.000000000000000000e+00,1.218121099222605440e-02,-1.836684099676096915e-01,3.794879716751352605e-01,1.145800306027502158e+00,0.000000000000000000e+00,0.000000000000000000e+00,0.000000000000000000e+00
-5.396222237857017934e-04,-1.808371888434643845e-02,7.732743624673916738e-01,9.927573533514453402e-03,-1.083521244263712172e-02,7.000932584462941088e-01,7.139001827518400844e-01,-4.208805161205286804e-01,1.081350316060963601e-01,1.629357905229895098e-01,1.199550596800407876e+00,-7.176173510105237074e-01,1.182251239390630232e-01,-5.085825687193458178e-01,-1.569836354495509623e-01,-7.436562632944172802e-02,1.220517183567761066e+00,-6.862766561415186706e-01,6.586644612555794809e-02,-8.473965077169831606e-02,0.000000000000000000e+00,0.000000000000000000e+00,4.749299939430504103e-02,1.478899368822755300e-01,-3.265098148293987812e-01,1.175704308655204366e+00,0.000000000000000000e+00,0.000000000000000000e+00,0.000000000000000000e+00,1.268231225914606512e-02,-1.830265227232723280e-01,3.799058023417672403e-01,1.144659069641850602e+00,0.000000000000000000e+00,0.000000000000000000e+00,0.000000000000000000e+00
-5.961743664302475692e-04,-1.823002778326501469e-02,7.735124353716962275e-01,9.395124352407675447e-03,-1.063350021648377768e-02,6.998757659942068665e-01,7.141236394949905808e-01,-4.214943859345137156e-01,1.088640007128158504e-01,1.633150559948484126e-01,1.198332470451340281e+00,-7.181218470908884433e-01,1.175105757061020717e-01,-5.092051222827088663e-01,-1.560295809252341681e-01,-7.431203216627192687e-02,1.218875467667610568e+00,-6.868360400624580198e-01,6.592284871499955179e-02,-8.428066618010902900e-02,0.000000000000000000e+00,0.000000000000000000e+00,4.676399361226322299e-02,1.482425101847252291e-01,-3.260743475360964316e-01,1.176069902565672010e+00,0.000000000000000000e+00,0.000000000000000000e+00,0.000000000000000000e+00,1.252995189750888243e-02,-1.830316423469481590e-01,3.798502481127540853e-01,1.143576280317707639e+00,0.000000000000000000e+00,0.000000000000000000e+00,0.000000000000000000e+00
-6.676577247240152776e-04,-1.839754637245062316e-02,7.741554592471145968e-01,9.382157506362218125e-03,-1.073591473820318179e-02,7.001750080071207361e-01,7.138288824483698392e-01,-4.201188511476438014e-01,1.085379820748819391e-01,1.630484910955932176e-01,1.194630310063942380e+00,-7.162437965565594533e-01,1.158146529195286656e-01,-5.074543228059221756e-01,-1.551805121108978391e-01,-7.392446390877469020e-02,1.214951260315159320e+00,-6.848221344042468850e-01,6.721771518436914228e-02,-8.389209789789604799e-02,0.000000000000000000e+00,0.000000000000000000e+00,4.613837669885007681e-02,1.476349485295961050e-01,-3.247560872396241805e-01,1.175561513012318260e+00,0.000000000000000000e+00,0.000000000000000000e+00,0.000000000000000000e+00,1.327534381053397522e-02,-1.830367966136790536e-01,3.776147885233790413e-01,1.142715428738980243e+00,0.000000000000000000e+00,0.000000000000000000e+00,0.000000000000000000e+00
-7.636155934154199246e-04,-1.859687392799223501e-02,7.741243143895154555e-01,9.108350963549192991e-03,-1.070247014731668528e-02,6.998181956016255034e-01,7.141827414467224466e-01,-4.209962772918244278e-01,1.091394902743058892e-01,1.634008282794304212e-01,1.195137084915234960e+00,-7.161583757392513405e-01,1.162187729691317867e-01,-5.084094492351751704e-01,-1.543847813614271369e-01,-7.353024267041699535e-02,1.214903515109932775e+00,-6.855055845177331353e-01,6.632473336358107874e-02,-8.337666679011079829e-02,0.000000000000000000e+00,0.000000000000000000e+00,4.661049572307335992e-02,1.477428111713159353e-01,-3.246682977142990589e-01,1.174174012836299408e+00,0.000000000000000000e+00,0.000000000000000000e+00,0.000000000000000000e+00,1.295725371092425367e-02,-1.831582015049730283e-01,3.785048888143806578e-01,1.141832627609555173e+00,0.000000000000000000e+00,0.000000000000000000e+00,0.000000000000000000e+00
-8.861250417768635210e-04,-1.882570490629106169e-02,7.743275320264966233e-01,9.067170973897798608e-03,-1.096899087694653240e-02,6.997954155500565321e-01,7.142015430008503696e-01,-4.208854058301237377e-01,1.092302527051455668e-01,1.632095993065807438e-01,1.194456717904164966e+00,-7.144833543578031909e-01,1.174643000679956722e-01,-5.081444002939620175e-01,-1.542237551136007856e-01,-7.392002028421335025e-02,1.213777296292414265e+00,-6.820085930832697763e-01,6.664040173736046624e-02,-8.348942577847956459e-02,0.000000000000000000e+00,0.000000000000000000e+00,4.672611840637895531e-02,1.473949402295965383e-01,-3.224600347168620207e-01,1.173440078944861131e+00,0.000000000000000000e+00,0.000000000000000000e+00,0.000000000000000000e+00,1.332698382398819249e-02,-1.830715312780161474e-01,3.769165718564207457e-01,1.140863986095099536e+00,0.000000000000000000e+00,0.000000000000000000e+00,0.000000000000000000e+00
-9.833776137637771208e-04,-1.898165039389738962e-02,7.745277801976208076e-01,8.598133884544018751e-03,-1.092688454940379458e-02,6.994639177590877832e-01,7.145326465885625256e-01,-4.216239507596158398e-01,1.102220861343759656e-01,1.634767676339881071e-01,1.193884746725755619e+00,-7.130587632528633257e-01,1.170138896401155953e-01,-5.083347768641718334e-01,-1.528741641359438463e-01,-7.368853582841908278e-02,1.211968126560630132e+00,-6.838895268063100996e-01,6.577794917980725464e-02,-8.351086509553952431e-02,0.000000000000000000e+00,0.000000000000000000e+00,4.706438417196066176e-02,1.481520366986149029e-01,-3.228393520611492207e-01,1.172809210299783800e+00,0.000000000000000000e+00,0.000000000000000000e+00,0.000000000000000000e+00,1.252292475609850277e-02,-1.829160397826444240e-01,3.781476679008415331e-01,1.140521302291194861e+00,0.000000000000000000e+00,0.000000000000000000e+00,0.000000000000000000e+00
-1.069363073947124723e-03,-1.914953817870767780e-02,7.745744422786903227e-01,8.357126499357049945e-03,-1.116622800259353329e-02,6.995484147624969617e-01,7.144490808953044558e-01,-4.217231372475201967e-01,1.108948135311099981e-01,1.631934732129366461e-01,1.193845478251435832e+00,-7.145312767052954817e-01,1.161855438982614397e-01,-5.080155525209563150e-01,-1.527281109324375996e-01,-7.471924939123845977e-02,1.211219397852251634e+00,-6.842677982442436635e-01,6.572611413454011731e-02,-8.266160019247979773e-02,0.000000000000000000e+00,0.000000000000000000e+00,4.695434658362260261e-02,1.483989232745040188e-01,-3.220014192062511937e-01,1.171138146941723690e+00,0.000000000000000000e+00,0.000000000000000000e+00,0.000000000000000000e+00,1.262341294211116217e-02,-1.831506593152025519e-01,3.772755985791015898e-01,1.140442572416393574e+00,0.000000000000000000e+00,0.000000000000000000e+00,0.000000000000000000e+00
-1.135747738619028672e-03,-1.925462711626891449e-02,7.746818764591320017e-01,7.761455917473208087e-03,-1.114649352321524928e-02,6.997855518089554083e-01,7.142238423376900958e-01,-4.230250381290710515e-01,1.113797856330903668e-01,1.623576287041280930e-01,1.193898929006382614e+00,-7.148323521645413292e-01,1.164382180324161215e-01,-5.084522341118020705e-01,-1.514321566623948179e-01,-7.475330011605696434e-02,1.210063929348173639e+00,-6.839033051792928752e-01,6.615377005557282475e-02,-8.287366132404266894e-02,0.000000000000000000e+00,0.000000000000000000e+00,4.617609323522992026e-02,1.486951054058808508e-01,-3.211582753356239106e-01,1.171518232405351245e+00,0.000000000000000000e+00,0.000000000000000000e+00,0.000000000000000000e+00,1.253814716666100566e-02,-1.831017008600438201e-01,3.780513595347575473e-01,1.139742303008931534e+00,0.000000000000000000e+00,0.000000000000000000e+00,0.000000000000000000e+00
-1.161982962862953637e-03,-1.933318984834462434e-02,7.749766832020513752e-01,7.019656110126547624e-03,-1.086757284519591395e-02,6.999233452656457022e-01,7.141007849321394652e-01,-4.243688395917823430e-01,1.116742337216090064e-01,1.615192490220047628e-01,1.192637783023173803e+00,-7.141196629289809916e-01,1.153152844087458190e-01,-5.085808017715058860e-01,-1.497966751096747318e-01,-7.457981392773831153e-02,1.207325874692034784e+00,-6.866324816317509461e-01,6.606867236842459135e-02,-8.228581784549321432e-02,0.000000000000000000e+00,0.000000000000000000e+00,4.497200735913933767e-02,1.498259082448087920e-01,-3.228740189968126173e-01,1.170695909409950719e+00,0.000000000000000000e+00,0.000000000000000000e+00,0.000000000000000000e+00,1.196835660471723232e-02,-1.828737701944525007e-01,3.780240909270302652e-01,1.139868025109138649e+00,0.000000000000000000e+00,0.000000000000000000e+00,0.000000000000000000e+00
-1.117053654647787815e-03,-1.956148349793493738e-02,7.747071903356388400e-01,7.965276919465909961e-03,-1.093985755697878502e-02,6.994762182050696664e-01,7.145277419707110056e-01,-4.235522189533414972e-01,1.104867948947842876e-01,1.622738701186725030e-01,1.193652873849754492e+00,-7.126925016543027569e-01,1.161216477810268904e-01,-5.092275863432137450e-01,-1.509797354625717070e-01,-7.342450763192889807e-02,1.210096220687338908e+00,-6.849352393893174407e-01,6.433546661410861900e-02,-8.338016618058721741e-02,0.000000000000000000e+00,0.000000000000000000e+00,4.597814734958852179e-02,1.490193137888989050e-01,-3.228727210254971891e-01,1.171437042296151976e+00,0.000000000000000000e+00,0.000000000000000000e+00,0.000000000000000000e+00,1.183721126639524814e-02,-1.827839987443585223e-01,3.777292537040168874e-01,1.138596168522267194e+00,0.000000000000000000e+00,0.000000000000000000e+00,0.000000000000000000e+00
-1.124990403740549864e-03,-1.964009670186178322e-02,7.746938175717547059e-01,7.582948082203609316e-03,-1.086175217012869294e-02,6.998009830916318563e-01,7.142150273567217100e-01,-4.245880956379166071e-01,1.106706328611578583e-01,1.615193384419513212e-01,1.193979043575781329e+00,-7.141486779604950819e-01,1.155230184518247216e-01,-5.094291629448852721e-01,-1.501869474313340114e-01,-7.353332450299214507e-02,1.209542985411831140e+00,-6.871852839895541409e-01,6.382916714482124443e-02,-8.321752772783345964e-02,0.000000000000000000e+00,0.000000000000000000e+00,4.502314237277611764e-02,1.491429239787242511e-01,-3.222146442761595897e-01,1.172019204114121083e+00,0.000000000000000000e+00,0.000000000000000000e+00,0.000000000000000000e+00,1.189020657139369490e-02,-1.829032364889697226e-01,3.779727339783748308e-01,1.138146725427986672e+00,0.000000000000000000e+00,0.000000000000000000e+00,0.000000000000000000e+00
-1.142126053250710951e-03,-1.975916526119462710e-02,7.746291505477997941e-01,7.757894483536838595e-03,-1.109556398108945373e-02,6.996453047516838497e-01,7.143620588133496874e-01,-4.244117914530630697e-01,1.108775550069263094e-01,1.617338125429657048e-01,1.194625212569572215e+00,-7.135586602310349802e-01,1.167705565236420162e-01,-5.093707330671668476e-01,-1.505715429985930165e-01,-7.378983534386190923e-02,1.210008144811101083e+00,-6.854034101540564805e-01,6.520536803060654474e-02,-8.319690735190359010e-02,0.000000000000000000e+00,0.000000000000000000e+00,4.493723704923313633e-02,1.493993697738087711e-01,-3.229690304463203043e-01,1.171963716952316492e+00,0.000000000000000000e+00,0.000000000000000000e+00,0.000000000000000000e+00,1.128475260007316683e-02,-1.821640966892890678e-01,3.758922739272544944e-01,1.139280476468126579e+00,0.000000000000000000e+00,0.000000000000000000e+00,0.000000000000000000e+00
-1.176018853471332915e-03,-1.976947982011890287e-02,7.751742897590853110e-01,7.667143637555875677e-03,-1.112523687386510717e-02,6.996745086770607136e-01,7.143339736568993237e-01,-4.230187659065939298e-01,1.111550053738040583e-01,1.622580345445668593e-01,1.191326998099476953e+00,-7.125007229766970873e-01,1.163521318156685858e-01,-5.075172588934679929e-01,-1.504176273541784070e-01,-7.449681857457038370e-02,1.206390618056433661e+00,-6.862916557675591278e-01,6.553975714839600786e-02,-8.316257975853992568e-02,0.000000000000000000e+00,0.000000000000000000e+00,4.423670735723552599e-02,1.500742286172178364e-01,-3.239502057001673041e-01,1.172524857664298814e+00,0.000000000000000000e+00,0.000000000000000000e+00,0.000000000000000000e+00,1.116880044698483759e-02,-1.825400409431744697e-01,3.757759922300057953e-01,1.138524270968895857e+00,0.000000000000000000e+00,0.000000000000000000e+00,0.000000000000000000e+00
-1.127522430636239935e-03,-1.985295612234156196e-02,7.746032085276780554e-01,8.203399028114444907e-03,-1.089128005509150746e-02,6.993661375149898829e-01,7.146335354295321185e-01,-4.242109050932866277e-01,1.093194642772325198e-01,1.619174872860374426e-01,1.194298232182718467e+00,-7.118885843471461916e-01,1.187175112195748838e-01,-5.100451153579091956e-01,-1.512678182926209258e-01,-7.287064455088898551e-02,1.211144735871293898e+00,-6.840692769389875583e-01,6.466125067759891099e-02,-8.387979990759197868e-02,0.000000000000000000e+00,0.000000000000000000e+00,4.487968290629622270e-02,1.486184072917734744e-01,-3.230151980679208945e-01,1.173640392506665631e+00,0.000000000000000000e+00,0.000000000000000000e+00,0.000000000000000000e+00,1.080762478048266639e-02,-1.820461927516420775e-01,3.735371185616221390e-01,1.138893549097632629e+00,0.000000000000000000e+00,0.000000000000000000e+00,0.000000000000000000e+00
-1.189499139802876419e-03,-1.973670265441467703e-02,7.752607344408944945e-01,7.154746420392241006e-03,-1.071149277754508862e-02,6.996546302311887899e-01,7.143650830788106365e-01,-4.243635913802560333e-01,1.108640036566427289e-01,1.618601060691339522e-01,1.190986890227945683e+00,-7.124443313473688422e-01,1.169526709842870493e-01,-5.089299222268928169e-01,-1.495061889919505893e-01,-7.367490401700231561e-02,1.206009663481911298e+00,-6.852573845921687834e-01,6.629890793409808081e-02,-8.351708938411932237e-02,0.000000000000000000e+00,0.000000000000000000e+00,4.389286967447523363e-02,1.492740137297236536e-01,-3.252018173724503525e-01,1.172980765616959298e+00,0.000000000000000000e+00,0.000000000000000000e+00,0.000000000000000000e+00,1.062516019085738873e-02,-1.824076619605292937e-01,3.745144190701151232e-01,1.139007207425228874e+00,0.000000000000000000e+00,0.000000000000000000e+00,0.000000000000000000e+00
-1.114268413667674623e-03,-1.973046011708994019e-02,7.750260817656386969e-01,7.417204378003761263e-03,-1.063136468023089670e-02,6.994190956100225787e-01,7.145942120254755725e-01,-4.243653086156993215e-01,1.110401540265574527e-01,1.626370792794364362e-01,1.192073342654659029e+00,-7.128113965236966276e-01,1.166141104492733060e-01,-5.096525389320024635e-01,-1.496753113993040396e-01,-7.295761991851243411e-02,1.207766709797741589e+00,-6.858223610063999276e-01,6.550045427309979240e-02,-8.373278668204613140e-02,0.000000000000000000e+00,0.000000000000000000e+00,4.427019974300547278e-02,1.492109754590801862e-01,-3.251088557844892257e-01,1.173526509762524705e+00,0.000000000000000000e+00,0.000000000000000000e+00,0.000000000000000000e+00,1.075746154168074134e-02,-1.817213752095848678e-01,3.732740350071891977e-01,1.138326735810205825e+00,0.000000000000000000e+00,0.000000000000000000e+00,0.000000000000000000e+00
-1.010425513120383548e-03,-1.970680529914983423e-02,7.749859018039343406e-01,7.723796864476711356e-03,-1.053233844284816138e-02,6.991499215823413493e-01,7.148557896249623234e-01,-4.240258549847960579e-01,1.104534352416949305e-01,1.628688944916938386e-01,1.192015366200598114e+00,-7.116316043882646714e-01,1.168001495897960235e-01,-5.097776697508666910e-01,-1.498012952084866733e-01,-7.219450035836152968e-02,1.208221402433061531e+00,-6.859106302986544001e-01,6.559122624335803065e-02,-8.449970636055462170e-02,0.000000000000000000e+00,0.000000000000000000e+00,4.487061680277469600e-02,1.485523833193601873e-01,-3.235472444750185361e-01,1.174189977695872189e+00,0.000000000000000000e+00,0.000000000000000000e+00,0.000000000000000000e+00,1.142895554455771769e-02,-1.816698320058487137e-01,3.727530954634066251e-01,1.136139913296439152e+00,0.000000000000000000e+00,0.000000000000000000e+00,0.000000000000000000e+00
-8.852660347493799186e-04,-1.964674934795298047e-02,7.747241948881070650e-01,7.517106639648344669e-03,-9.859503233845285514e-03,6.990083125750572446e-01,7.150060574951252468e-01,-4.254767880416961967e-01,1.101791961793039121e-01,1.634528764378776478e-01,1.192900468428901739e+00,-7.137056131984121921e-01,1.165975163683228011e-01,-5.120835483462754523e-01,-1.496670897791135268e-01,-7.105097916107104561e-02,1.210103596345080357e+00,-6.876174260155754059e-01,6.500228182701425772e-02,-8.592715074602175207e-02,0.000000000000000000e+00,0.000000000000000000e+00,4.551196838202697936e-02,1.488712341366978942e-01,-3.232589150724082261e-01,1.173315614561097675e+00,0.000000000000000000e+00,0.000000000000000000e+00,0.000000000000000000e+00,1.142747948236644447e-02,-1.824079105264191369e-01,3.736816523524665312e-01,1.132854225042840834e+00,0.000000000000000000e+00,0.000000000000000000e+00,0.000000000000000000e+00
-7.212395146346968749e-04,-1.972034226975933821e-02,7.739835832318276987e-01,8.127757251845590600e-03,-9.703643502659686088e-03,6.989505148060526363e-01,7.150580093371332602e-01,-4.267360632121241504e-01,1.085994528762335709e-01,1.628525179556887803e-01,1.196814151961214545e+00,-7.148394029273571482e-01,1.180979505306912342e-01,-5.141625671746049564e-01,-1.511469514733191077e-01,-7.020525961303092366e-02,1.215221370955341218e+00,-6.874055817265896096e-01,6.538220875118061493e-02,-8.686757634366623626e-02,0.000000000000000000e+00,0.000000000000000000e+00,4.633616232980420496e-02,1.480803734456766219e-01,-3.218372898654721648e-01,1.173173646532018610e+00,0.000000000000000000e+00,0.000000000000000000e+00,0.000000000000000000e+00,1.204760086030639762e-02,-1.814717891463273336e-01,3.716236808522918600e-01,1.131517576381923407e+00,0.000000000000000000e+00,0.000000000000000000e+00,0.000000000000000000e+00
-5.818380677594368368e-04,-1.988066883811027627e-02,7.728193017592154268e-01,8.895621906076647128e-03,-9.782332011998082569e-03,6.986355005267919083e-01,7.153555838147845902e-01,-4.288757417270464556e-01,1.070908159220908124e-01,1.621850907726970492e-01,1.203479782880777504e+00,-7.155712514313703476e-01,1.226053195436274945e-01,-5.171418917150739647e-01,-1.526224774489779723e-01,-6.940602294606576517e-02,1.222947812558817349e+00,-6.874360664918952590e-01,6.382370702947118279e-02,-8.819447016584358590e-02,0.000000000000000000e+00,0.000000000000000000e+00,4.708101344877708982e-02,1.476166902805544356e-01,-3.206813392744659041e-01,1.174689995574854651e+00,0.000000000000000000e+00,0.000000000000000000e+00,0.000000000000000000e+00,1.154213571738545684e-02,-1.802684400027283196e-01,3.701159918262330595e-01,1.131655051953961655e+00,0.000000000000000000e+00,0.000000000000000000e+00,0.000000000000000000e+00
-5.954460707346480829e-04,-2.002860883449585766e-02,7.724024054352481850e-01,9.321239738725829033e-03,-9.915888098378683110e-03,6.984965261667896996e-01,7.154840267859808867e-01,-4.286282599664743009e-01,1.068536971547271730e-01,1.626671810947294960e-01,1.205281577650297642e+00,-7.190594057466032085e-01,1.229409903097311851e-01,-5.179651601406517480e-01,-1.524998123313866805e-01,-6.806503807858739485e-02,1.225575156839643354e+00,-6.876856054412602282e-01,6.353240714231822572e-02,-8.968671306536463161e-02,0.000000000000000000e+00,0.000000000000000000e+00,4.753884784998776980e-02,1.473084599805691564e-01,-3.206034868084458589e-01,1.175220082090741469e+00,0.000000000000000000e+00,0.000000000000000000e+00,0.000000000000000000e+00,1.062167052737287773e-02,-1.807433837234542762e-01,3.702224783803668151e-01,1.130944180515826902e+00,0.000000000000000000e+00,0.000000000000000000e+00,0.000000000000000000e+00
-7.480587788453754673e-04,-2.014131727366486047e-02,7.726748238384635314e-01,8.653881306542153193e-03,-1.016823888429018580e-02,6.982101777432934142e-01,7.157683039587627860e-01,-4.285525598155499605e-01,1.091491300248933205e-01,1.633610678773888547e-01,1.204314635270895772e+00,-7.202354165574007538e-01,1.213862486197631596e-01,-5.170231008254436711e-01,-1.502469528983794711e-01,-6.803265099517322168e-02,1.222533924571593378e+00,-6.914083188170970784e-01,6.464286500477720021e-02,-8.955152810281814812e-02,0.000000000000000000e+00,0.000000000000000000e+00,4.628639365052018839e-02,1.478570171217396534e-01,-3.201377632546647534e-01,1.176878868811828349e+00,0.000000000000000000e+00,0.000000000000000000e+00,0.000000000000000000e+00,9.763004753847982775e-03,-1.798863723855427532e-01,3.680221462763228479e-01,1.131660943641600303e+00,0.000000000000000000e+00,0.000000000000000000e+00,0.000000000000000000e+00
-9.709776550411196912e-04,-2.033806563969233275e-02,7.731507607182248609e-01,7.836084020928557603e-03,-1.016920145069256411e-02,6.977950107001303914e-01,7.161824531298417451e-01,-4.289513045665042101e-01,1.112524629721202557e-01,1.646271488948175543e-01,1.202411210808534747e+00,-7.193610317440179980e-01,1.211923728703807046e-01,-5.170814490045987366e-01,-1.487700948786417898e-01,-6.829638963194285817e-02,1.218976180754209215e+00,-6.906442659217695290e-01,6.618208989801457887e-02,-9.012735228736294679e-02,0.000000000000000000e+00,0.000000000000000000e+00,4.554516832211089744e-02,1.482089161689630619e-01,-3.204884607109125816e-01,1.177892582993060433e+00,0.000000000000000000e+00,0.000000000000000000e+00,0.000000000000000000e+00,8.547742380075790819e-03,-1.800268288482483048e-01,3.687486370980488926e-01,1.130954786807266244e+00,0.000000000000000000e+00,0.000000000000000000e+00,0.000000000000000000e+00
-1.192780072477316305e-03,-2.066128171063177227e-02,7.736479593893899054e-01,7.402685216050637444e-03,-1.029069683624053884e-02,6.975103075280749687e-01,7.164626108195091270e-01,-4.288021475584046782e-01,1.128043753771121593e-01,1.656473208187270452e-01,1.200194992172153752e+00,-7.172087399818289910e-01,1.198167041497559815e-01,-5.163267980304868665e-01,-1.479830807204857712e-01,-6.882002340354315129e-02,1.215314045023013545e+00,-6.908785118412272830e-01,6.657316754541675596e-02,-9.005668875072950219e-02,0.000000000000000000e+00,0.000000000000000000e+00,4.428193628080639294e-02,1.484121242682615860e-01,-3.212176207957348484e-01,1.178928451961990254e+00,0.000000000000000000e+00,0.000000000000000000e+00,0.000000000000000000e+00,6.436560636147400406e-03,-1.793031447373540366e-01,3.685938975649186156e-01,1.133243046829669476e+00,0.000000000000000000e+00,0.000000000000000000e+00,0.000000000000000000e+00
-1.429178602691483007e-03,-2.106409832703581841e-02,7.741608164051677621e-01,7.073850630157679092e-03,-1.030171846450262350e-02,6.975453266200125624e-01,7.164316803049131099e-01,-4.288212736754911658e-01,1.133767489412409735e-01,1.661397587434072509e-01,1.197656573976922267e+00,-7.153522312004318984e-01,1.188144441373828464e-01,-5.160905357246680092e-01,-1.473526980053711521e-01,-6.878357875096220708e-02,1.212131575554905583e+00,-6.882516145764051574e-01,6.731510839218481090e-02,-9.061399908848682960e-02,0.000000000000000000e+00,0.000000000000000000e+00,4.296492502657883045e-02,1.475733081872039609e-01,-3.212707607998661063e-01,1.180233740447939939e+00,0.000000000000000000e+00,0.000000000000000000e+00,0.000000000000000000e+00,5.583665737964981467e-03,-1.788846301510540748e-01,3.668036429360027606e-01,1.132996108406708613e+00,0.000000000000000000e+00,0.000000000000000000e+00,0.000000000000000000e+00
-1.638307860588621503e-03,-2.156304792110665461e-02,7.745432762780882774e-01,6.625685964422104758e-03,-1.030359988559163657e-02,6.972048600831799448e-01,7.167672698939959730e-01,-4.293691961863367323e-01,1.146177060626185629e-01,1.670176098253396135e-01,1.196001238542147238e+00,-7.136436590083756748e-01,1.173147641398634422e-01,-5.163399298566523354e-01,-1.462385714089133038e-01,-6.868380720737607414e-02,1.209349834751462627e+00,-6.884880011155345425e-01,6.723128035647099598e-02,-9.008280673703764063e-02,0.000000000000000000e+00,0.000000000000000000e+00,4.109503917390847083e-02,1.473282913994703458e-01,-3.232461491190513070e-01,1.181135901726988457e+00,0.000000000000000000e+00,0.000000000000000000e+00,0.000000000000000000e+00,3.809325917308216056e-03,-1.782377106666375999e-01,3.658979782410433090e-01,1.134171994749558765e+00,0.000000000000000000e+00,0.000000000000000000e+00,0.000000000000000000e+00
-1.794761956372586779e-03,-2.217090815565857936e-02,7.744603351932939361e-01,6.382671430126951768e-03,-1.014356797027788845e-02,6.972767907562366085e-01,7.167017835940769910e-01,-4.315347238916527606e-01,1.144459042481423272e-01,1.667714347181419310e-01,1.197043138321217004e+00,-7.132779197495826562e-01,1.181613952853495242e-01,-5.183550117264396073e-01,-1.460306452673508226e-01,-6.826068025471802858e-02,1.209864215953560418e+00,-6.868705414588505143e-01,6.667482956403926464e-02,-9.039212252866946073e-02,0.000000000000000000e+00,0.000000000000000000e+00,3.926882169683675039e-02,1.460819504429378413e-01,-3.210794490197685924e-01,1.182989003369136372e+00,0.000000000000000000e+00,0.000000000000000000e+00,0.000000000000000000e+00,2.112306139440030262e-03,-1.771462084414441862e-01,3.641621260121465919e-01,1.135144004368745740e+00,0.000000000000000000e+00,0.000000000000000000e+00,0.000000000000000000e+00
-1.918097352816002226e-03,-2.284144491378591393e-02,7.747898493013198884e-01,6.535835299538921700e-03,-1.003960042933687256e-02,6.970302557131281551e-01,7.169416377227982862e-01,-4.317315004027403313e-01,1.145505004258434434e-01,1.681193643163170770e-01,1.195216818631309019e+00,-7.100837215947413128e-01,1.185852390953358731e-01,-5.190867655688607973e-01,-1.473836294851864070e-01,-6.892397739136495172e-02,1.208431800226418273e+00,-6.828113018653326760e-01,6.714385457174604221e-02,-9.029746406077357457e-02,0.000000000000000000e+00,0.000000000000000000e+00,3.764391195713559513e-02,1.452678228957083595e-01,-3.203156782088050769e-01,1.183858233031945595e+00,0.000000000000000000e+00,0.000000000000000000e+00,0.000000000000000000e+00,-6.378980349523027948e-05,-1.764292882191234313e-01,3.615018470659127070e-01,1.137022241912735376e+00,0.000000000000000000e+00,0.000000000000000000e+00,0.000000000000000000e+00
-1.997659644769668799e-03,-2.341280795409329818e-02,7.753549850179566327e-01,5.683073534380168011e-03,-9.410565669559932747e-03,6.973814793784171018e-01,7.166158079117099788e-01,-4.341944490166798065e-01,1.147148149301161074e-01,1.678577792219533849e-01,1.192619573677052180e+00,-7.069128304075269487e-01,1.177339872996063103e-01,-5.207071052903428088e-01,-1.473413295431229564e-01,-6.980785818189527703e-02,1.205254102610555655e+00,-6.800679350215783625e-01,6.742043232010425102e-02,-8.998824818024230010e-02,0.000000000000000000e+00,0.000000000000000000e+00,3.529987451178266677e-02,1.452718899259887453e-01,-3.199364724984628539e-01,1.183736998751114378e+00,0.000000000000000000e+00,0.000000000000000000e+00,0.000000000000000000e+00,-1.684881845463942832e-03,-1.758368846215935533e-01,3.590039369139478853e-01,1.137654939891906025e+00,0.000000000000000000e+00,0.000000000000000000e+00,0.000000000000000000e+00
-2.039529740687300551e-03,-2.398688379627635092e-02,7.760928894157398394e-01,4.668630165899456501e-03,-8.957698804340301010e-03,6.981172708142178163e-01,7.159121731856592508e-01,-4.359993436439716374e-01,1.163043451437845155e-01,1.683778527559490201e-01,1.189094678185951492e+00,-7.052305910090977958e-01,1.164578852815137539e-01,-5.210661782188589219e-01,-1.477254520324565723e-01,-7.210018642229339136e-02,1.200219399966740319e+00,-6.772292562564405927e-01,6.995758206279409364e-02,-8.963124136729862246e-02,0.000000000000000000e+00,0.000000000000000000e+00,3.220843061436221011e-02,1.459515994040845033e-01,-3.211535574658205272e-01,1.182909034064647091e+00,0.000000000000000000e+00,0.000000000000000000e+00,0.000000000000000000e+00,-3.278424199218464910e-03,-1.750364289250248562e-01,3.565783383724893119e-01,1.138436365680419504e+00,0.000000000000000000e+00,0.000000000000000000e+00,0.000000000000000000e+00
-1.927363324847869604e-03,-2.457116765517144280e-02,7.764952432647698188e-01,3.982854456896946574e-03,-8.563389112065635661e-03,6.985648133126542980e-01,7.154844560427203737e-01,-4.382414939362146433e-01,1.169368452962147586e-01,1.679208072992495471e-01,1.187409448863041117e+00,-7.029740299751208177e-01,1.156039162470582637e-01,-5.221394393881760854e-01,-1.481845845566291953e-01,-7.417420062391613667e-02,1.197750527873851611e+00,-6.757197328482906773e-01,6.967887518515918088e-02,-8.888600494348471159e-02,0.000000000000000000e+00,0.000000000000000000e+00,3.015282055431533353e-02,1.466200291558603930e-01,-3.209490089460260709e-01,1.182571783660025133e+00,0.000000000000000000e+00,0.000000000000000000e+00,0.000000000000000000e+00,-4.510356026361465182e-03,-1.736507239898888166e-01,3.554383700669822010e-01,1.139680326201698790e+00,0.000000000000000000e+00,0.000000000000000000e+00,0.000000000000000000e+00
-1.703234846681271186e-03,-2.504551942031506620e-02,7.774790811044366423e-01,2.715469258228792385e-03,-7.915129552902095550e-03,6.991026759289329373e-01,7.149723249608154196e-01,-4.404767882973638082e-01,1.185473220674506806e-01,1.674162498992254333e-01,1.182735096113301410e+00,-6.974153254101969068e-01,1.117926280332040972e-01,-5.219827543141847270e-01,-1.480885264808469992e-01,-7.715641530588870922e-02,1.190919228027320864e+00,-6.751059571997646280e-01,7.143980639066363492e-02,-8.633586802136369864e-02,0.000000000000000000e+00,0.000000000000000000e+00,2.623283947354290019e-02,1.478063095691271589e-01,-3.197745889819674225e-01,1.182915066130209469e+00,0.000000000000000000e+00,0.000000000000000000e+00,0.000000000000000000e+00,-5.721461107398080614e-03,-1.717184067061554575e-01,3.534371223579359511e-01,1.142080846372624414e+00,0.000000000000000000e+00,0.000000000000000000e+00,0.000000000000000000e+00
-1.293952501447282475e-03,-2.555157101007150822e-02,7.777474436655585910e-01,2.342163609642931160e-03,-7.502274168074173251e-03,6.994193663211150103e-01,7.146683007989809155e-01,-4.424948942952020570e-01,1.183381869952343651e-01,1.660732563457577304e-01,1.181631321652029554e+00,-6.950017008681068642e-01,1.112018729661308214e-01,-5.230635261022644755e-01,-1.478289416676862589e-01,-7.820107978374883639e-02,1.189514227550394265e+00,-6.750309855473896059e-01,6.956664170929782731e-02,-8.512078860708333083e-02,0.000000000000000000e+00,0.000000000000000000e+00,2.413760273232198883e-02,1.483360556010896170e-01,-3.185873224373748092e-01,1.182978455846955157e+00,0.000000000000000000e+00,0.000000000000000000e+00,0.000000000000000000e+00,-6.871034212812876518e-03,-1.692668816176909341e-01,3.524851938634365189e-01,1.143775122646617293e+00,0.000000000000000000e+00,0.000000000000000000e+00,0.000000000000000000e+00
-6.865469926183390961e-04,-2.600345198657350032e-02,7.780149953184601896e-01,1.855633128357579969e-03,-6.443743091811230533e-03,7.005102135879790470e-01,7.136108711753091915e-01,-4.458413069848076726e-01,1.174887880254444072e-01,1.644988751205664068e-01,1.180201041332813672e+00,-6.917552270488173116e-01,1.090949897556330456e-01,-5.250518832351747101e-01,-1.492098948990265295e-01,-8.017649229312831527e-02,1.188593038123405110e+00,-6.746873297846283091e-01,6.795195097086384473e-02,-8.336598030272611426e-02,0.000000000000000000e+00,0.000000000000000000e+00,2.222880700985059577e-02,1.492400328295915291e-01,-3.142226656977112897e-01,1.180537357128947695e+00,0.000000000000000000e+00,0.000000000000000000e+00,0.000000000000000000e+00,-5.881133255974479654e-03,-1.681533835409390609e-01,3.485305113901376317e-01,1.141726347400891406e+00,0.000000000000000000e+00,0.000000000000000000e+00,0.000000000000000000e+00
-6.260035282134229556e-05,-2.640212969897965875e-02,7.783652854911048413e-01,9.833584600944381745e-04,-5.956003869400379458e-03,7.013926892852115902e-01,7.127495032908167660e-01,-4.485924144756642806e-01,1.186774148414320024e-01,1.633537519152023498e-01,1.179052904787282419e+00,-6.906384770622405744e-01,1.098031808463908882e-01,-5.260526762210443463e-01,-1.493308780502602406e-01,-8.314603577204311702e-02,1.186256616236209593e+00,-6.728755014036725823e-01,6.838935594025495612e-02,-8.209403132207619691e-02,0.000000000000000000e+00,0.000000000000000000e+00,2.120601568722615266e-02,1.516837536633452443e-01,-3.115948160110812992e-01,1.177064418729844242e+00,0.000000000000000000e+00,0.000000000000000000e+00,0.000000000000000000e+00,-5.904468632297989530e-03,-1.664164611730913623e-01,3.464400017307306401e-01,1.141949847382959460e+00,0.000000000000000000e+00,0.000000000000000000e+00,0.000000000000000000e+00
8.221425554990734880e-04,-2.681191843312236492e-02,7.782028653640162830e-01,5.956877967548206664e-04,-4.897984909401559457e-03,7.020739975313133874e-01,7.120869026251491762e-01,-4.525186208794078069e-01,1.187106442505038162e-01,1.624030233137103152e-01,1.179986150401236111e+00,-6.892081282554792798e-01,1.088748113981261173e-01,-5.293247972239786270e-01,-1.500660860786953155e-01,-8.454143108827159858e-02,1.187903586585060234e+00,-6.738152287138041707e-01,6.524120916137082782e-02,-8.188043816345053072e-02,0.000000000000000000e+00,0.000000000000000000e+00,2.143659093120223527e-02,1.549694469491687265e-01,-3.091802713132075220e-01,1.172465394522677729e+00,0.000000000000000000e+00,0.000000000000000000e+00,0.000000000000000000e+00,-5.865493434666130615e-03,-1.655271498629489191e-01,3.484479944422289033e-01,1.138297866874568687e+00,0.000000000000000000e+00,0.000000000000000000e+00,0.000000000000000000e+00
1.910211629195292206e-03,-2.730711219116171637e-02,7.775654374896446841e-01,6.069679291515531466e-04,-3.964392462339557874e-03,7.030716944325458018e-01,7.111076625027237252e-01,-4.578423667030920852e-01,1.174133555486271685e-01,1.595712274260412677e-01,1.184119307114873898e+00,-6.859331142978201123e-01,1.095227959410727536e-01,-5.338161582443674558e-01,-1.515388907708710708e-01,-8.601834277071740420e-02,1.193392083248778546e+00,-6.724711946691167563e-01,6.072698329090824715e-02,-8.073387254249786427e-02,0.000000000000000000e+00,0.000000000000000000e+00,2.047832859964701310e-02,1.571005222976366023e-01,-3.062538092449722527e-01,1.170875484663892241e+00,0.000000000000000000e+00,0.000000000000000000e+00,0.000000000000000000e+00,-4.681336355822246151e-03,-1.630358132705906904e-01,3.476615836233353241e-01,1.136594187794766508e+00,0.000000000000000000e+00,0.000000000000000000e+00,0.000000000000000000e+00
2.967894885284721399e-03,-2.775805041484927585e-02,7.776361354599549136e-01,-9.609256534778154316e-04,-3.287766620702935357e-03,7.043363699278546441e-01,7.098581162523889265e-01,-4.637681451188288007e-01,1.198274210826373865e-01,1.565654967583363089e-01,1.185533372754808079e+00,-6.832520113786710869e-01,1.074010738143449245e-01,-5.363890082109760149e-01,-1.497228101934258704e-01,-8.912227701853089878e-02,1.192052844128385969e+00,-6.733844855966805154e-01,5.962573352419728301e-02,-7.757457403108582172e-02,0.000000000000000000e+00,0.000000000000000000e+00,1.754154733333155095e-02,1.610318226072140479e-01,-3.024939846426687451e-01,1.168231209847167662e+00,0.000000000000000000e+00,0.000000000000000000e+00,0.000000000000000000e+00,-3.809426605703773033e-03,-1.606600798642706385e-01,3.466974979826744074e-01,1.135969592360774216e+00,0.000000000000000000e+00,0.000000000000000000e+00,0.000000000000000000e+00
4.220944181685875457e-03,-2.837509282268566718e-02,7.771981056355875550e-01,-1.560114845382604446e-03,-2.731931156879959920e-03,7.053959695507434624e-01,7.088064818660954058e-01,-4.696395015979868415e-01,1.199084616080160481e-01,1.521810301090733286e-01,1.189396297717810302e+00,-6.797238528968941873e-01,1.055485741165955310e-01,-5.398345066527132641e-01,-1.489299015230608481e-01,-9.127703728802227801e-02,1.194928150853703519e+00,-6.742181169249339412e-01,5.570200623966680559e-02,-7.413706378716258816e-02,0.000000000000000000e+00,0.000000000000000000e+00,1.504855870832172253e-02,1.628277250650495001e-01,-2.970400253309251060e-01,1.166468862606496515e+00,0.000000000000000000e+00,0.000000000000000000e+00,0.000000000000000000e+00,-2.176240617085965084e-03,-1.568414067192847039e-01,3.454178353631994769e-01,1.134518856283440513e+00,0.000000000000000000e+00,0.000000000000000000e+00,0.000000000000000000e+00
5.478587978043820451e-03,-2.914090391483728504e-02,7.770657985249741495e-01,-2.464393582574217218e-03,-2.338053339498769902e-03,7.066868257801450781e-01,7.075183322993380264e-01,-4.749825612861015012e-01,1.222187603769817055e-01,1.491716583946984809e-01,1.191575326816355140e+00,-6.763772418978674095e-01,1.014089140571550751e-01,-5.419429708710044036e-01,-1.487057601388233896e-01,-9.581751384726644449e-02,1.195268193390526257e+00,-6.767215623605368213e-01,5.120062523865664961e-02,-6.982242115566143770e-02,0.000000000000000000e+00,0.000000000000000000e+00,1.276529877325850541e-02,1.665320006895317784e-01,-2.935616501238944021e-01,1.161690041830624631e+00,0.000000000000000000e+00,0.000000000000000000e+00,0.000000000000000000e+00,-3.099350079484863851e-04,-1.548046006404749930e-01,3.473572985876155483e-01,1.131858991719547847e+00,0.000000000000000000e+00,0.000000000000000000e+00,0.000000000000000000e+00
6.768461659412946044e-03,-3.000911590005270538e-02,7.776954038628534072e-01,-3.877016206637540468e-03,-1.575654708846329841e-03,7.080731083114431001e-01,7.061267303705085485e-01,-4.798844005416642022e-01,1.242404785908555742e-01,1.459089471066992993e-01,1.189236813358671707e+00,-6.716663859447771223e-01,9.587617626533909143e-02,-5.433311803437440579e-01,-1.470304647681742183e-01,-9.977371782600852335e-02,1.190736322252120560e+00,-6.780858927595905250e-01,4.798053957464597230e-02,-6.550416505075808138e-02,0.000000000000000000e+00,0.000000000000000000e+00,9.205552712808340657e-03,1.705510917236966184e-01,-2.885682721054416144e-01,1.158784806722961136e+00,0.000000000000000000e+00,0.000000000000000000e+00,0.000000000000000000e+00,1.166237941573148099e-03,-1.520502097705361544e-01,3.481270141934948437e-01,1.129776780367014677e+00,0.000000000000000000e+00,0.000000000000000000e+00,0.000000000000000000e+00
8.079436868122825965e-03,-3.109888686224294291e-02,7.786516634080369315e-01,-5.702406251755958236e-03,-7.915606611563813424e-04,7.097033529601961543e-01,7.044771158751120810e-01,-4.857604873523548861e-01,1.263518227563280028e-01,1.416448823991387773e-01,1.185722551864420549e+00,-6.637099667041932438e-01,8.925106723202134995e-02,-5.447237323852380797e-01,-1.456607922116371634e-01,-1.052755065222058667e-01,1.184209799957611109e+00,-6.762666741881300236e-01,4.570651621978737145e-02,-5.979019359834682884e-02,0.000000000000000000e+00,0.000000000000000000e+00,4.041942542126284593e-03,1.738166705277228719e-01,-2.863782670816765741e-01,1.157499436417729566e+00,0.000000000000000000e+00,0.000000000000000000e+00,0.000000000000000000e+00,2.869543827295867669e-03,-1.488320924453392924e-01,3.475164703551296697e-01,1.128211861842886909e+00,0.000000000000000000e+00,0.000000000000000000e+00,0.000000000000000000e+00
9.395495011712507935e-03,-3.247095415223302806e-02,7.795085310858519412e-01,-7.603038393346119896e-03,4.679467954578461937e-05,7.116993460772406133e-01,7.024430456703781855e-01,-4.925520053255666442e-01,1.279050957886043727e-01,1.367267504435012992e-01,1.182865056520207681e+00,-6.576837111801676627e-01,8.271765262648321515e-02,-5.465313903870663292e-01,-1.449116562977597333e-01,-1.112568193790723359e-01,1.177995764549549795e+00,-6.753480360944171812e-01,4.514961970377855821e-02,-5.449972823057448734e-02,0.000000000000000000e+00,0.000000000000000000e+00,-8.738977480424042765e-04,1.770174278216379848e-01,-2.843392335422870731e-01,1.156327107007739219e+00,0.000000000000000000e+00,0.000000000000000000e+00,0.000000000000000000e+00,3.287475895028089609e-03,-1.454096119248767249e-01,3.471966164425356882e-01,1.128457454737135768e+00,0.000000000000000000e+00,0.000000000000000000e+00,0.000000000000000000e+00
1.076057946664876232e-02,-3.435047140756117973e-02,7.795443512800037666e-01,-8.885896426802066678e-03,2.117286046555371228e-04,7.137460457728328489e-01,7.003481835196954108e-01,-5.017834166001381435e-01,1.280201056170716944e-01,1.293095225655775116e-01,1.186007488601131143e+00,-6.478715568334539876e-01,8.056185571788990196e-02,-5.507913524544610917e-01,-1.436023656261911918e-01,-1.158143902761677030e-01,1.177769715155110086e+00,-6.687675908882864118e-01,4.129808601920874345e-02,-4.808739510151473912e-02,0.000000000000000000e+00,0.000000000000000000e+00,-6.874968801864510953e-03,1.797599711589320803e-01,-2.855008916510459183e-01,1.158807377348863854e+00,0.000000000000000000e+00,0.000000000000000000e+00,0.000000000000000000e+00,2.645748356673116239e-03,-1.408671236954778250e-01,3.471856476401371516e-01,1.133059812892726059e+00,0.000000000000000000e+00,0.000000000000000000e+00,0.000000000000000000e+00
1.201384650051978698e-02,-3.638362051015060772e-02,7.804973908855827869e-01,-1.112054104928629494e-02,1.808825936728330770e-03,7.158399392999077460e-01,6.981735049531795356e-01,-5.113577565563597327e-01,1.279362539343074645e-01,1.239138751378902614e-01,1.182397491567961145e+00,-6.388704552612498588e-01,7.347280549857940213e-02,-5.558071482896379534e-01,-1.445892905763948577e-01,-1.223845546734922407e-01,1.172008747814248908e+00,-6.637833511590593982e-01,3.968892454951959692e-02,-4.188876551421644168e-02,0.000000000000000000e+00,0.000000000000000000e+00,-1.188018609903843115e-02,1.822325774601296078e-01,-2.817355052281703132e-01,1.159963963484357707e+00,0.000000000000000000e+00,0.000000000000000000e+00,0.000000000000000000e+00,1.307178454259216166e-03,-1.399305844036162760e-01,3.481069399802086961e-01,1.132364715816952305e+00,0.000000000000000000e+00,0.000000000000000000e+00,0.000000000000000000e+00
1.318364387934023094e-02,-3.877646458652492245e-02,7.810187027673922699e-01,-1.275316951133321358e-02,3.455875790469804809e-03,7.176074427978756942e-01,6.963224623915497125e-01,-5.217438410969656992e-01,1.264676959162024106e-01,1.186283956320846322e-01,1.181499208720288241e+00,-6.285600798139897583e-01,6.725407573868658062e-02,-5.627115345464134277e-01,-1.465001749509882989e-01,-1.273400467182804197e-01,1.169758677655499790e+00,-6.569823139926270761e-01,3.789907888103530298e-02,-3.637656913312468931e-02,0.000000000000000000e+00,0.000000000000000000e+00,-1.364088028536772010e-02,1.829453502855549751e-01,-2.793057754665289050e-01,1.160572072677766409e+00,0.000000000000000000e+00,0.000000000000000000e+00,0.000000000000000000e+00,-5.245905157608837799e-05,-1.374246975456515085e-01,3.479503860715775776e-01,1.131689685625673514e+00,0.000000000000000000e+00,0.000000000000000000e+00,0.000000000000000000e+00
1.416104066441607572e-02,-4.146842838715415758e-02,7.809116661588744179e-01,-1.458407176144312783e-02,4.878844334301793949e-03,7.194017361443130198e-01,6.944239654284467544e-01,-5.347506547345844963e-01,1.233155389852740730e-01,1.109866663202331710e-01,1.184958079772299389e+00,-6.199910787287282732e-01,6.546226614304677394e-02,-5.721102007647869137e-01,-1.479766219023392337e-01,-1.316187991385364686e-01,1.171086855920911995e+00,-6.488052937696171529e-01,3.464967530205668306e-02,-2.951336596550629271e-02,0.000000000000000000e+00,0.000000000000000000e+00,-1.274314358228474317e-02,1.835333268416759200e-01,-2.768265981918154317e-01,1.159871320618241164e+00,0.000000000000000000e+00,0.000000000000000000e+00,0.000000000000000000e+00,-1.339905211240563845e-03,-1.372860529651022121e-01,3.498647237833245049e-01,1.131418010879198244e+00,0.000000000000000000e+00,0.000000000000000000e+00,0.000000000000000000e+00
1.489975573379256207e-02,-4.421803188337116580e-02,7.816646131840886413e-01,-1.808651110182598123e-02,6.867535615545140165e-03,7.209986466424813667e-01,6.926663458047059851e-01,-5.488412831998876751e-01,1.221161592784099637e-01,1.036188855758539695e-01,1.184397164336564057e+00,-6.109434169975491713e-01,5.784410851021708211e-02,-5.813750242491190212e-01,-1.475695875233873355e-01,-1.368187464424453492e-01,1.165135412742501098e+00,-6.420005185482901000e-01,3.543273926555515901e-02,-2.218966563206623346e-02,0.000000000000000000e+00,0.000000000000000000e+00,-1.007036182503640714e-02,1.833524711267068563e-01,-2.733412059068504596e-01,1.160940982871851324e+00,0.000000000000000000e+00,0.000000000000000000e+00,0.000000000000000000e+00,-3.741616076860250495e-03,-1.369025290505634096e-01,3.495100127007172985e-01,1.131063603755570357e+00,0.000000000000000000e+00,0.000000000000000000e+00,0.000000000000000000e+00
1.543039442186511755e-02,-4.710417704233495900e-02,7.824557883295000238e-01,-2.191027587818665523e-02,9.108303489914088349e-03,7.225911786312142482e-01,6.908682704993990287e-01,-5.637140375592475383e-01,1.191150611034212659e-01,9.512300305121781929e-02,1.184694005058433808e+00,-6.041182340981980925e-01,5.347301476733717224e-02,-5.918012373483323429e-01,-1.485578260505847070e-01,-1.432028902900699396e-01,1.159047542735486935e+00,-6.319951054161589976e-01,3.551442598661924688e-02,-1.347202515166327427e-02,0.000000000000000000e+00,0.000000000000000000e+00,-6.727837380400853579e-03,1.815277973471593476e-01,-2.685421771036236027e-01,1.162949973360615896e+00,0.000000000000000000e+00,0.000000000000000000e+00,0.000000000000000000e+00,-5.194125290203951972e-03,-1.378354286993890843e-01,3.509116317156321108e-01,1.128235017065376322e+00,0.000000000000000000e+00,0.000000000000000000e+00,0.000000000000000000e+00
1.588783801430125597e-02,-5.008097717386944536e-02,7.833928573167314724e-01,-2.570382865946283305e-02,1.102603513947272330e-02,7.238393304795978089e-01,6.894014529954199944e-01,-5.779672201559644673e-01,1.173171624188056039e-01,8.643534862486415560e-02,1.187339804693078760e+00,-5.934088192626311153e-01,4.426874892606439543e-02,-6.006168081237570622e-01,-1.500390861535303710e-01,-1.510486021335611939e-01,1.151234744630017515e+00,-6.238657776458504944e-01,3.686487367900405376e-02,-4.498853135971217498e-03,0.000000000000000000e+00,0.000000000000000000e+00,-2.305939472518196351e-03,1.804846869948600330e-01,-2.646063304066812449e-01,1.167321959605089443e+00,0.000000000000000000e+00,0.000000000000000000e+00,0.000000000000000000e+00,-6.511263033729763547e-03,-1.377133088510854586e-01,3.517879543880742532e-01,1.125035066803689698e+00,0.000000000000000000e+00,0.000000000000000000e+00,0.000000000000000000e+00
1.628087902463679071e-02,-5.303395482574534137e-02,7.837563568339203091e-01,-2.894162114008522191e-02,1.265508897325930658e-02,7.253725794396287396e-01,6.876313345725041382e-01,-5.889282225428819073e-01,1.156678984449685116e-01,7.814377366170852102e-02,1.195766242919073408e+00,-5.948505382620703497e-01,3.959758417122444252e-02,-6.100360131357374094e-01,-1.504236261596095248e-01,-1.560023743783219563e-01,1.147179484827412610e+00,-6.172904143359392304e-01,3.723298440594511455e-02,5.311014830012251824e-03,0.000000000000000000e+00,0.000000000000000000e+00,2.663104496965192428e-03,1.800531718380063151e-01,-2.632985688218719145e-01,1.171781465055043325e+00,0.000000000000000000e+00,0.000000000000000000e+00,0.000000000000000000e+00,-7.543651964269391941e-03,-1.395179330144181162e-01,3.526280368999247794e-01,1.123374451603172064e+00,0.000000000000000000e+00,0.000000000000000000e+00,0.000000000000000000e+00
1.655224135759887638e-02,-5.594369170068315411e-02,7.840998130654354137e-01,-3.170294109224755519e-02,1.352284837733982309e-02,7.264207300597191885e-01,6.863854449486602727e-01,-5.920815207778861167e-01,1.241797136306322380e-01,7.885979863235745291e-02,1.207584543692422407e+00,-6.011631050604392401e-01,4.123525010053240292e-02,-6.171992366542999875e-01,-1.508616450688931299e-01,-1.617022584643603156e-01,1.142414570274064678e+00,-6.106026559969425227e-01,3.836338070494622887e-02,1.161005680058989180e-02,0.000000000000000000e+00,0.000000000000000000e+00,8.128883993443570405e-03,1.794738807976528905e-01,-2.583427428022803674e-01,1.171761452077681120e+00,0.000000000000000000e+00,0.000000000000000000e+00,0.000000000000000000e+00,-9.579497471258170693e-03,-1.413291954695568287e-01,3.516946039762260390e-01,1.121158290987110950e+00,0.000000000000000000e+00,0.000000000000000000e+00,0.000000000000000000e+00
1.694582723878782296e-02,-5.875771188300509679e-02,7.838149793040813940e-01,-3.410472010869384368e-02,1.457799451186671258e-02,7.280971779432867663e-01,6.844697579976357638e-01,-5.899369063636193955e-01,1.458413948588914433e-01,9.064324511501870019e-02,1.224842159072058623e+00,-5.971068557663414822e-01,4.846770760317464788e-02,-6.260489191724072366e-01,-1.532928038830423667e-01,-1.677149179722945693e-01,1.142338443951583571e+00,-6.036549126210125626e-01,3.640613664049165837e-02,1.718769871378708278e-02,0.000000000000000000e+00,0.000000000000000000e+00,1.269699811726715533e-02,1.803124759867000826e-01,-2.547042344097361632e-01,1.169590685919941642e+00,0.000000000000000000e+00,0.000000000000000000e+00,0.000000000000000000e+00,-9.575565957115617088e-03,-1.442576844869007113e-01,3.488277534101339450e-01,1.116587608416534261e+00,0.000000000000000000e+00,0.000000000000000000e+00,0.000000000000000000e+00
1.748880637172160052e-02,-6.138509404563218669e-02,7.841512305377821290e-01,-3.572599916020285232e-02,1.421763845178439754e-02,7.305370114918530167e-01,6.817896938069774038e-01,-5.716382969188031904e-01,1.836524474275398888e-01,1.126820756988351629e-01,1.238929648404109241e+00,-5.758752838655244455e-01,5.742290083635328418e-02,-6.277501311397812866e-01,-1.562809840846493270e-01,-1.776526118237191088e-01,1.137688570931119081e+00,-5.974557908318663957e-01,3.272501462624419905e-02,2.020021357318711741e-02,0.000000000000000000e+00,0.000000000000000000e+00,1.642740460882174611e-02,1.841088305837687844e-01,-2.537553132050615057e-01,1.169341925851947295e+00,0.000000000000000000e+00,0.000000000000000000e+00,0.000000000000000000e+00,-9.327312403033295035e-03,-1.459821853400253278e-01,3.451787278825063088e-01,1.113458438079652169e+00,0.000000000000000000e+00,0.000000000000000000e+00,0.000000000000000000e+00
1.794669213306912883e-02,-6.383707156690243689e-02,7.840242888410150490e-01,-3.848172372750374715e-02,1.335234497980555129e-02,7.326448815468721287e-01,6.793911607944794762e-01,-5.545760684208197455e-01,2.158662788067911842e-01,1.283548753031213130e-01,1.250274876583271633e+00,-5.551795938438123246e-01,6.239543187625270354e-02,-6.307773464976622613e-01,-1.553597987878292952e-01,-1.868261696853057430e-01,1.133869863242732645e+00,-5.938724513727807741e-01,2.992052611894998465e-02,2.317393213180960268e-02,0.000000000000000000e+00,0.000000000000000000e+00,1.898985273343694810e-02,1.897337120777894404e-01,-2.551529096612815684e-01,1.170724126167812074e+00,0.000000000000000000e+00,0.000000000000000000e+00,0.000000000000000000e+00,-9.109205219650905530e-03,-1.487017326228052827e-01,3.439054383219871114e-01,1.110153987425320787e+00,0.000000000000000000e+00,0.000000000000000000e+00,0.000000000000000000e+00
1.849994878994014672e-02,-6.627500974136714407e-02,7.833798260164224203e-01,-4.023545680747733777e-02,1.273235847632172776e-02,7.339677378637027294e-01,6.778719310005123511e-01,-5.352303415042214407e-01,2.368386988122174741e-01,1.341403894780334727e-01,1.262421689687452719e+00,-5.298681871998643933e-01,5.949202058202419929e-02,-6.355789696285391033e-01,-1.547544272197323989e-01,-1.927962168809519150e-01,1.135114271191344892e+00,-5.932435437348724250e-01,2.517241790728935377e-02,2.541017474791175401e-02,0.000000000000000000e+00,0.000000000000000000e+00,2.378629190928275780e-02,1.945607776480197670e-01,-2.533827096893846442e-01,1.168079949858684463e+00,0.000000000000000000e+00,0.000000000000000000e+00,0.000000000000000000e+00,-8.663729216122144708e-03,-1.497063088682911158e-01,3.385284611966973278e-01,1.106495995979153601e+00,0.000000000000000000e+00,0.000000000000000000e+00,0.000000000000000000e+00
1.900923197728544498e-02,-6.862392223952508419e-02,7.828589703402970557e-01,-4.138924014012324015e-02,1.311486354078946100e-02,7.356035171219186264e-01,6.760195239434974024e-01,-5.147669715259430845e-01,2.508508036437263611e-01,1.371615588902015959e-01,1.269254644732163761e+00,-5.075073624264739847e-01,5.634850669404752738e-02,-6.416357337953489948e-01,-1.576564995375153155e-01,-1.982937510681269389e-01,1.137963080383710190e+00,-5.902692562099992601e-01,1.875645470970367656e-02,2.670663881541087553e-02,0.000000000000000000e+00,0.000000000000000000e+00,2.912795651367332261e-02,1.976441868783663514e-01,-2.543983944926898610e-01,1.166625516699938858e+00,0.000000000000000000e+00,0.000000000000000000e+00,0.000000000000000000e+00,-7.864739816592533975e-03,-1.526940377560947470e-01,3.347975780920062205e-01,1.104855078258169643e+00,0.000000000000000000e+00,0.000000000000000000e+00,0.000000000000000000e+00
1.929870014034556006e-02,-7.097939468620879933e-02,7.826815563875586523e-01,-4.338432733076474923e-02,1.233419689195543699e-02,7.372668802097941398e-01,6.740943665947704000e-01,-4.919858124555374079e-01,2.655273624390750986e-01,1.357273693401032932e-01,1.275014030125903641e+00,-4.798649506237110396e-01,4.932265598388164973e-02,-6.443731624350620413e-01,-1.584127894498095490e-01,-2.069432857902922807e-01,1.136109613359870929e+00,-5.881655329372685870e-01,1.323258452421262679e-02,2.704076368328791127e-02,0.000000000000000000e+00,0.000000000000000000e+00,3.314161940961006525e-02,2.016938840264507204e-01,-2.547615224699703029e-01,1.166590089066178226e+00,0.000000000000000000e+00,0.000000000000000000e+00,0.000000000000000000e+00,-5.676351864864622246e-03,-1.544950023101294700e-01,3.284991010818037460e-01,1.099708661612420535e+00,0.000000000000000000e+00,0.000000000000000000e+00,0.000000000000000000e+00
1.927837871746781312e-02,-7.346675216815604093e-02,7.823956697870624311e-01,-4.513679849281319878e-02,1.197254850033055082e-02,7.387287394433561527e-01,6.723832069769857256e-01,-4.701509340121826641e-01,2.734553522818220506e-01,1.329680927806062285e-01,1.273781662963061168e+00,-4.586686609300256179e-01,3.902477807633419893e-02,-6.486050539444144780e-01,-1.603919465533091837e-01,-2.138125810190518727e-01,1.135525790923089362e+00,-5.843007528990374899e-01,1.005775639252342799e-02,2.700933005746226218e-02,0.000000000000000000e+00,0.000000000000000000e+00,3.943620727893459854e-02,2.049165361789779816e-01,-2.548870808458794102e-01,1.162901889890835205e+00,0.000000000000000000e+00,0.000000000000000000e+00,0.000000000000000000e+00,-2.142449862816519016e-03,-1.587254798145442125e-01,3.229544709214871578e-01,1.094661416640055451e+00,0.000000000000000000e+00,0.000000000000000000e+00,0.000000000000000000e+00
1.901130545875916178e-02,-7.607497050612169187e-02,7.808856509960561132e-01,-4.730387656228673965e-02,1.235370200794806868e-02,7.395578217508129715e-01,6.713150956116444856e-01,-4.460609210026031946e-01,2.778466837244860099e-01,1.276807432336630466e-01,1.279876590250346613e+00,-4.244571669491117305e-01,3.048280737789631212e-02,-6.596705052509245215e-01,-1.622747119230306123e-01,-2.174638012885557470e-01,1.143535707622385322e+00,-5.827979689120813545e-01,2.998899314532809703e-03,2.502931561291434071e-02,0.000000000000000000e+00,0.000000000000000000e+00,4.622435423636829521e-02,2.032933822060858653e-01,-2.504275246805369171e-01,1.162499642825898905e+00,0.000000000000000000e+00,0.000000000000000000e+00,0.000000000000000000e+00,2.746739716143433395e-03,-1.620573654516418438e-01,3.175132486256218023e-01,1.090330482219598274e+00,0.000000000000000000e+00,0.000000000000000000e+00,0.000000000000000000e+00
1.838504025821394161e-02,-7.898261781252434444e-02,7.799649687273233489e-01,-4.848389390699581192e-02,1.195254535005889351e-02,7.408510554873829479e-01,6.698105420747725303e-01,-4.213555928354416058e-01,2.806212082558858234e-01,1.229062122143007862e-01,1.275155944881686931e+00,-4.042656195642647110e-01,1.812558397414187894e-02,-6.656977649347767256e-01,-1.660684569412961831e-01,-2.223702823363138681e-01,1.147102714559763426e+00,-5.802832220804428065e-01,2.554313039425113244e-04,2.282786578444924788e-02,0.000000000000000000e+00,0.000000000000000000e+00,5.267580345964752858e-02,2.007464130342032083e-01,-2.490857206230387699e-01,1.161860697928196462e+00,0.000000000000000000e+00,0.000000000000000000e+00,0.000000000000000000e+00,9.313775882510394455e-03,-1.663245348122052714e-01,3.098751571023325990e-01,1.089898803149961681e+00,0.000000000000000000e+00,0.000000000000000000e+00,0.000000000000000000e+00
1.762362626998162027e-02,-8.218779260879829907e-02,7.787993529509509294e-01,-4.991801427355248982e-02,1.248791300782465044e-02,7.419478642792280976e-01,6.684800749245904949e-01,-4.001184211812754410e-01,2.799088040380500186e-01,1.149124967326340951e-01,1.274501022895401015e+00,-3.764982615571385582e-01,5.001676235582510135e-03,-6.745175130261228391e-01,-1.721363357489086587e-01,-2.275741371768396082e-01,1.152714901002745540e+00,-5.814957623898546757e-01,-2.636932920463043277e-03,2.017428190635989216e-02,0.000000000000000000e+00,0.000000000000000000e+00,5.610104853602068675e-02,1.994378534406168746e-01,-2.483435249723591198e-01,1.165087149816204759e+00,0.000000000000000000e+00,0.000000000000000000e+00,0.000000000000000000e+00,1.596092524843952323e-02,-1.735457801453294535e-01,3.065703650968116811e-01,1.089745435573939547e+00,0.000000000000000000e+00,0.000000000000000000e+00,0.000000000000000000e+00
1.653279702611091043e-02,-8.569885982730809926e-02,7.770873835614002800e-01,-5.130097597141500265e-02,1.254174162095329434e-02,7.436769681010105826e-01,6.664499093687246134e-01,-3.797939748087518774e-01,2.750558730729841805e-01,1.043774592623255559e-01,1.270777723568349282e+00,-3.538233660461067021e-01,-7.033839537913325057e-03,-6.840799437010981476e-01,-1.789504629010953973e-01,-2.327679503554400675e-01,1.160943904880294308e+00,-5.823941900133674521e-01,-6.932787865431563369e-03,1.880469575304648255e-02,0.000000000000000000e+00,0.000000000000000000e+00,6.111529910783242148e-02,1.973143006219540141e-01,-2.462707980482114201e-01,1.166758008195255103e+00,0.000000000000000000e+00,0.000000000000000000e+00,0.000000000000000000e+00,2.729428646071235115e-02,-1.808691687149451832e-01,3.021963989232111514e-01,1.088483830880932590e+00,0.000000000000000000e+00,0.000000000000000000e+00,0.000000000000000000e+00
1.524501042278112242e-02,-8.946243534595944846e-02,7.765970830239444789e-01,-5.110303854627704090e-02,1.351416009853278512e-02,7.453484803839635076e-01,6.645761729986146005e-01,-3.596161535697971479e-01,2.644337860111350968e-01,9.423972391782819980e-02,1.256412550899444147e+00,-3.468901386657072816e-01,-2.187247386390688345e-02,-6.908047204451170931e-01,-1.903529640724203054e-01,-2.369446144648180153e-01,1.163964304127508953e+00,-5.757601564829066820e-01,-7.464218756334259873e-03,1.452784352951456970e-02,0.000000000000000000e+00,0.000000000000000000e+00,6.672673340289955735e-02,1.931372551811570693e-01,-2.450224065269314133e-01,1.167028372003232395e+00,0.000000000000000000e+00,0.000000000000000000e+00,0.000000000000000000e+00,3.716644570820404336e-02,-1.878589368166960483e-01,2.968369204710307740e-01,1.091245712527724621e+00,0.000000000000000000e+00,0.000000000000000000e+00,0.000000000000000000e+00
1.373869519933381203e-02,-9.361746781240339044e-02,7.751537075770533747e-01,-5.153355292724230707e-02,1.474567514144098368e-02,7.455749260203187179e-01,6.642626646719759220e-01,-3.460821236532639067e-01,2.512041824321423755e-01,8.241413004402944886e-02,1.251608258633051918e+00,-3.350484826388401283e-01,-3.324298670323860838e-02,-7.032460529598194565e-01,-1.979922694923905990e-01,-2.365184597608243622e-01,1.171794166491143319e+00,-5.724028226498051319e-01,-9.494193784186130691e-03,1.246862195401146102e-02,0.000000000000000000e+00,0.000000000000000000e+00,7.162741235158198716e-02,1.884063919260453024e-01,-2.425552236032889608e-01,1.168202009487835369e+00,0.000000000000000000e+00,0.000000000000000000e+00,0.000000000000000000e+00,4.715104682505946027e-02,-1.945522052153966786e-01,2.949473017323735458e-01,1.090512855023630490e+00,0.000000000000000000e+00,0.000000000000000000e+00,0.000000000000000000e+00
1.207878294039897715e-02,-9.802573837270391055e-02,7.743049139075025566e-01,-5.172321510499175434e-02,1.511728159942693495e-02,7.471646721589730866e-01,6.624508506250256223e-01,-3.337580701074212564e-01,2.398312178744657630e-01,7.310894368939054033e-02,1.242287576525988868e+00,-3.341972619740795070e-01,-4.136393664572842604e-02,-7.102444094692637044e-01,-2.091724283101323301e-01,-2.413908200400280424e-01,1.174550723938724284e+00,-5.665851208114458526e-01,-7.375241993236847197e-03,1.059241732895199219e-02,0.000000000000000000e+00,0.000000000000000000e+00,7.532563553332785600e-02,1.849996232109241134e-01,-2.419118174040877089e-01,1.167708018747350307e+00,0.000000000000000000e+00,0.000000000000000000e+00,0.000000000000000000e+00,5.745384263214636800e-02,-1.998694728845866186e-01,2.912468476480159496e-01,1.089082430207551022e+00,0.000000000000000000e+00,0.000000000000000000e+00,0.000000000000000000e+00
1.028024825643479058e-02,-1.026186504946055289e-01,7.734197315544557583e-01,-5.164744809503196005e-02,1.573692029515635915e-02,7.481974801244434259e-01,6.612756015311066493e-01,-3.241919165749203580e-01,2.278630931012457783e-01,6.510684198634031361e-02,1.235944592399721653e+00,-3.462623175389554220e-01,-4.849042745989808056e-02,-7.180306012278310224e-01,-2.206561503413072001e-01,-2.450842061099706426e-01,1.177389519941511420e+00,-5.600812631793137264e-01,-4.847935185459547290e-03,8.626523064440451763e-03,0.000000000000000000e+00,0.000000000000000000e+00,8.027486461078529867e-02,1.806860232022022283e-01,-2.434097536522568939e-01,1.166533295221666933e+00,0.000000000000000000e+00,0.000000000000000000e+00,0.000000000000000000e+00,6.459160728618165703e-02,-2.043952381155082210e-01,2.920751808168501329e-01,1.092565226898134290e+00,0.000000000000000000e+00,0.000000000000000000e+00,0.000000000000000000e+00
8.523024651372121743e-03,-1.074611841167878862e-01,7.721801150551877990e-01,-5.102956310410377422e-02,1.577880290464143964e-02,7.486643286547263187e-01,6.607940193950512242e-01,-3.163975509993222635e-01,2.148320230344171189e-01,5.622058291823401471e-02,1.230104097629314497e+00,-3.425787813788953029e-01,-5.309269347746640999e-02,-7.265057261771782349e-01,-2.281459545431222535e-01,-2.445127320603545096e-01,1.182329456805417678e+00,-5.553242177520730793e-01,-4.941708572749975437e-03,7.359396902521835732e-03,0.000000000000000000e+00,0.000000000000000000e+00,8.321501567409084199e-02,1.794993372909045593e-01,-2.446760836713522680e-01,1.171422339161475090e+00,0.000000000000000000e+00,0.000000000000000000e+00,0.000000000000000000e+00,7.102470877673398852e-02,-2.074420354696348001e-01,2.899808367221188288e-01,1.091855511256281108e+00,0.000000000000000000e+00,0.000000000000000000e+00,0.000000000000000000e+00
6.569396036501550830e-03,-1.122373132637729948e-01,7.721851448768684012e-01,-5.043067236054516594e-02,1.549331852803360540e-02,7.492997856227227027e-01,6.601261513013954030e-01,-3.078930252737736573e-01,2.005790362703745167e-01,4.891849355042775932e-02,1.223480086182146431e+00,-3.643958225626590108e-01,-5.517410163085276209e-02,-7.296140782559044080e-01,-2.364174890860180067e-01,-2.467187011613057590e-01,1.177808596700986143e+00,-5.444076184851445177e-01,2.703484968095692074e-03,3.318222364760654852e-03,0.000000000000000000e+00,0.000000000000000000e+00,8.311291846470203470e-02,1.757546681435576685e-01,-2.432183536514904987e-01,1.177036672513953164e+00,0.000000000000000000e+00,0.000000000000000000e+00,0.000000000000000000e+00,7.285546012734185617e-02,-2.068539525914627752e-01,2.817605672488059376e-01,1.095454012063160398e+00,0.000000000000000000e+00,0.000000000000000000e+00,0.000000000000000000e+00
4.687285121155597076e-03,-1.171800459225137980e-01,7.715585823955660727e-01,-5.103957991846017062e-02,1.603944042071351814e-02,7.489895093247286306e-01,6.604183617633888614e-01,-3.059667004752611441e-01,1.883215778680345509e-01,4.120586473322876420e-02,1.224320928045175227e+00,-3.674355028965304859e-01,-5.595798485293625862e-02,-7.396421328461769695e-01,-2.401381742143811615e-01,-2.443971591058357040e-01,1.177861568373320456e+00,-5.353976752406982564e-01,6.251967390256747692e-03,3.669934440810580442e-03,0.000000000000000000e+00,0.000000000000000000e+00,8.401496756604043270e-02,1.759286170085749279e-01,-2.417922342740367325e-01,1.180296891953420468e+00,0.000000000000000000e+00,0.000000000000000000e+00,0.000000000000000000e+00,7.638669892514241000e-02,-2.068272843001184580e-01,2.783291917554950867e-01,1.095289963707587466e+00,0.000000000000000000e+00,0.000000000000000000e+00,0.000000000000000000e+00
2.913236288708941774e-03,-1.222484273385850834e-01,7.705185090668659198e-01,-5.095426301894229876e-02,1.754952244363450209e-02,7.497244730387387923e-01,6.595520387876763202e-01,-3.082259284125581367e-01,1.767320337702454336e-01,3.658454908136456185e-02,1.225890296370774069e+00,-3.843154759589125224e-01,-5.730704454208974952e-02,-7.511647903721843100e-01,-2.493473359699712733e-01,-2.426880901663382439e-01,1.180237294801657288e+00,-5.262105166140709223e-01,7.331487834742387438e-03,3.019174638148845735e-03,0.000000000000000000e+00,0.000000000000000000e+00,8.400532912579933287e-02,1.750789016533222109e-01,-2.443119397311052376e-01,1.176077669153550609e+00,0.000000000000000000e+00,0.000000000000000000e+00,0.000000000000000000e+00,7.910155508085749132e-02,-2.093028408496509229e-01,2.824725554239257974e-01,1.092053714721830548e+00,0.000000000000000000e+00,0.000000000000000000e+00,0.000000000000000000e+00
1.010580419867754135e-03,-1.277797989827351433e-01,7.686042007370309515e-01,-4.979492423552323022e-02,1.662000169897157043e-02,7.496604252862771878e-01,6.597374385492315030e-01,-3.073543844777574807e-01,1.656651919988997024e-01,3.332611083154164711e-02,1.231859292553999508e+00,-4.026504092672974489e-01,-5.094489412079541285e-02,-7.602526210580572430e-01,-2.524937192485307569e-01,-2.371750941130301715e-01,1.185783346771198010e+00,-5.215310687029361958e-01,1.042418047134354049e-02,4.092347856085275237e-04,0.000000000000000000e+00,0.000000000000000000e+00,8.690467017130425187e-02,1.737201813469597678e-01,-2.419792904822176405e-01,1.172339813327764269e+00,0.000000000000000000e+00,0.000000000000000000e+00,0.000000000000000000e+00,8.248020460969676670e-02,-2.097491801427123215e-01,2.821742253688891422e-01,1.090526706940391000e+00,0.000000000000000000e+00,0.000000000000000000e+00,0.000000000000000000e+00
-8.718658457909070261e-04,-1.335279168708815301e-01,7.667003692085077038e-01,-4.965747879897482175e-02,1.781057606213179087e-02,7.492726450764266577e-01,6.601571188132701051e-01,-3.125650801338111795e-01,1.496849485482160402e-01,2.838766471834117469e-02,1.240280879256314250e+00,-4.202948986560955946e-01,-4.350814898985972540e-02,-7.750088004669106745e-01,-2.593871755875114538e-01,-2.328714097759194690e-01,1.191378188638269719e+00,-5.126699405949307620e-01,1.275305745435638925e-02,-1.353561786577056614e-03,0.000000000000000000e+00,0.000000000000000000e+00,8.854303410619031312e-02,1.740225058831116334e-01,-2.423393306990014873e-01,1.169404950358790662e+00,0.000000000000000000e+00,0.000000000000000000e+00,0.000000000000000000e+00,8.508647470368613241e-02,-2.108318686002305653e-01,2.793975863714440178e-01,1.089308252143620592e+00,0.000000000000000000e+00,0.000000000000000000e+00,0.000000000000000000e+00
-2.724092915524531193e-03,-1.398842885686476800e-01,7.639333055108189496e-01,-5.012551707991316080e-02,1.970505880364320506e-02,7.483175830945781870e-01,6.611504654967005346e-01,-3.229389261578570203e-01,1.323532345072973571e-01,2.030249449366249709e-02,1.256195225608148336e+00,-4.287832110926855789e-01,-3.905381833462473473e-02,-7.968258857096336412e-01,-2.631418663699169880e-01,-2.238969465023524230e-01,1.202282141316820541e+00,-5.036651997299084194e-01,1.017475471158760941e-02,-1.637207954358368273e-03,0.000000000000000000e+00,0.000000000000000000e+00,9.163139373072062832e-02,1.768978216368150003e-01,-2.466275303488071058e-01,1.163618081084941691e+00,0.000000000000000000e+00,0.000000000000000000e+00,0.000000000000000000e+00,8.834979416778850070e-02,-2.125540474509114708e-01,2.782085428828576790e-01,1.087678562512488289e+00,0.000000000000000000e+00,0.000000000000000000e+00,0.000000000000000000e+00
-4.833996366257915615e-03,-1.470109312261630441e-01,7.616567040287725021e-01,-5.095301990338448744e-02,1.923652201960958374e-02,7.468018568208283359e-01,6.628127432633411642e-01,-3.321885457416715037e-01,1.244391636915419402e-01,1.966876134655790032e-02,1.274935675418957803e+00,-4.465998570067764017e-01,-2.705546914492974742e-02,-8.107798484887880353e-01,-2.654157911865667741e-01,-2.222085417611691649e-01,1.204629723798398278e+00,-4.984421601884119757e-01,1.614932785678080407e-02,3.210051885985075459e-04,0.000000000000000000e+00,0.000000000000000000e+00,9.319070868499887417e-02,1.793736987156505647e-01,-2.437616080736540458e-01,1.160008967007045033e+00,0.000000000000000000e+00,0.000000000000000000e+00,0.000000000000000000e+00,9.274278680476284731e-02,-2.106639486395296690e-01,2.710115514824491534e-01,1.086495555086890441e+00,0.000000000000000000e+00,0.000000000000000000e+00,0.000000000000000000e+00
-7.012077729196754435e-03,-1.547527363586282956e-01,7.591313483139676688e-01,-5.367390764571758344e-02,2.029685581433669089e-02,7.434229636959919230e-01,6.663553453912992586e-01,-3.485514477301437930e-01,1.130175479361917867e-01,1.679144737286789035e-02,1.296142652210375834e+00,-4.606740578406357534e-01,-1.588969295966084772e-02,-8.337044715527375249e-01,-2.599934047440385920e-01,-2.145393473294930076e-01,1.206183794493450367e+00,-4.899353616829447144e-01,1.580404328917611734e-02,2.304525795897547497e-03,0.000000000000000000e+00,0.000000000000000000e+00,9.283690745191630622e-02,1.830988038563510223e-01,-2.438306611787579292e-01,1.156449334498120596e+00,0.000000000000000000e+00,0.000000000000000000e+00,0.000000000000000000e+00,9.407473150835850284e-02,-2.108934986382354215e-01,2.697967242061802273e-01,1.085589130252685219e+00,0.000000000000000000e+00,0.000000000000000000e+00,0.000000000000000000e+00
-9.194609872256868585e-03,-1.631478815760504519e-01,7.591160319887055863e-01,-5.379698713411623645e-02,2.078252605422826332e-02,7.440371768356752735e-01,6.656445374766430945e-01,-3.537287603294444471e-01,1.062126967325633942e-01,2.021176380529878663e-02,1.302287189569047099e+00,-5.186874757927624202e-01,-3.293369353034703885e-03,-8.405085081965321114e-01,-2.722263146163044767e-01,-2.206049171038095558e-01,1.193592958583104879e+00,-4.734140751165981653e-01,2.798047404585723985e-02,2.460577450329910765e-04,0.000000000000000000e+00,0.000000000000000000e+00,8.926767970988011558e-02,1.818260296498069861e-01,-2.467596462642059618e-01,1.156352378887498311e+00,0.000000000000000000e+00,0.000000000000000000e+00,0.000000000000000000e+00,9.548719198193772462e-02,-2.096175977776391364e-01,2.674522039330666789e-01,1.093522059131621482e+00,0.000000000000000000e+00,0.000000000000000000e+00,0.000000000000000000e+00
-1.150854798151175820e-02,-1.722416603446486338e-01,7.574661705735096229e-01,-5.583188397905729933e-02,2.198440666059585033e-02,7.420724962492817323e-01,6.676285620803599219e-01,-3.703419424857963271e-01,9.922188414741539564e-02,2.361476370572337946e-02,1.319689511544890781e+00,-5.529168732445004508e-01,1.056402981827036375e-02,-8.577731092383067413e-01,-2.780073674383950477e-01,-2.234233051642678380e-01,1.186949450088790048e+00,-4.593048112766402458e-01,3.447432689994769928e-02,1.684961167624034889e-03,0.000000000000000000e+00,0.000000000000000000e+00,8.585450775275901836e-02,1.835811122823257091e-01,-2.449052844681816332e-01,1.154447182363925739e+00,0.000000000000000000e+00,0.000000000000000000e+00,0.000000000000000000e+00,9.653897266012134715e-02,-2.093301523042011836e-01,2.623532577447628134e-01,1.094547830368869157e+00,0.000000000000000000e+00,0.000000000000000000e+00,0.000000000000000000e+00
-1.378405189228682805e-02,-1.817747468519810006e-01,7.570201407611590882e-01,-5.523812587549267045e-02,2.221984955544420090e-02,7.424246667800850075e-01,6.672785339661206905e-01,-3.778261010644399231e-01,9.428528164792766841e-02,3.094387897071664353e-02,1.324430881678845040e+00,-6.166726861101823332e-01,2.813168490814264497e-02,-8.641921731005608454e-01,-2.908213032469441628e-01,-2.292303900461102328e-01,1.170886064715415564e+00,-4.400444400895411334e-01,4.894817466132968253e-02,-2.573096091686453979e-03,0.000000000000000000e+00,0.000000000000000000e+00,8.189725085515120462e-02,1.819610475222213919e-01,-2.505280258826373951e-01,1.154473007985238109e+00,0.000000000000000000e+00,0.000000000000000000e+00,0.000000000000000000e+00,9.838932760702970293e-02,-2.110667647867881247e-01,2.602666364329555004e-01,1.099367810112911181e+00,0.000000000000000000e+00,0.000000000000000000e+00,0.000000000000000000e+00
-1.598732849582525442e-02,-1.916852984499005097e-01,7.546045050426146705e-01,-5.590155184163244501e-02,2.191289483029195545e-02,7.408113741444103395e-01,6.690241770520128917e-01,-3.941844664226030748e-01,8.425869099428023867e-02,3.002756031630526845e-02,1.343467915157988912e+00,-6.534985712745979836e-01,4.297628143105149123e-02,-8.806459810602456084e-01,-2.953125642416024044e-01,-2.305004992846606537e-01,1.165414321564265610e+00,-4.222649111634020347e-01,4.968944105792295202e-02,-1.465681401699517328e-03,0.000000000000000000e+00,0.000000000000000000e+00,8.155670766082928624e-02,1.833398153740827263e-01,-2.543434452519238720e-01,1.149687587167225189e+00,0.000000000000000000e+00,0.000000000000000000e+00,0.000000000000000000e+00,9.860810872135923610e-02,-2.112687813887339783e-01,2.580150885266715988e-01,1.102571263389189093e+00,0.000000000000000000e+00,0.000000000000000000e+00,0.000000000000000000e+00
-1.806552557208301879e-02,-2.018143045493202559e-01,7.507387189784223702e-01,-5.733620827495530120e-02,2.080872087553039401e-02,7.378668224948745635e-01,6.721845792767723315e-01,-4.153577028419149220e-01,7.914263202493049265e-02,3.156500453758577518e-02,1.374121754072961776e+00,-6.749883601493461560e-01,5.952481329799130805e-02,-9.016544918727166236e-01,-2.926654882979484729e-01,-2.278634265257174496e-01,1.166603238919672547e+00,-4.096437585267337922e-01,4.829804080502445029e-02,2.177925643166038483e-03,0.000000000000000000e+00,0.000000000000000000e+00,8.262919264992965585e-02,1.885777215352891500e-01,-2.554906668285470972e-01,1.143971489106822670e+00,0.000000000000000000e+00,0.000000000000000000e+00,0.000000000000000000e+00,9.970334104494731065e-02,-2.107501664249369910e-01,2.585125253361086339e-01,1.101215804141028931e+00,0.000000000000000000e+00,0.000000000000000000e+00,0.000000000000000000e+00
-1.986178783424991101e-02,-2.120500721381958775e-01,7.482632017328649798e-01,-5.733496140189937862e-02,2.009468764152844839e-02,7.355543282078648160e-01,6.747360491216601863e-01,-4.341777450766757251e-01,7.681439330217175454e-02,3.670728246194730066e-02,1.393639995070298010e+00,-6.937958236936213607e-01,7.260457134210482333e-02,-9.170948152956990285e-01,-2.934220181708154240e-01,-2.260966014821192971e-01,1.161074840004326481e+00,-3.920886541364118627e-01,5.339577094268585511e-02,5.289904920564161145e-03,0.000000000000000000e+00,0.000000000000000000e+00,8.051665980750433160e-02,1.926114623702330497e-01,-2.617206086563448886e-01,1.138719235642589700e+00,0.000000000000000000e+00,0.000000000000000000e+00,0.000000000000000000e+00,9.996273034204426755e-02,-2.110857302482218589e-01,2.609495913301045356e-01,1.102693816465807997e+00,0.000000000000000000e+00,0.000000000000000000e+00,0.000000000000000000e+00
-2.152456531567981460e-02,-2.223319842634410015e-01,7.453681056471977984e-01,-5.710003628101258805e-02,1.902621583167966868e-02,7.331425015236675558e-01,6.774065702570729597e-01,-4.538688488555914224e-01,7.583456238099139934e-02,4.234720982621580088e-02,1.415572395850325904e+00,-7.133735987932199318e-01,8.573637019987681573e-02,-9.335780517465654960e-01,-2.928589497809299669e-01,-2.227785433309706631e-01,1.159267860188389676e+00,-3.768509599503297447e-01,5.575767413257239069e-02,6.479848429847502936e-03,0.000000000000000000e+00,0.000000000000000000e+00,7.859700650943049482e-02,1.956342224154114517e-01,-2.690405512665109411e-01,1.134384370288682220e+00,0.000000000000000000e+00,0.000000000000000000e+00,0.000000000000000000e+00,1.021405438349053535e-01,-2.099756647447531543e-01,2.621760613774973825e-01,1.099480092920855245e+00,0.000000000000000000e+00,0.000000000000000000e+00,0.000000000000000000e+00
-2.291071685076689554e-02,-2.326210562919072689e-01,7.434609615097511615e-01,-5.663573185094093049e-02,1.940626483795949639e-02,7.308016967382261475e-01,6.799593155529787269e-01,-4.725642246570327942e-01,7.130718535457193641e-02,4.718210974690108250e-02,1.431336270625259033e+00,-7.407444045938269550e-01,9.579976790168465151e-02,-9.505383792153598854e-01,-2.948416989054993276e-01,-2.203200104855402297e-01,1.156032726273725109e+00,-3.606715104258421123e-01,5.868333322467134128e-02,5.872607827268203767e-03,0.000000000000000000e+00,0.000000000000000000e+00,7.729469241618149022e-02,1.960846428474604386e-01,-2.711553018185737240e-01,1.131401081874983783e+00,0.000000000000000000e+00,0.000000000000000000e+00,0.000000000000000000e+00,1.038820788638000342e-01,-2.079725899729148453e-01,2.648365949142079678e-01,1.098519570646500743e+00,0.000000000000000000e+00,0.000000000000000000e+00,0.000000000000000000e+00
-2.431764572708196639e-02,-2.429973122860066559e-01,7.438728907144568359e-01,-5.692789674685001799e-02,1.933737394140126742e-02,7.293402659989497439e-01,6.815042603928532783e-01,-4.903650185110516868e-01,7.176731988500011095e-02,5.305086058945020222e-02,1.438639310845349017e+00,-7.586111207428730685e-01,1.026413412386368296e-01,-9.616409421012208636e-01,-2.947338751821745872e-01,-2.197850824689331350e-01,1.144119755383222303e+00,-3.437906172078344369e-01,6.796375986156269478e-02,5.838039383424449905e-03,0.000000000000000000e+00,0.000000000000000000e+00,7.281672726355321867e-02,1.962612086590143079e-01,-2.758280896432802054e-01,1.129765828483723533e+00,0.000000000000000000e+00,0.000000000000000000e+00,0.000000000000000000e+00,1.026570531781971773e-01,-2.063392036206924962e-01,2.669515696830734308e-01,1.098910326541828741e+00,0.000000000000000000e+00,0.000000000000000000e+00,0.000000000000000000e+00
-2.568307326153265041e-02,-2.533882189217089298e-01,7.451301405459517246e-01,-5.853745992073057514e-02,2.019940003962635705e-02,7.272487161140482881e-01,6.835749080638746644e-01,-5.082773324606688625e-01,7.170546371953308296e-02,5.853806398907653030e-02,1.441960916163064876e+00,-7.860867174366088506e-01,1.085277610489842476e-01,-9.747498723602274762e-01,-2.957589335056934887e-01,-2.235647895216115177e-01,1.133556673319748631e+00,-3.411426580194275027e-01,7.360935330051990300e-02,8.546228767956411468e-03,0.000000000000000000e+00,0.000000000000000000e+00,6.700923106989693789e-02,1.949939116018063467e-01,-2.722652323009973063e-01,1.130671953713342281e+00,0.000000000000000000e+00,0.000000000000000000e+00,0.000000000000000000e+00,1.020138279202485732e-01,-2.037515007023178171e-01,2.682085592747532887e-01,1.100019833237724010e+00,0.000000000000000000e+00,0.000000000000000000e+00,0.000000000000000000e+00
-2.708892696983914924e-02,-2.640830066126416686e-01,7.506177465447876340e-01,-5.857308371760384935e-02,1.919753660451103267e-02,7.259143472481536241e-01,6.850175245286898029e-01,-5.172287571682189222e-01,7.832719280745041590e-02,6.809859815621446821e-02,1.427551311778926690e+00,-7.877496955619298635e-01,1.092797489272564759e-01,-9.772521966426583884e-01,-2.957202920987951900e-01,-2.272706870889046882e-01,1.113270984204341119e+00,-3.315511570241285177e-01,8.526864866494102135e-02,7.922905748921738045e-03,0.000000000000000000e+00,0.000000000000000000e+00,5.986184900806119230e-02,1.927339050914760599e-01,-2.736288585503744986e-01,1.136931850990705151e+00,0.000000000000000000e+00,0.000000000000000000e+00,0.000000000000000000e+00,1.011003644571111248e-01,-2.014190554902479113e-01,2.651927624183206822e-01,1.100718910872759526e+00,0.000000000000000000e+00,0.000000000000000000e+00,0.000000000000000000e+00
-2.848042249512757959e-02,-2.746989427990841337e-01,7.539212716165191175e-01,-6.037659318083705984e-02,1.938026477449682206e-02,7.248437763593887917e-01,6.859887551601738798e-01,-5.331255602046740538e-01,8.031182934585397171e-02,7.268394472603499634e-02,1.422227804524218486e+00,-8.025183673983197208e-01,1.150185791267727686e-01,-9.887826036173967825e-01,-2.943681664479358417e-01,-2.278939516545487598e-01,1.108501088784742850e+00,-3.447082283776119471e-01,8.688320323440848481e-02,9.431477490172745018e-03,0.000000000000000000e+00,0.000000000000000000e+00,5.352983534293957041e-02,1.918266933500731020e-01,-2.671785623761071538e-01,1.136842477520756622e+00,0.000000000000000000e+00,0.000000000000000000e+00,0.000000000000000000e+00,1.005401318287047624e-01,-2.016124585291232119e-01,2.650146766385957364e-01,1.096229539678245324e+00,0.000000000000000000e+00,0.000000000000000000e+00,0.000000000000000000e+00
-2.993359670051985374e-02,-2.851007195945630124e-01,7.577818534667102313e-01,-6.165984892258180583e-02,2.040822253224736441e-02,7.245498593854281522e-01,6.861552803472936723e-01,-5.487031628080686341e-01,7.769813829990897258e-02,7.536683561343338056e-02,1.412835259653387299e+00,-8.080042140894203584e-01,1.169447608249022802e-01,-9.956784511662927217e-01,-2.881178164896225358e-01,-2.193702301669162302e-01,1.106798045648465179e+00,-3.541488315021459887e-01,8.864272776034293200e-02,8.629332708620054970e-03,0.000000000000000000e+00,0.000000000000000000e+00,4.906026716068262461e-02,1.919737190268918092e-01,-2.649221691953632107e-01,1.135638090974698367e+00,0.000000000000000000e+00,0.000000000000000000e+00,0.000000000000000000e+00,1.004241645959745299e-01,-2.031695400824140574e-01,2.657990564100534137e-01,1.090448405708932311e+00,0.000000000000000000e+00,0.000000000000000000e+00,0.000000000000000000e+00
-3.154840966325218182e-02,-2.955861630170328880e-01,7.623134813790303221e-01,-6.185195624723553720e-02,2.055776287718669854e-02,7.259223161215349052e-01,6.846813162710229106e-01,-5.601904873298351184e-01,7.326205365723351126e-02,7.662288028758781899e-02,1.399724930705827264e+00,-8.117916307459590586e-01,1.210762337194563193e-01,-9.950887667613109722e-01,-2.861075780087968812e-01,-2.146509059201928971e-01,1.108044370465797845e+00,-3.572876546670399889e-01,8.898648635723395428e-02,6.437242656152359147e-03,0.000000000000000000e+00,0.000000000000000000e+00,4.594446184840988989e-02,1.912442939084934290e-01,-2.571223660445263182e-01,1.135691121791290836e+00,0.000000000000000000e+00,0.000000000000000000e+00,0.000000000000000000e+00,9.871963687008722399e-02,-2.048788578958599116e-01,2.622956035161731481e-01,1.089825090198075053e+00,0.000000000000000000e+00,0.000000000000000000e+00,0.000000000000000000e+00
-3.333123915603463522e-02,-3.060554159620530457e-01,7.678538976578460629e-01,-6.167983386836620174e-02,2.151471345431008736e-02,7.269705327852604704e-01,6.835543575026516994e-01,-5.692518713834996413e-01,7.036460479910019994e-02,8.267909316292160193e-02,1.379550786222763614e+00,-8.110590235899933775e-01,1.218873087921893833e-01,-9.938255310548381738e-01,-2.898078735175663168e-01,-2.121169835946457027e-01,1.108346024816253106e+00,-3.603408459054725510e-01,9.400020836462462392e-02,2.991657733889745846e-03,0.000000000000000000e+00,0.000000000000000000e+00,4.276431007662093164e-02,1.891317447666559792e-01,-2.528443104033831768e-01,1.134673313262057004e+00,0.000000000000000000e+00,0.000000000000000000e+00,0.000000000000000000e+00,9.599001143346909404e-02,-2.092836937959196564e-01,2.600346582887737013e-01,1.083771071569957334e+00,0.000000000000000000e+00,0.000000000000000000e+00,0.000000000000000000e+00
-3.514873119475605406e-02,-3.163414197004349449e-01,7.736629881433696454e-01,-6.152036815475018378e-02,2.263494717912322915e-02,7.292185539885566170e-01,6.811337636522946104e-01,-5.783659863086756392e-01,6.437544109824509808e-02,8.574765101776105070e-02,1.357058756182985881e+00,-8.037432106217574646e-01,1.229215979726647201e-01,-9.905408197410030535e-01,-2.880684624090950607e-01,-1.993716547606862455e-01,1.112812929974181797e+00,-3.610500948168609003e-01,9.531865740131537090e-02,-2.625741274753921883e-03,0.000000000000000000e+00,0.000000000000000000e+00,3.763364745051311910e-02,1.844593345694657827e-01,-2.483073721731408334e-01,1.136277102247468473e+00,0.000000000000000000e+00,0.000000000000000000e+00,0.000000000000000000e+00,9.363470495326907395e-02,-2.125507588261578429e-01,2.604465611631633926e-01,1.084007331363266546e+00,0.000000000000000000e+00,0.000000000000000000e+00,0.000000000000000000e+00
-3.715820113173460421e-02,-3.263814117614157184e-01,7.793713612290343873e-01,-6.203062895878367483e-02,2.401915410762375455e-02,7.316835624174599095e-01,6.783910714293235333e-01,-5.881087237380187016e-01,5.984171483469594155e-02,9.035025704327369345e-02,1.333832923024699912e+00,-7.944653325661148457e-01,1.262293294264156263e-01,-9.839834624997266799e-01,-2.882797420240481578e-01,-1.890737385286735406e-01,1.118409117139401499e+00,-3.570941385066050966e-01,9.665571488116282695e-02,-1.033314711963514640e-02,0.000000000000000000e+00,0.000000000000000000e+00,3.402565838745073151e-02,1.818225446688164215e-01,-2.426003405951171477e-01,1.137815277349669252e+00,0.000000000000000000e+00,0.000000000000000000e+00,0.000000000000000000e+00,9.003315857137253464e-02,-2.190552506996985282e-01,2.575208638544554396e-01,1.077325049088163178e+00,0.000000000000000000e+00,0.000000000000000000e+00,0.000000000000000000e+00
-3.911102384400867715e-02,-3.362842287192175372e-01,7.863725606509979205e-01,-6.063150140885779915e-02,2.581423453299920220e-02,7.352462176087088963e-01,6.745890940598346930e-01,-5.893355270040171456e-01,5.697089096598718927e-02,1.022539184753528674e-01,1.299525215437469683e+00,-7.852900180285168341e-01,1.254111317781118895e-01,-9.747041828021660859e-01,-2.967887296446363177e-01,-1.800558087904763349e-01,1.123460905223492068e+00,-3.524120067651140276e-01,1.012088421032878299e-01,-2.346961371958073556e-02,0.000000000000000000e+00,0.000000000000000000e+00,3.219583243440444359e-02,1.747046091068245321e-01,-2.360697028994680757e-01,1.137960297960934897e+00,0.000000000000000000e+00,0.000000000000000000e+00,0.000000000000000000e+00,8.475782999779338245e-02,-2.267605965662216894e-01,2.567667451738635531e-01,1.072285989410370011e+00,0.000000000000000000e+00,0.000000000000000000e+00,0.000000000000000000e+00
-4.120400949546996344e-02,-3.455531358146332610e-01,7.900519362517559596e-01,-6.242081938764901250e-02,2.790837082367407171e-02,7.362931157578057606e-01,6.731992363577096183e-01,-6.009891843351080620e-01,5.417817259676325353e-02,1.088993723324954283e-01,1.281774756715404529e+00,-7.885177299824930319e-01,1.298682382767464283e-01,-9.722661480098655495e-01,-3.002939807394719995e-01,-1.725556871386986213e-01,1.133460304889114978e+00,-3.557694742306642954e-01,1.025334811221369491e-01,-3.380843362992334150e-02,0.000000000000000000e+00,0.000000000000000000e+00,2.941926559957819265e-02,1.700780926117357039e-01,-2.269706489310098496e-01,1.134553453672866530e+00,0.000000000000000000e+00,0.000000000000000000e+00,0.000000000000000000e+00,7.861832832411735916e-02,-2.333700590181093659e-01,2.565387305015081609e-01,1.058026386008734887e+00,0.000000000000000000e+00,0.000000000000000000e+00,0.000000000000000000e+00
-4.297001354086481262e-02,-3.544735668350049163e-01,7.939724343136401741e-01,-6.283221704524880047e-02,2.939793903709849582e-02,7.377501255025772364e-01,6.715002799720035664e-01,-6.083578815556531794e-01,5.293684347394631007e-02,1.177795681204225064e-01,1.261668314081672904e+00,-7.824652868911649017e-01,1.322228590751762800e-01,-9.661457110021529626e-01,-3.075247059784759207e-01,-1.689342596501250959e-01,1.141643401897491916e+00,-3.605361001682719224e-01,1.026187181625005107e-01,-4.101902106471724818e-02,0.000000000000000000e+00,0.000000000000000000e+00,2.176473239099882898e-02,1.659968447247279211e-01,-2.200604795851765771e-01,1.135094650681752526e+00,0.000000000000000000e+00,0.000000000000000000e+00,0.000000000000000000e+00,7.225383653065947653e-02,-2.390819284873526573e-01,2.593509741696231607e-01,1.050929706792995022e+00,0.000000000000000000e+00,0.000000000000000000e+00,0.000000000000000000e+00
-4.451856190510954797e-02,-3.626822019485366200e-01,7.965806554914587334e-01,-6.282071792437068924e-02,3.122018718195718190e-02,7.384156659212190998e-01,6.706870817556518372e-01,-6.171068877576326717e-01,4.913807014133277085e-02,1.251812867964798848e-01,1.247206983145122461e+00,-7.752611937435026634e-01,1.358957244154394006e-01,-9.612420402270686060e-01,-3.143936000184849866e-01,-1.653393326285338694e-01,1.165193566801039138e+00,-3.735378254202874060e-01,9.557245097226893527e-02,-4.898688341109605493e-02,0.000000000000000000e+00,0.000000000000000000e+00,1.812226716999999071e-02,1.629003665477230800e-01,-2.196060000019765812e-01,1.134031615231885670e+00,0.000000000000000000e+00,0.000000000000000000e+00,0.000000000000000000e+00,6.582985869860026595e-02,-2.460774769410538632e-01,2.659876152438265806e-01,1.047628300290085912e+00,0.000000000000000000e+00,0.000000000000000000e+00,0.000000000000000000e+00
-4.586096388025939080e-02,-3.702976998082606608e-01,7.992705273873438321e-01,-6.210889743466172647e-02,3.303842382128260174e-02,7.394111210600113893e-01,6.695686234163251704e-01,-6.228585731855268426e-01,4.675225307019998527e-02,1.351343441398508982e-01,1.230663469274835053e+00,-7.644634562489748264e-01,1.370702810437171015e-01,-9.490662827446608718e-01,-3.245358821628843149e-01,-1.632536020861968251e-01,1.188696566021350653e+00,-3.868308191993264367e-01,8.877926128191092336e-02,-5.658501662839177104e-02,0.000000000000000000e+00,0.000000000000000000e+00,1.352553106182719130e-02,1.581708077189575290e-01,-2.139794522707497426e-01,1.132102827356075148e+00,0.000000000000000000e+00,0.000000000000000000e+00,0.000000000000000000e+00,5.863452716308378138e-02,-2.529353784253906001e-01,2.687662087197231209e-01,1.045836766191676093e+00,0.000000000000000000e+00,0.000000000000000000e+00,0.000000000000000000e+00
-4.720474784179557598e-02,-3.773678230874594197e-01,8.009923133047599508e-01,-6.097838576895009410e-02,3.416883025116659173e-02,7.400974722936625172e-01,6.688571289990197233e-01,-6.273277691183183347e-01,4.297251040379587023e-02,1.431336111470631889e-01,1.218438313086997571e+00,-7.617471033826694882e-01,1.411248027924631721e-01,-9.376880124071300671e-01,-3.368910300217447529e-01,-1.599815313185172783e-01,1.209904527878568059e+00,-3.908282692438415085e-01,8.555513599040068251e-02,-6.494357356517814484e-02,0.000000000000000000e+00,0.000000000000000000e+00,1.174685778118349060e-02,1.539052858049586581e-01,-2.069550925103487427e-01,1.125957432637700428e+00,0.000000000000000000e+00,0.000000000000000000e+00,0.000000000000000000e+00,5.401741683831155078e-02,-2.616160478559986791e-01,2.719415527863324189e-01,1.037896253175120798e+00,0.000000000000000000e+00,0.000000000000000000e+00,0.000000000000000000e+00
-4.859728822965191791e-02,-3.839129826611923924e-01,8.032126638878374081e-01,-5.961186909815935353e-02,3.332199919421596768e-02,7.408368585923124083e-01,6.682041741738806717e-01,-6.273320075251520578e-01,4.007524282744705929e-02,1.477644854577372935e-01,1.204889698682462651e+00,-7.569133260192764112e-01,1.479235529075833278e-01,-9.231255925620979186e-01,-3.489590018047742381e-01,-1.592024322299255001e-01,1.227047085054089548e+00,-3.908231836112417423e-01,8.411257387577700251e-02,-7.320514976211187075e-02,0.000000000000000000e+00,0.000000000000000000e+00,8.719083951175045713e-03,1.519976194963401084e-01,-2.009633119240717691e-01,1.123460040052693509e+00,0.000000000000000000e+00,0.000000000000000000e+00,0.000000000000000000e+00,4.976146675092607552e-02,-2.698280929632578262e-01,2.741967083699958230e-01,1.031924795510749560e+00,0.000000000000000000e+00,0.000000000000000000e+00,0.000000000000000000e+00
-4.954207115745836582e-02,-3.898466315843890917e-01,8.046464325606522694e-01,-5.710866209326601745e-02,3.237650058268581182e-02,7.413521821800083123e-01,6.678976754719809783e-01,-6.270729724583166131e-01,3.799840084403051377e-02,1.534100028065873422e-01,1.195796432108146234e+00,-7.445868262521395664e-01,1.509725784663447368e-01,-9.048083489915444977e-01,-3.579844596809605983e-01,-1.579022580852157964e-01,1.245639874037089756e+00,-3.943283616724191920e-01,7.901270659098827420e-02,-7.882058420304170754e-02,0.000000000000000000e+00,0.000000000000000000e+00,7.380502559168763098e-03,1.474808315972099826e-01,-2.006889356421511228e-01,1.118479573985079467e+00,0.000000000000000000e+00,0.000000000000000000e+00,0.000000000000000000e+00,4.572117487326136931e-02,-2.763754573058335162e-01,2.784793817567216556e-01,1.030371742226938281e+00,0.000000000000000000e+00,0.000000000000000000e+00,0.000000000000000000e+00
-5.050709704343072509e-02,-3.949888914417086228e-01,8.058933441970739242e-01,-5.722204592760674058e-02,3.256351810665564922e-02,7.413644132498958816e-01,6.678653019247317024e-01,-6.306749610510434811e-01,3.796549231621649395e-02,1.582180453090957228e-01,1.187040509355110851e+00,-7.422137984125877219e-01,1.525028769644962978e-01,-8.912367243328281896e-01,-3.667334996994000562e-01,-1.606048492892369062e-01,1.252208340838081746e+00,-4.014986337208891753e-01,7.840135754762085629e-02,-8.094226470276456864e-02,0.000000000000000000e+00,0.000000000000000000e+00,1.976970872311210013e-03,1.450040426889575851e-01,-1.956722164700751831e-01,1.112853393889204900e+00,0.000000000000000000e+00,0.000000000000000000e+00,0.000000000000000000e+00,4.312293864140924471e-02,-2.818215595376609151e-01,2.807576747994907640e-01,1.023801669901505118e+00,0.000000000000000000e+00,0.000000000000000000e+00,0.000000000000000000e+00
-5.127395216039690173e-02,-3.994513175991852294e-01,8.065789258390519967e-01,-5.812664057606060225e-02,3.314055500105700380e-02,7.421955700639505382e-01,6.668348619013626521e-01,-6.377210065319403043e-01,3.644258977244012321e-02,1.597721820813502447e-01,1.182380374973735826e+00,-7.402326541183535946e-01,1.561024748711350163e-01,-8.798917303059301531e-01,-3.727341838480838221e-01,-1.608417590453686263e-01,1.264065187688884428e+00,-3.997671956063589827e-01,7.614445810822487171e-02,-8.309515827174392133e-02,0.000000000000000000e+00,0.000000000000000000e+00,-2.211084743089331700e-03,1.430465764048641786e-01,-1.938484561050222987e-01,1.106308567099953510e+00,0.000000000000000000e+00,0.000000000000000000e+00,0.000000000000000000e+00,3.974116673112838838e-02,-2.879414624904586550e-01,2.850552704649848001e-01,1.022532900716660142e+00,0.000000000000000000e+00,0.000000000000000000e+00,0.000000000000000000e+00
-5.185406489199377578e-02,-4.034556683100730679e-01,8.076068049675991789e-01,-5.823155020472579185e-02,3.363790865953266568e-02,7.417736819483362609e-01,6.672700970600842219e-01,-6.412964352104082444e-01,3.646866424830883663e-02,1.642662609607960511e-01,1.175190458989996412e+00,-7.338943647402198511e-01,1.602060796893541028e-01,-8.630036139482958335e-01,-3.775224707780523437e-01,-1.617580607305472706e-01,1.271977069428411600e+00,-4.078335944852401473e-01,7.438161245165436641e-02,-8.451074320476961721e-02,0.000000000000000000e+00,0.000000000000000000e+00,-7.828416421870225753e-03,1.405403147346274972e-01,-1.889763709033398797e-01,1.104666536287361334e+00,0.000000000000000000e+00,0.000000000000000000e+00,0.000000000000000000e+00,3.462320905956801226e-02,-2.915176793304712355e-01,2.843561252060403666e-01,1.023440958888803154e+00,0.000000000000000000e+00,0.000000000000000000e+00,0.000000000000000000e+00
-5.234643102024612998e-02,-4.069396817786123388e-01,8.085135580285012225e-01,-5.980876317890271299e-02,3.430188373193815421e-02,7.413548805088675531e-01,6.675621572296709383e-01,-6.473893549115360413e-01,3.801622295642180516e-02,1.668156322255145430e-01,1.169534595690834511e+00,-7.300586838649014698e-01,1.626567610144921683e-01,-8.505122979634026636e-01,-3.810877761838529221e-01,-1.613063700734946870e-01,1.273129193407028570e+00,-4.097989167157843893e-01,7.538256247571080426e-02,-8.461828350729941328e-02,0.000000000000000000e+00,0.000000000000000000e+00,-1.302212697259488156e-02,1.394276273696312130e-01,-1.846745449758848412e-01,1.100762884511931050e+00,0.000000000000000000e+00,0.000000000000000000e+00,0.000000000000000000e+00,3.132390290411744826e-02,-2.944520344989734473e-01,2.840415316353521735e-01,1.021698826673565152e+00,0.000000000000000000e+00,0.000000000000000000e+00,0.000000000000000000e+00
-5.250460444943170352e-02,-4.101603825446982210e-01,8.093978578151140857e-01,-6.024333317924630837e-02,3.427980564505098832e-02,7.409548657582160081e-01,6.679682048133840366e-01,-6.504169581776502174e-01,4.042610724776067588e-02,1.700267498646294007e-01,1.164188934006159748e+00,-7.235809177163681216e-01,1.632406673128701247e-01,-8.348168079844002776e-01,-3.816097618572619199e-01,-1.597710774658915867e-01,1.275123256865185573e+00,-4.140306286427887783e-01,7.359126498784808457e-02,-8.447886127725179328e-02,0.000000000000000000e+00,0.000000000000000000e+00,-1.700384649018320260e-02,1.401026794426740718e-01,-1.832241435730044277e-01,1.094806778253375024e+00,0.000000000000000000e+00,0.000000000000000000e+00,0.000000000000000000e+00,2.676677647253600592e-02,-2.980002820481180148e-01,2.872022969639410062e-01,1.020801946336677979e+00,0.000000000000000000e+00,0.000000000000000000e+00,0.000000000000000000e+00
-5.238517196615657956e-02,-4.130705889238511230e-01,8.100690080533298199e-01,-6.092921169238676299e-02,3.465421771522678857e-02,7.407505301686698740e-01,6.681132901027511117e-01,-6.544862453063460261e-01,4.299393429298960928e-02,1.728806745370340681e-01,1.159905899874077884e+00,-7.177369117319044589e-01,1.616319479188205455e-01,-8.196333487354801051e-01,-3.805206614066216630e-01,-1.599344420196140981e-01,1.273892216300998026e+00,-4.202881743458868335e-01,7.273582720355943609e-02,-8.327996943398340013e-02,0.000000000000000000e+00,0.000000000000000000e+00,-2.096995489828429315e-02,1.392850381711726870e-01,-1.816840882936939794e-01,1.089549407907959511e+00,0.000000000000000000e+00,0.000000000000000000e+00,0.000000000000000000e+00,2.307941868616482373e-02,-3.006398357940931465e-01,2.912636776910524916e-01,1.020631705780466580e+00,0.000000000000000000e+00,0.000000000000000000e+00,0.000000000000000000e+00
-5.204396286780772068e-02,-4.158427538583556182e-01,8.105116234814409015e-01,-6.069326927648862474e-02,3.453174434450545505e-02,7.405963221658096174e-01,6.683120328795014720e-01,-6.574157605582766628e-01,4.324270605570412762e-02,1.731998709115510349e-01,1.157107039233800538e+00,-7.101477861206293429e-01,1.610234690835630478e-01,-8.048355835192056995e-01,-3.813049031965779490e-01,-1.602685642932903110e-01,1.274785569462273394e+00,-4.200455573863192682e-01,7.418705583302061257e-02,-8.194121368342155431e-02,0.000000000000000000e+00,0.000000000000000000e+00,-2.380784802360250141e-02,1.381958128142801445e-01,-1.801314702872540974e-01,1.084703662289263848e+00,0.000000000000000000e+00,0.000000000000000000e+00,0.000000000000000000e+00,2.173418361148567179e-02,-3.019870947727951727e-01,2.905751685266110829e-01,1.018409638209155199e+00,0.000000000000000000e+00,0.000000000000000000e+00,0.000000000000000000e+00
-5.152164467013541777e-02,-4.183677559824667269e-01,8.106018857938203093e-01,-6.084784202560091643e-02,3.468829347587130962e-02,7.399267263016682250e-01,6.690311667785394656e-01,-6.617351681284049381e-01,4.398403412854996059e-02,1.731960237861223106e-01,1.156650891840382167e+00,-7.063722058677509574e-01,1.605209210716068147e-01,-7.939982216710287366e-01,-3.818382777170363784e-01,-1.614667378390183816e-01,1.277825521746638548e+00,-4.267466858407741315e-01,7.343012383572988799e-02,-7.974710349804203791e-02,0.000000000000000000e+00,0.000000000000000000e+00,-2.633354717232128453e-02,1.391159438555313321e-01,-1.794570924078950358e-01,1.080451343707894640e+00,0.000000000000000000e+00,0.000000000000000000e+00,0.000000000000000000e+00,1.956745228620001414e-02,-3.035514971166001219e-01,2.917115340690890068e-01,1.015972371616410408e+00,0.000000000000000000e+00,0.000000000000000000e+00,0.000000000000000000e+00
-5.090923977225639274e-02,-4.207947165597412109e-01,8.106380070161974816e-01,-6.078470996492731093e-02,3.439698031773325004e-02,7.395026466902624440e-01,6.695206511509530500e-01,-6.653413834889108092e-01,4.538386331472721302e-02,1.730675663627741778e-01,1.156866289846646412e+00,-7.021272040670073489e-01,1.609279757268035627e-01,-7.863563012023004895e-01,-3.825438421565137692e-01,-1.647862844861731069e-01,1.280615673838958690e+00,-4.284438140430518738e-01,7.300527645940339816e-02,-7.735543574660774802e-02,0.000000000000000000e+00,0.000000000000000000e+00,-2.781480121401534028e-02,1.398618054974067881e-01,-1.794458645666950347e-01,1.076623428204798838e+00,0.000000000000000000e+00,0.000000000000000000e+00,0.000000000000000000e+00,1.779286808960324831e-02,-3.039734574625637675e-01,2.915867570708427503e-01,1.016763469746733595e+00,0.000000000000000000e+00,0.000000000000000000e+00,0.000000000000000000e+00
-5.029980579428532106e-02,-4.230065431620553817e-01,8.107190617943422772e-01,-6.227303368103861980e-02,3.416077824554095838e-02,7.376784057397282046e-01,6.714057493134166776e-01,-6.709431292277570069e-01,5.230004149301660521e-02,1.750356231804631735e-01,1.158308786992571893e+00,-6.996440170033254580e-01,1.608173227685736617e-01,-7.835794286880052306e-01,-3.805352193381330017e-01,-1.691897267188036402e-01,1.276915716269155121e+00,-4.371404514630158888e-01,7.457374796967902730e-02,-7.359798264238016918e-02,0.000000000000000000e+00,0.000000000000000000e+00,-2.862918465881632291e-02,1.428225211553293961e-01,-1.779230751294771096e-01,1.073424656024829282e+00,0.000000000000000000e+00,0.000000000000000000e+00,0.000000000000000000e+00,1.611168678009658461e-02,-3.036321171949571407e-01,2.932890766631925383e-01,1.014114848597312379e+00,0.000000000000000000e+00,0.000000000000000000e+00,0.000000000000000000e+00
-4.954540925006540447e-02,-4.249955774232130334e-01,8.107320059558562608e-01,-6.354687776674627919e-02,3.435824651420438247e-02,7.365145221681995702e-01,6.725530937092740746e-01,-6.766084907632001766e-01,5.771070314343750701e-02,1.767324307220025648e-01,1.159463638022624199e+00,-6.974679814053666993e-01,1.604093831655180047e-01,-7.840115953016782990e-01,-3.772371654039564093e-01,-1.713790345187241604e-01,1.276454932976553991e+00,-4.440839511188320876e-01,7.409682950077968455e-02,-7.073907808745075187e-02,0.000000000000000000e+00,0.000000000000000000e+00,-3.024904608704617054e-02,1.460874605276413218e-01,-1.769613853667066916e-01,1.072262500655301931e+00,0.000000000000000000e+00,0.000000000000000000e+00,0.000000000000000000e+00,1.358971886728693387e-02,-3.027645464568536338e-01,2.964469154010402896e-01,1.013632586998010510e+00,0.000000000000000000e+00,0.000000000000000000e+00,0.000000000000000000e+00
-4.896521429631585376e-02,-4.267393975488267821e-01,8.115127061344474813e-01,-6.607182306982478659e-02,3.500580720134584267e-02,7.347200384966061648e-01,6.742370300494899826e-01,-6.823082868913257215e-01,6.605619339777991927e-02,1.804262473093176111e-01,1.156315262826046908e+00,-6.927888211158668152e-01,1.586969321483004125e-01,-7.870491807879250734e-01,-3.721320980778347609e-01,-1.725959724170639809e-01,1.265874699952961535e+00,-4.455431562888678143e-01,7.742753842530447628e-02,-6.882276074514331876e-02,0.000000000000000000e+00,0.000000000000000000e+00,-3.171252060126636407e-02,1.497282394024941621e-01,-1.731409451384114395e-01,1.072141876208704936e+00,0.000000000000000000e+00,0.000000000000000000e+00,0.000000000000000000e+00,1.139644983937544709e-02,-3.017286798426866423e-01,2.976269313605759970e-01,1.011076744382107595e+00,0.000000000000000000e+00,0.000000000000000000e+00,0.000000000000000000e+00
-4.804449530725552614e-02,-4.283045919018760306e-01,8.118200867537570531e-01,-6.752119777264320444e-02,3.650363992474137120e-02,7.327565572261279803e-01,6.761480606832381834e-01,-6.881297497905131122e-01,7.127947429055651873e-02,1.838625123886797885e-01,1.154707963233739587e+00,-6.877214731617348198e-01,1.548050944296808507e-01,-7.909947541911901414e-01,-3.671690677279246806e-01,-1.735152930460081844e-01,1.259263076938874848e+00,-4.528706679200491525e-01,7.731940804813815238e-02,-6.626144873540998348e-02,0.000000000000000000e+00,0.000000000000000000e+00,-3.331537831841765301e-02,1.518063021998287132e-01,-1.734039166680091393e-01,1.073960125096713458e+00,0.000000000000000000e+00,0.000000000000000000e+00,0.000000000000000000e+00,8.284471813021831998e-03,-3.006468314042691214e-01,3.019524091368437357e-01,1.008968614335567615e+00,0.000000000000000000e+00,0.000000000000000000e+00,0.000000000000000000e+00
-4.732908229917442977e-02,-4.295451670655309750e-01,8.129578939245232228e-01,-7.166777646813454750e-02,3.855478526731152822e-02,7.312514493531340198e-01,6.772359826294266361e-01,-6.968700683298857390e-01,7.902535172844418754e-02,1.863268737544684084e-01,1.149147454534943824e+00,-6.832783414723918591e-01,1.510254861389608572e-01,-7.947221819420164923e-01,-3.581966460808582164e-01,-1.749497148282025960e-01,1.243692575349771179e+00,-4.598975212568156001e-01,8.195280669717402988e-02,-6.578108322690318088e-02,0.000000000000000000e+00,0.000000000000000000e+00,-3.489566972248408366e-02,1.574031437874708894e-01,-1.730877667774308459e-01,1.072985846661766329e+00,0.000000000000000000e+00,0.000000000000000000e+00,0.000000000000000000e+00,5.793508167311544124e-03,-2.984087071882907116e-01,3.062241537042362238e-01,1.005529700253852798e+00,0.000000000000000000e+00,0.000000000000000000e+00,0.000000000000000000e+00
-4.629838378649824004e-02,-4.310630904436911770e-01,8.133982412705133003e-01,-7.225328076719708670e-02,3.907848710100229883e-02,7.297476502051738478e-01,6.787640991421836079e-01,-6.994007428054361819e-01,8.476115370251678660e-02,1.900523074349946828e-01,1.146900731406616636e+00,-6.783491055018014970e-01,1.483053934028024379e-01,-7.970315612523511950e-01,-3.524964943874134837e-01,-1.726291437933747397e-01,1.236599803173041412e+00,-4.621246518381635915e-01,8.383221013047044423e-02,-6.482447328534773900e-02,0.000000000000000000e+00,0.000000000000000000e+00,-3.609718815147330839e-02,1.597276285565993326e-01,-1.702723079790388339e-01,1.075124505621716464e+00,0.000000000000000000e+00,0.000000000000000000e+00,0.000000000000000000e+00,4.052147177824699277e-03,-2.966468875571802721e-01,3.082832560122329979e-01,1.003413529939426230e+00,0.000000000000000000e+00,0.000000000000000000e+00,0.000000000000000000e+00
-4.515033692765405005e-02,-4.323282476114300721e-01,8.142408659635638202e-01,-7.439204883192555851e-02,4.050558361134473651e-02,7.279836131288213164e-01,6.803418109912101608e-01,-7.043176607188109672e-01,9.166926377687799332e-02,1.932120288082709580e-01,1.142529421669701284e+00,-6.735718974039209828e-01,1.427216472130052316e-01,-7.991976781849187139e-01,-3.461400394126122326e-01,-1.740326510286310246e-01,1.224834725380754774e+00,-4.731767252217870534e-01,8.666809770171832183e-02,-6.406177329505238771e-02,0.000000000000000000e+00,0.000000000000000000e+00,-3.732186433149750626e-02,1.654404853429066458e-01,-1.718174673145421716e-01,1.075555861365065757e+00,0.000000000000000000e+00,0.000000000000000000e+00,0.000000000000000000e+00,1.621521944809918570e-03,-2.936100276305916856e-01,3.109149737180434414e-01,1.000408308002235902e+00,0.000000000000000000e+00,0.000000000000000000e+00,0.000000000000000000e+00
-4.368979879459812532e-02,-4.336995056604447396e-01,8.146816866362566190e-01,-7.405367615411410920e-02,4.081861414125234622e-02,7.267513710786345227e-01,6.816761242870210680e-01,-7.056383654670068672e-01,9.500458820506407775e-02,1.946597692613095121e-01,1.140575517017367257e+00,-6.654265510761507851e-01,1.414814620878047380e-01,-7.987911451167762911e-01,-3.419721833175053405e-01,-1.744536536550379546e-01,1.219765676008719879e+00,-4.818283767233147441e-01,8.382432535653586148e-02,-6.092441758748277231e-02,0.000000000000000000e+00,0.000000000000000000e+00,-3.800213599105382867e-02,1.687514823851523071e-01,-1.720171735581066119e-01,1.077473527131057152e+00,0.000000000000000000e+00,0.000000000000000000e+00,0.000000000000000000e+00,5.474103869186827676e-04,-2.903507660272807156e-01,3.111942737000846781e-01,1.001751907402995023e+00,0.000000000000000000e+00,0.000000000000000000e+00,0.000000000000000000e+00
-4.220854861683019654e-02,-4.349990366952655729e-01,8.152234194870927597e-01,-7.395519744263144568e-02,4.146074422118934538e-02,7.260382779486096450e-01,6.824075427581853814e-01,-7.064995541088342490e-01,9.889970795563715611e-02,1.976799498403374877e-01,1.136969433426701537e+00,-6.607706406690828649e-01,1.396612205898064007e-01,-7.995048883249995519e-01,-3.398812117445626502e-01,-1.764809341656705666e-01,1.215403638935713904e+00,-4.855327006231618947e-01,8.188668684450010893e-02,-6.066972650728749000e-02,0.000000000000000000e+00,0.000000000000000000e+00,-3.685471467506486881e-02,1.721666070884215749e-01,-1.703600912580552629e-01,1.076246442807919479e+00,0.000000000000000000e+00,0.000000000000000000e+00,0.000000000000000000e+00,-1.095350952975981257e-03,-2.883619719177711871e-01,3.129518789517454214e-01,1.001796187407312244e+00,0.000000000000000000e+00,0.000000000000000000e+00,0.000000000000000000e+00
-4.060523092431374964e-02,-4.362616496067553973e-01,8.158123034312576571e-01,-7.222464683591557633e-02,4.089799662410616848e-02,7.250261310032000139e-01,6.837017358644728038e-01,-7.024829843264807083e-01,1.032470396596355255e-01,2.015270778215175196e-01,1.133389020268443348e+00,-6.553159216486353911e-01,1.364673484699084616e-01,-7.951816396727133807e-01,-3.384867281507280556e-01,-1.790070533745937720e-01,1.211136926281474180e+00,-4.962903556367820879e-01,8.057740448417190227e-02,-5.879425699919479942e-02,0.000000000000000000e+00,0.000000000000000000e+00,-3.576287031827446450e-02,1.751317110524115150e-01,-1.704176205729066029e-01,1.077019768354203322e+00,0.000000000000000000e+00,0.000000000000000000e+00,0.000000000000000000e+00,-2.139436370294093767e-03,-2.860670859763932428e-01,3.153825324714986666e-01,1.002546154235973042e+00,0.000000000000000000e+00,0.000000000000000000e+00,0.000000000000000000e+00
-3.891224543309877715e-02,-4.372085588260097300e-01,8.163762921220616420e-01,-7.123273512966127319e-02,4.108476974318448632e-02,7.238633156363272203e-01,6.850254297594221553e-01,-7.006269731279780588e-01,1.066733501313709420e-01,2.038310201150788092e-01,1.129806835776091090e+00,-6.492818606745878185e-01,1.314263883687525059e-01,-7.934724074669958771e-01,-3.336838854832629986e-01,-1.779126837767998626e-01,1.207165160477563060e+00,-5.085405893756306250e-01,7.739807723280760221e-02,-5.851096742095950737e-02,0.000000000000000000e+00,0.000000000000000000e+00,-3.375627057576863210e-02,1.788317066267057498e-01,-1.703696571597141662e-01,1.078366344746134020e+00,0.000000000000000000e+00,0.000000000000000000e+00,0.000000000000000000e+00,-2.875960369490813268e-03,-2.838835015707964482e-01,3.179437777214917382e-01,9.998516738443661289e-01,0.000000000000000000e+00,0.000000000000000000e+00,0.000000000000000000e+00
-3.721348540613095973e-02,-4.379011573588723616e-01,8.169975816171898275e-01,-7.121713324255972422e-02,4.161425628461556947e-02,7.221110066097568003e-01,6.868420981125388236e-01,-7.001910912708865231e-01,1.112321729362418798e-01,2.057020684996639925e-01,1.126335330542389102e+00,-6.458120348656590792e-01,1.259932895174742107e-01,-7.912548006687938340e-01,-3.302048544308921474e-01,-1.815663531925322538e-01,1.201446888379273492e+00,-5.298395872460166522e-01,7.482045677790814808e-02,-5.498243219917298835e-02,0.000000000000000000e+00,0.000000000000000000e+00,-3.314873220973908741e-02,1.825619091508537961e-01,-1.686189764394669943e-01,1.079046645953767314e+00,0.000000000000000000e+00,0.000000000000000000e+00,0.000000000000000000e+00,-3.773723336672474282e-03,-2.810465547594608871e-01,3.199545633980543924e-01,9.974361858731795039e-01,0.000000000000000000e+00,0.000000000000000000e+00,0.000000000000000000e+00
-3.555087949116665647e-02,-4.385083479067920509e-01,8.171807889571980343e-01,-7.052817755807942735e-02,4.125768341962961216e-02,7.211547318059093881e-01,6.879385383325525849e-01,-6.986262479629542499e-01,1.157823109524316330e-01,2.073167483771810871e-01,1.125948754076974589e+00,-6.452931613183238158e-01,1.228675926224850612e-01,-7.893481980115910623e-01,-3.257892271686513297e-01,-1.819084280491646832e-01,1.199560549404895982e+00,-5.406353464641346918e-01,7.234113324941721102e-02,-5.512857020842330813e-02,0.000000000000000000e+00,0.000000000000000000e+00,-3.182543153528966801e-02,1.852838398384412943e-01,-1.670772352816448925e-01,1.082311189175551469e+00,0.000000000000000000e+00,0.000000000000000000e+00,0.000000000000000000e+00,-4.485223008822944099e-03,-2.772525018634331984e-01,3.214375335302594450e-01,9.960587753343665973e-01,0.000000000000000000e+00,0.000000000000000000e+00,0.000000000000000000e+00
-3.379226694412931775e-02,-4.389007122688119988e-01,8.170761421086087939e-01,-6.926640718921371620e-02,4.158618333338236217e-02,7.209028054464577950e-01,6.883109030738128187e-01,-6.976985709440320926e-01,1.173421113436999424e-01,2.083345218576464486e-01,1.126287992232796409e+00,-6.431887505977531561e-01,1.190115828020768263e-01,-7.885996247596435138e-01,-3.257644015988668817e-01,-1.826975013568419293e-01,1.201150536617546560e+00,-5.510695370329657949e-01,6.913097851834577867e-02,-5.404913925699558752e-02,0.000000000000000000e+00,0.000000000000000000e+00,-3.127059111748874826e-02,1.872667943392659073e-01,-1.661598757177384644e-01,1.086436593146256513e+00,0.000000000000000000e+00,0.000000000000000000e+00,0.000000000000000000e+00,-3.010425739291739539e-03,-2.739416172768963653e-01,3.221444991278665793e-01,9.941405163952703461e-01,0.000000000000000000e+00,0.000000000000000000e+00,0.000000000000000000e+00
-3.223921379092879042e-02,-4.392436751984657994e-01,8.173205921742691116e-01,-6.797643360475770502e-02,4.089704384184781466e-02,7.199179461217284359e-01,6.895105417114729685e-01,-6.942095576492762765e-01,1.209079306156016914e-01,2.095832043429891045e-01,1.125563668074656354e+00,-6.412190933669039694e-01,1.160912869906235018e-01,-7.849109740221533738e-01,-3.235874063126872313e-01,-1.844632781733532567e-01,1.199911125328908534e+00,-5.606796852322980529e-01,6.785486065846213499e-02,-5.293856373167008661e-02,0.000000000000000000e+00,0.000000000000000000e+00,-2.948883884512738807e-02,1.886261032367073931e-01,-1.634573549537735593e-01,1.088882888001927229e+00,0.000000000000000000e+00,0.000000000000000000e+00,0.000000000000000000e+00,-3.047210525344444879e-03,-2.701515409858979422e-01,3.199325841589632513e-01,9.945922677154107605e-01,0.000000000000000000e+00,0.000000000000000000e+00,0.000000000000000000e+00
-3.076772987188987341e-02,-4.395645432929996543e-01,8.172727011917748641e-01,-6.545435854283770949e-02,3.943618307684192137e-02,7.189239653275897313e-01,6.908754203832488949e-01,-6.878565060317283208e-01,1.249983997438839506e-01,2.126681443093817181e-01,1.126627379955646102e+00,-6.408424621285926381e-01,1.146479563118011219e-01,-7.800803430326971322e-01,-3.230098629319371195e-01,-1.854317546284161289e-01,1.201566761451817955e+00,-5.650592128274576353e-01,6.714993154534137920e-02,-5.361879679411894056e-02,0.000000000000000000e+00,0.000000000000000000e+00,-2.557378938620954306e-02,1.897275059962474641e-01,-1.602265439203528763e-01,1.091473487743168214e+00,0.000000000000000000e+00,0.000000000000000000e+00,0.000000000000000000e+00,-2.655525649010276670e-03,-2.674503805172022686e-01,3.198187327786145562e-01,9.933161260364488099e-01,0.000000000000000000e+00,0.000000000000000000e+00,0.000000000000000000e+00
-2.939742016763162782e-02,-4.397659586248504615e-01,8.171499876372838589e-01,-6.353979664998761490e-02,3.819136913550120332e-02,7.185000181393254026e-01,6.915647746227564507e-01,-6.835003022392297511e-01,1.268543497925242458e-01,2.125871728338142586e-01,1.128113185272956231e+00,-6.419044329249938841e-01,1.135401848960747306e-01,-7.765239146945936977e-01,-3.217151548239970960e-01,-1.856452026472086014e-01,1.203771135577931473e+00,-5.675440348946665381e-01,6.574851825516264681e-02,-5.535354405529516880e-02,0.000000000000000000e+00,0.000000000000000000e+00,-2.098679441295011466e-02,1.918505449895053505e-01,-1.600540210916156780e-01,1.092297547436732907e+00,0.000000000000000000e+00,0.000000000000000000e+00,0.000000000000000000e+00,-1.557072762429008439e-03,-2.646539484515736396e-01,3.205648845090706134e-01,9.917661734601322943e-01,0.000000000000000000e+00,0.000000000000000000e+00,0.000000000000000000e+00
-2.807799517012307330e-02,-4.398441475214183161e-01,8.170542442824432205e-01,-6.181354685195360882e-02,3.744662595680021966e-02,7.177608596137164954e-01,6.925288326391993987e-01,-6.793617959077385970e-01,1.291442117978905957e-01,2.141219211911494225e-01,1.129081018050985818e+00,-6.432426771178019198e-01,1.123703350301070436e-01,-7.736001625197610476e-01,-3.201402354953439833e-01,-1.850619384311050775e-01,1.205210957423983320e+00,-5.735296476667846033e-01,6.597578249965743713e-02,-5.795226824855512215e-02,0.000000000000000000e+00,0.000000000000000000e+00,-1.786196586192942415e-02,1.936425170924778172e-01,-1.541931498057328986e-01,1.094338368696970099e+00,0.000000000000000000e+00,0.000000000000000000e+00,0.000000000000000000e+00,-4.861168921694997147e-04,-2.615379327006537302e-01,3.174031756879786004e-01,9.868914954986240939e-01,0.000000000000000000e+00,0.000000000000000000e+00,0.000000000000000000e+00
-2.682968710699563594e-02,-4.398816844604751530e-01,8.171644957750284766e-01,-6.031020977342004680e-02,3.713087937440876646e-02,7.169766111695254907e-01,6.934900975715749816e-01,-6.755740311588400715e-01,1.299443896930048137e-01,2.145856585430623853e-01,1.128227995818559704e+00,-6.435469698516556036e-01,1.091049397647466529e-01,-7.708679449349821189e-01,-3.193405596602780228e-01,-1.853215521140616495e-01,1.205571332772380488e+00,-5.809421025669812000e-01,6.485461093475736183e-02,-5.869335272726828451e-02,0.000000000000000000e+00,0.000000000000000000e+00,-1.461163609209481344e-02,1.952263413424885630e-01,-1.546024305640398278e-01,1.093690728620018593e+00,0.000000000000000000e+00,0.000000000000000000e+00,0.000000000000000000e+00,4.744454946709747434e-04,-2.587750709808140370e-01,3.147956061156821916e-01,9.832759953259717634e-01,0.000000000000000000e+00,0.000000000000000000e+00,0.000000000000000000e+00
-2.557384787859336844e-02,-4.400833142614055116e-01,8.162659328203363263e-01,-5.705064745587887232e-02,3.521136178371701841e-02,7.179230158854834620e-01,6.928866623684524217e-01,-6.703579653910415326e-01,1.297936007717414020e-01,2.141643420132146869e-01,1.133974713564871672e+00,-6.463768887838927668e-01,1.110090992508403346e-01,-7.672745518922248209e-01,-3.230764148088734466e-01,-1.858557825505005590e-01,1.214779802251777285e+00,-5.756826461035663423e-01,6.114776623912648174e-02,-6.091328640284719015e-02,0.000000000000000000e+00,0.000000000000000000e+00,-1.111860842888563565e-02,1.958372705287781679e-01,-1.539330404475565406e-01,1.095480478996535778e+00,0.000000000000000000e+00,0.000000000000000000e+00,0.000000000000000000e+00,3.040276585924624533e-03,-2.559198563543107485e-01,3.121910526188962365e-01,9.845100642588279216e-01,0.000000000000000000e+00,0.000000000000000000e+00,0.000000000000000000e+00
-2.453134452297693960e-02,-4.401693037924955809e-01,8.161142517800380469e-01,-5.556619290018245672e-02,3.430929350436874581e-02,7.171395320510742799e-01,6.938632157387922827e-01,-6.668071454840344137e-01,1.319380969384720825e-01,2.151078380296208015e-01,1.135633623400135406e+00,-6.478501346913640990e-01,1.108534795325609862e-01,-7.648863219259830482e-01,-3.214417720974631076e-01,-1.850796208780642882e-01,1.216426177082584603e+00,-5.774152354462785963e-01,6.278653668196218507e-02,-6.271208907730756177e-02,0.000000000000000000e+00,0.000000000000000000e+00,-6.623344132666851222e-03,1.969511870541849619e-01,-1.525976053616751316e-01,1.093177912180550049e+00,0.000000000000000000e+00,0.000000000000000000e+00,0.000000000000000000e+00,5.235135099437219011e-03,-2.530864421061641001e-01,3.087845407933740294e-01,9.780105464924409020e-01,0.000000000000000000e+00,0.000000000000000000e+00,0.000000000000000000e+00
-2.339905651513635859e-02,-4.403241909216313310e-01,8.155248627864789546e-01,-5.293299464639362323e-02,3.302925281120246137e-02,7.168659689398662049e-01,6.944136729013952181e-01,-6.622317079743726964e-01,1.323723023116665787e-01,2.155967310057209652e-01,1.139453178417146884e+00,-6.494046737128951197e-01,1.121753198255292794e-01,-7.621499844133811097e-01,-3.229653294377421435e-01,-1.847026862764513666e-01,1.222124347160256308e+00,-5.768611487511200453e-01,6.128640128524553282e-02,-6.404985325809804675e-02,0.000000000000000000e+00,0.000000000000000000e+00,-2.237817553458101849e-03,1.986498646278466451e-01,-1.505618551366325331e-01,1.091649009768759448e+00,0.000000000000000000e+00,0.000000000000000000e+00,0.000000000000000000e+00,8.212125152459571684e-03,-2.500774991704128869e-01,3.048154263599111569e-01,9.727267955287831613e-01,0.000000000000000000e+00,0.000000000000000000e+00,0.000000000000000000e+00
-2.235556993701418721e-02,-4.404935363989427866e-01,8.151192556822574042e-01,-5.020729845005977160e-02,3.210019001978722808e-02,7.169493555517348904e-01,6.945735573407560981e-01,-6.570884148883121556e-01,1.317375170358648373e-01,2.167523235369178680e-01,1.141285554339621644e+00,-6.514572254473045554e-01,1.131269829074284805e-01,-7.597936968176403072e-01,-3.260029399392577742e-01,-1.842217947531924471e-01,1.227475081913996791e+00,-5.721360134173142376e-01,6.050928385280296418e-02,-6.728546461651196964e-02,0.000000000000000000e+00,0.000000000000000000e+00,2.062372424943392790e-03,1.997510701562576763e-01,-1.506957890571786751e-01,1.092376328871224711e+00,0.000000000000000000e+00,0.000000000000000000e+00,0.000000000000000000e+00,1.012672663423773087e-02,-2.477510007708372819e-01,2.997386728716276982e-01,9.702561424014463087e-01,0.000000000000000000e+00,0.000000000000000000e+00,0.000000000000000000e+00
-2.127038889042062036e-02,-4.407455862018386239e-01,8.145383315671765878e-01,-4.674495219614151209e-02,3.082955505239153710e-02,7.166823152316614820e-01,6.951481187586122656e-01,-6.510118306608050354e-01,1.309653686503989278e-01,2.181269794449143262e-01,1.144332015859692797e+00,-6.510787234429186165e-01,1.144388235207379340e-01,-7.564710205845279756e-01,-3.284540075372984202e-01,-1.823436182737174227e-01,1.233597497752282113e+00,-5.719584633705709908e-01,5.895952232982217683e-02,-6.836751376251516688e-02,0.000000000000000000e+00,0.000000000000000000e+00,6.085786358567594166e-03,1.997791422042832776e-01,-1.508435174495862119e-01,1.092101843526069205e+00,0.000000000000000000e+00,0.000000000000000000e+00,0.000000000000000000e+00,1.297186564339652612e-02,-2.450599921124253233e-01,2.968916419920475391e-01,9.662295428940118613e-01,0.000000000000000000e+00,0.000000000000000000e+00,0.000000000000000000e+00
-2.029841809384166570e-02,-4.408389964054571508e-01,8.144545204616210343e-01,-4.488123883089888827e-02,3.077665523575135245e-02,7.170754975185257285e-01,6.948677591830425548e-01,-6.474478882874362684e-01,1.291642244388053196e-01,2.188028696701473930e-01,1.143585167647515277e+00,-6.532476872628238951e-01,1.148146544035185679e-01,-7.548832451137076349e-01,-3.314226408567489957e-01,-1.822161223671430463e-01,1.236439575932894552e+00,-5.710144424417413767e-01,5.938482187959170239e-02,-7.061879572334547883e-02,0.000000000000000000e+00,0.000000000000000000e+00,8.264117320127462377e-03,2.004842516665239216e-01,-1.521279501364337372e-01,1.091229849721865985e+00,0.000000000000000000e+00,0.000000000000000000e+00,0.000000000000000000e+00,1.515573284863354006e-02,-2.436164919108061433e-01,2.953399449872151084e-01,9.611086217368900453e-01,0.000000000000000000e+00,0.000000000000000000e+00,0.000000000000000000e+00
-1.925876102761000380e-02,-4.410308420058267620e-01,8.142077752369851762e-01,-4.189251559764592403e-02,3.021474325529995009e-02,7.173775286486930858e-01,6.947672760117669100e-01,-6.419890507609703478e-01,1.273862402130213622e-01,2.202947292250764799e-01,1.143582206953743130e+00,-6.514618698195964175e-01,1.136538114965457286e-01,-7.516952552181205283e-01,-3.348825395356291867e-01,-1.810455142608700108e-01,1.240645902651744903e+00,-5.726627617856682173e-01,5.870811309494996383e-02,-7.198855847400656427e-02,0.000000000000000000e+00,0.000000000000000000e+00,1.124105347914935646e-02,2.009100794579143368e-01,-1.513280400829354888e-01,1.089500063625274295e+00,0.000000000000000000e+00,0.000000000000000000e+00,0.000000000000000000e+00,1.776300129927890076e-02,-2.419739643487600067e-01,2.947091024472363041e-01,9.564991916133314120e-01,0.000000000000000000e+00,0.000000000000000000e+00,0.000000000000000000e+00
-1.832932474229972269e-02,-4.410765761100445825e-01,8.147375140748626121e-01,-4.100206768480901126e-02,3.121463967162881048e-02,7.177254044938778943e-01,6.944168204038840830e-01,-6.400459961769555672e-01,1.251038824441581543e-01,2.210692844600970486e-01,1.138890267343702023e+00,-6.490712985177250482e-01,1.116743548423892174e-01,-7.507619850744546852e-01,-3.363598572857897095e-01,-1.806591583171345550e-01,1.239285640625997109e+00,-5.773558938443018596e-01,5.942813954611451954e-02,-7.337102331635902974e-02,0.000000000000000000e+00,0.000000000000000000e+00,1.128063290923690849e-02,2.023010137938273112e-01,-1.503879012098716106e-01,1.089463913754613378e+00,0.000000000000000000e+00,0.000000000000000000e+00,0.000000000000000000e+00,1.857669682131996361e-02,-2.411139306794427284e-01,2.937621283144516982e-01,9.519079178428031529e-01,0.000000000000000000e+00,0.000000000000000000e+00,0.000000000000000000e+00
-1.744195967380040777e-02,-4.413589232866252932e-01,8.145376163150538362e-01,-3.851619318198652719e-02,3.077507482368662881e-02,7.182697309011257802e-01,6.940158436978144385e-01,-6.356999497406204958e-01,1.239962373355949360e-01,2.230129520379612873e-01,1.138912926116360191e+00,-6.476395252821928183e-01,1.119371125895746305e-01,-7.482753724035100529e-01,-3.407515515486796431e-01,-1.809185335972427755e-01,1.243187665299140932e+00,-5.756468656533035855e-01,5.891395179624017014e-02,-7.550699766087529130e-02,0.000000000000000000e+00,0.000000000000000000e+00,1.317559372327822484e-02,2.020674835390848245e-01,-1.509902479514629581e-01,1.089166377753941539e+00,0.000000000000000000e+00,0.000000000000000000e+00,0.000000000000000000e+00,1.958996950703257092e-02,-2.397595916651436843e-01,2.927835504620004969e-01,9.493769805575182907e-01,0.000000000000000000e+00,0.000000000000000000e+00,0.000000000000000000e+00
-1.661133664964920334e-02,-4.416253460812444298e-01,8.148554280538521377e-01,-3.738483499764917034e-02,3.111624138851791857e-02,7.188352647367698411e-01,6.934767593833760513e-01,-6.334667934024661440e-01,1.235013510709453838e-01,2.247831498475137690e-01,1.135888305638863560e+00,-6.441912440782157079e-01,1.106454059523055700e-01,-7.468416982492341871e-01,-3.424714164172867337e-01,-1.808992716774386333e-01,1.242919482667038888e+00,-5.770506006013572664e-01,5.915389136682397409e-02,-7.732652291424255142e-02,0.000000000000000000e+00,0.000000000000000000e+00,1.374509323941427129e-02,2.033583810319008478e-01,-1.507514832803851235e-01,1.088037804664658603e+00,0.000000000000000000e+00,0.000000000000000000e+00,0.000000000000000000e+00,1.932091342584942723e-02,-2.387403447440727688e-01,2.935563431464940920e-01,9.478736456523700893e-01,0.000000000000000000e+00,0.000000000000000000e+00,0.000000000000000000e+00
-1.580092194145023624e-02,-4.420244958467485774e-01,8.146103832647583198e-01,-3.538850639904150830e-02,3.114510871991988186e-02,7.197197868442755109e-01,6.926623017333196630e-01,-6.316352503554549802e-01,1.199096482874433267e-01,2.240030003285844451e-01,1.136001419565229487e+00,-6.420192860219831044e-01,1.118292377239512997e-01,-7.462453047350645630e-01,-3.457700587254201041e-01,-1.795499634133504996e-01,1.247061302861035781e+00,-5.757275343764971520e-01,5.803461129423469200e-02,-7.791944446949974901e-02,0.000000000000000000e+00,0.000000000000000000e+00,1.365199162443612481e-02,2.036823200293750302e-01,-1.544254331724422002e-01,1.088349362732192516e+00,0.000000000000000000e+00,0.000000000000000000e+00,0.000000000000000000e+00,1.984042943768804523e-02,-2.370238179976316140e-01,2.926176025919641766e-01,9.482278905483794151e-01,0.000000000000000000e+00,0.000000000000000000e+00,0.000000000000000000e+00
-1.511195265097205372e-02,-4.425028747219067471e-01,8.147502687187171411e-01,-3.363461959877894758e-02,3.162975831413609301e-02,7.201388322520224650e-01,6.922920865040479432e-01,-6.292242072055473923e-01,1.173388925594288229e-01,2.255211176352579505e-01,1.133381276484368261e+00,-6.386957213142060441e-01,1.109705359619964082e-01,-7.457338619662469137e-01,-3.495933634621530284e-01,-1.790039201519110224e-01,1.248423242843136327e+00,-5.747583994174373379e-01,5.779921176027656704e-02,-7.988817446591052474e-02,0.000000000000000000e+00,0.000000000000000000e+00,1.480695826819215279e-02,2.044155639464582674e-01,-1.567423754682015502e-01,1.086209534711150893e+00,0.000000000000000000e+00,0.000000000000000000e+00,0.000000000000000000e+00,1.891393395306170677e-02,-2.362286270997804305e-01,2.913863024284814585e-01,9.466910828264288869e-01,0.000000000000000000e+00,0.000000000000000000e+00,0.000000000000000000e+00
-1.453792179546339533e-02,-4.430656253268665523e-01,8.149712046947861221e-01,-3.204037719457445560e-02,3.201421887880375600e-02,7.205950845228231705e-01,6.918751536081887421e-01,-6.269871201230358126e-01,1.155243218912175296e-01,2.274771155237028664e-01,1.130540020491241249e+00,-6.336324564209864230e-01,1.100005902112462103e-01,-7.447942719119325927e-01,-3.532013522795035554e-01,-1.788848944542348329e-01,1.248843188606477916e+00,-5.746494019040235823e-01,5.736392566785635666e-02,-8.047802770375182824e-02,0.000000000000000000e+00,0.000000000000000000e+00,1.426321168913612450e-02,2.039592363626957228e-01,-1.588208441120881054e-01,1.086680893446889673e+00,0.000000000000000000e+00,0.000000000000000000e+00,0.000000000000000000e+00,1.856445807267933026e-02,-2.354704045589869621e-01,2.921706972454274354e-01,9.461736729122520728e-01,0.000000000000000000e+00,0.000000000000000000e+00,0.000000000000000000e+00
-1.410061712595811305e-02,-4.436498932277261331e-01,8.151847367998327210e-01,-3.142384409482642388e-02,3.239778434105961002e-02,7.207521676107913056e-01,6.917219372525638121e-01,-6.264592814542758736e-01,1.155252410907248173e-01,2.293058784606972766e-01,1.128507069047191891e+00,-6.305147504445249851e-01,1.089795378169666623e-01,-7.447139573927190614e-01,-3.543239182246463725e-01,-1.789728930414894170e-01,1.248231275231177939e+00,-5.774471776473204532e-01,5.641132074767257060e-02,-8.061157622421023794e-02,0.000000000000000000e+00,0.000000000000000000e+00,1.334483187095797212e-02,2.037773439789534458e-01,-1.608116946495746769e-01,1.086835721444740388e+00,0.000000000000000000e+00,0.000000000000000000e+00,0.000000000000000000e+00,1.664660918108375534e-02,-2.348526454449819667e-01,2.943684518635548697e-01,9.470209194123475616e-01,0.000000000000000000e+00,0.000000000000000000e+00,0.000000000000000000e+00
-1.380379310709884712e-02,-4.442588771353676580e-01,8.163550943843103092e-01,-3.100228817788636126e-02,3.302020104085784391e-02,7.208677590822125669e-01,6.915910629604360427e-01,-6.235808434018621504e-01,1.158027365206580894e-01,2.326466758502855892e-01,1.120226296577925273e+00,-6.230478776458511225e-01,1.042451568862950012e-01,-7.421677465154372655e-01,-3.552411561250450878e-01,-1.801949290512469548e-01,1.241591907100670911e+00,-5.800112974732802851e-01,5.807146894783715707e-02,-8.155535836776690861e-02,0.000000000000000000e+00,0.000000000000000000e+00,1.187471544165870363e-02,2.037840604832873992e-01,-1.612904846084852739e-01,1.085675104974430205e+00,0.000000000000000000e+00,0.000000000000000000e+00,0.000000000000000000e+00,1.398233915522813751e-02,-2.343942532338940954e-01,2.954496461701090482e-01,9.468771588580109366e-01,0.000000000000000000e+00,0.000000000000000000e+00,0.000000000000000000e+00
-1.351411949445944713e-02,-4.449227669409991925e-01,8.171471096396915046e-01,-3.046677341563875860e-02,3.361667637319597918e-02,7.210415405544663425e-01,6.914049403801663107e-01,-6.220451695380879720e-01,1.153754427680422912e-01,2.349800172372810692e-01,1.114534930271052993e+00,-6.155242859085340301e-01,1.008293568272506657e-01,-7.405641839476595489e-01,-3.570411166937984548e-01,-1.814561225582865811e-01,1.237321081239175946e+00,-5.830910462478978706e-01,5.908765588256439938e-02,-8.166529497512460545e-02,0.000000000000000000e+00,0.000000000000000000e+00,9.842171790714702301e-03,2.038872954970269435e-01,-1.623664781629869380e-01,1.084674987866589335e+00,0.000000000000000000e+00,0.000000000000000000e+00,0.000000000000000000e+00,1.200719384704351279e-02,-2.329912862777799298e-01,2.946699013606639550e-01,9.466542060064974118e-01,0.000000000000000000e+00,0.000000000000000000e+00,0.000000000000000000e+00
-1.331058055972990893e-02,-4.456740898513983917e-01,8.179935632120042266e-01,-2.953918287934896580e-02,3.381337924340845069e-02,7.216541051103956272e-01,6.907962395933231470e-01,-6.192086518425101715e-01,1.146455926803857939e-01,2.374102810157510401e-01,1.108276401800144528e+00,-6.081243065755371768e-01,9.766974852085302805e-02,-7.377830998354478753e-01,-3.599053209031404799e-01,-1.832479703162622764e-01,1.233167966838835561e+00,-5.824508350023787084e-01,5.993915700003644292e-02,-8.219082268119158596e-02,0.000000000000000000e+00,0.000000000000000000e+00,9.186940764602601062e-03,2.029698793700742410e-01,-1.648331226667264227e-01,1.082214533784045862e+00,0.000000000000000000e+00,0.000000000000000000e+00,0.000000000000000000e+00,1.103702764136742058e-02,-2.323659482330980297e-01,2.938757553693253088e-01,9.466493121833764457e-01,0.000000000000000000e+00,0.000000000000000000e+00,0.000000000000000000e+00
-1.314244622556886774e-02,-4.464390314737207155e-01,8.183501275584620371e-01,-2.877733826597434277e-02,3.379212106440886848e-02,7.218369696884823217e-01,6.906383616244055057e-01,-6.178421817097436985e-01,1.147522984238027455e-01,2.393554288831060139e-01,1.105610812751284699e+00,-6.033331225878029169e-01,9.620995341683821755e-02,-7.368806261265782309e-01,-3.600339485003704598e-01,-1.822863783228376722e-01,1.231212357262581047e+00,-5.822643115693295623e-01,6.022852477886130040e-02,-8.273403887958316605e-02,0.000000000000000000e+00,0.000000000000000000e+00,9.645109477632552233e-03,2.026217498862867283e-01,-1.662963250947483429e-01,1.079290196495282572e+00,0.000000000000000000e+00,0.000000000000000000e+00,0.000000000000000000e+00,1.028147096889895327e-02,-2.318621677979057216e-01,2.931358686521884360e-01,9.451843206288311761e-01,0.000000000000000000e+00,0.000000000000000000e+00,0.000000000000000000e+00
-1.296572565056083350e-02,-4.471818531734562119e-01,8.188326648471667690e-01,-2.797928841127829760e-02,3.384173858736470863e-02,7.217200019291079016e-01,6.907909488150749677e-01,-6.162700137868445394e-01,1.142555395884364833e-01,2.406963918991548712e-01,1.102184560785137712e+00,-5.971855057564027236e-01,9.385644670478668350e-02,-7.356221152015711695e-01,-3.601328824394007255e-01,-1.816163971241321895e-01,1.228446479834341076e+00,-5.836759586997671834e-01,6.082135493672020943e-02,-8.245587413607484428e-02,0.000000000000000000e+00,0.000000000000000000e+00,9.334300953721483968e-03,2.026208765573727366e-01,-1.673774590491293457e-01,1.077508244042334473e+00,0.000000000000000000e+00,0.000000000000000000e+00,0.000000000000000000e+00,8.380446701518357022e-03,-2.326460445349364803e-01,2.948889313768059961e-01,9.455328220527614569e-01,0.000000000000000000e+00,0.000000000000000000e+00,0.000000000000000000e+00
-1.283119192928210313e-02,-4.478629747798561489e-01,8.191373984476052472e-01,-2.739790498704548771e-02,3.375286520683243308e-02,7.221194731416983315e-01,6.904010178166065659e-01,-6.156436313664213067e-01,1.130040039366178306e-01,2.405401978909118277e-01,1.099998120475469854e+00,-5.934005829280688538e-01,9.415799651406063508e-02,-7.342766211414379907e-01,-3.610506391717412389e-01,-1.820461477004596540e-01,1.226654656777874886e+00,-5.843851911726244408e-01,6.147689396656982885e-02,-8.214797445459781633e-02,0.000000000000000000e+00,0.000000000000000000e+00,8.352615659407515436e-03,2.030590634200175604e-01,-1.704428926640264852e-01,1.075735096857943329e+00,0.000000000000000000e+00,0.000000000000000000e+00,0.000000000000000000e+00,7.384976349438506470e-03,-2.328579719065578257e-01,2.944801849689215323e-01,9.455661272000068784e-01,0.000000000000000000e+00,0.000000000000000000e+00,0.000000000000000000e+00
-1.267132567586628719e-02,-4.484733625483370845e-01,8.191370122683522270e-01,-2.648339563572929545e-02,3.393540342081841077e-02,7.225141619312633878e-01,6.900147128569301680e-01,-6.153038308309188853e-01,1.107938514619979942e-01,2.407218234785801769e-01,1.098878981229577834e+00,-5.906841234559120357e-01,9.582640071360377931e-02,-7.343457607496582940e-01,-3.635767308893559369e-01,-1.818949847411335252e-01,1.227499634101878900e+00,-5.838805900334219645e-01,6.153211060673013932e-02,-8.204427428876036321e-02,0.000000000000000000e+00,0.000000000000000000e+00,7.121753185427255779e-03,2.035193848084553281e-01,-1.721536357045503618e-01,1.075366747388666999e+00,0.000000000000000000e+00,0.000000000000000000e+00,0.000000000000000000e+00,6.632231727727250573e-03,-2.337620981662008879e-01,2.927018050081858780e-01,9.453681007381676826e-01,0.000000000000000000e+00,0.000000000000000000e+00,0.000000000000000000e+00
-1.253560943829061872e-02,-4.489331874146588741e-01,8.198428312274834706e-01,-2.621011206954112008e-02,3.468626395939390650e-02,7.225823142222047579e-01,6.899164386294354134e-01,-6.145302493430423452e-01,1.086649764935377349e-01,2.412324416907684621e-01,1.093578833245148152e+00,-5.852281018865428397e-01,9.418066669167424187e-02,-7.337769792994052187e-01,-3.650694198489601860e-01,-1.824407708101344894e-01,1.223614983580857851e+00,-5.845919168006027400e-01,6.270638097832315072e-02,-8.259363132099839522e-02,0.000000000000000000e+00,0.000000000000000000e+00,4.741989297538162784e-03,2.036389400426621421e-01,-1.744902450322401433e-01,1.077324936589278970e+00,0.000000000000000000e+00,0.000000000000000000e+00,0.000000000000000000e+00,4.573646564483920332e-03,-2.348260335111258257e-01,2.939636366559570946e-01,9.456749098992965896e-01,0.000000000000000000e+00,0.000000000000000000e+00,0.000000000000000000e+00
-1.246791290552928116e-02,-4.492840846760229323e-01,8.202670550241378811e-01,-2.615102015766456248e-02,3.556337759184247105e-02,7.225523225408816419e-01,6.899054366431317531e-01,-6.143031248743702211e-01,1.082903322434023985e-01,2.438589337493505815e-01,1.089736809496330894e+00,-5.821136219097629017e-01,9.354042207627677463e-02,-7.349615719649820189e-01,-3.659500501122527893e-01,-1.814821955688601385e-01,1.221368748521772130e+00,-5.826142180323556907e-01,6.534327906248768580e-02,-8.482415900576725787e-02,0.000000000000000000e+00,0.000000000000000000e+00,4.066138669879128253e-03,2.030980698681456587e-01,-1.760058916255851924e-01,1.076947056690279680e+00,0.000000000000000000e+00,0.000000000000000000e+00,0.000000000000000000e+00,3.154115697787051101e-03,-2.359444567368945977e-01,2.941682323786344866e-01,9.429375792309817594e-01,0.000000000000000000e+00,0.000000000000000000e+00,0.000000000000000000e+00
-1.236362113055694024e-02,-4.495659887177428371e-01,8.206931427510374411e-01,-2.601505634440761175e-02,3.651813192542673059e-02,7.223540205301921535e-01,6.900683385781004597e-01,-6.140215573861876885e-01,1.070806157152779103e-01,2.456367872349375925e-01,1.085883416576721716e+00,-5.792427299664946183e-01,9.237909509482225556e-02,-7.359621534745225402e-01,-3.670036508254571062e-01,-1.806092494222530931e-01,1.219085973881457230e+00,-5.826298648259576884e-01,6.838459543474370572e-02,-8.675989933012541455e-02,0.000000000000000000e+00,0.000000000000000000e+00,3.093912330127512877e-03,2.023170088326804728e-01,-1.765967801568815443e-01,1.078631590334414581e+00,0.000000000000000000e+00,0.000000000000000000e+00,0.000000000000000000e+00,2.534399678997486388e-03,-2.369519216008597606e-01,2.945127442202907786e-01,9.393819521860174993e-01,0.000000000000000000e+00,0.000000000000000000e+00,0.000000000000000000e+00
-1.219234857820596443e-02,-4.498759339502080845e-01,8.204998886935132019e-01,-2.478048034393577626e-02,3.692564896169288347e-02,7.224370473286347849e-01,6.900051716398681867e-01,-6.131513570067481655e-01,1.040583998728491916e-01,2.460321351613532492e-01,1.085527927845461482e+00,-5.786875135885871657e-01,9.422150309160651216e-02,-7.369945406139398747e-01,-3.695028711246822195e-01,-1.786529900972624874e-01,1.221763087080886878e+00,-5.823428811343487332e-01,6.756998930972576978e-02,-8.821488533608164151e-02,0.000000000000000000e+00,0.000000000000000000e+00,2.408071041214909433e-03,2.013370001920279928e-01,-1.770950357022665900e-01,1.081265636460231105e+00,0.000000000000000000e+00,0.000000000000000000e+00,0.000000000000000000e+00,1.518355257498930910e-03,-2.388818147721699925e-01,2.962983461886348202e-01,9.390674748262106686e-01,0.000000000000000000e+00,0.000000000000000000e+00,0.000000000000000000e+00
-1.215775352086168742e-02,-4.500819768848361990e-01,8.203803628667077907e-01,-2.477702502441695917e-02,3.713758983173037764e-02,7.223365379692394672e-01,6.900991409696444201e-01,-6.140872170888975745e-01,1.032512664429090232e-01,2.458761619254860586e-01,1.086062578454990657e+00,-5.802174823678205584e-01,9.792609590827758281e-02,-7.388281789888918594e-01,-3.688845740402819651e-01,-1.767624702517557322e-01,1.222591389466012313e+00,-5.785940192764712497e-01,6.908007364487070423e-02,-9.155944830825797631e-02,0.000000000000000000e+00,0.000000000000000000e+00,2.098441085189270069e-03,2.028668172769690636e-01,-1.801087969520530907e-01,1.083708543740575792e+00,0.000000000000000000e+00,0.000000000000000000e+00,0.000000000000000000e+00,1.226711011366558857e-03,-2.408941025299762839e-01,2.984619585381270701e-01,9.351518260735394161e-01,0.000000000000000000e+00,0.000000000000000000e+00,0.000000000000000000e+00
-1.201998080422031490e-02,-4.502879872696487484e-01,8.200961709447809334e-01,-2.388442333514297078e-02,3.752858098608078535e-02,7.223215186555103084e-01,6.901251796727285726e-01,-6.142468531024155576e-01,1.001468225927559241e-01,2.451683120165946694e-01,1.086666394155974880e+00,-5.803427532616658446e-01,1.005930573545657514e-01,-7.407779678004745572e-01,-3.701617607962560674e-01,-1.740222723315444087e-01,1.225498603118472474e+00,-5.760313935842210631e-01,6.833574041439237357e-02,-9.257927597727795554e-02,0.000000000000000000e+00,0.000000000000000000e+00,8.202704550573300391e-04,2.019881372338441783e-01,-1.817454732134713702e-01,1.087717011358906083e+00,0.000000000000000000e+00,0.000000000000000000e+00,0.000000000000000000e+00,2.025596526422255780e-03,-2.424525059902458424e-01,2.991952361208307654e-01,9.318109906290580335e-01,0.000000000000000000e+00,0.000000000000000000e+00,0.000000000000000000e+00
-1.194262382173616292e-02,-4.503854055934008449e-01,8.200394429125285045e-01,-2.418721808672445045e-02,3.804283176277215711e-02,7.224383745694146208e-01,6.899641413741707252e-01,-6.158192173723906482e-01,9.975677411029248987e-02,2.454855990945664923e-01,1.086949156419022788e+00,-5.810735549755770002e-01,1.030732978851916504e-01,-7.426956860262254878e-01,-3.694848509453065866e-01,-1.723517087282070981e-01,1.225683435009856659e+00,-5.747827935718740067e-01,7.034995957580829351e-02,-9.486376904992163683e-02,0.000000000000000000e+00,0.000000000000000000e+00,-5.010707094795559952e-04,2.032643219822089231e-01,-1.831671646582208601e-01,1.089832459173841972e+00,0.000000000000000000e+00,0.000000000000000000e+00,0.000000000000000000e+00,2.416422480765206826e-03,-2.444313980159616428e-01,3.014821516987301608e-01,9.268150684541960338e-01,0.000000000000000000e+00,0.000000000000000000e+00,0.000000000000000000e+00
-1.184070125746517974e-02,-4.505063132232839385e-01,8.198913316872187274e-01,-2.360988447185403960e-02,3.819321129784453150e-02,7.227316791356723780e-01,6.896685957325559002e-01,-6.159964457296817075e-01,9.719522976935958403e-02,2.441776812781213390e-01,1.087216755956928127e+00,-5.805301495578205628e-01,1.054511596368805787e-01,-7.434284952059488916e-01,-3.705296855836491821e-01,-1.708257903902947183e-01,1.227373436981134436e+00,-5.719334835185369004e-01,7.151270858452690726e-02,-9.670822782612233104e-02,0.000000000000000000e+00,0.000000000000000000e+00,-2.293508010693619259e-03,2.039159567140346185e-01,-1.862119172950970347e-01,1.092974844600118178e+00,0.000000000000000000e+00,0.000000000000000000e+00,0.000000000000000000e+00,2.929524352332436854e-03,-2.451621224753745276e-01,2.998913180212349761e-01,9.236774529202451678e-01,0.000000000000000000e+00,0.000000000000000000e+00,0.000000000000000000e+00
-1.170542222799008172e-02,-4.506204393507615702e-01,8.192936039425947614e-01,-2.294386971108763190e-02,3.865597726167819409e-02,7.228469042418081969e-01,6.895445216174653780e-01,-6.172543468988549442e-01,9.542490680698986760e-02,2.444786054563405642e-01,1.090175130419672067e+00,-5.825287919315476071e-01,1.082021872955868519e-01,-7.466961666544696952e-01,-3.706791493400177773e-01,-1.666234240075448736e-01,1.232028556999862356e+00,-5.704455411361774031e-01,7.030266620883691975e-02,-9.857333558791854522e-02,0.000000000000000000e+00,0.000000000000000000e+00,-1.838963170488849483e-03,2.048644460329264172e-01,-1.900041824811326829e-01,1.094407362513322601e+00,0.000000000000000000e+00,0.000000000000000000e+00,0.000000000000000000e+00,3.860001956220731126e-03,-2.476449435634488494e-01,3.020992135509246168e-01,9.194385247344575296e-01,0.000000000000000000e+00,0.000000000000000000e+00,0.000000000000000000e+00
-1.171999942799561295e-02,-4.506426335328368449e-01,8.194034974525830073e-01,-2.333031885782122991e-02,3.922644933077545915e-02,7.218679508314274074e-01,6.905241802119084227e-01,-6.179186291403572229e-01,9.643148883626270762e-02,2.462503022134095443e-01,1.089565939781162340e+00,-5.825259291141442475e-01,1.091153828966231337e-01,-7.480391366882096493e-01,-3.691945720419029242e-01,-1.654572031353459538e-01,1.230383688403090536e+00,-5.742094010718068464e-01,7.303959296557895053e-02,-9.903225845305771435e-02,0.000000000000000000e+00,0.000000000000000000e+00,-3.142484110824510235e-03,2.049807325362252852e-01,-1.917049144080224532e-01,1.097268735631264258e+00,0.000000000000000000e+00,0.000000000000000000e+00,0.000000000000000000e+00,2.957687111443389749e-03,-2.489643975895055594e-01,3.039439600986655887e-01,9.169976936400380252e-01,0.000000000000000000e+00,0.000000000000000000e+00,0.000000000000000000e+00
-1.178312707110577146e-02,-4.506653510602002255e-01,8.193382135313108661e-01,-2.351489688755594928e-02,3.958903219978401888e-02,7.216807238327599405e-01,6.906929064367726134e-01,-6.187107957512473222e-01,9.635474025853529856e-02,2.469562081236074680e-01,1.089903141903130868e+00,-5.840260188523882512e-01,1.106886597954941098e-01,-7.496630979166081232e-01,-3.683813323336934120e-01,-1.637778645989744208e-01,1.230805494316463689e+00,-5.733821714223860111e-01,7.364057328819435810e-02,-1.004639168550380962e-01,0.000000000000000000e+00,0.000000000000000000e+00,-2.629938860597891628e-03,2.053068539962160099e-01,-1.945762293778552088e-01,1.097304928005802926e+00,0.000000000000000000e+00,0.000000000000000000e+00,0.000000000000000000e+00,2.802559814981323352e-03,-2.502736767764887071e-01,3.044038861099800375e-01,9.149080450018377553e-01,0.000000000000000000e+00,0.000000000000000000e+00,0.000000000000000000e+00
-1.188095896801363675e-02,-4.506977225389038888e-01,8.195767102920398228e-01,-2.324637856095977673e-02,3.982935687033104660e-02,7.214955713312890540e-01,6.908815880919346730e-01,-6.180040788815058805e-01,9.519992725523086785e-02,2.473875556798781350e-01,1.087875950655072588e+00,-5.810721912364176234e-01,1.118068750427618219e-01,-7.498306460227502912e-01,-3.678522724661487664e-01,-1.618396097489527841e-01,1.229492906732970514e+00,-5.710912461764146020e-01,7.472931246114802861e-02,-1.010689682881110718e-01,0.000000000000000000e+00,0.000000000000000000e+00,-2.025278181733723704e-03,2.056345910314795189e-01,-1.976825940120445768e-01,1.095214009715949732e+00,0.000000000000000000e+00,0.000000000000000000e+00,0.000000000000000000e+00,3.066882111229657371e-03,-2.510704583071496909e-01,3.037929270121146330e-01,9.127022526347717823e-01,0.000000000000000000e+00,0.000000000000000000e+00,0.000000000000000000e+00
-1.208023745363517518e-02,-4.507170093493280683e-01,8.197883133950331080e-01,-2.315224198519432938e-02,3.947060867627994601e-02,7.214469073462926874e-01,6.909561524599469040e-01,-6.168479126239633237e-01,9.519989325359540233e-02,2.475509178774731867e-01,1.086916023628392347e+00,-5.808279006756252860e-01,1.141899948456910202e-01,-7.484816181055332640e-01,-3.672535540813504085e-01,-1.619888269070511033e-01,1.228301786572743470e+00,-5.706186117461944374e-01,7.416664353224870776e-02,-1.017283163854710432e-01,0.000000000000000000e+00,0.000000000000000000e+00,-2.553962682089338035e-03,2.057103509525717855e-01,-1.994477808206150948e-01,1.096201390187295122e+00,0.000000000000000000e+00,0.000000000000000000e+00,0.000000000000000000e+00,1.845706111441735089e-03,-2.533277519626307428e-01,3.056062946675663361e-01,9.133512836414828806e-01,0.000000000000000000e+00,0.000000000000000000e+00,0.000000000000000000e+00
-1.231953586147194017e-02,-4.506389971651634241e-01,8.200540402074326662e-01,-2.408416208647971846e-02,4.028449728290540988e-02,7.213994373587779840e-01,6.909268877339301840e-01,-6.186044091663612798e-01,9.483445839552739898e-02,2.477902874569606895e-01,1.084985034835373563e+00,-5.801470705053372034e-01,1.136599136967430257e-01,-7.502536472421497127e-01,-3.660363366785778227e-01,-1.607930079889380304e-01,1.225812451229424171e+00,-5.698744267659864304e-01,7.622302008509011795e-02,-1.027851641362629020e-01,0.000000000000000000e+00,0.000000000000000000e+00,-2.022876958378203027e-03,2.062997663379552149e-01,-2.035391357212050500e-01,1.092514334360828565e+00,0.000000000000000000e+00,0.000000000000000000e+00,0.000000000000000000e+00,1.545536519233297115e-03,-2.554173083750925222e-01,3.067708360189154715e-01,9.106713316845305162e-01,0.000000000000000000e+00,0.000000000000000000e+00,0.000000000000000000e+00
-1.251310632694608259e-02,-4.505813659695526718e-01,8.200950396646902174e-01,-2.433262007059837362e-02,4.135580938493708253e-02,7.207466797409622927e-01,6.915358589928619626e-01,-6.197482293958199717e-01,9.387545627417132055e-02,2.492827076286270316e-01,1.083874591185696179e+00,-5.797104287183645344e-01,1.134900997651788618e-01,-7.528427105385483431e-01,-3.662287960895896921e-01,-1.590497892214809972e-01,1.225368577348940224e+00,-5.726172912650522306e-01,7.590375407760169280e-02,-1.026125910558814414e-01,0.000000000000000000e+00,0.000000000000000000e+00,-2.228993157766590016e-03,2.054671833285043880e-01,-2.054028569171809648e-01,1.092485681824498345e+00,0.000000000000000000e+00,0.000000000000000000e+00,0.000000000000000000e+00,3.537910260505792298e-04,-2.566213361919139624e-01,3.059264415918284685e-01,9.104545454717614117e-01,0.000000000000000000e+00,0.000000000000000000e+00,0.000000000000000000e+00
-1.279648651178590286e-02,-4.505885625199166356e-01,8.201416148917013427e-01,-2.388392214195823524e-02,4.186148697440354727e-02,7.206343698064670011e-01,6.916381129066303535e-01,-6.192155949784680091e-01,9.197764576851683027e-02,2.505023770152208229e-01,1.082394211145027985e+00,-5.782538380625216190e-01,1.151457997086729607e-01,-7.541045138442684648e-01,-3.673063299284059502e-01,-1.568133935958978820e-01,1.225897897764517630e+00,-5.700072869784348351e-01,7.594350975977437468e-02,-1.027215694543192198e-01,0.000000000000000000e+00,0.000000000000000000e+00,-2.379595723903690438e-03,2.044312522819410061e-01,-2.078524848646420287e-01,1.091970905231726130e+00,0.000000000000000000e+00,0.000000000000000000e+00,0.000000000000000000e+00,2.664448994470595966e-04,-2.585189672392302906e-01,3.055194916226459667e-01,9.093917629423099447e-01,0.000000000000000000e+00,0.000000000000000000e+00,0.000000000000000000e+00
-1.326260864868227494e-02,-4.505676899693905613e-01,8.202832153570708273e-01,-2.420692817170594716e-02,4.202317253880585857e-02,7.203667822153309030e-01,6.918957845506746862e-01,-6.194089685004721124e-01,9.106885964400737721e-02,2.504489720092242244e-01,1.081368555328471981e+00,-5.791865189543572434e-01,1.168362565324906899e-01,-7.547234110281598740e-01,-3.663676145358670255e-01,-1.553510880494771706e-01,1.224550910552888228e+00,-5.681368859662198068e-01,7.832790765947263145e-02,-1.040746337239476654e-01,0.000000000000000000e+00,0.000000000000000000e+00,-1.608012907689802470e-03,2.044120624642229711e-01,-2.094781702052508632e-01,1.090366480514023628e+00,0.000000000000000000e+00,0.000000000000000000e+00,0.000000000000000000e+00,-1.417447496852450306e-03,-2.610878275854870423e-01,3.063826308185791936e-01,9.101396708506976907e-01,0.000000000000000000e+00,0.000000000000000000e+00,0.000000000000000000e+00
-1.372393042566813666e-02,-4.505526926599480175e-01,8.201644206818071714e-01,-2.422636943614520783e-02,4.215615693248945389e-02,7.202659122293230132e-01,6.919920210068091215e-01,-6.199922531676756998e-01,8.998972919925730951e-02,2.506537610029027641e-01,1.081963723076912576e+00,-5.793857515684500692e-01,1.194722323067278352e-01,-7.561400534589547417e-01,-3.666460893915241548e-01,-1.538313888254216610e-01,1.225628277971312352e+00,-5.645162136746901815e-01,7.812562706882308916e-02,-1.044241196286664342e-01,0.000000000000000000e+00,0.000000000000000000e+00,-5.280129398347460645e-04,2.037449745404317225e-01,-2.111163728509058701e-01,1.087788116468957123e+00,0.000000000000000000e+00,0.000000000000000000e+00,0.000000000000000000e+00,-2.434596848243191641e-03,-2.630503522860712651e-01,3.064666861542347798e-01,9.115978336035143181e-01,0.000000000000000000e+00,0.000000000000000000e+00,0.000000000000000000e+00
-1.431048472512784324e-02,-4.505173759367359643e-01,8.202407943284990566e-01,-2.494930477963260701e-02,4.207630012439654565e-02,7.196943385647679436e-01,6.925656475718934280e-01,-6.209457147194121784e-01,9.027835124119137911e-02,2.504118568012358992e-01,1.082189884950603309e+00,-5.805445351811661103e-01,1.218311546372204957e-01,-7.569197315512625757e-01,-3.639046906154758676e-01,-1.521129598249012504e-01,1.223911590083012868e+00,-5.635142591084246755e-01,7.985957115558479924e-02,-1.042457927435674475e-01,0.000000000000000000e+00,0.000000000000000000e+00,6.180221089203841861e-04,2.032218799065904358e-01,-2.115398142295751849e-01,1.084096957299449882e+00,0.000000000000000000e+00,0.000000000000000000e+00,0.000000000000000000e+00,-3.659852935222626669e-03,-2.654042754631016354e-01,3.086570689158196212e-01,9.111698140074795393e-01,0.000000000000000000e+00,0.000000000000000000e+00,0.000000000000000000e+00
-1.484848834167628272e-02,-4.505178068173295025e-01,8.201195944266173044e-01,-2.519617271821556967e-02,4.216405310899770664e-02,7.194201763914735981e-01,6.928361677241143823e-01,-6.215961170903365751e-01,8.988182754428769572e-02,2.509111491541514694e-01,1.082889543667382215e+00,-5.823462739783279440e-01,1.237603224033542587e-01,-7.583667822057356123e-01,-3.628561647048391681e-01,-1.499110748993350839e-01,1.224187589169933643e+00,-5.613163846972623050e-01,8.059303476522253207e-02,-1.049283128036327256e-01,0.000000000000000000e+00,0.000000000000000000e+00,1.383159165694775733e-03,2.032641720494076654e-01,-2.129563170470373523e-01,1.082749673880886387e+00,0.000000000000000000e+00,0.000000000000000000e+00,0.000000000000000000e+00,-5.167435387123173532e-03,-2.680566431040901088e-01,3.102365463537515300e-01,9.125088925265966155e-01,0.000000000000000000e+00,0.000000000000000000e+00,0.000000000000000000e+00
-1.540944368508582324e-02,-4.504974991008767193e-01,8.200462963033905428e-01,-2.572742890884617550e-02,4.227390395637431464e-02,7.188270796969957743e-01,6.934252994665804914e-01,-6.226383509426360874e-01,9.023751929746154365e-02,2.515903586347448262e-01,1.083739126414242193e+00,-5.841044178572598611e-01,1.258894177073902887e-01,-7.597844474045758467e-01,-3.620794418140388382e-01,-1.491665651837467688e-01,1.223816718684811455e+00,-5.600445250969998678e-01,8.134329145518667814e-02,-1.045383132546772037e-01,0.000000000000000000e+00,0.000000000000000000e+00,1.562215769997146383e-03,2.024428419715453287e-01,-2.144722942272617727e-01,1.082377297084266221e+00,0.000000000000000000e+00,0.000000000000000000e+00,0.000000000000000000e+00,-6.482291793579106343e-03,-2.694447079006647150e-01,3.091693552548667734e-01,9.142371039878888217e-01,0.000000000000000000e+00,0.000000000000000000e+00,0.000000000000000000e+00
-1.591124392146369207e-02,-4.505212501129527425e-01,8.199886000830023391e-01,-2.585250326094253731e-02,4.227573653322169028e-02,7.187718922894296147e-01,6.934777408326738835e-01,-6.227272545656036273e-01,8.980274816910789604e-02,2.523210588982414126e-01,1.083852990237347935e+00,-5.861007340827255607e-01,1.280284892435719357e-01,-7.611549184412077507e-01,-3.607025708315834134e-01,-1.462170419349483885e-01,1.224100596457365908e+00,-5.546043560573640230e-01,8.287465436501444127e-02,-1.062061338222411305e-01,0.000000000000000000e+00,0.000000000000000000e+00,2.875256459218317531e-03,2.028233422864680335e-01,-2.164810975126214565e-01,1.080012838459543989e+00,0.000000000000000000e+00,0.000000000000000000e+00,0.000000000000000000e+00,-7.945614594650436679e-03,-2.707003609180883563e-01,3.086678932203657522e-01,9.161742434246684663e-01,0.000000000000000000e+00,0.000000000000000000e+00,0.000000000000000000e+00
-1.637383391083206685e-02,-4.505385673234129640e-01,8.200809801048950520e-01,-2.642485075062824679e-02,4.237066445355709698e-02,7.183256382877952761e-01,6.939126252166070152e-01,-6.235038803715992062e-01,9.017330164826437011e-02,2.525386949253017876e-01,1.083613466611243359e+00,-5.864197124752256185e-01,1.280671871623843550e-01,-7.615907781371371588e-01,-3.605267523753450387e-01,-1.469420724135588885e-01,1.222606719185201918e+00,-5.546990635265860448e-01,8.341189807338088291e-02,-1.052789402920191464e-01,0.000000000000000000e+00,0.000000000000000000e+00,2.791147368225313855e-03,2.022162646610347336e-01,-2.179755090025889686e-01,1.078638250705337587e+00,0.000000000000000000e+00,0.000000000000000000e+00,0.000000000000000000e+00,-9.168502960940384805e-03,-2.723845357103946707e-01,3.103035794628287714e-01,9.169206045927428272e-01,0.000000000000000000e+00,0.000000000000000000e+00,0.000000000000000000e+00
-1.676160307596472054e-02,-4.507078207315964313e-01,8.199126330987432931e-01,-2.557961646083302051e-02,4.154980040560914134e-02,7.179174886385671916e-01,6.944161409521415473e-01,-6.215774561452497293e-01,9.002632945958299882e-02,2.532781926066667300e-01,1.084770758741442354e+00,-5.865824677990381097e-01,1.312540421533333612e-01,-7.610848750389577200e-01,-3.597646918682051442e-01,-1.447025930433048502e-01,1.224072996286948545e+00,-5.492195135588199273e-01,8.297646348525167248e-02,-1.049848674341277155e-01,0.000000000000000000e+00,0.000000000000000000e+00,3.850640439330546561e-03,2.012854134251053084e-01,-2.180563567893417931e-01,1.077643023424621260e+00,0.000000000000000000e+00,0.000000000000000000e+00,0.000000000000000000e+00,-8.986710133382421611e-03,-2.746180908361822159e-01,3.115554387559513749e-01,9.161493055129596996e-01,0.000000000000000000e+00,0.000000000000000000e+00,0.000000000000000000e+00
-1.706647669198999712e-02,-4.507698862714665244e-01,8.198508510769553226e-01,-2.565192054298734425e-02,4.201062115175225459e-02,7.178956535458431709e-01,6.944083217408096864e-01,-6.221147360050505171e-01,8.902169646556394589e-02,2.539665385767797545e-01,1.084378172790987360e+00,-5.879456432294463131e-01,1.308876072884044284e-01,-7.628452165356142123e-01,-3.594208048725806570e-01,-1.425596854573876748e-01,1.224788754784140954e+00,-5.486321176266403254e-01,8.172057983044744844e-02,-1.059950439197503980e-01,0.000000000000000000e+00,0.000000000000000000e+00,4.098860330251197226e-03,2.019142224262288066e-01,-2.204772679751426934e-01,1.076201873216832583e+00,0.000000000000000000e+00,0.000000000000000000e+00,0.000000000000000000e+00,-9.951032354097104349e-03,-2.773754616277765428e-01,3.140816251663008929e-01,9.149018849577511547e-01,0.000000000000000000e+00,0.000000000000000000e+00,0.000000000000000000e+00
-1.740416255259963699e-02,-4.509555457587059446e-01,8.193949519581784635e-01,-2.501479496532379304e-02,4.089498553071469616e-02,7.172751161691306443e-01,6.951390277605241641e-01,-6.212613017196599863e-01,8.948279972329359344e-02,2.535213407417732934e-01,1.088251315918790096e+00,-5.903720725856528295e-01,1.344307073281633957e-01,-7.624777357728368399e-01,-3.576011258493621559e-01,-1.403236524762453419e-01,1.227149489823633033e+00,-5.452201172528892137e-01,8.339293817662203623e-02,-1.057333238294733274e-01,0.000000000000000000e+00,0.000000000000000000e+00,5.671112733627510158e-03,2.017477389957136324e-01,-2.201149440308867999e-01,1.074812785284817274e+00,0.000000000000000000e+00,0.000000000000000000e+00,0.000000000000000000e+00,-9.912070434215570006e-03,-2.790214008111960298e-01,3.158431351654090169e-01,9.141975563529386450e-01,0.000000000000000000e+00,0.000000000000000000e+00,0.000000000000000000e+00
-1.769293594516021736e-02,-4.510591493591835643e-01,8.192905865051037795e-01,-2.498963268174611216e-02,4.090035383016265430e-02,7.172713162004198395e-01,6.951435378906410945e-01,-6.216849258283277946e-01,8.824057419430758609e-02,2.528393076855111055e-01,1.088711614960210516e+00,-5.915178350374973304e-01,1.354538340691660570e-01,-7.633510799601870289e-01,-3.568781695809047361e-01,-1.385151842037253278e-01,1.227663331550038261e+00,-5.430810484798110904e-01,8.289027082933186907e-02,-1.057550395742745675e-01,0.000000000000000000e+00,0.000000000000000000e+00,6.228155712387875229e-03,2.015833561724375833e-01,-2.203777126155264665e-01,1.072724613416321970e+00,0.000000000000000000e+00,0.000000000000000000e+00,0.000000000000000000e+00,-1.003270351089931289e-02,-2.807171205389170643e-01,3.174636012120732875e-01,9.140773837888637177e-01,0.000000000000000000e+00,0.000000000000000000e+00,0.000000000000000000e+00
-1.800379173398019075e-02,-4.512416046225397603e-01,8.190346936895313013e-01,-2.417723380392712215e-02,4.044324121974929992e-02,7.169587702352094860e-01,6.955213349625218866e-01,-6.202686082560321390e-01,8.790018635915097800e-02,2.540307669851091243e-01,1.090064861695657417e+00,-5.929058406776978041e-01,1.375151431224301557e-01,-7.635350416163582121e-01,-3.578194223646644634e-01,-1.372109525293629395e-01,1.229749911735660728e+00,-5.379447807860979758e-01,8.344796522811681605e-02,-1.060097068843117024e-01,0.000000000000000000e+00,0.000000000000000000e+00,7.413961837397293163e-03,2.007841846313115908e-01,-2.209458770824341833e-01,1.071397735597138245e+00,0.000000000000000000e+00,0.000000000000000000e+00,0.000000000000000000e+00,-9.756612704363188879e-03,-2.826089539794483518e-01,3.186246611390957661e-01,9.123229873183890115e-01,0.000000000000000000e+00,0.000000000000000000e+00,0.000000000000000000e+00
-1.826598843858568549e-02,-4.513714127627709849e-01,8.185666672875820948e-01,-2.347784834177038191e-02,4.027666902868026061e-02,7.166356152949200364e-01,6.958879043783320340e-01,-6.198830999579026946e-01,8.756682050366769443e-02,2.552854670429093309e-01,1.092617882657034079e+00,-5.950451766297027989e-01,1.386289971975185609e-01,-7.646926518252044058e-01,-3.588762078888398932e-01,-1.356140016443183605e-01,1.232951731223407954e+00,-5.360236441975810839e-01,8.282914721618518661e-02,-1.061648113718066111e-01,0.000000000000000000e+00,0.000000000000000000e+00,8.221689167707402560e-03,1.999451853156720971e-01,-2.225293947376664194e-01,1.071304295397936146e+00,0.000000000000000000e+00,0.000000000000000000e+00,0.000000000000000000e+00,-9.578025831520384226e-03,-2.843522747514725668e-01,3.189366524332815089e-01,9.112467834622619556e-01,0.000000000000000000e+00,0.000000000000000000e+00,0.000000000000000000e+00
-1.861805658787384077e-02,-4.514364991293922658e-01,8.186531695096148642e-01,-2.355012153680826129e-02,4.030673490506055806e-02,7.161006966390480732e-01,6.964341685830506279e-01,-6.195403934323479023e-01,8.742448745128592047e-02,2.560622413351300586e-01,1.092009794125867295e+00,-5.958867954239409626e-01,1.402017475007193981e-01,-7.649112980137049433e-01,-3.579094312535335276e-01,-1.344174586132710625e-01,1.231893018107333759e+00,-5.357870806988556112e-01,8.469021302789306316e-02,-1.059370230169784377e-01,0.000000000000000000e+00,0.000000000000000000e+00,8.560649952447180189e-03,2.002854072701646393e-01,-2.237620574215839764e-01,1.069681937067952893e+00,0.000000000000000000e+00,0.000000000000000000e+00,0.000000000000000000e+00,-1.021856879891932038e-02,-2.857023884837727734e-01,3.205851029516887940e-01,9.103549328340521107e-01,0.000000000000000000e+00,0.000000000000000000e+00,0.000000000000000000e+00
-1.895959451134717963e-02,-4.515434112220118590e-01,8.185839984952733017e-01,-2.316039925339179184e-02,3.996227883172156353e-02,7.161855372639491790e-01,6.963798449057438944e-01,-6.188075156049681613e-01,8.612651097891690921e-02,2.554917149682838229e-01,1.092335488926760911e+00,-5.966380952172439800e-01,1.412070913455330257e-01,-7.645521517579190185e-01,-3.581357926819930260e-01,-1.333481697936601540e-01,1.232500068981548402e+00,-5.320235908524312274e-01,8.500109035858505191e-02,-1.058565332092258199e-01,0.000000000000000000e+00,0.000000000000000000e+00,8.295525164324942316e-03,1.998911235787806939e-01,-2.241853199740616032e-01,1.070157564047817589e+00,0.000000000000000000e+00,0.000000000000000000e+00,0.000000000000000000e+00,-9.996694967848837945e-03,-2.878340139934830733e-01,3.220266752832934842e-01,9.100029347715553607e-01,0.000000000000000000e+00,0.000000000000000000e+00,0.000000000000000000e+00
-1.929664328708704732e-02,-4.516635883325482159e-01,8.187203707551005127e-01,-2.304935651656372236e-02,3.947188247926913807e-02,7.157025231415893307e-01,6.969078820234984040e-01,-6.175971125299402065e-01,8.678224515091788327e-02,2.560902348363739423e-01,1.091880671317412732e+00,-5.961592074833373944e-01,1.420513181892808507e-01,-7.631088267420922389e-01,-3.574148335894683504e-01,-1.335325170095439939e-01,1.230791220836252808e+00,-5.318759171310868394e-01,8.607770550777474328e-02,-1.043554256105609646e-01,0.000000000000000000e+00,0.000000000000000000e+00,8.657984193526424566e-03,1.992732091807301875e-01,-2.244887456334286047e-01,1.068058418251711439e+00,0.000000000000000000e+00,0.000000000000000000e+00,0.000000000000000000e+00,-1.011460251884657886e-02,-2.884076429939972930e-01,3.219605563263500114e-01,9.109970633724832068e-01,0.000000000000000000e+00,0.000000000000000000e+00,0.000000000000000000e+00
-1.960925831486719575e-02,-4.517744048796667466e-01,8.186531486728561013e-01,-2.273203882260648595e-02,3.916196593511606788e-02,7.152572473134906073e-01,6.973927623660809427e-01,-6.168220805442516941e-01,8.689543409579265909e-02,2.569296321376282055e-01,1.092440478305741536e+00,-5.962342542951971636e-01,1.437186902263368482e-01,-7.630473769443125720e-01,-3.571556816919065347e-01,-1.324221094182723713e-01,1.231044850810260716e+00,-5.286546968323380113e-01,8.797607213046404473e-02,-1.039036910824690796e-01,0.000000000000000000e+00,0.000000000000000000e+00,9.959237811355499403e-03,1.984101045736499369e-01,-2.255310354825893204e-01,1.066636031660682438e+00,0.000000000000000000e+00,0.000000000000000000e+00,0.000000000000000000e+00,-1.017595849003729604e-02,-2.889970092169024674e-01,3.214147028248166560e-01,9.115505613991321532e-01,0.000000000000000000e+00,0.000000000000000000e+00,0.000000000000000000e+00
-1.985539264145526686e-02,-4.519069250752565936e-01,8.186321394562680043e-01,-2.220673658256638872e-02,3.879542740685359981e-02,7.151240704582123575e-01,6.975667276425610019e-01,-6.154534685208792322e-01,8.640537996832395318e-02,2.573834010996094435e-01,1.092357403644867553e+00,-5.965018273131698079e-01,1.443233728402747440e-01,-7.623936658561694113e-01,-3.573080268168843387e-01,-1.313974988147840195e-01,1.231191689709205894e+00,-5.253553607830098171e-01,8.907192424328977398e-02,-1.040192987895091903e-01,0.000000000000000000e+00,0.000000000000000000e+00,9.751566647709170726e-03,1.978587244571126114e-01,-2.258600905574368045e-01,1.067754128650719947e+00,0.000000000000000000e+00,0.000000000000000000e+00,0.000000000000000000e+00,-1.055817071064672069e-02,-2.904984520287133831e-01,3.221398407721540180e-01,9.122038611948036779e-01,0.000000000000000000e+00,0.000000000000000000e+00,0.000000000000000000e+00
-2.004749647783672303e-02,-4.520484856404285989e-01,8.186850793584176111e-01,-2.150794289167097528e-02,3.830857739418661034e-02,7.153025683715150684e-01,6.974325035239731241e-01,-6.137708138409271319e-01,8.476552713474343193e-02,2.565952052384796178e-01,1.091830409011391723e+00,-5.964064199332436145e-01,1.455309857416807184e-01,-7.607437163098754729e-01,-3.589335480126346067e-01,-1.320089075204189943e-01,1.231307751727198418e+00,-5.220487674436260495e-01,8.917517951207780402e-02,-1.032046197873106863e-01,0.000000000000000000e+00,0.000000000000000000e+00,9.312568349147561791e-03,1.969810936712501070e-01,-2.252702794598952785e-01,1.068606205463250136e+00,0.000000000000000000e+00,0.000000000000000000e+00,0.000000000000000000e+00,-1.070746490615853176e-02,-2.912514978232561003e-01,3.213337107062901321e-01,9.151188677372483760e-01,0.000000000000000000e+00,0.000000000000000000e+00,0.000000000000000000e+00
-2.021216688369446499e-02,-4.521489474279407061e-01,8.187774089382765519e-01,-2.182658810818948261e-02,3.814153123607579021e-02,7.150018717335104856e-01,6.977400282799460784e-01,-6.137912391707608384e-01,8.599707425555110085e-02,2.572378094250873382e-01,1.091728647501891913e+00,-5.971859554618944577e-01,1.456037028870358629e-01,-7.606091679195258193e-01,-3.565973366814427226e-01,-1.307421514517362326e-01,1.229773680500958255e+00,-5.212353942664501583e-01,9.118992885021245942e-02,-1.033470789040641241e-01,0.000000000000000000e+00,0.000000000000000000e+00,9.585413912604472120e-03,1.976978165692317713e-01,-2.267307813104491865e-01,1.067144228816861995e+00,0.000000000000000000e+00,0.000000000000000000e+00,0.000000000000000000e+00,-1.035194117868353664e-02,-2.920008210781183666e-01,3.222956640654956462e-01,9.122721334876505717e-01,0.000000000000000000e+00,0.000000000000000000e+00,0.000000000000000000e+00
-2.028896712973730573e-02,-4.522104038562450579e-01,8.188069342757581248e-01,-2.238274596304234629e-02,3.818733557802036355e-02,7.149171247803002283e-01,6.978067388471353993e-01,-6.148948525454882574e-01,8.684221331690333834e-02,2.570894138376673133e-01,1.092022961159085481e+00,-5.976706748660894908e-01,1.456947909084446158e-01,-7.606782421667120930e-01,-3.568793137538202598e-01,-1.326131239346481916e-01,1.228846287319163011e+00,-5.215703903831223620e-01,9.211800360349889361e-02,-1.027809045576214830e-01,0.000000000000000000e+00,0.000000000000000000e+00,8.012830031640189032e-03,1.981108425261678130e-01,-2.273934403816290362e-01,1.067830313952125021e+00,0.000000000000000000e+00,0.000000000000000000e+00,0.000000000000000000e+00,-1.164320540572377424e-02,-2.920598046569576889e-01,3.228005275752703351e-01,9.137314886054173080e-01,0.000000000000000000e+00,0.000000000000000000e+00,0.000000000000000000e+00
-2.028176343526367359e-02,-4.523806836373883145e-01,8.186599309157667204e-01,-2.180395954152700502e-02,3.797301882373912973e-02,7.148223188088556057e-01,6.979338720268949414e-01,-6.143263166687131793e-01,8.650586740735610736e-02,2.573841283199553853e-01,1.092660442139974819e+00,-5.965050549365082944e-01,1.460069917318083665e-01,-7.612622314822226066e-01,-3.562398204111532074e-01,-1.306155122492713705e-01,1.230415033146067261e+00,-5.174996236101587765e-01,8.959005684414979298e-02,-1.027976779221176640e-01,0.000000000000000000e+00,0.000000000000000000e+00,9.068680335614169238e-03,1.968166597580289778e-01,-2.265876171392923466e-01,1.066893350674795959e+00,0.000000000000000000e+00,0.000000000000000000e+00,0.000000000000000000e+00,-1.125589239201267577e-02,-2.927151452516874031e-01,3.241399799346210142e-01,9.128916908111293083e-01,0.000000000000000000e+00,0.000000000000000000e+00,0.000000000000000000e+00
-2.029622286344172008e-02,-4.524496069652300112e-01,8.186821583055008400e-01,-2.241468246497050829e-02,3.783238122452452917e-02,7.148909620431010969e-01,6.978518505599639044e-01,-6.153257134184656474e-01,8.821422949296253702e-02,2.575079259595591807e-01,1.093241691605481014e+00,-5.968689017639012828e-01,1.459441865309433484e-01,-7.610631999627899269e-01,-3.552750892274636474e-01,-1.316906216328764812e-01,1.229243340421297903e+00,-5.173134349859264125e-01,9.061806048397864910e-02,-1.026518545837270119e-01,0.000000000000000000e+00,0.000000000000000000e+00,8.234837739336156592e-03,1.975152148486280235e-01,-2.265584669330003298e-01,1.067330196462077163e+00,0.000000000000000000e+00,0.000000000000000000e+00,0.000000000000000000e+00,-1.172371759884036427e-02,-2.920699874055537326e-01,3.239247656259474084e-01,9.147762109952124465e-01,0.000000000000000000e+00,0.000000000000000000e+00,0.000000000000000000e+00
-2.022609442328972620e-02,-4.524889973013853650e-01,8.187418999702321676e-01,-2.240668942527867039e-02,3.797779695762291269e-02,7.151106527706649896e-01,6.976190805168371867e-01,-6.153679357564273422e-01,8.822497644069032807e-02,2.579091020872449902e-01,1.092606943162538036e+00,-5.960425220296801108e-01,1.459284804541977620e-01,-7.611889647232648048e-01,-3.560866982741893727e-01,-1.321830654320299281e-01,1.229255322167616793e+00,-5.149496541903716418e-01,9.054930696646769361e-02,-1.023577536560655310e-01,0.000000000000000000e+00,0.000000000000000000e+00,7.791579665028535578e-03,1.976493144502258492e-01,-2.283307305763906114e-01,1.067600246084621896e+00,0.000000000000000000e+00,0.000000000000000000e+00,0.000000000000000000e+00,-1.260811348117514552e-02,-2.921304449016557392e-01,3.231923561550154589e-01,9.183437947455000971e-01,0.000000000000000000e+00,0.000000000000000000e+00,0.000000000000000000e+00
-2.008724317649918448e-02,-4.524750068753889964e-01,8.187036425131712924e-01,-2.230351202207461400e-02,3.808273419792736897e-02,7.150674336038095324e-01,6.976609664491429941e-01,-6.155000802201562315e-01,8.805074512362669192e-02,2.576955389892275905e-01,1.092716625715000944e+00,-5.951957064915370799e-01,1.450485132616866069e-01,-7.611097190830808934e-01,-3.568797896743103881e-01,-1.330391482195560915e-01,1.229705014740935631e+00,-5.162381033163044863e-01,8.929324021376507103e-02,-1.008348713992013590e-01,0.000000000000000000e+00,0.000000000000000000e+00,7.069107212172291710e-03,1.961457169550105684e-01,-2.271885847389285007e-01,1.069061256937497983e+00,0.000000000000000000e+00,0.000000000000000000e+00,0.000000000000000000e+00,-1.218703323631446962e-02,-2.913074278114841653e-01,3.225505927380443727e-01,9.199253865523575602e-01,0.000000000000000000e+00,0.000000000000000000e+00,0.000000000000000000e+00
-2.005726405511460211e-02,-4.523346898578469721e-01,8.190479756142753365e-01,-2.359741999333327817e-02,3.836362154337715630e-02,7.151713879686099062e-01,6.974964373692436048e-01,-6.166094705551501409e-01,9.112353351973585813e-02,2.591351623109932611e-01,1.091233462670027521e+00,-5.958315582998163773e-01,1.439346974878113472e-01,-7.612473269549292487e-01,-3.551806409816943289e-01,-1.346784403242376749e-01,1.226689392983810301e+00,-5.152841534526654277e-01,9.016688034793982065e-02,-1.022663643848809034e-01,0.000000000000000000e+00,0.000000000000000000e+00,7.671412126623015741e-03,1.975867737734735008e-01,-2.278329137738225874e-01,1.066093371532232048e+00,0.000000000000000000e+00,0.000000000000000000e+00,0.000000000000000000e+00,-1.269559541552545655e-02,-2.916718534272511598e-01,3.254049439925822962e-01,9.186454741888098185e-01,0.000000000000000000e+00,0.000000000000000000e+00,0.000000000000000000e+00
-1.993271092089119942e-02,-4.521681140319033232e-01,8.192352106216712615e-01,-2.466621976630123045e-02,3.862783355412995751e-02,7.148915495950868282e-01,6.977317108996055062e-01,-6.180705513520463601e-01,9.307610095666932204e-02,2.590865766129710757e-01,1.090843779813887249e+00,-5.963258888329087126e-01,1.429693338208043452e-01,-7.613219989742461280e-01,-3.535359788529272018e-01,-1.363439160700398167e-01,1.224318785633955464e+00,-5.184133135018530458e-01,9.037235369769588966e-02,-1.010269014563597301e-01,0.000000000000000000e+00,0.000000000000000000e+00,5.655734482520356071e-03,1.987767540984338166e-01,-2.283277659165607876e-01,1.068303506469606479e+00,0.000000000000000000e+00,0.000000000000000000e+00,0.000000000000000000e+00,-1.334322422295955955e-02,-2.914337521838398781e-01,3.267704215198198314e-01,9.197997502433116201e-01,0.000000000000000000e+00,0.000000000000000000e+00,0.000000000000000000e+00
-1.973196687175151481e-02,-4.520315618707668182e-01,8.194303365011676998e-01,-2.464624368223869780e-02,3.895805721243896652e-02,7.147824561129789700e-01,6.978258184415975229e-01,-6.173541631802280660e-01,9.329254043804072194e-02,2.599387383897037163e-01,1.089048792536314592e+00,-5.955777282787808602e-01,1.415082975730593273e-01,-7.614478617417360651e-01,-3.534430630005706009e-01,-1.361084584796646291e-01,1.223486907207973484e+00,-5.165746566791705741e-01,9.013831967557096869e-02,-1.023316554888044905e-01,0.000000000000000000e+00,0.000000000000000000e+00,6.328411023153188500e-03,1.993922882393135421e-01,-2.279169633323361865e-01,1.067672693070295109e+00,0.000000000000000000e+00,0.000000000000000000e+00,0.000000000000000000e+00,-1.384591817976474175e-02,-2.913194108028887008e-01,3.259644649175200137e-01,9.196990694087671114e-01,0.000000000000000000e+00,0.000000000000000000e+00,0.000000000000000000e+00
-1.949255943619459044e-02,-4.518317443673677825e-01,8.195186824491837996e-01,-2.560444908041920736e-02,3.976069355290549889e-02,7.146265303856295104e-01,6.979057396987625728e-01,-6.196310826431641328e-01,9.440193993244588855e-02,2.603160447828304358e-01,1.088556538452600808e+00,-5.944191082229319800e-01,1.409817941410365094e-01,-7.632846106322097590e-01,-3.529841172277060068e-01,-1.370692327641726549e-01,1.222732554571200003e+00,-5.178115024676097633e-01,8.988603787931551126e-02,-1.014154273910683607e-01,0.000000000000000000e+00,0.000000000000000000e+00,5.527789325879217674e-03,2.000741519502670374e-01,-2.306049730366595274e-01,1.068110662243981768e+00,0.000000000000000000e+00,0.000000000000000000e+00,0.000000000000000000e+00,-1.398792936208096901e-02,-2.904875131048603176e-01,3.263640156654676328e-01,9.208770643811867718e-01,0.000000000000000000e+00,0.000000000000000000e+00,0.000000000000000000e+00
-1.924469994397668901e-02,-4.516705920946733621e-01,8.196216299409648798e-01,-2.626287288296711916e-02,4.026935726573330904e-02,7.143513326538871722e-01,6.981338080260497403e-01,-6.205983698641264201e-01,9.568564507863053237e-02,2.608902913917218180e-01,1.087860231376671205e+00,-5.952016462231562999e-01,1.391441726968685733e-01,-7.640313694057143667e-01,-3.521792864647761978e-01,-1.377427846793304878e-01,1.221528528964004989e+00,-5.197758326855340671e-01,9.105852432942254659e-02,-1.019795916247352580e-01,0.000000000000000000e+00,0.000000000000000000e+00,4.669356780909052207e-03,2.015902590409113238e-01,-2.309119773187291447e-01,1.069194726427630027e+00,0.000000000000000000e+00,0.000000000000000000e+00,0.000000000000000000e+00,-1.512526925627841537e-02,-2.903626557669369279e-01,3.274258447520514981e-01,9.212162387555374865e-01,0.000000000000000000e+00,0.000000000000000000e+00,0.000000000000000000e+00
-1.895503042289232651e-02,-4.515481850197158864e-01,8.196195359901200517e-01,-2.614759946809334587e-02,4.038812161702467346e-02,7.141340628747041563e-01,6.983535228781856397e-01,-6.201525327943970822e-01,9.712795137492866160e-02,2.623044636232402804e-01,1.087845584421894829e+00,-5.940909412174232296e-01,1.378560212931195794e-01,-7.642763508093987079e-01,-3.518354172149984471e-01,-1.373519861218625016e-01,1.221765176689018073e+00,-5.176621753301099416e-01,9.164217685503224520e-02,-1.031218162195878529e-01,0.000000000000000000e+00,0.000000000000000000e+00,5.906015279176075189e-03,2.019064635720351775e-01,-2.315032851535744063e-01,1.068840444453702965e+00,0.000000000000000000e+00,0.000000000000000000e+00,0.000000000000000000e+00,-1.465939598833210754e-02,-2.901249387979353278e-01,3.298026325107240586e-01,9.188511711143717564e-01,0.000000000000000000e+00,0.000000000000000000e+00,0.000000000000000000e+00
-1.865547895263588302e-02,-4.513381862562552693e-01,8.197248784330910532e-01,-2.673417000377506861e-02,4.083595636534238793e-02,7.133217425844750048e-01,6.991350372983642369e-01,-6.210419263757049890e-01,9.891633402492891469e-02,2.630718148602617656e-01,1.087498691775880655e+00,-5.933224497941920195e-01,1.371552075618668876e-01,-7.652612431392969983e-01,-3.500400991928793726e-01,-1.375886807453451377e-01,1.220389864222060528e+00,-5.199747643189485125e-01,9.049853823574022238e-02,-1.026401922617370538e-01,0.000000000000000000e+00,0.000000000000000000e+00,6.010216646579814512e-03,2.027389759299099703e-01,-2.317947709889552621e-01,1.069548259641495580e+00,0.000000000000000000e+00,0.000000000000000000e+00,0.000000000000000000e+00,-1.580247936348330370e-02,-2.891765526764193406e-01,3.302629531340351421e-01,9.196496709714740980e-01,0.000000000000000000e+00,0.000000000000000000e+00,0.000000000000000000e+00
-1.834847289683861488e-02,-4.511511257960327814e-01,8.193429066738969757e-01,-2.657105422422829932e-02,4.065214643369720326e-02,7.140466533284242079e-01,6.984115970817095231e-01,-6.218124797886386279e-01,9.912333590312227827e-02,2.625478754070028620e-01,1.090264056230564549e+00,-5.944438876413387085e-01,1.396842115964883890e-01,-7.664739683217209887e-01,-3.502683082318691632e-01,-1.367551855902480462e-01,1.224155685893674184e+00,-5.121770392793714155e-01,8.896214549852400622e-02,-1.032468311403870603e-01,0.000000000000000000e+00,0.000000000000000000e+00,6.477253381837275864e-03,2.031079749093651354e-01,-2.333281535015655495e-01,1.070564205713065542e+00,0.000000000000000000e+00,0.000000000000000000e+00,0.000000000000000000e+00,-1.424602101660130127e-02,-2.892773525547517877e-01,3.306692925256980997e-01,9.205487682846998920e-01,0.000000000000000000e+00,0.000000000000000000e+00,0.000000000000000000e+00
-1.812177840525346431e-02,-4.507165842185689719e-01,8.197433921549356350e-01,-2.802264759555653240e-02,4.197558277481829719e-02,7.132088821222108965e-01,6.991322279329114098e-01,-6.235787639165200069e-01,1.011051674529592076e-01,2.642632613712025402e-01,1.087592890185807182e+00,-5.952220867302834284e-01,1.370816800877432962e-01,-7.683174643779974167e-01,-3.494004805584542961e-01,-1.384334383408266089e-01,1.220599920301260966e+00,-5.162587784757020071e-01,9.020999915885052900e-02,-1.034228839004541906e-01,0.000000000000000000e+00,0.000000000000000000e+00,5.864907886993592223e-03,2.044968595433518666e-01,-2.351222780359568665e-01,1.071522311135534533e+00,0.000000000000000000e+00,0.000000000000000000e+00,0.000000000000000000e+00,-1.572508608210033271e-02,-2.886074621755743141e-01,3.317258831292958510e-01,9.203670877823373342e-01,0.000000000000000000e+00,0.000000000000000000e+00,0.000000000000000000e+00
-1.783814311609306300e-02,-4.503511219723980719e-01,8.198997468981350512e-01,-2.878225906106550783e-02,4.230381716970980921e-02,7.128450923402021022e-01,6.994525308716114109e-01,-6.243635274762804332e-01,1.029298203343879392e-01,2.644041811226828798e-01,1.087114472066959880e+00,-5.948398807349306594e-01,1.347043296760715159e-01,-7.682661773947557782e-01,-3.478337161188057580e-01,-1.394070122441337656e-01,1.218921335169318665e+00,-5.197994164972884468e-01,9.076610711770344286e-02,-1.031535927795116936e-01,0.000000000000000000e+00,0.000000000000000000e+00,5.538685608443312883e-03,2.054939654223582046e-01,-2.358298024832777007e-01,1.071891920569538748e+00,0.000000000000000000e+00,0.000000000000000000e+00,0.000000000000000000e+00,-1.519292535359411007e-02,-2.879774370222791258e-01,3.337433523400722413e-01,9.182035630745932764e-01,0.000000000000000000e+00,0.000000000000000000e+00,0.000000000000000000e+00
-1.752851891821820968e-02,-4.498929094519403815e-01,8.203329678695523430e-01,-3.011270206658096457e-02,4.370266345931414498e-02,7.123622206126751788e-01,6.998023785502518468e-01,-6.258461617675095123e-01,1.050138236927922603e-01,2.665711636684871544e-01,1.083887457350225292e+00,-5.940005510029275904e-01,1.305142848890142870e-01,-7.695974026211183094e-01,-3.473154931827569514e-01,-1.412211286798293053e-01,1.215402552312039530e+00,-5.262691737474647358e-01,9.026980553746671854e-02,-1.036922851388807770e-01,0.000000000000000000e+00,0.000000000000000000e+00,4.827496062569904683e-03,2.062142179207032133e-01,-2.355966988833339548e-01,1.072715245941445295e+00,0.000000000000000000e+00,0.000000000000000000e+00,0.000000000000000000e+00,-1.672397898751618733e-02,-2.864696956096343117e-01,3.336456172114013463e-01,9.189099173410435473e-01,0.000000000000000000e+00,0.000000000000000000e+00,0.000000000000000000e+00
-1.726113532970845882e-02,-4.495463694828562007e-01,8.203448432686037961e-01,-3.123653958070828768e-02,4.391849916174232760e-02,7.124954599221773321e-01,6.996039333913788294e-01,-6.277884638548713037e-01,1.072983391356842203e-01,2.662308750108819400e-01,1.084771669796131821e+00,-5.951423588459660019e-01,1.295954337573685111e-01,-7.701718642597602527e-01,-3.456557456205662238e-01,-1.425756757175986045e-01,1.214720405933736869e+00,-5.273216158835001277e-01,9.017024656301660113e-02,-1.037622362302805662e-01,0.000000000000000000e+00,0.000000000000000000e+00,5.320975276907682905e-03,2.079562297239727076e-01,-2.371802372875537190e-01,1.071215231899698583e+00,0.000000000000000000e+00,0.000000000000000000e+00,0.000000000000000000e+00,-1.553385014197895472e-02,-2.868983325025188935e-01,3.370190734177112013e-01,9.164520329526643083e-01,0.000000000000000000e+00,0.000000000000000000e+00,0.000000000000000000e+00
-1.696045267907131740e-02,-4.492540261540171054e-01,8.203858538373042242e-01,-3.236364436318163451e-02,4.376402671124202809e-02,7.123219699919812742e-01,6.997390338949911470e-01,-6.295837893947768826e-01,1.099946689827442231e-01,2.649069762884323498e-01,1.086104547841040269e+00,-5.952409969193096506e-01,1.282778285111663974e-01,-7.695619097605143066e-01,-3.431847695832614398e-01,-1.448144053070677117e-01,1.213228195009345090e+00,-5.316640963866274827e-01,8.933661997316698355e-02,-1.020471321932480135e-01,0.000000000000000000e+00,0.000000000000000000e+00,4.230987070423557900e-03,2.095091403457547685e-01,-2.376447103612015777e-01,1.072062808717964888e+00,0.000000000000000000e+00,0.000000000000000000e+00,0.000000000000000000e+00,-1.435810133520290695e-02,-2.860812568505685105e-01,3.380146643406491402e-01,9.155764924401795790e-01,0.000000000000000000e+00,0.000000000000000000e+00,0.000000000000000000e+00
-1.662313274568396129e-02,-4.490993708039965338e-01,8.199984109425699774e-01,-3.233782915550117987e-02,4.341515796827192381e-02,7.120550034689769880e-01,7.000336141207049723e-01,-6.301059745627141107e-01,1.121140450016194501e-01,2.651245612602941004e-01,1.089500510473804029e+00,-5.968164031239947542e-01,1.289726561590632259e-01,-7.702342798324871564e-01,-3.417027837555717262e-01,-1.444687859217225201e-01,1.215846311107865674e+00,-5.313223644509087462e-01,8.647368317100297130e-02,-1.022936274163074866e-01,0.000000000000000000e+00,0.000000000000000000e+00,5.356683939951090156e-03,2.097072134485192807e-01,-2.388872447356786277e-01,1.073850319687079891e+00,0.000000000000000000e+00,0.000000000000000000e+00,0.000000000000000000e+00,-1.385159936922306621e-02,-2.850894073807598295e-01,3.399281741269383206e-01,9.158105960679696622e-01,0.000000000000000000e+00,0.000000000000000000e+00,0.000000000000000000e+00
-1.630788646116626550e-02,-4.490013343139719337e-01,8.198152998494241395e-01,-3.244616437285113147e-02,4.283704063018565350e-02,7.123034062224042895e-01,6.998114687910595988e-01,-6.305887687976737821e-01,1.130134523897630555e-01,2.632029179859869950e-01,1.091702469191045743e+00,-5.975703017646636361e-01,1.292047325407329472e-01,-7.691954578831908806e-01,-3.404529525710079385e-01,-1.453446324026465009e-01,1.216645529701971373e+00,-5.318794949367192659e-01,8.559203738437949627e-02,-1.016978701503791771e-01,0.000000000000000000e+00,0.000000000000000000e+00,4.954145425458418572e-03,2.116805960295962130e-01,-2.395712039192166021e-01,1.073802867156696816e+00,0.000000000000000000e+00,0.000000000000000000e+00,0.000000000000000000e+00,-1.349688865834165405e-02,-2.849826063909814966e-01,3.411118353888070720e-01,9.161923628798110952e-01,0.000000000000000000e+00,0.000000000000000000e+00,0.000000000000000000e+00
-1.604076992420105582e-02,-4.489422330393251781e-01,8.194324314911819451e-01,-3.199112970300610481e-02,4.259325979231579073e-02,7.125342406374004511e-01,6.996122767361037109e-01,-6.308805307390594752e-01,1.124336965200578020e-01,2.621364791815866124e-01,1.094249943484713494e+00,-5.987015180014967353e-01,1.310512064121052977e-01,-7.703535406283823495e-01,-3.401050655188141425e-01,-1.436197648608239230e-01,1.220074102682346284e+00,-5.259591274876943556e-01,8.429062079807193852e-02,-1.022619895625001690e-01,0.000000000000000000e+00,0.000000000000000000e+00,6.281125921333391773e-03,2.121023386081895556e-01,-2.394751882349313854e-01,1.074635179044241662e+00,0.000000000000000000e+00,0.000000000000000000e+00,0.000000000000000000e+00,-1.165726272699186584e-02,-2.846484975641785375e-01,3.398297048093961159e-01,9.158171119673054195e-01,0.000000000000000000e+00,0.000000000000000000e+00,0.000000000000000000e+00
-1.588533124640587046e-02,-4.488852116359247080e-01,8.193552080049343322e-01,-3.190460145052472635e-02,4.169318310427952423e-02,7.127063570705016726e-01,6.994951204120087862e-01,-6.300015409442949466e-01,1.140792899278871286e-01,2.616374642950893836e-01,1.095900911293536506e+00,-5.999680085737215673e-01,1.329791876888422597e-01,-7.683202024416224685e-01,-3.396570587336840141e-01,-1.453031584528756137e-01,1.220304448242814033e+00,-5.241561346424584711e-01,8.484233955619961687e-02,-1.021241110740331859e-01,0.000000000000000000e+00,0.000000000000000000e+00,7.072513142155343810e-03,2.137148968299667773e-01,-2.396069045055639612e-01,1.073947213683320356e+00,0.000000000000000000e+00,0.000000000000000000e+00,0.000000000000000000e+00,-1.126254678411803441e-02,-2.849009134954816891e-01,3.410042506407213736e-01,9.173205261637091823e-01,0.000000000000000000e+00,0.000000000000000000e+00,0.000000000000000000e+00
-1.567162868783123289e-02,-4.487485777431451384e-01,8.193049678477646314e-01,-3.197645740498564204e-02,4.169890363701627550e-02,7.130403377600892378e-01,6.991510454360174709e-01,-6.302635144772137377e-01,1.143259076509935551e-01,2.611355784645012501e-01,1.096261188062569891e+00,-5.997638652838984674e-01,1.317005899270951297e-01,-7.681441112914382252e-01,-3.394900541001796279e-01,-1.454829528682953788e-01,1.220778862679040788e+00,-5.243625813092996912e-01,8.420057797141475286e-02,-1.015778649224121505e-01,0.000000000000000000e+00,0.000000000000000000e+00,6.776271666377543801e-03,2.148782232408718296e-01,-2.408609266547794003e-01,1.073896584599739246e+00,0.000000000000000000e+00,0.000000000000000000e+00,0.000000000000000000e+00,-1.052454258343813592e-02,-2.851196180742607833e-01,3.419185913960141598e-01,9.175205966213898501e-01,0.000000000000000000e+00,0.000000000000000000e+00,0.000000000000000000e+00
-1.550776811098798259e-02,-4.484764871207254089e-01,8.194155918789989279e-01,-3.291399488791678374e-02,4.254297882763361655e-02,7.125560598159040859e-01,6.995503023461738801e-01,-6.321726757146626241e-01,1.147503591318290300e-01,2.607132793452744401e-01,1.095599554544908427e+00,-6.003999083399824688e-01,1.288744039590788149e-01,-7.690688270980003960e-01,-3.386254607721455590e-01,-1.465507946185980459e-01,1.218964575937877992e+00,-5.328860633066005992e-01,8.364639828485849471e-02,-1.000789272898857246e-01,0.000000000000000000e+00,0.000000000000000000e+00,5.080906084995963010e-03,2.146374200775056085e-01,-2.414384431984985813e-01,1.075598196628413605e+00,0.000000000000000000e+00,0.000000000000000000e+00,0.000000000000000000e+00,-1.110006943916602186e-02,-2.838416671933816082e-01,3.429226984776854725e-01,9.179850579529525989e-01,0.000000000000000000e+00,0.000000000000000000e+00,0.000000000000000000e+00
-1.539795595925909193e-02,-4.482385553070734052e-01,8.195278299310561065e-01,-3.340875111719002200e-02,4.311068191703958802e-02,7.125759848489714443e-01,6.994717937629474358e-01,-6.326902772619675819e-01,1.160120885178424904e-01,2.624535112852667273e-01,1.094653939560793487e+00,-6.003981941670161193e-01,1.280869891209644451e-01,-7.694834419789515767e-01,-3.401021449370415506e-01,-1.486848976931202659e-01,1.218211679512370083e+00,-5.347125646318611203e-01,8.322939654248304175e-02,-9.981487133396020617e-02,0.000000000000000000e+00,0.000000000000000000e+00,5.531173072728800752e-03,2.149063960445513621e-01,-2.429650768021431873e-01,1.074601305421934994e+00,0.000000000000000000e+00,0.000000000000000000e+00,0.000000000000000000e+00,-1.137586199030849593e-02,-2.833947809551913277e-01,3.441996019165918796e-01,9.195353844571045876e-01,0.000000000000000000e+00,0.000000000000000000e+00,0.000000000000000000e+00
-1.533593800673030069e-02,-4.479708507529689965e-01,8.196785252757631257e-01,-3.456315936186763610e-02,4.374176467188259365e-02,7.122997033091659214e-01,6.996579011945687210e-01,-6.347615328569282678e-01,1.174163759809487145e-01,2.625398827883179131e-01,1.094065349474902638e+00,-5.998188248504809916e-01,1.263586129411525538e-01,-7.704636148351371450e-01,-3.392439208577463505e-01,-1.500891732580920679e-01,1.216122679512209759e+00,-5.377686727518532495e-01,8.426319707569053519e-02,-9.939721806693850581e-02,0.000000000000000000e+00,0.000000000000000000e+00,4.089420804495045095e-03,2.155784783917183978e-01,-2.428598926416033199e-01,1.075599547035608783e+00,0.000000000000000000e+00,0.000000000000000000e+00,0.000000000000000000e+00,-1.159301912382445024e-02,-2.834199243067638263e-01,3.455728922983462570e-01,9.186092204530069694e-01,0.000000000000000000e+00,0.000000000000000000e+00,0.000000000000000000e+00
-1.522770075555629835e-02,-4.477921551641199649e-01,8.196817075004231290e-01,-3.462102305483530373e-02,4.399083312347703417e-02,7.126101804673381501e-01,6.993231885602290143e-01,-6.349038845160448474e-01,1.171499015173002867e-01,2.627028886821533571e-01,1.093799513977047111e+00,-6.003900959811910854e-01,1.266262093594863192e-01,-7.707991861148203450e-01,-3.395517243040163113e-01,-1.499725370989535289e-01,1.216692572440019271e+00,-5.374515218501092484e-01,8.291371387591202347e-02,-1.007228778761664750e-01,0.000000000000000000e+00,0.000000000000000000e+00,4.607141473785075769e-03,2.158728455350938658e-01,-2.427978709855063144e-01,1.075499700332602560e+00,0.000000000000000000e+00,0.000000000000000000e+00,0.000000000000000000e+00,-1.222380392987655953e-02,-2.832621761579389719e-01,3.473643229842771074e-01,9.190330550211662786e-01,0.000000000000000000e+00,0.000000000000000000e+00,0.000000000000000000e+00
-1.509965039365565934e-02,-4.476457837508207582e-01,8.195805577607939707e-01,-3.437320417679126661e-02,4.397800241102989977e-02,7.124040998539862279e-01,6.995461504788564877e-01,-6.347218295100142127e-01,1.166026912576037383e-01,2.620255212773940912e-01,1.094449941557001482e+00,-6.001538098756161732e-01,1.266724246358015837e-01,-7.707044330551848788e-01,-3.388302836705352483e-01,-1.488953267608513764e-01,1.217232101978206416e+00,-5.391180383215979921e-01,8.228021470462316966e-02,-1.004628182425048449e-01,0.000000000000000000e+00,0.000000000000000000e+00,4.866827737055370515e-03,2.160699395498102693e-01,-2.422878543919536609e-01,1.076051562515020432e+00,0.000000000000000000e+00,0.000000000000000000e+00,0.000000000000000000e+00,-1.077625001811455090e-02,-2.835549260943998062e-01,3.476199647554512606e-01,9.171179027809538420e-01,0.000000000000000000e+00,0.000000000000000000e+00,0.000000000000000000e+00
-1.504797948558996533e-02,-4.475517306429714348e-01,8.193936936238171986e-01,-3.396917874077529792e-02,4.259812951927127722e-02,7.131890580355568776e-01,6.988511012765815655e-01,-6.332205405737877379e-01,1.179812702890339349e-01,2.612428713998372620e-01,1.096962845856092494e+00,-6.015480796351116988e-01,1.306202472289173522e-01,-7.682052861158170654e-01,-3.384223584512586758e-01,-1.496684118893068516e-01,1.218906329935669497e+00,-5.323233875043095198e-01,8.272509498459251764e-02,-1.015344495125035523e-01,0.000000000000000000e+00,0.000000000000000000e+00,6.554459805953184726e-03,2.172440267758605215e-01,-2.449681768763934953e-01,1.075537366678658069e+00,0.000000000000000000e+00,0.000000000000000000e+00,0.000000000000000000e+00,-9.605269213943602030e-03,-2.835617164788864497e-01,3.487535626302136205e-01,9.192862112220200332e-01,0.000000000000000000e+00,0.000000000000000000e+00,0.000000000000000000e+00
-1.489844096596538818e-02,-4.472443329594995576e-01,8.196128440167611551e-01,-3.520841496136379450e-02,4.342231526228860355e-02,7.129059582391763517e-01,6.990278712327940847e-01,-6.352601806270328222e-01,1.195279168956190491e-01,2.616575882910586737e-01,1.095883961989026822e+00,-6.016869142826594130e-01,1.282819987015461627e-01,-7.691039661201942712e-01,-3.379119663693168074e-01,-1.516911257915930789e-01,1.216596329999241055e+00,-5.374421977759626934e-01,8.369828622309272159e-02,-1.007266489905323942e-01,0.000000000000000000e+00,0.000000000000000000e+00,5.882958240276974296e-03,2.186402210189151429e-01,-2.472963017604875025e-01,1.074796158033038296e+00,0.000000000000000000e+00,0.000000000000000000e+00,0.000000000000000000e+00,-9.809844623269569491e-03,-2.825528867336680183e-01,3.504051748477466366e-01,9.186637767361546247e-01,0.000000000000000000e+00,0.000000000000000000e+00,0.000000000000000000e+00
-1.464113047230474265e-02,-4.470147687426761496e-01,8.198694133738572143e-01,-3.523673932576654871e-02,4.357964601146457895e-02,7.126244832114291272e-01,6.993036054410457503e-01,-6.343304979409809530e-01,1.198840141704154982e-01,2.617359782290814008e-01,1.094264381761109295e+00,-6.006717949969222481e-01,1.260595814545826532e-01,-7.676674239495987484e-01,-3.372568263533991528e-01,-1.523572568264780769e-01,1.214667379772438993e+00,-5.428973691857492678e-01,8.366751270919904615e-02,-1.006749060480302688e-01,0.000000000000000000e+00,0.000000000000000000e+00,5.222032685232590871e-03,2.196481715888858044e-01,-2.491507667792745018e-01,1.076275969869572080e+00,0.000000000000000000e+00,0.000000000000000000e+00,0.000000000000000000e+00,-1.045476079906471588e-02,-2.815060002230281855e-01,3.504852885132634377e-01,9.189948742854996411e-01,0.000000000000000000e+00,0.000000000000000000e+00,0.000000000000000000e+00
-1.430726571259001087e-02,-4.467701208928015477e-01,8.198111747303731267e-01,-3.514942682321865047e-02,4.393801849266520260e-02,7.120553575994711393e-01,6.998650841689604274e-01,-6.340923748422964135e-01,1.210347151440659685e-01,2.630230403429531516e-01,1.094573629944173732e+00,-6.005591110422343615e-01,1.241274921577343038e-01,-7.678060571017573110e-01,-3.369837755772269183e-01,-1.524352600477295039e-01,1.214860785013467614e+00,-5.486346102150672088e-01,8.247746159297754398e-02,-1.003523669055038647e-01,0.000000000000000000e+00,0.000000000000000000e+00,5.591698844379879366e-03,2.195749518256767119e-01,-2.511251347503258846e-01,1.077724361204895231e+00,0.000000000000000000e+00,0.000000000000000000e+00,0.000000000000000000e+00,-1.056194673712962384e-02,-2.805675164630684892e-01,3.526638815327097776e-01,9.179670447315790849e-01,0.000000000000000000e+00,0.000000000000000000e+00,0.000000000000000000e+00
-1.396311605129613165e-02,-4.465044779269011777e-01,8.198450779490601414e-01,-3.462790916768359456e-02,4.377265573732101733e-02,7.119500157937480589e-01,7.000085981812353975e-01,-6.326369054695551997e-01,1.206921193363256206e-01,2.625786943469438639e-01,1.094404034573349227e+00,-5.998113088279563021e-01,1.240196955459300088e-01,-7.665120906411165835e-01,-3.366690424215761923e-01,-1.520253431549109524e-01,1.214952084117164155e+00,-5.494820168996373821e-01,8.203938001674032643e-02,-1.002216928417362096e-01,0.000000000000000000e+00,0.000000000000000000e+00,6.440453597393664548e-03,2.204504519208225766e-01,-2.523075682396027641e-01,1.078466866479771857e+00,0.000000000000000000e+00,0.000000000000000000e+00,0.000000000000000000e+00,-1.038627855865002433e-02,-2.795489920520304317e-01,3.539971881313017099e-01,9.196105655661352962e-01,0.000000000000000000e+00,0.000000000000000000e+00,0.000000000000000000e+00
-1.365727760565150876e-02,-4.461829624786843307e-01,8.200569811562806732e-01,-3.485811820263531868e-02,4.368242867820498060e-02,7.116736305925845940e-01,7.002837999977682415e-01,-6.320210454596054683e-01,1.216060592074379304e-01,2.620221260318400525e-01,1.093655603173435686e+00,-5.993052424483594764e-01,1.231206538855836863e-01,-7.650099064772929447e-01,-3.354779393996964454e-01,-1.530910287675163461e-01,1.213156764771952334e+00,-5.523540628879684000e-01,8.273362030278423596e-02,-9.952105618881537663e-02,0.000000000000000000e+00,0.000000000000000000e+00,6.470095857601715697e-03,2.214424975809000107e-01,-2.539314521546935932e-01,1.078940787456172945e+00,0.000000000000000000e+00,0.000000000000000000e+00,0.000000000000000000e+00,-1.010081449037166651e-02,-2.788387151043172918e-01,3.558741691104566618e-01,9.196394130075022932e-01,0.000000000000000000e+00,0.000000000000000000e+00,0.000000000000000000e+00
-1.326461124962840382e-02,-4.459247011723234677e-01,8.199285007423433580e-01,-3.410758721401388471e-02,4.328407703004372165e-02,7.119979822537456648e-01,7.000157387064173120e-01,-6.302143148193863897e-01,1.219277367953112978e-01,2.622582957872524601e-01,1.094527673570631077e+00,-5.993546187137047676e-01,1.230717006231428629e-01,-7.634020881391186952e-01,-3.359889980737058579e-01,-1.531493315928550980e-01,1.214867152171084985e+00,-5.527872125392014890e-01,8.095802725702469504e-02,-9.988461327747633067e-02,0.000000000000000000e+00,0.000000000000000000e+00,6.996607592748150216e-03,2.218648447868036000e-01,-2.559539117313496259e-01,1.081516519210496075e+00,0.000000000000000000e+00,0.000000000000000000e+00,0.000000000000000000e+00,-1.053997588693636293e-02,-2.776914949685576617e-01,3.569011136537986184e-01,9.244875610645009179e-01,0.000000000000000000e+00,0.000000000000000000e+00,0.000000000000000000e+00
-1.293145620179804965e-02,-4.456057110181716463e-01,8.202349544353590982e-01,-3.387799041636898462e-02,4.310847416034917223e-02,7.113136896399722131e-01,7.007330277300233279e-01,-6.280308872662072606e-01,1.229064467108499092e-01,2.628084012811675585e-01,1.092949176006504208e+00,-5.986128906464023292e-01,1.224491342242006869e-01,-7.609100684067460207e-01,-3.354237008422603084e-01,-1.544528359065493461e-01,1.212438460866914536e+00,-5.569926205552216958e-01,8.262240615283109046e-02,-9.890271543830794765e-02,0.000000000000000000e+00,0.000000000000000000e+00,6.915096443627765516e-03,2.229364374561783324e-01,-2.576924364297234482e-01,1.083156861464118714e+00,0.000000000000000000e+00,0.000000000000000000e+00,0.000000000000000000e+00,-1.092130823033225263e-02,-2.767949560809455090e-01,3.572299647607741213e-01,9.257893300993602637e-01,0.000000000000000000e+00,0.000000000000000000e+00,0.000000000000000000e+00
-1.256009592730352072e-02,-4.452882420570954403e-01,8.202319803576306745e-01,-3.348964840734450915e-02,4.264262597789797438e-02,7.115998243410177615e-01,7.004896429620461884e-01,-6.265994943641254311e-01,1.227425270630557452e-01,2.616464891052144859e-01,1.093286124283085359e+00,-5.994675457936586849e-01,1.234431724304801137e-01,-7.593497110318387922e-01,-3.344407355708581275e-01,-1.540029319345065928e-01,1.213177278109272894e+00,-5.557493505926307531e-01,8.213679947590216135e-02,-9.926213954740970014e-02,0.000000000000000000e+00,0.000000000000000000e+00,7.775653504306655889e-03,2.240074441774324576e-01,-2.600397639961954388e-01,1.083881454399488575e+00,0.000000000000000000e+00,0.000000000000000000e+00,0.000000000000000000e+00,-1.079421262044713385e-02,-2.757355641546177516e-01,3.586706965120953772e-01,9.289070521761706445e-01,0.000000000000000000e+00,0.000000000000000000e+00,0.000000000000000000e+00
-1.214343279405782211e-02,-4.449241293444500256e-01,8.203180273089152319e-01,-3.374728223989802156e-02,4.292392229499591982e-02,7.115366496068168400e-01,7.005242708875548674e-01,-6.263509922486582004e-01,1.239792040787013050e-01,2.621363379383866987e-01,1.092853439560378392e+00,-6.005156060661314132e-01,1.209283758700592099e-01,-7.588900721421160123e-01,-3.342564556265906761e-01,-1.550910027486760157e-01,1.212505740945271082e+00,-5.585303282859556129e-01,8.226732491436106187e-02,-9.997613460775123251e-02,0.000000000000000000e+00,0.000000000000000000e+00,8.121647697598020216e-03,2.248405517343978477e-01,-2.607249424677880456e-01,1.085112146602563721e+00,0.000000000000000000e+00,0.000000000000000000e+00,0.000000000000000000e+00,-1.140397475888681525e-02,-2.743768695221501797e-01,3.600880210850501140e-01,9.301544832661619022e-01,0.000000000000000000e+00,0.000000000000000000e+00,0.000000000000000000e+00
-1.165473909352552316e-02,-4.446170536148424945e-01,8.202360248264016773e-01,-3.308952479428824839e-02,4.290580270584252315e-02,7.117256450079814112e-01,7.003647490279822918e-01,-6.246395725396575171e-01,1.241451253760969820e-01,2.627898943945460308e-01,1.092990365161478516e+00,-6.015485697500537743e-01,1.195252986023758318e-01,-7.580252058260122938e-01,-3.347138589448276358e-01,-1.546261498606966156e-01,1.213990372458741085e+00,-5.592322744104185617e-01,8.168806851144734538e-02,-1.011824634570186177e-01,0.000000000000000000e+00,0.000000000000000000e+00,8.502799453638588620e-03,2.257042816175015842e-01,-2.622635100375005357e-01,1.087345224228351670e+00,0.000000000000000000e+00,0.000000000000000000e+00,0.000000000000000000e+00,-1.080531793391039351e-02,-2.738355432775110287e-01,3.626394324604914066e-01,9.294930960042632195e-01,0.000000000000000000e+00,0.000000000000000000e+00,0.000000000000000000e+00
-1.118430244094421704e-02,-4.443168075444647869e-01,8.201197425499557880e-01,-3.220838288796815108e-02,4.227598225495814155e-02,7.120190475223510118e-01,7.001458686313047908e-01,-6.225400852084723713e-01,1.238686982688906590e-01,2.619725852662754262e-01,1.094006538727434252e+00,-6.017768948122627082e-01,1.214778359132933222e-01,-7.561728921901641476e-01,-3.348911151476588466e-01,-1.544373530701993458e-01,1.215894029908529905e+00,-5.565137801050208388e-01,8.109035747095243163e-02,-1.018172569427523433e-01,0.000000000000000000e+00,0.000000000000000000e+00,1.044441719880769698e-02,2.268558348449524198e-01,-2.644271985810159320e-01,1.087336567140354315e+00,0.000000000000000000e+00,0.000000000000000000e+00,0.000000000000000000e+00,-9.538460427875140174e-03,-2.729272116154750627e-01,3.638236684530044007e-01,9.308946513941015466e-01,0.000000000000000000e+00,0.000000000000000000e+00,0.000000000000000000e+00
-1.070598653654596805e-02,-4.439669987388365491e-01,8.199785894788145235e-01,-3.183152970220734512e-02,4.197369126469923523e-02,7.126701152378445148e-01,6.995185986128679145e-01,-6.217868976221789801e-01,1.237082446474459807e-01,2.607627055374348024e-01,1.095074843604394443e+00,-6.025620710325902962e-01,1.217185000007414003e-01,-7.549043760728965102e-01,-3.358959423254430088e-01,-1.557681341933675745e-01,1.217962376991835960e+00,-5.559776130689251250e-01,7.901780017815765444e-02,-1.021759345697806076e-01,0.000000000000000000e+00,0.000000000000000000e+00,1.105678921943245227e-02,2.280403234912156130e-01,-2.661223160237577434e-01,1.087830834982258743e+00,0.000000000000000000e+00,0.000000000000000000e+00,0.000000000000000000e+00,-8.674462699045747474e-03,-2.725157167881668840e-01,3.662487436243895278e-01,9.327592437459447661e-01,0.000000000000000000e+00,0.000000000000000000e+00,0.000000000000000000e+00
-1.020010203935863002e-02,-4.435611337948180966e-01,8.197934183454432810e-01,-3.183213117390261415e-02,4.242898718353683984e-02,7.134299659413718686e-01,6.987160941100470923e-01,-6.228024481395331158e-01,1.221428012574215655e-01,2.586686291489664336e-01,1.095911785464683152e+00,-6.035298336065948455e-01,1.200896625119651645e-01,-7.549855162667788999e-01,-3.374622893560327297e-01,-1.569446310753151441e-01,1.219851145407720772e+00,-5.595741731631724836e-01,7.663093922086647303e-02,-1.014014538266137938e-01,0.000000000000000000e+00,0.000000000000000000e+00,1.059289688709503380e-02,2.289227018980803385e-01,-2.659802644077841061e-01,1.087881855578223034e+00,0.000000000000000000e+00,0.000000000000000000e+00,0.000000000000000000e+00,-5.878289025756162911e-03,-2.719392672104584130e-01,3.671211011331207419e-01,9.304797170475829216e-01,0.000000000000000000e+00,0.000000000000000000e+00,0.000000000000000000e+00
-9.823589691407735511e-03,-4.431887696412887268e-01,8.196145172198181506e-01,-3.167156125046861198e-02,4.176662674383937318e-02,7.141204954139473982e-01,6.980575757973960238e-01,-6.224138934648207888e-01,1.220537887213287431e-01,2.561077203602019625e-01,1.097836819877767045e+00,-6.047597282204751901e-01,1.203432038335282284e-01,-7.532073983413030138e-01,-3.366078681331386990e-01,-1.574675946963444428e-01,1.221330949247626974e+00,-5.594478995848297664e-01,7.500008647253965377e-02,-1.014916453688268355e-01,0.000000000000000000e+00,0.000000000000000000e+00,1.110651325645752724e-02,2.308610441989576989e-01,-2.688860996909089862e-01,1.087567030335228724e+00,0.000000000000000000e+00,0.000000000000000000e+00,0.000000000000000000e+00,-4.101469770063131265e-03,-2.713529175549230787e-01,3.690781613616267998e-01,9.307786839873896101e-01,0.000000000000000000e+00,0.000000000000000000e+00,0.000000000000000000e+00
-9.470115475731231622e-03,-4.428258434769444807e-01,8.193284435348948680e-01,-3.105887725078071079e-02,4.090547897525229765e-02,7.145452806413011837e-01,6.977013185074042445e-01,-6.208990336534270238e-01,1.232696913268096772e-01,2.556154573828958720e-01,1.100522437165175615e+00,-6.054427758987461772e-01,1.205560243041352286e-01,-7.506113171701840336e-01,-3.367266717065280912e-01,-1.584098847594284376e-01,1.223092609203225489e+00,-5.609769319807738075e-01,7.380750196601458535e-02,-1.007462397376065188e-01,0.000000000000000000e+00,0.000000000000000000e+00,1.272717459859060846e-02,2.316908643132578605e-01,-2.707312860746844962e-01,1.086084188000367323e+00,0.000000000000000000e+00,0.000000000000000000e+00,0.000000000000000000e+00,-1.170015679437868758e-03,-2.710643866848020389e-01,3.719398028478035911e-01,9.292120875934889446e-01,0.000000000000000000e+00,0.000000000000000000e+00,0.000000000000000000e+00
-9.199107596421408559e-03,-4.422795846367468808e-01,8.193278034732252024e-01,-3.186406255644011476e-02,4.126500459003987209e-02,7.150593122264972124e-01,6.971169635805403164e-01,-6.226140896258769430e-01,1.226110498025785450e-01,2.531856273322993789e-01,1.100980511971117348e+00,-6.072134716933111909e-01,1.210173234836739303e-01,-7.506202576473884891e-01,-3.367567981971562596e-01,-1.601870122498977866e-01,1.223027685915892171e+00,-5.633535335905820451e-01,7.335568197534445001e-02,-9.904116068294768760e-02,0.000000000000000000e+00,0.000000000000000000e+00,1.225305308094108182e-02,2.336725372673709999e-01,-2.721301335791114218e-01,1.085303920347919560e+00,0.000000000000000000e+00,0.000000000000000000e+00,0.000000000000000000e+00,-2.200908542971530268e-05,-2.717956629123475798e-01,3.744891861266403388e-01,9.306651189092626231e-01,0.000000000000000000e+00,0.000000000000000000e+00,0.000000000000000000e+00
-8.928552615496933992e-03,-4.418556383003516275e-01,8.189004009247531357e-01,-3.106160861798053230e-02,3.980650890916644785e-02,7.155017122045295164e-01,6.967839824155797057e-01,-6.206982263934496258e-01,1.230944347769745151e-01,2.506541881748598488e-01,1.105050420373824949e+00,-6.094292851986232717e-01,1.219902972678279657e-01,-7.473182358463277275e-01,-3.357937101012681280e-01,-1.604231154392176673e-01,1.225690259097112378e+00,-5.631889804455081361e-01,7.215401862757975238e-02,-9.749897730606825463e-02,0.000000000000000000e+00,0.000000000000000000e+00,1.445918568794954395e-02,2.344422304593741790e-01,-2.732902531749999420e-01,1.083751334858904292e+00,0.000000000000000000e+00,0.000000000000000000e+00,0.000000000000000000e+00,3.209963678950560409e-03,-2.714965708119096988e-01,3.773828662119005917e-01,9.306947211380222074e-01,0.000000000000000000e+00,0.000000000000000000e+00,0.000000000000000000e+00
-8.642935048831949796e-03,-4.412756885613903779e-01,8.186706054166166258e-01,-3.092273232489996942e-02,3.892187086000042928e-02,7.158539285249081452e-01,6.964783023251880367e-01,-6.197285955941717051e-01,1.241089668642436084e-01,2.488005441313688726e-01,1.107722512498191092e+00,-6.109787357288843923e-01,1.225331695469897425e-01,-7.445832690609205384e-01,-3.350765899074848453e-01,-1.619615184596765456e-01,1.226968359738269232e+00,-5.656154883729846983e-01,7.108247988459033551e-02,-9.559548815816729106e-02,0.000000000000000000e+00,0.000000000000000000e+00,1.391202266286252660e-02,2.363656368006714636e-01,-2.744258893100380847e-01,1.085243014088167923e+00,0.000000000000000000e+00,0.000000000000000000e+00,0.000000000000000000e+00,5.472664312293758909e-03,-2.717501087069126298e-01,3.798331544412421601e-01,9.310511787803441575e-01,0.000000000000000000e+00,0.000000000000000000e+00,0.000000000000000000e+00
-8.323650516039150793e-03,-4.406357512737256177e-01,8.183340247557318037e-01,-3.062183408825705153e-02,3.791437000198380480e-02,7.162050923850473705e-01,6.961860882451971211e-01,-6.183834726935936166e-01,1.257654309342762511e-01,2.476349785559042171e-01,1.111128210314239695e+00,-6.131418651131373965e-01,1.233483157994253177e-01,-7.416617873878159628e-01,-3.357230697853412771e-01,-1.646525623488372392e-01,1.229068829841338362e+00,-5.664980328111431929e-01,6.992118514485202996e-02,-9.342890661319927514e-02,0.000000000000000000e+00,0.000000000000000000e+00,1.405804712960590994e-02,2.369775014632782284e-01,-2.749254109909656796e-01,1.087336465878679714e+00,0.000000000000000000e+00,0.000000000000000000e+00,0.000000000000000000e+00,8.662039060999668708e-03,-2.712772732935869735e-01,3.815123668394185819e-01,9.320542922256545015e-01,0.000000000000000000e+00,0.000000000000000000e+00,0.000000000000000000e+00
-7.918859853814384092e-03,-4.399141349301577408e-01,8.178648260065612963e-01,-2.972070885041080968e-02,3.641965371267942564e-02,7.170721127988382015e-01,6.954120169619502079e-01,-6.159866368836954820e-01,1.255209104925724684e-01,2.441530093056272499e-01,1.115237795735155135e+00,-6.163437044883202098e-01,1.237820187930300658e-01,-7.374594412783915809e-01,-3.349056084913157871e-01,-1.650114391830411198e-01,1.232606702725641323e+00,-5.685383161445769495e-01,6.879929476186755211e-02,-9.107715078207559434e-02,0.000000000000000000e+00,0.000000000000000000e+00,1.440398358747622780e-02,2.376623486140663766e-01,-2.755995072338423002e-01,1.089162946764352435e+00,0.000000000000000000e+00,0.000000000000000000e+00,0.000000000000000000e+00,1.261387139816436825e-02,-2.709715349705557608e-01,3.847796821032385406e-01,9.331815409752991508e-01,0.000000000000000000e+00,0.000000000000000000e+00,0.000000000000000000e+00
-7.470323934634663134e-03,-4.390572086475068025e-01,8.177011148013015873e-01,-2.862614744121674826e-02,3.491982697931572677e-02,7.175586348883733478e-01,6.950329163885273775e-01,-6.120939926415721599e-01,1.257435520513164040e-01,2.418105433007047278e-01,1.117565695410217108e+00,-6.172544467381126942e-01,1.249487092964545742e-01,-7.317419871320022251e-01,-3.350482012297710255e-01,-1.670516631426958998e-01,1.234164226740461778e+00,-5.713991138681283610e-01,6.671402653522409687e-02,-8.934195322275849394e-02,0.000000000000000000e+00,0.000000000000000000e+00,1.518838633222844431e-02,2.378632080631236101e-01,-2.773873735906095539e-01,1.092897147322424045e+00,0.000000000000000000e+00,0.000000000000000000e+00,0.000000000000000000e+00,1.536471644449383459e-02,-2.695504259364899791e-01,3.863156971074453994e-01,9.375571175988870465e-01,0.000000000000000000e+00,0.000000000000000000e+00,0.000000000000000000e+00
-6.899883730437286929e-03,-4.380823381148379325e-01,8.174553409155811412e-01,-2.710675988545782969e-02,3.361860906094922552e-02,7.181873145831633165e-01,6.945084548550450876e-01,-6.076001488785813809e-01,1.246389548506624534e-01,2.392173221963740937e-01,1.119650379093203973e+00,-6.187715316643620511e-01,1.250756761933808914e-01,-7.263190781327719669e-01,-3.345441719973442085e-01,-1.667276765558795004e-01,1.236782984305883959e+00,-5.754819095949182950e-01,6.463042912038446941e-02,-8.830001082598348816e-02,0.000000000000000000e+00,0.000000000000000000e+00,1.606703297970348346e-02,2.388125682343917588e-01,-2.790862300942595908e-01,1.096878030062991227e+00,0.000000000000000000e+00,0.000000000000000000e+00,0.000000000000000000e+00,1.843820127147707127e-02,-2.678671083466216962e-01,3.873943991109755625e-01,9.407960054906787661e-01,0.000000000000000000e+00,0.000000000000000000e+00,0.000000000000000000e+00
-6.281019626292321488e-03,-4.369459025049622913e-01,8.176656756339829579e-01,-2.650992208426632482e-02,3.333174307568590594e-02,7.186456708020257933e-01,6.940710473518743040e-01,-6.039375073091587387e-01,1.246428020149929761e-01,2.385690085345151257e-01,1.118440685739657603e+00,-6.194504892200592971e-01,1.224836726893708677e-01,-7.212813299470379746e-01,-3.354276852283297750e-01,-1.691479131492832633e-01,1.236033791672242810e+00,-5.841028817892444103e-01,6.346955857459177230e-02,-8.642752263287475922e-02,0.000000000000000000e+00,0.000000000000000000e+00,1.516412737187646312e-02,2.387656475651923071e-01,-2.801386637805259872e-01,1.101642730346024557e+00,0.000000000000000000e+00,0.000000000000000000e+00,0.000000000000000000e+00,2.124104849605221862e-02,-2.655925880177666953e-01,3.877959875237477760e-01,9.429624711869285525e-01,0.000000000000000000e+00,0.000000000000000000e+00,0.000000000000000000e+00
-5.687974589164577523e-03,-4.358583141201012867e-01,8.175838684145475543e-01,-2.568078860867720192e-02,3.203806031785922520e-02,7.192031555100198981e-01,6.935855252900928747e-01,-5.998010151584169947e-01,1.251966818201893650e-01,2.365507872169719805e-01,1.119988925629792131e+00,-6.230759336597648801e-01,1.235964040483265858e-01,-7.157098052488590767e-01,-3.338860653135212742e-01,-1.698308868117780202e-01,1.236985375874973148e+00,-5.876391273483263511e-01,6.381145822251903243e-02,-8.577800205233832020e-02,0.000000000000000000e+00,0.000000000000000000e+00,1.678623829576416510e-02,2.403016084862996393e-01,-2.826107511279249418e-01,1.102509379787505406e+00,0.000000000000000000e+00,0.000000000000000000e+00,0.000000000000000000e+00,2.507947090998427497e-02,-2.641779107651531788e-01,3.911119362296477941e-01,9.423482738940719416e-01,0.000000000000000000e+00,0.000000000000000000e+00,0.000000000000000000e+00
-4.907848986504835531e-03,-4.347509932156277124e-01,8.175886911314896865e-01,-2.412513380689783674e-02,3.146645642783157254e-02,7.199585362146033729e-01,6.928835011532592514e-01,-5.949215267226570791e-01,1.224219519719121629e-01,2.338641424162745397e-01,1.119383254247093173e+00,-6.250689588356258541e-01,1.222077768562037092e-01,-7.099899201353125910e-01,-3.345479197404812033e-01,-1.700193639387444500e-01,1.238230837668684137e+00,-5.962499525538081935e-01,6.223440124310637006e-02,-8.540880070911725797e-02,0.000000000000000000e+00,0.000000000000000000e+00,1.644763277990448497e-02,2.415082618497447209e-01,-2.835563467095671975e-01,1.107716640228975313e+00,0.000000000000000000e+00,0.000000000000000000e+00,0.000000000000000000e+00,2.754155947634528284e-02,-2.611906852404807799e-01,3.910079207416567448e-01,9.454805859569822557e-01,0.000000000000000000e+00,0.000000000000000000e+00,0.000000000000000000e+00
-4.110087189674755184e-03,-4.338787379471550909e-01,8.171993378206646730e-01,-2.083978558388136643e-02,2.944698033854309047e-02,7.209545536166040991e-01,6.920427084401953310e-01,-5.867237568352895449e-01,1.204452503203024549e-01,2.322558775943276976e-01,1.121585280819468622e+00,-6.255049370930061414e-01,1.228590377750013035e-01,-7.017364618272273757e-01,-3.369215869943879005e-01,-1.702218879809955232e-01,1.243207441634991861e+00,-5.990478995273801344e-01,5.807267914754347948e-02,-8.559610348082972997e-02,0.000000000000000000e+00,0.000000000000000000e+00,1.816656432787552497e-02,2.421503542305231127e-01,-2.860411314039960073e-01,1.112188241465509986e+00,0.000000000000000000e+00,0.000000000000000000e+00,0.000000000000000000e+00,3.185640507671826799e-02,-2.600831111198785295e-01,3.943099113073702533e-01,9.456072178367246339e-01,0.000000000000000000e+00,0.000000000000000000e+00,0.000000000000000000e+00
-3.323023137004352343e-03,-4.329979434201501332e-01,8.170484882115743863e-01,-1.833936251725085467e-02,2.791341121498203473e-02,7.218616387755185659e-01,6.912309915803296345e-01,-5.798876191019203263e-01,1.181540972101469689e-01,2.296857812738142823e-01,1.122331723561331041e+00,-6.261090208696239445e-01,1.223454282211028782e-01,-6.934685963623075100e-01,-3.381327539856281428e-01,-1.710669136086959696e-01,1.245455101726279379e+00,-6.085670993308597287e-01,5.483463274120779773e-02,-8.452441698703347384e-02,0.000000000000000000e+00,0.000000000000000000e+00,1.776849851192303584e-02,2.430696576407406773e-01,-2.887959075535648790e-01,1.117601210172650017e+00,0.000000000000000000e+00,0.000000000000000000e+00,0.000000000000000000e+00,3.463838000315130894e-02,-2.578120770230299952e-01,3.964092470413713709e-01,9.491486255769485680e-01,0.000000000000000000e+00,0.000000000000000000e+00,0.000000000000000000e+00
-2.713725014404866354e-03,-4.321639609999099463e-01,8.168167493971120185e-01,-1.646883258655396434e-02,2.588143292927821623e-02,7.226812415193427652e-01,6.905003636051351146e-01,-5.740783041724997204e-01,1.174841934562627366e-01,2.265815718940165091e-01,1.124723191300522451e+00,-6.284973241275013667e-01,1.236194899937698571e-01,-6.858242904791657102e-01,-3.366294215740671669e-01,-1.707076817124358048e-01,1.247134703845002246e+00,-6.120844777285305849e-01,5.609022273613244181e-02,-8.444972727000787938e-02,0.000000000000000000e+00,0.000000000000000000e+00,1.928880192546879660e-02,2.451577298584133868e-01,-2.914204003544047517e-01,1.119562820412113302e+00,0.000000000000000000e+00,0.000000000000000000e+00,0.000000000000000000e+00,3.793602709504330373e-02,-2.553315566283033688e-01,3.974978745374108668e-01,9.503678111773765647e-01,0.000000000000000000e+00,0.000000000000000000e+00,0.000000000000000000e+00
-2.176028782225862632e-03,-4.313844855752025365e-01,8.166227376521599801e-01,-1.447354840927643146e-02,2.408166447363067203e-02,7.231297314282647548e-01,6.901405518857075538e-01,-5.680398693233232876e-01,1.165419732173214873e-01,2.242248108428975262e-01,1.126540204162581826e+00,-6.303789074536264581e-01,1.248372150974708661e-01,-6.787501623133643802e-01,-3.361636426604454608e-01,-1.707610783760976636e-01,1.249028999680982244e+00,-6.156726785938784197e-01,5.522664309149180606e-02,-8.304095414520018537e-02,0.000000000000000000e+00,0.000000000000000000e+00,2.071519804849727628e-02,2.464940282095705315e-01,-2.961730792911679844e-01,1.121762119430967708e+00,0.000000000000000000e+00,0.000000000000000000e+00,0.000000000000000000e+00,4.013821130222172684e-02,-2.530247233884017621e-01,3.986250732947966835e-01,9.547546799636383863e-01,0.000000000000000000e+00,0.000000000000000000e+00,0.000000000000000000e+00
-1.638257601984364435e-03,-4.306987853294034219e-01,8.162497239550113859e-01,-1.129734834718493751e-02,2.209471759621767228e-02,7.237161048752096537e-01,6.896515010633410547e-01,-5.605643012080726573e-01,1.131587073723371029e-01,2.214128881914304847e-01,1.128641905268347845e+00,-6.298444354453968108e-01,1.277481611743512269e-01,-6.713702086145469927e-01,-3.362739301276027604e-01,-1.683303418066841306e-01,1.253033336040118684e+00,-6.177138624540988721e-01,5.195913060374490050e-02,-8.262730202853085792e-02,0.000000000000000000e+00,0.000000000000000000e+00,2.224365725658528428e-02,2.471510860691987221e-01,-3.012862695133230462e-01,1.125784219770741501e+00,0.000000000000000000e+00,0.000000000000000000e+00,0.000000000000000000e+00,4.309096320813546321e-02,-2.517297285142149343e-01,4.000009499417518377e-01,9.570738914907837014e-01,0.000000000000000000e+00,0.000000000000000000e+00,0.000000000000000000e+00
-1.275237601304915393e-03,-4.297967254858980901e-01,8.165243239217827576e-01,-1.061251488526737848e-02,2.152467897795367138e-02,7.239962726187244568e-01,6.893862922606589505e-01,-5.565251264449636581e-01,1.127327002851076510e-01,2.202489199754666671e-01,1.127034155833797735e+00,-6.303718519840318946e-01,1.253719220282737135e-01,-6.655419774462394411e-01,-3.356881358454005260e-01,-1.697536393999418414e-01,1.251181976931773798e+00,-6.288085328778706407e-01,5.133461235650339793e-02,-8.093957143074219374e-02,0.000000000000000000e+00,0.000000000000000000e+00,2.137072079377938527e-02,2.476656117308801697e-01,-3.034483028352110145e-01,1.129121541909724913e+00,0.000000000000000000e+00,0.000000000000000000e+00,0.000000000000000000e+00,4.333338333795777597e-02,-2.493153411441558220e-01,3.989434567433330914e-01,9.617248009197733039e-01,0.000000000000000000e+00,0.000000000000000000e+00,0.000000000000000000e+00
-9.885859431788014944e-04,-4.289369539445915258e-01,8.164692327333515909e-01,-9.289575812060111432e-03,2.097033184736192893e-02,7.237685275027998522e-01,6.896615601582208877e-01,-5.523972593149810706e-01,1.109690910260700131e-01,2.192795185941578406e-01,1.127128237365031538e+00,-6.304437250622678679e-01,1.262400253347276957e-01,-6.618212968866058477e-01,-3.345578474425218718e-01,-1.674482665956272820e-01,1.252046195001140116e+00,-6.339752897560751999e-01,5.101544305455214118e-02,-8.036203857825371943e-02,0.000000000000000000e+00,0.000000000000000000e+00,2.319658615104977506e-02,2.471972438272724837e-01,-3.074632469641575550e-01,1.132081154375308429e+00,0.000000000000000000e+00,0.000000000000000000e+00,0.000000000000000000e+00,4.363369215602367485e-02,-2.473020530840231435e-01,4.008343126773382115e-01,9.667794218290995945e-01,0.000000000000000000e+00,0.000000000000000000e+00,0.000000000000000000e+00
-8.163478826096269136e-04,-4.280933425566175732e-01,8.165415173325833997e-01,-8.139253564156087237e-03,1.984558115427508679e-02,7.237889033293291030e-01,6.896879938620027461e-01,-5.477408068964028098e-01,1.103251039548268086e-01,2.177446662518172371e-01,1.127135850172561904e+00,-6.300587614258318370e-01,1.254598761657985118e-01,-6.560010867164708381e-01,-3.331358052607055198e-01,-1.670661218430131711e-01,1.251490429966910733e+00,-6.407969511957605224e-01,5.046376379046936533e-02,-7.907133523862545921e-02,0.000000000000000000e+00,0.000000000000000000e+00,2.435488482779216840e-02,2.479374875878682383e-01,-3.120240836426712572e-01,1.134263237988027084e+00,0.000000000000000000e+00,0.000000000000000000e+00,0.000000000000000000e+00,4.392602683507448175e-02,-2.457103446414801440e-01,4.028617146754617795e-01,9.718328253610080125e-01,0.000000000000000000e+00,0.000000000000000000e+00,0.000000000000000000e+00
-6.790560850953084428e-04,-4.272073992440252321e-01,8.168371036673856000e-01,-6.840172125903036526e-03,1.897441905783818841e-02,7.238222005751409061e-01,6.896916741713392529e-01,-5.422637012499652576e-01,1.080629464678752039e-01,2.158950195381921233e-01,1.125100768644423876e+00,-6.299055122939585249e-01,1.248153277294853369e-01,-6.495905014268051891e-01,-3.326628016221814255e-01,-1.666745928612888283e-01,1.249572096982015657e+00,-6.476622910548867074e-01,5.341597757041140898e-02,-7.851094539240185965e-02,0.000000000000000000e+00,0.000000000000000000e+00,2.534814755858624813e-02,2.482017207071940124e-01,-3.141159080702913275e-01,1.136803882978199232e+00,0.000000000000000000e+00,0.000000000000000000e+00,0.000000000000000000e+00,4.525445615204056610e-02,-2.431119481396732951e-01,4.018419768131450964e-01,9.760280894317565625e-01,0.000000000000000000e+00,0.000000000000000000e+00,0.000000000000000000e+00
-5.502890427244693915e-04,-4.263391182540247626e-01,8.168714837655404182e-01,-5.139754863127234466e-03,1.836853829943327354e-02,7.239209016188459245e-01,6.896192485132974781e-01,-5.370685115172834090e-01,1.055369263125168489e-01,2.153186461585960831e-01,1.124233280601034668e+00,-6.292513965169913570e-01,1.251350366542036407e-01,-6.448838862075617628e-01,-3.330766171578725676e-01,-1.647298201321490407e-01,1.250117927721508648e+00,-6.511666991636069213e-01,5.359653498568260621e-02,-7.898901994330322085e-02,0.000000000000000000e+00,0.000000000000000000e+00,2.723824914091231911e-02,2.481152717883936265e-01,-3.174363528349150587e-01,1.138852389692309730e+00,0.000000000000000000e+00,0.000000000000000000e+00,0.000000000000000000e+00,4.686684303783587163e-02,-2.413879655049332440e-01,4.006947398203509758e-01,9.778917637792128303e-01,0.000000000000000000e+00,0.000000000000000000e+00,0.000000000000000000e+00
-5.492138238814300941e-04,-4.254698310471214939e-01,8.168904769254711207e-01,-4.526616819431805196e-03,1.751779606106780227e-02,7.240696430096599245e-01,6.894895130697750174e-01,-5.336650890561043248e-01,1.056813738793049018e-01,2.147782380193209439e-01,1.124654786672561579e+00,-6.304901878838338192e-01,1.261746844344588669e-01,-6.410735392182326242e-01,-3.315214813053333764e-01,-1.638705086451112958e-01,1.250034711609218085e+00,-6.524229757983900369e-01,5.296876303658475116e-02,-7.798923041972256887e-02,0.000000000000000000e+00,0.000000000000000000e+00,2.949507756614852538e-02,2.484249475449767930e-01,-3.216800328614484727e-01,1.138334663298597782e+00,0.000000000000000000e+00,0.000000000000000000e+00,0.000000000000000000e+00,4.724610608167732068e-02,-2.410575397231326800e-01,4.041848663065069625e-01,9.833234492992174447e-01,0.000000000000000000e+00,0.000000000000000000e+00,0.000000000000000000e+00
-4.586047963890309905e-04,-4.246078526829020761e-01,8.169119844978106615e-01,-3.576250996671106325e-03,1.697161465516670159e-02,7.241161351819976888e-01,6.894599317537538630e-01,-5.297149669236260738e-01,1.050083127561639296e-01,2.145268492362343571e-01,1.124305361544512660e+00,-6.314606698805609319e-01,1.245372753885572725e-01,-6.373113954156210959e-01,-3.303585303692557762e-01,-1.621011670561039453e-01,1.250212034262497607e+00,-6.565959527190122769e-01,5.286658803153075625e-02,-7.898290323205958696e-02,0.000000000000000000e+00,0.000000000000000000e+00,3.255444196796160317e-02,2.480478104363650071e-01,-3.238048684492160212e-01,1.138462376368666762e+00,0.000000000000000000e+00,0.000000000000000000e+00,0.000000000000000000e+00,4.853083592121620188e-02,-2.395885843227068546e-01,4.054526261299554735e-01,9.842502112916189372e-01,0.000000000000000000e+00,0.000000000000000000e+00,0.000000000000000000e+00
-4.209013871740321477e-04,-4.237225538460811514e-01,8.170758765144220392e-01,-3.235864396898688582e-03,1.690225358720972085e-02,7.241719074033140524e-01,6.894047370979713429e-01,-5.270483289133068849e-01,1.040666398672746989e-01,2.142204839129926430e-01,1.123050979170232333e+00,-6.328693743379087966e-01,1.246189309088319846e-01,-6.349844325033813242e-01,-3.297401119008845916e-01,-1.610120844991700106e-01,1.249673380566341807e+00,-6.577922358285499538e-01,5.443467422962430802e-02,-7.983141198771319391e-02,0.000000000000000000e+00,0.000000000000000000e+00,3.522295549409493187e-02,2.483815473949435859e-01,-3.251978478419065843e-01,1.137900005450380725e+00,0.000000000000000000e+00,0.000000000000000000e+00,0.000000000000000000e+00,4.923710851551879597e-02,-2.385436986493585931e-01,4.043522415808583625e-01,9.873933493302081699e-01,0.000000000000000000e+00,0.000000000000000000e+00,0.000000000000000000e+00
-2.575919304161319911e-04,-4.230046904556263310e-01,8.168579850529734676e-01,-1.684911367487519672e-03,1.581532772206130366e-02,7.245789067361152469e-01,6.890083050267410414e-01,-5.225310135400371703e-01,1.022817566183605725e-01,2.124524097971763892e-01,1.124214968098225631e+00,-6.348196046337118981e-01,1.245568086843745065e-01,-6.300286394337728524e-01,-3.288948424988762942e-01,-1.591489230852589087e-01,1.251100921459354698e+00,-6.621140381285119947e-01,5.393463861115429386e-02,-8.089416278130770466e-02,0.000000000000000000e+00,0.000000000000000000e+00,3.681650617906742640e-02,2.496331017535978469e-01,-3.303279861225696945e-01,1.139771387884976228e+00,0.000000000000000000e+00,0.000000000000000000e+00,0.000000000000000000e+00,4.987557142411720712e-02,-2.371397280262107221e-01,4.062960425749158055e-01,9.911229743708113160e-01,0.000000000000000000e+00,0.000000000000000000e+00,0.000000000000000000e+00
-1.249895769220508415e-04,-4.223473041055288424e-01,8.164669107401444359e-01,2.464359860185098231e-04,1.465831319262064954e-02,7.244197931078065755e-01,6.892031895437611411e-01,-5.176083718967423586e-01,1.007366612104457632e-01,2.119106010046153954e-01,1.126355406792199254e+00,-6.363950066153669649e-01,1.269206403070313460e-01,-6.263517881068271231e-01,-3.286663208417332505e-01,-1.566199305217874649e-01,1.254489589319040421e+00,-6.619263855207425662e-01,5.190320809154817111e-02,-8.125371148687429712e-02,0.000000000000000000e+00,0.000000000000000000e+00,3.981231978798657062e-02,2.499959375159358232e-01,-3.336251292618933606e-01,1.141526641235535822e+00,0.000000000000000000e+00,0.000000000000000000e+00,0.000000000000000000e+00,5.143322154563650245e-02,-2.369254404274584447e-01,4.076759833040805026e-01,9.929774191754070500e-01,0.000000000000000000e+00,0.000000000000000000e+00,0.000000000000000000e+00
-4.370909225630433253e-05,-4.216039947101324903e-01,8.163957274354376459e-01,4.437814589838926394e-04,1.433034194263740728e-02,7.248075327756362540e-01,6.888022102095184840e-01,-5.161757993596055583e-01,9.984343733519282504e-02,2.101241650300063879e-01,1.126978738513065625e+00,-6.380738329720085922e-01,1.268990785211747963e-01,-6.239016616534310833e-01,-3.276308638167493292e-01,-1.562712033125698285e-01,1.254662197744280450e+00,-6.655856616478907917e-01,5.081941773748526597e-02,-8.098396279283562316e-02,0.000000000000000000e+00,0.000000000000000000e+00,3.960824109863479020e-02,2.505426005498012088e-01,-3.367598984649116667e-01,1.143630439337532945e+00,0.000000000000000000e+00,0.000000000000000000e+00,0.000000000000000000e+00,5.244608094301360379e-02,-2.366310923055416904e-01,4.099211653682148793e-01,9.948400873287776003e-01,0.000000000000000000e+00,0.000000000000000000e+00,0.000000000000000000e+00
1.135724514799514497e-05,-4.209616560283194198e-01,8.159660461820033017e-01,1.237043865175006677e-03,1.340660058718216863e-02,7.246800271963762530e-01,6.889539831990444396e-01,-5.137637216383281746e-01,9.999509031658018743e-02,2.094517626577225289e-01,1.130060076974274130e+00,-6.408460464929376377e-01,1.288180328985449874e-01,-6.215991760512642461e-01,-3.264012436867486655e-01,-1.548087280200688975e-01,1.257071857814049398e+00,-6.662085007450274654e-01,5.124564983720722444e-02,-8.098577844339462095e-02,0.000000000000000000e+00,0.000000000000000000e+00,4.095241333357112212e-02,2.515681104178389416e-01,-3.398848010346681714e-01,1.145197590068065097e+00,0.000000000000000000e+00,0.000000000000000000e+00,0.000000000000000000e+00,5.404405161558420434e-02,-2.358951743709341575e-01,4.108374980144436917e-01,9.959345710025980791e-01,0.000000000000000000e+00,0.000000000000000000e+00,0.000000000000000000e+00
9.016118609599945658e-05,-4.203820434213208501e-01,8.155437094063465731e-01,2.588775350883067150e-03,1.268071987522545463e-02,7.250241544928364146e-01,6.886018247053770081e-01,-5.109296293720676507e-01,9.832593851324988865e-02,2.081594194148046473e-01,1.132346522983312509e+00,-6.415589934166097130e-01,1.285486665359302783e-01,-6.190507309243358236e-01,-3.267790536015576230e-01,-1.530624707605025558e-01,1.260155614245309419e+00,-6.660261165138501305e-01,4.923250380748814964e-02,-8.130887263921050823e-02,0.000000000000000000e+00,0.000000000000000000e+00,4.153056005976307752e-02,2.521076713271925840e-01,-3.441823394945016101e-01,1.147969239844990774e+00,0.000000000000000000e+00,0.000000000000000000e+00,0.000000000000000000e+00,5.539128987554443190e-02,-2.363911590828323417e-01,4.119269358297903416e-01,9.963637661726160166e-01,0.000000000000000000e+00,0.000000000000000000e+00,0.000000000000000000e+00
7.225093512889873507e-05,-4.197670289661190601e-01,8.152327726278683073e-01,3.487315013768329738e-03,1.201717209160930999e-02,7.253770994223227575e-01,6.882379601871515540e-01,-5.086704925329588178e-01,9.661129942011163763e-02,2.065611386221669066e-01,1.134182853790968615e+00,-6.432217459773921231e-01,1.309315050463128183e-01,-6.170647829034361376e-01,-3.262183309317888136e-01,-1.511753015705368797e-01,1.262544001277069672e+00,-6.643536579609797821e-01,4.752386822157137619e-02,-8.161085187605260360e-02,0.000000000000000000e+00,0.000000000000000000e+00,4.210696601134433087e-02,2.520495418014518374e-01,-3.478429865438891766e-01,1.150583721932913805e+00,0.000000000000000000e+00,0.000000000000000000e+00,0.000000000000000000e+00,5.702337696731013539e-02,-2.371950815110204502e-01,4.133856422097392236e-01,9.977151616148777213e-01,0.000000000000000000e+00,0.000000000000000000e+00,0.000000000000000000e+00
-4.732142849297733649e-05,-4.191598251988884472e-01,8.150510458587392204e-01,4.271781649923339641e-03,1.088002667794084506e-02,7.254467998480123025e-01,6.881789865226188851e-01,-5.051904553227994921e-01,9.690775977455991230e-02,2.062406461398386404e-01,1.135667803617302241e+00,-6.462995866189142902e-01,1.329811377075538203e-01,-6.137204384033894122e-01,-3.250046376150663718e-01,-1.500690059149623889e-01,1.263312375737802196e+00,-6.622307874718852405e-01,4.897722440292937712e-02,-8.291691207441363731e-02,0.000000000000000000e+00,0.000000000000000000e+00,4.298023851583536448e-02,2.534960095777574751e-01,-3.538350734601042880e-01,1.153095811137749394e+00,0.000000000000000000e+00,0.000000000000000000e+00,0.000000000000000000e+00,5.689839072214160354e-02,-2.374314107861496548e-01,4.129301094704462272e-01,1.001423054899079679e+00,0.000000000000000000e+00,0.000000000000000000e+00,0.000000000000000000e+00
-1.448054141814248547e-04,-4.184813614600646492e-01,8.149110201175925328e-01,4.898290476467930671e-03,1.004226899461664255e-02,7.253688945943022048e-01,6.882696610623529887e-01,-5.023037485318629924e-01,9.680500256350446642e-02,2.054641995332148752e-01,1.136847780018701126e+00,-6.478718279728302720e-01,1.330874009653404133e-01,-6.104190851537931728e-01,-3.241379427207204955e-01,-1.495890395183885613e-01,1.263781820468223183e+00,-6.646628075362642774e-01,4.877775489876178677e-02,-8.277160930967525365e-02,0.000000000000000000e+00,0.000000000000000000e+00,4.408179053795217850e-02,2.534778017106723569e-01,-3.572142223697932217e-01,1.155696192874619666e+00,0.000000000000000000e+00,0.000000000000000000e+00,0.000000000000000000e+00,5.761419163215612815e-02,-2.374830146464586011e-01,4.149543631561636858e-01,1.004037314782265211e+00,0.000000000000000000e+00,0.000000000000000000e+00,0.000000000000000000e+00
-2.253205853127395646e-04,-4.176438199185698030e-01,8.154528507506249024e-01,4.593623806925630285e-03,1.076887093694191104e-02,7.251059939636524954e-01,6.885377459203276818e-01,-5.002450754622583817e-01,9.666919983971852814e-02,2.070230677078443715e-01,1.132614155958839186e+00,-6.479942784128004396e-01,1.301017815720284521e-01,-6.090182938878614394e-01,-3.239171447897137845e-01,-1.494978590541774510e-01,1.260458675438900888e+00,-6.698421068148970869e-01,4.814737845494754254e-02,-8.356396271089917838e-02,0.000000000000000000e+00,0.000000000000000000e+00,4.476335274111564733e-02,2.530792859981721987e-01,-3.583569134783258781e-01,1.157373840767708328e+00,0.000000000000000000e+00,0.000000000000000000e+00,0.000000000000000000e+00,5.765831422031295062e-02,-2.381829131102582431e-01,4.154628001382717484e-01,1.004017782823776850e+00,0.000000000000000000e+00,0.000000000000000000e+00,0.000000000000000000e+00
-2.646948350210903017e-04,-4.169088011957026163e-01,8.152054749978322468e-01,5.181131538188250320e-03,1.019936545689180581e-02,7.254104284499420796e-01,6.882215043983519465e-01,-4.983106549073855751e-01,9.585057227216209341e-02,2.057279292592971154e-01,1.134244415815768736e+00,-6.486383726116752291e-01,1.301471915318465900e-01,-6.066716084011285481e-01,-3.233777769067897045e-01,-1.485484157929863325e-01,1.261941320891713847e+00,-6.707929812255589708e-01,4.667337297379262062e-02,-8.412995893796812452e-02,0.000000000000000000e+00,0.000000000000000000e+00,4.610932077995131412e-02,2.535174088409689053e-01,-3.612938155931860740e-01,1.158665001888301793e+00,0.000000000000000000e+00,0.000000000000000000e+00,0.000000000000000000e+00,5.805816511159456184e-02,-2.383101098408400842e-01,4.170591735127874289e-01,1.007749868319439246e+00,0.000000000000000000e+00,0.000000000000000000e+00,0.000000000000000000e+00
-2.872500282173501306e-04,-4.160632597061946214e-01,8.154081943407507360e-01,5.363798057735392338e-03,1.033386386103419576e-02,7.255387247471406509e-01,6.880828437189732139e-01,-4.960482606891968849e-01,9.527895870286849644e-02,2.059707085535025795e-01,1.132559026082216480e+00,-6.493442455612565833e-01,1.286584569752245721e-01,-6.047030941375338697e-01,-3.231193088174890149e-01,-1.478730655232486368e-01,1.260927888752540138e+00,-6.726675214038041473e-01,4.649421618483472185e-02,-8.580365405063590523e-02,0.000000000000000000e+00,0.000000000000000000e+00,4.756364765813669848e-02,2.527961569320680280e-01,-3.612429501910409124e-01,1.160882898339819169e+00,0.000000000000000000e+00,0.000000000000000000e+00,0.000000000000000000e+00,5.989790592413904435e-02,-2.383898184353496208e-01,4.187862929104779752e-01,1.005836596772893055e+00,0.000000000000000000e+00,0.000000000000000000e+00,0.000000000000000000e+00
-2.792268599256621307e-04,-4.152995516624334860e-01,8.152216612833430576e-01,6.135134876127459197e-03,9.616921101991067131e-03,7.256886558213826444e-01,6.879286661861990781e-01,-4.935098921452024112e-01,9.429827047373517956e-02,2.046348269974648248e-01,1.133957577048124721e+00,-6.493810612998330845e-01,1.306345073852054339e-01,-6.022082301917420777e-01,-3.226847040770680630e-01,-1.469192982826781346e-01,1.262491777940619508e+00,-6.703259971973610787e-01,4.522809189489394172e-02,-8.600976733189517887e-02,0.000000000000000000e+00,0.000000000000000000e+00,4.937615858401236263e-02,2.528768268896331994e-01,-3.647788624245655864e-01,1.162844550980329572e+00,0.000000000000000000e+00,0.000000000000000000e+00,0.000000000000000000e+00,6.187921465006090971e-02,-2.384889603910045064e-01,4.203689566763810226e-01,1.007305615803317345e+00,0.000000000000000000e+00,0.000000000000000000e+00,0.000000000000000000e+00
-2.188448026107808362e-04,-4.145002259796940480e-01,8.153053388787198097e-01,6.448925827949664007e-03,9.378466156390636785e-03,7.255714978311201824e-01,6.880526558798550907e-01,-4.910214202712517295e-01,9.431395011226315073e-02,2.044537261037434606e-01,1.133323794646615035e+00,-6.498166608179811732e-01,1.286095487637796408e-01,-5.993476224685728715e-01,-3.216743279448989190e-01,-1.465197881985574324e-01,1.261591700849470810e+00,-6.755427727866388787e-01,4.467665075723572382e-02,-8.592998782219923859e-02,0.000000000000000000e+00,0.000000000000000000e+00,5.015740974047584039e-02,2.533962496198740588e-01,-3.671606468100327425e-01,1.164634673013016153e+00,0.000000000000000000e+00,0.000000000000000000e+00,0.000000000000000000e+00,6.325515036858382623e-02,-2.379287775750801859e-01,4.208477324865749214e-01,1.007680695706471896e+00,0.000000000000000000e+00,0.000000000000000000e+00,0.000000000000000000e+00
-1.489739742416606777e-04,-4.136928012257219400e-01,8.151666437413244148e-01,5.865488720241606238e-03,9.339305190825718944e-03,7.257102119573403121e-01,6.879121031654087393e-01,-4.914432017701304001e-01,9.484942945381991120e-02,2.031060577575487525e-01,1.134816407469871669e+00,-6.518422648772723704e-01,1.290721663923810880e-01,-5.984887291700160539e-01,-3.197862965038882899e-01,-1.467356493327138245e-01,1.261779429531470154e+00,-6.804305309609586239e-01,4.285399355818292344e-02,-8.526654986213869081e-02,0.000000000000000000e+00,0.000000000000000000e+00,5.116714264478691016e-02,2.542368160105434871e-01,-3.674499920569382350e-01,1.164658448745057751e+00,0.000000000000000000e+00,0.000000000000000000e+00,0.000000000000000000e+00,6.525682705699825670e-02,-2.380679223219979157e-01,4.253838767394119147e-01,1.006648020432784119e+00,0.000000000000000000e+00,0.000000000000000000e+00,0.000000000000000000e+00
-5.412981050796316349e-05,-4.130165312730197380e-01,8.150555458720734059e-01,5.869451015415990021e-03,9.099793215615601880e-03,7.254848637711655002e-01,6.881529304937550329e-01,-4.904648741528488398e-01,9.500088735505612947e-02,2.020805429859472702e-01,1.135775602734176548e+00,-6.527258290343195268e-01,1.278329411904043922e-01,-5.968718121117053688e-01,-3.179231104653132967e-01,-1.459469693640780275e-01,1.261779284244201715e+00,-6.856240584741924993e-01,4.224535012280886820e-02,-8.434724887466460430e-02,0.000000000000000000e+00,0.000000000000000000e+00,5.247935696556929597e-02,2.544991119165048721e-01,-3.677614952168317131e-01,1.165606823520955793e+00,0.000000000000000000e+00,0.000000000000000000e+00,0.000000000000000000e+00,6.643339421863611594e-02,-2.370959554879762954e-01,4.275763293246017671e-01,1.008080916893056012e+00,0.000000000000000000e+00,0.000000000000000000e+00,0.000000000000000000e+00
3.951880852203989731e-05,-4.125021366625680752e-01,8.143625955634521407e-01,6.477002841610474820e-03,8.317525256486482318e-03,7.255597602064076668e-01,6.880784123753750370e-01,-4.900766578063895373e-01,9.437377744853109318e-02,1.999824533217844924e-01,1.140587141288527118e+00,-6.543372661853558148e-01,1.306722111843295064e-01,-5.958892696471782546e-01,-3.175083204673002646e-01,-1.453579814610715948e-01,1.265797886630204649e+00,-6.858267102799249226e-01,3.970708133124978279e-02,-8.274085486024727876e-02,0.000000000000000000e+00,0.000000000000000000e+00,5.337239337059867389e-02,2.564072152085788425e-01,-3.718771547444245096e-01,1.165385543800391943e+00,0.000000000000000000e+00,0.000000000000000000e+00,0.000000000000000000e+00,6.783274341833631094e-02,-2.377632645216913310e-01,4.316024694170416676e-01,1.009362668969378207e+00,0.000000000000000000e+00,0.000000000000000000e+00,0.000000000000000000e+00
1.217149100072816134e-04,-4.120048475973448476e-01,8.141814078614747485e-01,6.893168164530463771e-03,7.576816307749921139e-03,7.257484493122409175e-01,6.878839032919517038e-01,-4.882934327417345899e-01,9.434460018026356865e-02,1.983699469387137926e-01,1.142004578456963237e+00,-6.556959682801914990e-01,1.296959594050952069e-01,-5.929169106714464732e-01,-3.162634504979228711e-01,-1.451992146831116992e-01,1.266116862765614526e+00,-6.895673564736947148e-01,4.012241199447767054e-02,-8.307825208034383402e-02,0.000000000000000000e+00,0.000000000000000000e+00,5.429950307609435201e-02,2.582180706840246365e-01,-3.764455781289557934e-01,1.166023196911181170e+00,0.000000000000000000e+00,0.000000000000000000e+00,0.000000000000000000e+00,6.902802420418194251e-02,-2.363776575311549444e-01,4.313310577756925834e-01,1.010823114375719367e+00,0.000000000000000000e+00,0.000000000000000000e+00,0.000000000000000000e+00
8.237023157846439804e-05,-4.115980208163868559e-01,8.138733199918635197e-01,6.902574707741696708e-03,6.629238140353403350e-03,7.257849412823323965e-01,6.878550913323845384e-01,-4.877267727506903183e-01,9.526163111601729239e-02,1.966146369910696801e-01,1.144950854428216314e+00,-6.567757706823936781e-01,1.304585471054028334e-01,-5.916333831436682011e-01,-3.143130325019821703e-01,-1.449361845637882062e-01,1.267563276216842727e+00,-6.869946650572889002e-01,3.920485574681364244e-02,-8.196716716417171145e-02,0.000000000000000000e+00,0.000000000000000000e+00,5.628821562630140218e-02,2.590628824747809311e-01,-3.754178446548784298e-01,1.165047092575276499e+00,0.000000000000000000e+00,0.000000000000000000e+00,0.000000000000000000e+00,7.035086858301166368e-02,-2.368121122573958182e-01,4.334767144714644083e-01,1.012785982012987862e+00,0.000000000000000000e+00,0.000000000000000000e+00,0.000000000000000000e+00
5.994916619467122979e-05,-4.111646899678554345e-01,8.137524924692700612e-01,6.587110317638658619e-03,6.224051092802084136e-03,7.258463960113545888e-01,6.877971216594210846e-01,-4.877307290567129971e-01,9.546883205762414504e-02,1.947742912374262059e-01,1.146485990887469830e+00,-6.585494137112712920e-01,1.304363668672194054e-01,-5.900316080154721643e-01,-3.124834074067256995e-01,-1.451026342910611555e-01,1.267054418067200539e+00,-6.916099784788763971e-01,3.957528210103879174e-02,-8.087286776364820129e-02,0.000000000000000000e+00,0.000000000000000000e+00,5.580505527673709776e-02,2.593302370525586431e-01,-3.765061131760752966e-01,1.166778483743418526e+00,0.000000000000000000e+00,0.000000000000000000e+00,0.000000000000000000e+00,7.088937396786479384e-02,-2.346982630302298090e-01,4.323293661471691030e-01,1.015978970594484387e+00,0.000000000000000000e+00,0.000000000000000000e+00,0.000000000000000000e+00
4.313618817729927900e-05,-4.108836708011053274e-01,8.129906544200931062e-01,7.169373373523876478e-03,5.774483655647060475e-03,7.259186203342814503e-01,6.877189920860947714e-01,-4.879889856245280266e-01,9.461151771794389098e-02,1.934163419747317314e-01,1.151186046556184506e+00,-6.610957301647247819e-01,1.319712629113387048e-01,-5.907372386348395121e-01,-3.129764521331416804e-01,-1.440228777137171345e-01,1.271933019591429570e+00,-6.892730392489043734e-01,3.699184133945380287e-02,-8.075989643201583745e-02,0.000000000000000000e+00,0.000000000000000000e+00,5.625567109070471472e-02,2.594519171856459194e-01,-3.771491395072557595e-01,1.167985989926084045e+00,0.000000000000000000e+00,0.000000000000000000e+00,0.000000000000000000e+00,7.179622875439402307e-02,-2.355670348525464308e-01,4.348320341887887963e-01,1.014327466986076676e+00,0.000000000000000000e+00,0.000000000000000000e+00,0.000000000000000000e+00
-1.423895816393112943e-04,-4.105293291115794108e-01,8.135895431163735481e-01,7.015791843429195797e-03,5.589298836357213876e-03,7.259120021628621133e-01,6.877290916627214479e-01,-4.855550645294154921e-01,9.544073697272185963e-02,1.943018883507073302e-01,1.147485194320695845e+00,-6.596130449164204768e-01,1.301317193683487472e-01,-5.881169299961931385e-01,-3.123398680778233238e-01,-1.447296546433449183e-01,1.267990130105449698e+00,-6.888825260718614008e-01,3.891143960129816309e-02,-8.113530739664899516e-02,0.000000000000000000e+00,0.000000000000000000e+00,5.708739776561723434e-02,2.595775005506569255e-01,-3.789036455158861783e-01,1.167472773591488933e+00,0.000000000000000000e+00,0.000000000000000000e+00,0.000000000000000000e+00,7.178852075301120350e-02,-2.359456715697008378e-01,4.338426695312365133e-01,1.016978530472389952e+00,0.000000000000000000e+00,0.000000000000000000e+00,0.000000000000000000e+00
-3.029486424742431727e-04,-4.102069158167230833e-01,8.136014796225354839e-01,6.892223047034832031e-03,5.446492269233205868e-03,7.262517625968943902e-01,6.873726866179180606e-01,-4.852620967854320289e-01,9.486550725043421672e-02,1.933034299437976222e-01,1.147548641958428206e+00,-6.604233727764631245e-01,1.307267005093230572e-01,-5.872815355483378408e-01,-3.116947779451778588e-01,-1.444174888497277709e-01,1.267748820156650247e+00,-6.885665011799917412e-01,3.892279963744237070e-02,-8.128933726784605407e-02,0.000000000000000000e+00,0.000000000000000000e+00,5.704122527431832596e-02,2.590964204497946954e-01,-3.785383483459299203e-01,1.168482445908035627e+00,0.000000000000000000e+00,0.000000000000000000e+00,0.000000000000000000e+00,7.281890696832918342e-02,-2.363858620751213557e-01,4.338195394329230625e-01,1.017099114507919122e+00,0.000000000000000000e+00,0.000000000000000000e+00,0.000000000000000000e+00
-4.427660126840878116e-04,-4.099156499628728301e-01,8.131720168348687272e-01,6.446702595875817773e-03,5.499663906028936025e-03,7.266305372786564520e-01,6.869761684488711051e-01,-4.872631027672883475e-01,9.483353577467015794e-02,1.920307733875655787e-01,1.150741074511294704e+00,-6.621867067004331142e-01,1.305269180483930591e-01,-5.881509046467328083e-01,-3.117470490171721509e-01,-1.447738743213192736e-01,1.269875815276246822e+00,-6.904665067407459444e-01,3.729959575739193178e-02,-8.096523369152527905e-02,0.000000000000000000e+00,0.000000000000000000e+00,5.640305133973427809e-02,2.584145472512049402e-01,-3.791872136987646802e-01,1.169385045288755309e+00,0.000000000000000000e+00,0.000000000000000000e+00,0.000000000000000000e+00,7.287261423638390079e-02,-2.363344627481926974e-01,4.360346494631862080e-01,1.017725695829424515e+00,0.000000000000000000e+00,0.000000000000000000e+00,0.000000000000000000e+00
-6.260629711747157716e-04,-4.097434915755828189e-01,8.131078297869255289e-01,7.277207841210288873e-03,4.777387609254387518e-03,7.273868442870771167e-01,6.861724255402235073e-01,-4.852429163335691964e-01,9.305438088760344117e-02,1.905108798696372729e-01,1.151003985425547382e+00,-6.615372632625008409e-01,1.322515219105364626e-01,-5.857326890709979583e-01,-3.126165406038375338e-01,-1.446612097885363601e-01,1.270653559577312519e+00,-6.861756769744387086e-01,3.596437142934318099e-02,-8.034535426595516838e-02,0.000000000000000000e+00,0.000000000000000000e+00,5.671601357595035253e-02,2.581944536744336105e-01,-3.797316094711821743e-01,1.168818605730252536e+00,0.000000000000000000e+00,0.000000000000000000e+00,0.000000000000000000e+00,7.486768951160339969e-02,-2.365167106733362390e-01,4.352747035685010091e-01,1.019087555885830998e+00,0.000000000000000000e+00,0.000000000000000000e+00,0.000000000000000000e+00
-8.599446256101932803e-04,-4.094956525047942497e-01,8.135024505025199026e-01,7.200888410230974965e-03,4.794378971525485242e-03,7.273944203604405523e-01,6.861650809862586131e-01,-4.839408710182529494e-01,9.265740126845281588e-02,1.905879601217289332e-01,1.148477075616521903e+00,-6.597524192130946874e-01,1.308439201693752663e-01,-5.839355812684999814e-01,-3.133302743023924086e-01,-1.457944912965105644e-01,1.268199660878861046e+00,-6.874812836840249464e-01,3.734439810796072456e-02,-8.004738564034284687e-02,0.000000000000000000e+00,0.000000000000000000e+00,5.675219027839246977e-02,2.578165660365494549e-01,-3.796992791064656703e-01,1.168146412163044712e+00,0.000000000000000000e+00,0.000000000000000000e+00,0.000000000000000000e+00,7.547917812118970504e-02,-2.370021190996609017e-01,4.351314108998110552e-01,1.018687325965879742e+00,0.000000000000000000e+00,0.000000000000000000e+00,0.000000000000000000e+00
-1.044137832808365125e-03,-4.092967071699286641e-01,8.131821400150353041e-01,6.655094662974515851e-03,4.972092067595566302e-03,7.281193994595985819e-01,6.853999767625406081e-01,-4.860695130665697583e-01,9.266201621874889383e-02,1.897757454536628807e-01,1.150792900118717599e+00,-6.617654960381950113e-01,1.309717248056437855e-01,-5.846752538446298164e-01,-3.139890228470634259e-01,-1.468057389106398603e-01,1.269685353229033087e+00,-6.894940342139282974e-01,3.576602641168768332e-02,-7.901636503987083393e-02,0.000000000000000000e+00,0.000000000000000000e+00,5.574963630125245873e-02,2.581526324430223340e-01,-3.813022948576360038e-01,1.166879680238830819e+00,0.000000000000000000e+00,0.000000000000000000e+00,0.000000000000000000e+00,7.561998700586634869e-02,-2.369584668335693589e-01,4.357007200981199979e-01,1.020335509030440901e+00,0.000000000000000000e+00,0.000000000000000000e+00,0.000000000000000000e+00
-1.236652887198145005e-03,-4.091663470063015007e-01,8.135105001818937476e-01,6.868028531965685024e-03,4.939728794529659947e-03,7.280914774189791716e-01,6.854277713759256985e-01,-4.846353127927113813e-01,9.160498679275555500e-02,1.896286225221101018e-01,1.148495595235649924e+00,-6.594836472887934953e-01,1.307618394922087646e-01,-5.830078739087924955e-01,-3.137381331396705275e-01,-1.463565906084807189e-01,1.267463902503290774e+00,-6.912374242981018657e-01,3.584331212971739872e-02,-7.844568984273590784e-02,0.000000000000000000e+00,0.000000000000000000e+00,5.573305850150409024e-02,2.578396700109387707e-01,-3.821849784720048882e-01,1.167433670835427151e+00,0.000000000000000000e+00,0.000000000000000000e+00,0.000000000000000000e+00,7.647311771833630034e-02,-2.371689115241567003e-01,4.339882368066321217e-01,1.020052468559528913e+00,0.000000000000000000e+00,0.000000000000000000e+00,0.000000000000000000e+00
-1.419300624270115494e-03,-4.090367171099700827e-01,8.138115363027600413e-01,6.841396440730621725e-03,4.720131281860207723e-03,7.282467026598421489e-01,6.852646610766455204e-01,-4.834679809035941078e-01,9.123226155426031325e-02,1.890897176571717520e-01,1.146770044504333619e+00,-6.588138802092164958e-01,1.299111023954716282e-01,-5.808315527011991275e-01,-3.129571715197989046e-01,-1.466187990017667753e-01,1.265115623230938624e+00,-6.949213683206064696e-01,3.637522832949715429e-02,-7.795333652275784897e-02,0.000000000000000000e+00,0.000000000000000000e+00,5.515453787870076841e-02,2.569649449671549957e-01,-3.822226611040953070e-01,1.168763036354634854e+00,0.000000000000000000e+00,0.000000000000000000e+00,0.000000000000000000e+00,7.677497449033593435e-02,-2.366333287713773270e-01,4.326154064609893934e-01,1.021659344078960974e+00,0.000000000000000000e+00,0.000000000000000000e+00,0.000000000000000000e+00
-1.556429377712567619e-03,-4.089442548294133228e-01,8.140789918266818637e-01,6.558120075804904636e-03,4.907507746713352798e-03,7.287726721494180993e-01,6.847067253627531214e-01,-4.833735208094066538e-01,9.085620528299802323e-02,1.889150659597512716e-01,1.145067509585097509e+00,-6.591760855509649630e-01,1.294795485683233049e-01,-5.795487231954903340e-01,-3.130923299968361162e-01,-1.475704852471866335e-01,1.263248729539160120e+00,-6.990338060149275945e-01,3.638667949729067208e-02,-7.818858155592581238e-02,0.000000000000000000e+00,0.000000000000000000e+00,5.412506185082637672e-02,2.572447186833985433e-01,-3.844211040673728985e-01,1.169082275954316463e+00,0.000000000000000000e+00,0.000000000000000000e+00,0.000000000000000000e+00,7.659759602558301184e-02,-2.363138902075136438e-01,4.337104927542627109e-01,1.022540400742724787e+00,0.000000000000000000e+00,0.000000000000000000e+00,0.000000000000000000e+00
-1.630397151020018982e-03,-4.090554059511489204e-01,8.137661535971708604e-01,7.936015314859819897e-03,4.660767833153372369e-03,7.290995795091050891e-01,6.843457459966963974e-01,-4.814367995078285833e-01,8.834758326510312731e-02,1.888678184407362459e-01,1.145856013106941074e+00,-6.597839612260905096e-01,1.301009618843690929e-01,-5.787823336479003267e-01,-3.146894301781397174e-01,-1.455444237251211359e-01,1.266013225312669688e+00,-6.977554727416138691e-01,3.448412688136338194e-02,-7.950089895442860599e-02,0.000000000000000000e+00,0.000000000000000000e+00,5.588015346344502032e-02,2.569372040195144202e-01,-3.843218721922180281e-01,1.167010432990762236e+00,0.000000000000000000e+00,0.000000000000000000e+00,0.000000000000000000e+00,7.664624207190073868e-02,-2.368940785649253089e-01,4.321261775493148161e-01,1.022073564911690324e+00,0.000000000000000000e+00,0.000000000000000000e+00,0.000000000000000000e+00
-1.797603186352063169e-03,-4.091426010967693649e-01,8.136534438178026907e-01,8.103767883104136260e-03,4.593061392641759229e-03,7.295433153870951593e-01,6.838711747888978065e-01,-4.814361866709455096e-01,8.798733678201647868e-02,1.893258049006460442e-01,1.146425861264374291e+00,-6.612014152974019510e-01,1.323540471864116386e-01,-5.789214015735901775e-01,-3.159943294240975531e-01,-1.457051004952885920e-01,1.266941428703462602e+00,-6.942983414180051716e-01,3.582693141627855266e-02,-8.018353345524556475e-02,0.000000000000000000e+00,0.000000000000000000e+00,5.555295892347568432e-02,2.576856074228843219e-01,-3.870397693919575000e-01,1.165484945407268880e+00,0.000000000000000000e+00,0.000000000000000000e+00,0.000000000000000000e+00,7.665726995522974263e-02,-2.380648842164274637e-01,4.324119163383267628e-01,1.021739874401545789e+00,0.000000000000000000e+00,0.000000000000000000e+00,0.000000000000000000e+00
-1.901275451554875970e-03,-4.092812353542263359e-01,8.133167111350144696e-01,7.937747990648270219e-03,4.295365909982673189e-03,7.302227586515916968e-01,6.831495185797877845e-01,-4.829730219633912580e-01,8.763879657449878680e-02,1.876106757120693802e-01,1.149192175778467329e+00,-6.635931799965084643e-01,1.334554046603271538e-01,-5.794089080268233216e-01,-3.152174790097856949e-01,-1.451259892872901192e-01,1.268598504953360795e+00,-6.928004510542185024e-01,3.584410091032558948e-02,-8.067960747099951757e-02,0.000000000000000000e+00,0.000000000000000000e+00,5.489219041509629110e-02,2.584045096609002279e-01,-3.853822395379438159e-01,1.165352142696794546e+00,0.000000000000000000e+00,0.000000000000000000e+00,0.000000000000000000e+00,7.701268996077456630e-02,-2.376604339261227383e-01,4.306787533265464263e-01,1.021188992786551175e+00,0.000000000000000000e+00,0.000000000000000000e+00,0.000000000000000000e+00
-1.964397133494730566e-03,-4.095128583282405810e-01,8.127090164884667178e-01,8.683445187732560105e-03,3.955795134048718971e-03,7.304889420027608216e-01,6.828578586178943866e-01,-4.835031785921182768e-01,8.635952526171733479e-02,1.869949158437576309e-01,1.152756635844942590e+00,-6.643105121217129927e-01,1.362043483069155791e-01,-5.805633801528935489e-01,-3.163592160909807216e-01,-1.437826360837957673e-01,1.272841398898260312e+00,-6.881293240973631598e-01,3.467644572092726946e-02,-8.111353985662649035e-02,0.000000000000000000e+00,0.000000000000000000e+00,5.469479898234624882e-02,2.592551658347757582e-01,-3.867420030736634096e-01,1.164787549442632963e+00,0.000000000000000000e+00,0.000000000000000000e+00,0.000000000000000000e+00,7.703184021730548336e-02,-2.386175749822723735e-01,4.322956078781250433e-01,1.019705087185384995e+00,0.000000000000000000e+00,0.000000000000000000e+00,0.000000000000000000e+00
-2.057305831788560930e-03,-4.096657797140721424e-01,8.124328464021978169e-01,9.315874169298254265e-03,4.112922527552796345e-03,7.307660693112938421e-01,6.825520128899079664e-01,-4.833459952114722569e-01,8.485143589714178036e-02,1.873004515129980674e-01,1.153624170690223494e+00,-6.653239109099023940e-01,1.360999395030751680e-01,-5.814663689904948640e-01,-3.174640597895344585e-01,-1.421537488669608051e-01,1.275249622400815408e+00,-6.867768042545702167e-01,3.260229389589181653e-02,-8.161181582404035406e-02,0.000000000000000000e+00,0.000000000000000000e+00,5.509443454294446485e-02,2.587352724445485253e-01,-3.854290028407952873e-01,1.163680443388316554e+00,0.000000000000000000e+00,0.000000000000000000e+00,0.000000000000000000e+00,7.688537075187235059e-02,-2.393708634769260435e-01,4.315868438546204833e-01,1.019091151444198928e+00,0.000000000000000000e+00,0.000000000000000000e+00,0.000000000000000000e+00
-2.215262302627402265e-03,-4.098863283112100797e-01,8.120427006729821207e-01,1.056788997075227589e-02,3.108354238764088166e-03,7.310149808997338239e-01,6.822724936091544290e-01,-4.814853212156084972e-01,8.333130922227929838e-02,1.862711722058987274e-01,1.156014571797632229e+00,-6.655660105430801776e-01,1.388772207891979527e-01,-5.799622478423597238e-01,-3.179905814544379261e-01,-1.406521560097896417e-01,1.277834375227646202e+00,-6.817141677765178320e-01,3.321191942581416118e-02,-8.206557428742763949e-02,0.000000000000000000e+00,0.000000000000000000e+00,5.530099077882107139e-02,2.578269826239470985e-01,-3.864461569623944270e-01,1.165045759498465339e+00,0.000000000000000000e+00,0.000000000000000000e+00,0.000000000000000000e+00,7.734467025685057284e-02,-2.395944737088175902e-01,4.307585633253790403e-01,1.019641850712280418e+00,0.000000000000000000e+00,0.000000000000000000e+00,0.000000000000000000e+00
-2.427807254626043049e-03,-4.099146163646008034e-01,8.120916417112675756e-01,1.097757725354652977e-02,3.240397711270606978e-03,7.306881092196785277e-01,6.826154698402946419e-01,-4.802753252767151815e-01,8.237573397926138685e-02,1.873142765957938605e-01,1.155017636093259803e+00,-6.662863530193657846e-01,1.390433537497366701e-01,-5.801694089898011830e-01,-3.179542785842102703e-01,-1.386952423661204359e-01,1.277884445963357374e+00,-6.816053996628381739e-01,3.329364134897134370e-02,-8.218611673199595347e-02,0.000000000000000000e+00,0.000000000000000000e+00,5.599511183407823028e-02,2.564977584518831621e-01,-3.858577043364783687e-01,1.164757070592411070e+00,0.000000000000000000e+00,0.000000000000000000e+00,0.000000000000000000e+00,7.678706998491074964e-02,-2.406160152442999023e-01,4.300017516690755603e-01,1.019739689519718162e+00,0.000000000000000000e+00,0.000000000000000000e+00,0.000000000000000000e+00
-2.718246127373582718e-03,-4.098409338680409353e-01,8.125858876437375145e-01,1.067365020666145338e-02,3.081189778548822436e-03,7.308379610716283503e-01,6.824605879590992519e-01,-4.789862985462167155e-01,8.289114809802716755e-02,1.876438056420243194e-01,1.152209571742193850e+00,-6.657704071565225812e-01,1.376026040001016859e-01,-5.777950538487438559e-01,-3.171573669725705757e-01,-1.395006190908340549e-01,1.273922083355723656e+00,-6.848785491069260267e-01,3.460167368792880366e-02,-8.222979795205144493e-02,0.000000000000000000e+00,0.000000000000000000e+00,5.567350380647300562e-02,2.558017524780712981e-01,-3.863282982392177156e-01,1.165257410252117376e+00,0.000000000000000000e+00,0.000000000000000000e+00,0.000000000000000000e+00,7.699580121703886171e-02,-2.404837606649625481e-01,4.270732954862523356e-01,1.020754712575212775e+00,0.000000000000000000e+00,0.000000000000000000e+00,0.000000000000000000e+00
-2.976080375331505764e-03,-4.097457078326497970e-01,8.127257043433397943e-01,1.006992339401713808e-02,3.412728514463546272e-03,7.312718377909833700e-01,6.820032618549000114e-01,-4.800248719201246073e-01,8.332069927419247235e-02,1.880271010452740643e-01,1.151564346601626099e+00,-6.659577255216807545e-01,1.362681811348723238e-01,-5.777640545432844998e-01,-3.184097314210230234e-01,-1.413131142229703263e-01,1.272616279475618839e+00,-6.865650960162015259e-01,3.508146410495898565e-02,-8.228209148756418512e-02,0.000000000000000000e+00,0.000000000000000000e+00,5.497559561931048694e-02,2.556753052847415830e-01,-3.869646060974792356e-01,1.164557614313019851e+00,0.000000000000000000e+00,0.000000000000000000e+00,0.000000000000000000e+00,7.659975189932852202e-02,-2.408581842411472995e-01,4.277627184197325128e-01,1.021653900252682101e+00,0.000000000000000000e+00,0.000000000000000000e+00,0.000000000000000000e+00
-3.237853301842202013e-03,-4.096425387723919842e-01,8.128579802593284276e-01,1.029375890883433425e-02,3.859921373955062761e-03,7.310929009743829532e-01,6.821893503121955193e-01,-4.791642251046599466e-01,8.187004502593353550e-02,1.887418380146286823e-01,1.149675382154882186e+00,-6.656158908525044993e-01,1.338195594698257662e-01,-5.778165121272107463e-01,-3.183639450499149426e-01,-1.393041761290821912e-01,1.271741994807952691e+00,-6.898157240803032275e-01,3.478654889458664828e-02,-8.259496962665625885e-02,0.000000000000000000e+00,0.000000000000000000e+00,5.619519542943819668e-02,2.538964214593437685e-01,-3.853646974281174087e-01,1.164046105054546532e+00,0.000000000000000000e+00,0.000000000000000000e+00,0.000000000000000000e+00,7.706005199187432320e-02,-2.413755119547856265e-01,4.262429425244473880e-01,1.020340733804670386e+00,0.000000000000000000e+00,0.000000000000000000e+00,0.000000000000000000e+00
-3.520902327416097505e-03,-4.095298447865055036e-01,8.126956119791064470e-01,9.641369047555662861e-03,3.936682449888971938e-03,7.315473576252180532e-01,6.817110898949347852e-01,-4.808107232553603949e-01,8.255564717809599218e-02,1.886239966254708300e-01,1.151224297373147909e+00,-6.677305357822790333e-01,1.340988525034453038e-01,-5.780433984321317054e-01,-3.189687572641440316e-01,-1.408266169461067641e-01,1.271889687388015222e+00,-6.923903434967026982e-01,3.497929174692074317e-02,-8.282895280328973764e-02,0.000000000000000000e+00,0.000000000000000000e+00,5.514123686055363155e-02,2.537382661513244986e-01,-3.833744240817330007e-01,1.163950385967042589e+00,0.000000000000000000e+00,0.000000000000000000e+00,0.000000000000000000e+00,7.761289549490364703e-02,-2.411579550184962395e-01,4.253352395177490974e-01,1.019157736583174101e+00,0.000000000000000000e+00,0.000000000000000000e+00,0.000000000000000000e+00
-3.800928613285247098e-03,-4.095050682173118073e-01,8.127101443322730656e-01,1.036645264331436528e-02,3.860899516146694063e-03,7.318980732990220117e-01,6.813243283603638289e-01,-4.793173572768214541e-01,8.110831127665704687e-02,1.891785346118279310e-01,1.150379936084828802e+00,-6.659824281134304469e-01,1.344755296056212024e-01,-5.776527737250153338e-01,-3.204308445774023961e-01,-1.396765972442511050e-01,1.272666179911449147e+00,-6.868897483634950341e-01,3.322888435521789696e-02,-8.414694920331207417e-02,0.000000000000000000e+00,0.000000000000000000e+00,5.682956840439161439e-02,2.535304030003915909e-01,-3.856889933358930711e-01,1.162500720811368238e+00,0.000000000000000000e+00,0.000000000000000000e+00,0.000000000000000000e+00,7.771375854434420249e-02,-2.434782742219149532e-01,4.263228169009842805e-01,1.019640637351686641e+00,0.000000000000000000e+00,0.000000000000000000e+00,0.000000000000000000e+00
-4.003305177218449522e-03,-4.094590472504772705e-01,8.124025338616082115e-01,1.061431664250471300e-02,3.767620641355893044e-03,7.326310540446367980e-01,6.805327912498861931e-01,-4.800365888342674747e-01,7.922357113063824285e-02,1.875768306624855941e-01,1.152284503335773369e+00,-6.667398970467541819e-01,1.359386319144005317e-01,-5.777285925916129106e-01,-3.215024271252769905e-01,-1.393418094593627532e-01,1.274609853422554728e+00,-6.851606359557544934e-01,3.198091152778802931e-02,-8.492563848742108734e-02,0.000000000000000000e+00,0.000000000000000000e+00,5.620062790199709807e-02,2.527581057384883922e-01,-3.848240464651932480e-01,1.163238337797107835e+00,0.000000000000000000e+00,0.000000000000000000e+00,0.000000000000000000e+00,7.843374294785419865e-02,-2.439613415134294638e-01,4.258843687888249074e-01,1.018934924498188677e+00,0.000000000000000000e+00,0.000000000000000000e+00,0.000000000000000000e+00
-4.298845562222868878e-03,-4.093171866922947211e-01,8.128173864910150925e-01,9.894885633401127520e-03,4.168610657564192010e-03,7.330196410386594641e-01,6.801227240543018526e-01,-4.803764960388889338e-01,7.972348173044027653e-02,1.883887751727478521e-01,1.149731592372588151e+00,-6.661668730509022751e-01,1.349932881159582876e-01,-5.774516333921546618e-01,-3.227609293998164319e-01,-1.412752157494243654e-01,1.271806999453489073e+00,-6.838855693270010638e-01,3.388096181548348046e-02,-8.603461379363441797e-02,0.000000000000000000e+00,0.000000000000000000e+00,5.659241312354096332e-02,2.530133552812539599e-01,-3.847339136228611900e-01,1.161296241519606642e+00,0.000000000000000000e+00,0.000000000000000000e+00,0.000000000000000000e+00,7.934526549143951224e-02,-2.442521920645498168e-01,4.250621991600567751e-01,1.018059529260681773e+00,0.000000000000000000e+00,0.000000000000000000e+00,0.000000000000000000e+00
-4.518159779296753754e-03,-4.092225525914594542e-01,8.134574574476788333e-01,9.637739968946710395e-03,4.134765553506126665e-03,7.331628691529537001e-01,6.799722236808787290e-01,-4.788349433837367775e-01,8.036553688135586460e-02,1.891553208983456080e-01,1.145934231189752683e+00,-6.638764510161148102e-01,1.328710266990630606e-01,-5.755333303394851718e-01,-3.223620000847156053e-01,-1.421393280162820960e-01,1.267875863032971395e+00,-6.833011266948139095e-01,3.477283610280482856e-02,-8.621663375077381897e-02,0.000000000000000000e+00,0.000000000000000000e+00,5.666553176578349726e-02,2.524382865444841917e-01,-3.845522683133890118e-01,1.160813501723561458e+00,0.000000000000000000e+00,0.000000000000000000e+00,0.000000000000000000e+00,7.917726875352092131e-02,-2.436062829974212640e-01,4.239132191841981090e-01,1.019809692995781836e+00,0.000000000000000000e+00,0.000000000000000000e+00,0.000000000000000000e+00
-4.568469534937124460e-03,-4.091705443214696536e-01,8.133622137321118162e-01,9.848538711025830658e-03,4.151606524464253670e-03,7.334896438166876864e-01,6.796165925447917866e-01,-4.785804175231404001e-01,7.990392515199461199e-02,1.891593515491331867e-01,1.146124883988939969e+00,-6.644251934679135108e-01,1.321951568591644977e-01,-5.750748517096953005e-01,-3.233642585697184546e-01,-1.424158767370122536e-01,1.268345419837729082e+00,-6.840422410644242390e-01,3.478502757749878799e-02,-8.660662402437591112e-02,0.000000000000000000e+00,0.000000000000000000e+00,5.635498729608558188e-02,2.527538891979625446e-01,-3.858339578276998583e-01,1.161336451551670423e+00,0.000000000000000000e+00,0.000000000000000000e+00,0.000000000000000000e+00,7.935670761382189464e-02,-2.428070639745784076e-01,4.229702619867334867e-01,1.021038531439518726e+00,0.000000000000000000e+00,0.000000000000000000e+00,0.000000000000000000e+00
-4.591082751119500600e-03,-4.090944559440206074e-01,8.135139756246885234e-01,9.958995135322487591e-03,3.966084076785084296e-03,7.337528218368696287e-01,6.793319402467568047e-01,-4.776132451847326932e-01,8.003578662660820742e-02,1.890934814176183920e-01,1.145280326048959019e+00,-6.644282665464640303e-01,1.311448075354659792e-01,-5.735161029738600202e-01,-3.243201231966047482e-01,-1.439075403115744056e-01,1.267349792864493896e+00,-6.842617689201119235e-01,3.492052161890913525e-02,-8.586347851175607504e-02,0.000000000000000000e+00,0.000000000000000000e+00,5.628496827158258053e-02,2.518058982718475169e-01,-3.841868687001909199e-01,1.161328444309134067e+00,0.000000000000000000e+00,0.000000000000000000e+00,0.000000000000000000e+00,8.032178756770212702e-02,-2.419139162696490042e-01,4.221180984191339469e-01,1.021512682903247926e+00,0.000000000000000000e+00,0.000000000000000000e+00,0.000000000000000000e+00
-4.492468316182666316e-03,-4.090284180857780560e-01,8.135952716318489708e-01,9.940616297783855942e-03,4.091273767542021565e-03,7.340133132149887496e-01,6.790499993739307349e-01,-4.777407536770979513e-01,7.999494652173096132e-02,1.889546257007487795e-01,1.144747972582858431e+00,-6.628999374065086547e-01,1.305226563437368870e-01,-5.733589700591206206e-01,-3.241861898879836446e-01,-1.439634263745092069e-01,1.267063822212836532e+00,-6.844385225177451737e-01,3.335875174234572554e-02,-8.564612654044057027e-02,0.000000000000000000e+00,0.000000000000000000e+00,5.615820823691590469e-02,2.526466891296562101e-01,-3.872108429933760476e-01,1.160313401179654536e+00,0.000000000000000000e+00,0.000000000000000000e+00,0.000000000000000000e+00,8.043009932141875762e-02,-2.415885156156627189e-01,4.221207432296338879e-01,1.022297887404335803e+00,0.000000000000000000e+00,0.000000000000000000e+00,0.000000000000000000e+00
-4.348000630313624514e-03,-4.089494729118016147e-01,8.134725459266618497e-01,9.206944600048000762e-03,4.230912551449509187e-03,7.341395791656506464e-01,6.789229778499150658e-01,-4.798148716303027306e-01,8.079785032849652604e-02,1.878930046459675873e-01,1.146280827188306040e+00,-6.641734443691860168e-01,1.304151451926103267e-01,-5.740469812876803912e-01,-3.227321990826464426e-01,-1.444496262549689880e-01,1.267027876568675104e+00,-6.884880633819344675e-01,3.320499832349485536e-02,-8.494949437463422681e-02,0.000000000000000000e+00,0.000000000000000000e+00,5.489494571303225878e-02,2.539247147038042884e-01,-3.874141971053577937e-01,1.160382185334638105e+00,0.000000000000000000e+00,0.000000000000000000e+00,0.000000000000000000e+00,8.005822318467616105e-02,-2.404785925868372920e-01,4.227355969772428335e-01,1.022578879778781369e+00,0.000000000000000000e+00,0.000000000000000000e+00,0.000000000000000000e+00
-4.123402697263978296e-03,-4.089557687157441834e-01,8.135102631942924267e-01,9.468625696538944189e-03,4.394711265998573792e-03,7.344839614879519196e-01,6.785457552422486938e-01,-4.795822419945952042e-01,8.039567893029160583e-02,1.878310047351813838e-01,1.145595277307170701e+00,-6.627419218621916075e-01,1.295033448878850357e-01,-5.736604562103297944e-01,-3.237916332404559006e-01,-1.451005721379325930e-01,1.267131560816528557e+00,-6.884079294366449719e-01,3.244021214340785803e-02,-8.520663588239421604e-02,0.000000000000000000e+00,0.000000000000000000e+00,5.578679411759205481e-02,2.546130796011927266e-01,-3.877564782872506832e-01,1.158848077270157928e+00,0.000000000000000000e+00,0.000000000000000000e+00,0.000000000000000000e+00,8.097539217918130194e-02,-2.401555947988442408e-01,4.226796953529365353e-01,1.022091957871808399e+00,0.000000000000000000e+00,0.000000000000000000e+00,0.000000000000000000e+00
-3.869127848132215483e-03,-4.090527305140951309e-01,8.129389305238927665e-01,1.013668831433471237e-02,3.885942183192961537e-03,7.344156037938028847e-01,6.786131946164560835e-01,-4.798864961767027038e-01,8.010509774941974859e-02,1.867431939311186839e-01,1.149463455785087573e+00,-6.631161399919726085e-01,1.311325606700073088e-01,-5.740900751591148099e-01,-3.231998063629246132e-01,-1.438383048938914333e-01,1.270767046574344361e+00,-6.876871658672593091e-01,2.969068037829714068e-02,-8.631505160194238857e-02,0.000000000000000000e+00,0.000000000000000000e+00,5.655963460507546642e-02,2.557344492390840607e-01,-3.889413660218060120e-01,1.159062052559412415e+00,0.000000000000000000e+00,0.000000000000000000e+00,0.000000000000000000e+00,8.107047582919969797e-02,-2.399104591292952060e-01,4.239668359510000428e-01,1.020009283818083201e+00,0.000000000000000000e+00,0.000000000000000000e+00,0.000000000000000000e+00
-3.652717746604868844e-03,-4.090946351722514196e-01,8.126559057918900653e-01,9.771898081344669931e-03,3.950135633355458809e-03,7.345018703590451281e-01,6.785248034342087342e-01,-4.815974186775098254e-01,8.100627716992171712e-02,1.863575126375283664e-01,1.151556061800654840e+00,-6.643936489156661018e-01,1.312604586994668421e-01,-5.752725725332828999e-01,-3.224315725128183985e-01,-1.438671901425698507e-01,1.272051330942151282e+00,-6.889430575363899578e-01,2.997999771771463554e-02,-8.594082153540102964e-02,0.000000000000000000e+00,0.000000000000000000e+00,5.623294990569288609e-02,2.571764968522649020e-01,-3.915988385294104090e-01,1.157517023765699316e+00,0.000000000000000000e+00,0.000000000000000000e+00,0.000000000000000000e+00,8.106413353259350751e-02,-2.394274989192219372e-01,4.249393904894042118e-01,1.019400574044692531e+00,0.000000000000000000e+00,0.000000000000000000e+00,0.000000000000000000e+00
-3.452834095084614339e-03,-4.091643515643652029e-01,8.125601781732405549e-01,9.566079611778478473e-03,3.898145883465863396e-03,7.346356707570622646e-01,6.783831703623366405e-01,-4.825470317696300415e-01,8.145174603784186007e-02,1.857852173894435355e-01,1.152486090041333400e+00,-6.646261957369432594e-01,1.326817337233205940e-01,-5.759975459193974467e-01,-3.209621201865350826e-01,-1.432678526854178902e-01,1.272675001926921956e+00,-6.881449909178311009e-01,2.915262349748200255e-02,-8.602969154777578842e-02,0.000000000000000000e+00,0.000000000000000000e+00,5.589888055500760733e-02,2.581210954388293843e-01,-3.918731678670334673e-01,1.157244551095541141e+00,0.000000000000000000e+00,0.000000000000000000e+00,0.000000000000000000e+00,8.102129912292414804e-02,-2.391856379441090197e-01,4.267591258033411328e-01,1.018508002694953340e+00,0.000000000000000000e+00,0.000000000000000000e+00,0.000000000000000000e+00
-3.239920506960251422e-03,-4.092993825950896336e-01,8.120648692103636934e-01,9.933754193766181420e-03,3.605561883248362218e-03,7.341282162288793600e-01,6.789286284932529725e-01,-4.829724790036821203e-01,8.174241619786218327e-02,1.854240564887776888e-01,1.155540180759145663e+00,-6.658341551523564439e-01,1.330895601972385822e-01,-5.769729292629215411e-01,-3.199855924633516757e-01,-1.420001894232082174e-01,1.275446092918496754e+00,-6.896607570127166742e-01,2.744181057947447239e-02,-8.542102702804003911e-02,0.000000000000000000e+00,0.000000000000000000e+00,5.589327090342293552e-02,2.589969631886324120e-01,-3.935616660060078931e-01,1.157971469080713245e+00,0.000000000000000000e+00,0.000000000000000000e+00,0.000000000000000000e+00,7.948084412142632227e-02,-2.386052748510873178e-01,4.283979328276945608e-01,1.020500143471513743e+00,0.000000000000000000e+00,0.000000000000000000e+00,0.000000000000000000e+00
-3.117611578469677708e-03,-4.093849779855064375e-01,8.123813880574664026e-01,9.738020379942364038e-03,3.197398935003090310e-03,7.341494037565984287e-01,6.789105983581068537e-01,-4.821877196812798805e-01,8.303549017515982067e-02,1.851185312973136488e-01,1.154201599559342650e+00,-6.650395916887091863e-01,1.319796169646772765e-01,-5.752396401710582197e-01,-3.193956528286719387e-01,-1.438538407652785456e-01,1.273118897873136257e+00,-6.900635179540373088e-01,2.809458374690829846e-02,-8.443686643065076436e-02,0.000000000000000000e+00,0.000000000000000000e+00,5.554721824135173264e-02,2.597346587446690558e-01,-3.922903450724318231e-01,1.157259537310829867e+00,0.000000000000000000e+00,0.000000000000000000e+00,0.000000000000000000e+00,7.936184314034779030e-02,-2.382047186269634076e-01,4.278870515013665221e-01,1.021826429696120364e+00,0.000000000000000000e+00,0.000000000000000000e+00,0.000000000000000000e+00
-2.949268102095484959e-03,-4.094378222580952742e-01,8.125418863385371893e-01,9.569514826084297640e-03,3.065152704189621352e-03,7.343244756513470639e-01,6.787242397942401251e-01,-4.825127417104466687e-01,8.319590290229825214e-02,1.838399020573315834e-01,1.153706651247607073e+00,-6.626005046285458056e-01,1.299364078422530766e-01,-5.743290519677142214e-01,-3.185607513154328774e-01,-1.446437353634170697e-01,1.271802397378910321e+00,-6.918646958260095126e-01,2.739468114382782524e-02,-8.361538733259470113e-02,0.000000000000000000e+00,0.000000000000000000e+00,5.488443054051276443e-02,2.601769565958849117e-01,-3.933561474849220363e-01,1.157334325432027411e+00,0.000000000000000000e+00,0.000000000000000000e+00,0.000000000000000000e+00,8.002842019044290045e-02,-2.372491951884582173e-01,4.272782929486129699e-01,1.021442865835495706e+00,0.000000000000000000e+00,0.000000000000000000e+00,0.000000000000000000e+00
-2.816572388581065154e-03,-4.095303624781613805e-01,8.125543615068056003e-01,9.456967663637025692e-03,2.940863884349617999e-03,7.342822480300723598e-01,6.787720510673137531e-01,-4.829472010989366293e-01,8.362526751871915409e-02,1.833624374846135607e-01,1.153972907657021096e+00,-6.615342045957103290e-01,1.302459999290368764e-01,-5.741728833299784007e-01,-3.183343162364791201e-01,-1.455704812612400034e-01,1.271589954947042855e+00,-6.927093251512757011e-01,2.619805670292811584e-02,-8.274303498449935013e-02,0.000000000000000000e+00,0.000000000000000000e+00,5.377194972615431667e-02,2.603785790885138063e-01,-3.948518201072866995e-01,1.159193235561966739e+00,0.000000000000000000e+00,0.000000000000000000e+00,0.000000000000000000e+00,7.941418050964624276e-02,-2.367643986908274378e-01,4.293389727095801578e-01,1.023249360303745581e+00,0.000000000000000000e+00,0.000000000000000000e+00,0.000000000000000000e+00
-2.728971527948813747e-03,-4.095479534602133320e-01,8.130954450893925767e-01,8.738443241814356985e-03,3.616813226865661646e-03,7.339682229239650191e-01,6.791179617780908062e-01,-4.832385571330556351e-01,8.463443763460545832e-02,1.846319454539128158e-01,1.150356825203000533e+00,-6.602999255371133636e-01,1.275254099946878661e-01,-5.742600091086172975e-01,-3.179083302498684205e-01,-1.466372833324476876e-01,1.267933557217509666e+00,-6.976357960085958210e-01,2.724735450607755627e-02,-8.204259491554305450e-02,0.000000000000000000e+00,0.000000000000000000e+00,5.299480369908764199e-02,2.602208119188625934e-01,-3.959592085382580562e-01,1.159173354682940360e+00,0.000000000000000000e+00,0.000000000000000000e+00,0.000000000000000000e+00,7.858565713479440107e-02,-2.363002261873919374e-01,4.309780598271195640e-01,1.023473604257102210e+00,0.000000000000000000e+00,0.000000000000000000e+00,0.000000000000000000e+00
-2.708431402376037297e-03,-4.096101468768019171e-01,8.134651334740806705e-01,7.805583218316027201e-03,3.637279442701816818e-03,7.338102687739646024e-01,6.792998840797483950e-01,-4.840222349270566493e-01,8.647130259549280773e-02,1.846480115704984826e-01,1.148828868680582760e+00,-6.602608844719959347e-01,1.262205140220603317e-01,-5.741859918677280072e-01,-3.160032768661156233e-01,-1.476063725735999865e-01,1.264831776471704750e+00,-6.985574238819746151e-01,2.956057063665201018e-02,-8.246223697748850112e-02,0.000000000000000000e+00,0.000000000000000000e+00,5.255324527186878980e-02,2.604519343237633455e-01,-3.950651295907990357e-01,1.159735147951434842e+00,0.000000000000000000e+00,0.000000000000000000e+00,0.000000000000000000e+00,7.722385346571394860e-02,-2.361221067885032610e-01,4.326572822333237256e-01,1.024335507707388793e+00,0.000000000000000000e+00,0.000000000000000000e+00,0.000000000000000000e+00
-2.606402210011158922e-03,-4.098649328304689865e-01,8.130121085884771670e-01,8.292436079150027062e-03,3.247162174010710840e-03,7.338339032878167245e-01,6.792705601062480891e-01,-4.844919062003321675e-01,8.619422670028814570e-02,1.839832643322251715e-01,1.151791920707456729e+00,-6.612349895280289491e-01,1.277297816967462862e-01,-5.753075397241058653e-01,-3.162059743243087473e-01,-1.467234640052385297e-01,1.268147569052181511e+00,-6.941892291145604910e-01,2.820082097961949114e-02,-8.334902182479507482e-02,0.000000000000000000e+00,0.000000000000000000e+00,5.244768792294627474e-02,2.610232914505346002e-01,-3.964973502295119356e-01,1.160787590937674141e+00,0.000000000000000000e+00,0.000000000000000000e+00,0.000000000000000000e+00,7.660945454904818930e-02,-2.356436751449252354e-01,4.328581376747715481e-01,1.024329586739267439e+00,0.000000000000000000e+00,0.000000000000000000e+00,0.000000000000000000e+00
-2.554646800336218566e-03,-4.100528147292101799e-01,8.131020412372170769e-01,8.192205384241531968e-03,3.435671803519324378e-03,7.338749462342479823e-01,6.792265065645479716e-01,-4.848972075854158792e-01,8.639130404959188825e-02,1.842851410168501736e-01,1.151027802373415287e+00,-6.604291132539350517e-01,1.267213788754344983e-01,-5.757418591765017801e-01,-3.162187549862111036e-01,-1.468501564709443485e-01,1.267589962873949760e+00,-6.946289303083085231e-01,2.722337585991337072e-02,-8.378318100250012335e-02,0.000000000000000000e+00,0.000000000000000000e+00,5.213296929289349541e-02,2.609200370712942973e-01,-3.956252811880873743e-01,1.161554396867590766e+00,0.000000000000000000e+00,0.000000000000000000e+00,0.000000000000000000e+00,7.672642747654537243e-02,-2.358898879763746126e-01,4.347797426055265424e-01,1.022636480505073386e+00,0.000000000000000000e+00,0.000000000000000000e+00,0.000000000000000000e+00
-2.520731173379722485e-03,-4.102952183471346714e-01,8.128498105701564835e-01,8.631482454806676044e-03,3.655311935803387102e-03,7.339017568435971528e-01,6.791909506958738740e-01,-4.852355716611418401e-01,8.501790077575496762e-02,1.844361037903057554e-01,1.151883628708389118e+00,-6.618796084520748302e-01,1.280107844386323412e-01,-5.777165114544580149e-01,-3.174233389390228588e-01,-1.455496164077736965e-01,1.270257774056262390e+00,-6.900371580593204213e-01,2.651018696289356158e-02,-8.422217176332719157e-02,0.000000000000000000e+00,0.000000000000000000e+00,5.191445126141183003e-02,2.610433948981630836e-01,-3.966841635464083415e-01,1.160703060240936502e+00,0.000000000000000000e+00,0.000000000000000000e+00,0.000000000000000000e+00,7.590130807035962157e-02,-2.368413262674106123e-01,4.343698179801780412e-01,1.021578338496641036e+00,0.000000000000000000e+00,0.000000000000000000e+00,0.000000000000000000e+00
-2.594273436129827370e-03,-4.105494882043909666e-01,8.128343353315102826e-01,8.489203842812544434e-03,3.290762422042839939e-03,7.339765890069809284e-01,6.791137394357984469e-01,-4.857767305159731985e-01,8.551159215154373328e-02,1.839484266456490047e-01,1.152607341912305960e+00,-6.613376665963132117e-01,1.296960471250382940e-01,-5.775572864335011269e-01,-3.176487149656236908e-01,-1.467705595221428239e-01,1.270115558290239699e+00,-6.878438132950134287e-01,2.713887558424021504e-02,-8.435107505494589264e-02,0.000000000000000000e+00,0.000000000000000000e+00,5.148282841638088247e-02,2.616883535609814126e-01,-3.967013339698290397e-01,1.160539298437750944e+00,0.000000000000000000e+00,0.000000000000000000e+00,0.000000000000000000e+00,7.563315264720767150e-02,-2.378712476078706228e-01,4.349681051220165018e-01,1.021349270836792611e+00,0.000000000000000000e+00,0.000000000000000000e+00,0.000000000000000000e+00
-2.747157679353405633e-03,-4.107052077881809815e-01,8.132870799263077766e-01,8.458310701535552006e-03,3.244693606781734116e-03,7.334639503873123800e-01,6.796679795500977228e-01,-4.843359460238982894e-01,8.633557561723072260e-02,1.854869241986210060e-01,1.149790501645611807e+00,-6.598068741465314968e-01,1.291834043150859590e-01,-5.768521573635295718e-01,-3.174267120467225700e-01,-1.469287988670279210e-01,1.267299063029174500e+00,-6.862902958071125381e-01,2.891466476477767486e-02,-8.451415482205609786e-02,0.000000000000000000e+00,0.000000000000000000e+00,5.281137285172290280e-02,2.608785339419834592e-01,-3.954058022496393932e-01,1.159215076741706651e+00,0.000000000000000000e+00,0.000000000000000000e+00,0.000000000000000000e+00,7.547055777744141047e-02,-2.385062305584640385e-01,4.351154757930125738e-01,1.020039584841670788e+00,0.000000000000000000e+00,0.000000000000000000e+00,0.000000000000000000e+00
-2.884765312829669359e-03,-4.108491365720961519e-01,8.131809322090981507e-01,7.657183857594008526e-03,3.280934501536853821e-03,7.333335998525347676e-01,6.798179420488175140e-01,-4.863401009051571133e-01,8.829887631223598543e-02,1.861312695482315038e-01,1.151250171243818121e+00,-6.607219897242535556e-01,1.294438840273280655e-01,-5.785900723052792571e-01,-3.163344043966385688e-01,-1.472936807202127607e-01,1.267521416249868693e+00,-6.856595367592462908e-01,2.805634078972388951e-02,-8.464022313554096788e-02,0.000000000000000000e+00,0.000000000000000000e+00,5.222890594304020750e-02,2.618062763582705843e-01,-3.969928475868018669e-01,1.158299742303349422e+00,0.000000000000000000e+00,0.000000000000000000e+00,0.000000000000000000e+00,7.367699604739300079e-02,-2.394975343213337771e-01,4.385281734384446350e-01,1.020555760200606787e+00,0.000000000000000000e+00,0.000000000000000000e+00,0.000000000000000000e+00
-3.015759839288274097e-03,-4.109274035829202365e-01,8.137663052473842473e-01,7.318363875324819176e-03,3.550945894514159588e-03,7.333113670646498328e-01,6.798442992827223863e-01,-4.858114494699671271e-01,8.831102342180499609e-02,1.865824978827139990e-01,1.147538103444004198e+00,-6.577975209905627674e-01,1.277976091964701522e-01,-5.778099567447235740e-01,-3.164130191136431680e-01,-1.483103039676008372e-01,1.264034438104808977e+00,-6.859367967789420373e-01,2.802612372950261457e-02,-8.445089278218630147e-02,0.000000000000000000e+00,0.000000000000000000e+00,5.163957752196901563e-02,2.614315138479902378e-01,-3.976699065799408350e-01,1.158080629513273507e+00,0.000000000000000000e+00,0.000000000000000000e+00,0.000000000000000000e+00,7.425660688836846490e-02,-2.392401145839421761e-01,4.379744536582396153e-01,1.019329403069186180e+00,0.000000000000000000e+00,0.000000000000000000e+00,0.000000000000000000e+00
-3.146911473733943199e-03,-4.110259448451255015e-01,8.137793278102196659e-01,7.072303849879214149e-03,3.429380452564810382e-03,7.334250351189210981e-01,6.797249000358709381e-01,-4.859453866429002677e-01,8.994125587967519153e-02,1.879354962092207315e-01,1.147790962020799999e+00,-6.590301667575272360e-01,1.279159257284251117e-01,-5.778480624634824148e-01,-3.164923672167443414e-01,-1.489317166061309150e-01,1.263581958479827350e+00,-6.847347041833151682e-01,2.868919884273804510e-02,-8.513617182388091842e-02,0.000000000000000000e+00,0.000000000000000000e+00,5.253014848966205963e-02,2.613481142060984919e-01,-3.982155294187034178e-01,1.156171842803188410e+00,0.000000000000000000e+00,0.000000000000000000e+00,0.000000000000000000e+00,7.445377350100752800e-02,-2.396763033561759570e-01,4.401300904118933821e-01,1.017772771574019464e+00,0.000000000000000000e+00,0.000000000000000000e+00,0.000000000000000000e+00
-3.268966553746092268e-03,-4.110419722625998640e-01,8.142495320876164122e-01,6.426139118464013755e-03,3.465283852175389707e-03,7.330260248489547381e-01,6.801614098418050647e-01,-4.858447921395305791e-01,9.121085218135267791e-02,1.884698903779666312e-01,1.145471935566829247e+00,-6.574088199737634364e-01,1.268274797342708315e-01,-5.775253294235128676e-01,-3.146549599631565108e-01,-1.490976347308803907e-01,1.260311150320043483e+00,-6.854589485554624106e-01,2.954241177911161309e-02,-8.406162371358610885e-02,0.000000000000000000e+00,0.000000000000000000e+00,5.200344854689437774e-02,2.605446833497234715e-01,-3.975578675390477046e-01,1.156534103056214402e+00,0.000000000000000000e+00,0.000000000000000000e+00,0.000000000000000000e+00,7.390361668046208088e-02,-2.384042429910490923e-01,4.387718650166596013e-01,1.019426306728147047e+00,0.000000000000000000e+00,0.000000000000000000e+00,0.000000000000000000e+00
-3.286801324892446498e-03,-4.110301031456000675e-01,8.146109111005549464e-01,5.968634195994360937e-03,4.137546077837873058e-03,7.326969298199611513e-01,6.805163224719088522e-01,-4.862088805077595666e-01,9.135458538138166440e-02,1.896813643493649448e-01,1.142922241073416556e+00,-6.563935052323516262e-01,1.261174554657936153e-01,-5.783504056934659632e-01,-3.153322799766744566e-01,-1.498915678153041053e-01,1.258196388848373148e+00,-6.868225571069809243e-01,2.951493090847648673e-02,-8.400465002593283936e-02,0.000000000000000000e+00,0.000000000000000000e+00,5.149042538562385862e-02,2.600125622123092839e-01,-3.969560644052081422e-01,1.156612713183890806e+00,0.000000000000000000e+00,0.000000000000000000e+00,0.000000000000000000e+00,7.325683152749153104e-02,-2.385285863144057106e-01,4.387731371527545665e-01,1.018360264582932162e+00,0.000000000000000000e+00,0.000000000000000000e+00,0.000000000000000000e+00
-3.229851344087150862e-03,-4.110953306793387330e-01,8.148896230199533797e-01,6.755222675032171616e-03,4.001524175248080163e-03,7.328448006595150721e-01,6.803505367949678195e-01,-4.839108198447150677e-01,9.033785236955903242e-02,1.900307066598550532e-01,1.140624895909575720e+00,-6.542251268207186499e-01,1.251045662695267069e-01,-5.764814009820382612e-01,-3.168205073955294160e-01,-1.501895592725674689e-01,1.257204250847994143e+00,-6.851881244702476836e-01,3.009121335773074987e-02,-8.399815504398915056e-02,0.000000000000000000e+00,0.000000000000000000e+00,5.091896534939174823e-02,2.589122103215899529e-01,-3.962270441260651865e-01,1.158364726934069111e+00,0.000000000000000000e+00,0.000000000000000000e+00,0.000000000000000000e+00,7.357610151228843876e-02,-2.376197691560088809e-01,4.361412648505990641e-01,1.019119445694830262e+00,0.000000000000000000e+00,0.000000000000000000e+00,0.000000000000000000e+00
-3.176793807563988575e-03,-4.110857128994298004e-01,8.154414467347410600e-01,6.609109870063484965e-03,4.384629212254561280e-03,7.329110357381974916e-01,6.802782580580970517e-01,-4.829479811655756349e-01,9.050540368450434026e-02,1.912202627507964270e-01,1.136766915633256492e+00,-6.517681960860343127e-01,1.239352117316407514e-01,-5.758398161020537032e-01,-3.173809001748340020e-01,-1.511339817379779848e-01,1.254378973823015997e+00,-6.847939770406662463e-01,3.004045851190922586e-02,-8.372994354952743856e-02,0.000000000000000000e+00,0.000000000000000000e+00,5.107613437806517165e-02,2.578421753329317445e-01,-3.968979470797988629e-01,1.157998405561926569e+00,0.000000000000000000e+00,0.000000000000000000e+00,0.000000000000000000e+00,7.308263250892917118e-02,-2.383475823081152301e-01,4.362346718619877772e-01,1.021036269341782488e+00,0.000000000000000000e+00,0.000000000000000000e+00,0.000000000000000000e+00
-3.075915032602209807e-03,-4.111227892581925669e-01,8.155752962935763906e-01,6.360665708159969622e-03,4.294412203798281258e-03,7.326162051705010780e-01,6.805987039931438165e-01,-4.829394302582454834e-01,9.138547920386971835e-02,1.912555615178998525e-01,1.136369268996950233e+00,-6.517069388630504223e-01,1.238525993269144754e-01,-5.753828608394301325e-01,-3.166245698619026827e-01,-1.518727165397749934e-01,1.253202383157149935e+00,-6.869648892155031383e-01,3.081356424494432339e-02,-8.350172617426454558e-02,0.000000000000000000e+00,0.000000000000000000e+00,5.118796116111851147e-02,2.581050259295291083e-01,-3.969099245269260279e-01,1.158141908497296813e+00,0.000000000000000000e+00,0.000000000000000000e+00,0.000000000000000000e+00,7.262309341983373689e-02,-2.373754303888676587e-01,4.365079222486636934e-01,1.021062464248806423e+00,0.000000000000000000e+00,0.000000000000000000e+00,0.000000000000000000e+00
-2.876785153102795825e-03,-4.112044489618553178e-01,8.155347171579309107e-01,6.378795251777058008e-03,4.628814892862278228e-03,7.327691137594689597e-01,6.804317092581630977e-01,-4.838507113372266799e-01,9.096050801402370822e-02,1.909277353720154613e-01,1.136372683195435718e+00,-6.497701352436385802e-01,1.224197530444339904e-01,-5.759793426342637579e-01,-3.171832414673770306e-01,-1.520998770173980774e-01,1.253622090286095281e+00,-6.887802705912504653e-01,2.966534051775894520e-02,-8.364776474778516657e-02,0.000000000000000000e+00,0.000000000000000000e+00,5.130042365512252345e-02,2.585418523554425807e-01,-3.957915260282175995e-01,1.157358556018505569e+00,0.000000000000000000e+00,0.000000000000000000e+00,0.000000000000000000e+00,7.259673106272529486e-02,-2.371460160693396046e-01,4.369308172242697963e-01,1.020634846139150786e+00,0.000000000000000000e+00,0.000000000000000000e+00,0.000000000000000000e+00
-2.670723680534475841e-03,-4.112844293453671862e-01,8.155664842048621077e-01,6.215920665894048014e-03,5.176730362993865048e-03,7.324473623786981191e-01,6.807756055687599339e-01,-4.847928379416772127e-01,8.993270665356990767e-02,1.903557063562542617e-01,1.135746304229266812e+00,-6.497864171962414170e-01,1.220708780334436167e-01,-5.767592084530418495e-01,-3.175951358641639355e-01,-1.526384522740823479e-01,1.253304449539899723e+00,-6.946424594617987003e-01,2.835703883047231005e-02,-8.166144029068389543e-02,0.000000000000000000e+00,0.000000000000000000e+00,4.979839847517486540e-02,2.581746543722401310e-01,-3.958591771506799195e-01,1.158341845596456920e+00,0.000000000000000000e+00,0.000000000000000000e+00,0.000000000000000000e+00,7.185625608456540359e-02,-2.366544331838665582e-01,4.356087813799656705e-01,1.021913975375549288e+00,0.000000000000000000e+00,0.000000000000000000e+00,0.000000000000000000e+00
-2.536808917249970628e-03,-4.115087052705667658e-01,8.153241298671559667e-01,6.215343184270757416e-03,4.875434146740430241e-03,7.327067876700265048e-01,6.804986134837105460e-01,-4.858251850708416031e-01,8.993189472054985423e-02,1.890523406394689354e-01,1.137676587957915597e+00,-6.505156138955902057e-01,1.228395395739398516e-01,-5.773458788228215122e-01,-3.162764330967725024e-01,-1.517899134751977686e-01,1.254687712123209620e+00,-6.935022808036445108e-01,2.761847783950334423e-02,-8.236013960217968000e-02,0.000000000000000000e+00,0.000000000000000000e+00,5.044432390042893899e-02,2.595513332519816529e-01,-3.956871054731643800e-01,1.157075407376309428e+00,0.000000000000000000e+00,0.000000000000000000e+00,0.000000000000000000e+00,7.187831910391376256e-02,-2.371082843150423836e-01,4.374910535529089040e-01,1.020759163093282851e+00,0.000000000000000000e+00,0.000000000000000000e+00,0.000000000000000000e+00
-2.409653264594077866e-03,-4.117834558929468480e-01,8.149211751810977455e-01,6.466296323618466943e-03,4.408615111202722654e-03,7.329667507592940723e-01,6.802194450366872980e-01,-4.867431162213123885e-01,9.027433909587043170e-02,1.882656081614151877e-01,1.140659290048464447e+00,-6.509078939144535836e-01,1.246880139680158345e-01,-5.782756417732765053e-01,-3.154907012364159824e-01,-1.509236238878069181e-01,1.257489371072730844e+00,-6.895985000822015820e-01,2.568375114409272159e-02,-8.294535791561978566e-02,0.000000000000000000e+00,0.000000000000000000e+00,5.053482215297612490e-02,2.599660479957447423e-01,-3.943610068487724551e-01,1.157039935162108346e+00,0.000000000000000000e+00,0.000000000000000000e+00,0.000000000000000000e+00,7.174829743539175297e-02,-2.365442624402513405e-01,4.375033188111655535e-01,1.020919828552910413e+00,0.000000000000000000e+00,0.000000000000000000e+00,0.000000000000000000e+00
-2.350271589968695989e-03,-4.120545199215934207e-01,8.146082075317461202e-01,6.126660444102354636e-03,4.378415762866838361e-03,7.328468659316172973e-01,6.803519417194425767e-01,-4.885068040903179920e-01,9.188780638897386943e-02,1.889328802396345319e-01,1.142881396725947685e+00,-6.520932793314271336e-01,1.252905939425949799e-01,-5.803429520988854229e-01,-3.152034328294104348e-01,-1.509994541238322829e-01,1.259166462295763678e+00,-6.870047914345578377e-01,2.543305405306298464e-02,-8.409550109080995983e-02,0.000000000000000000e+00,0.000000000000000000e+00,4.956912598585758167e-02,2.603054679826120599e-01,-3.932208128017284920e-01,1.159236449982945061e+00,0.000000000000000000e+00,0.000000000000000000e+00,0.000000000000000000e+00,7.015632275050542876e-02,-2.364727219243658030e-01,4.367209967136107540e-01,1.021303828316136864e+00,0.000000000000000000e+00,0.000000000000000000e+00,0.000000000000000000e+00
