-7.612553575812218420e-03,-7.378388675655355930e-03,8.973767246701016553e-01,-5.478589125737920798e-03,2.980396857274833500e-02,7.226154062987881765e-01,6.905857536165534993e-01,-1.907427887490595331e-01,-1.770689679489762247e-01,-1.160728644772501816e-02,4.123659340948341301e-01,-3.719594566564873861e-01,1.333366901638597390e-01,-4.960687607646426245e-01,-8.511011332361778647e-02,2.552423741510850830e-02,7.105906840989170137e-01,-2.214819834204259652e-01,1.547690529270050463e-01,-9.936458947184370616e-02,0.000000000000000000e+00,0.000000000000000000e+00,-7.159405329567242182e-02,1.673571496613191767e-01,-4.501719698642362433e-01,1.238822327128822565e+00,0.000000000000000000e+00,0.000000000000000000e+00,0.000000000000000000e+00,-1.303851957347978707e-01,-3.058388524051532387e-01,5.090126529461522775e-01,1.239128007848137258e+00,0.000000000000000000e+00,0.000000000000000000e+00,0.000000000000000000e+00
-8.704073870792720588e-03,-4.986122414169054037e-03,8.949154008794530935e-01,-1.248883543028245398e-02,2.739602037096020362e-02,7.268056730633347673e-01,6.861829206999997544e-01,-2.300044966777884115e-01,-1.671955726842891954e-01,-1.684007046265829921e-02,4.868326370286220062e-01,-4.099740769057420020e-01,1.299892515079268396e-01,-5.148145590924202430e-01,-6.915902704370785470e-02,1.952303040326523742e-02,7.069885693258431969e-01,-2.260419708647554704e-01,1.503807395846529782e-01,-1.043096415261067361e-01,0.000000000000000000e+00,0.000000000000000000e+00,-8.423380220950316133e-02,1.698611260926077282e-01,-4.405214680488627743e-01,1.253967634786436580e+00,0.000000000000000000e+00,0.000000000000000000e+00,0.000000000000000000e+00,-1.373468972642998276e-01,-2.927890296918618240e-01,5.096895096107189049e-01,1.253685674332313482e+00,0.000000000000000000e+00,0.000000000000000000e+00,0.000000000000000000e+00
-1.031852335719489477e-02,-1.416287728705960605e-03,8.945629614314735134e-01,-1.534432994596536190e-02,2.713686920783717205e-02,7.308997040481395313e-01,6.817725166728620945e-01,-2.302192313194124373e-01,-1.664245374847443393e-01,-2.395487689660857900e-02,4.910251811624443685e-01,-4.214006067932126731e-01,1.266382581181538514e-01,-5.208062186224041712e-01,-6.249176761706370931e-02,2.115664807585972140e-02,6.823145304063049643e-01,-2.233373360398958618e-01,1.507517516354389131e-01,-1.052635368192670756e-01,0.000000000000000000e+00,0.000000000000000000e+00,-8.348221439643903341e-02,1.712439097600061411e-01,-4.356120734283444040e-01,1.251882497500588665e+00,0.000000000000000000e+00,0.000000000000000000e+00,0.000000000000000000e+00,-1.323902632603670693e-01,-2.927411340250851146e-01,5.075234973224672652e-01,1.256465790512884650e+00,0.000000000000000000e+00,0.000000000000000000e+00,0.000000000000000000e+00
-1.203625127574259497e-02,2.571209404152176650e-03,8.943192209966018824e-01,-1.680513619658067712e-02,2.560383174439114645e-02,7.347150079529968236e-01,6.776842098544474391e-01,-2.253627619448092534e-01,-1.664613913489890462e-01,-3.259619112954126319e-02,4.936082716383452529e-01,-4.287046035179508663e-01,1.260526162121631544e-01,-5.276038395509895507e-01,-5.737421237301806864e-02,2.651095313484196081e-02,6.609210702649432889e-01,-2.213109959954985551e-01,1.534738536898989925e-01,-1.033538035905254976e-01,0.000000000000000000e+00,0.000000000000000000e+00,-8.261701306152506585e-02,1.698789608734329049e-01,-4.318239035052373609e-01,1.252558605180586149e+00,0.000000000000000000e+00,0.000000000000000000e+00,0.000000000000000000e+00,-1.259384897029718620e-01,-2.928813769748657148e-01,5.040525076919269987e-01,1.256097273584215746e+00,0.000000000000000000e+00,0.000000000000000000e+00,0.000000000000000000e+00
-1.368969836871532231e-02,7.145166907164417040e-03,8.939377809219037907e-01,-1.772438336490829783e-02,2.455936771368504024e-02,7.382916206533116643e-01,6.738012812134924756e-01,-2.210982817144634682e-01,-1.664892391196829136e-01,-3.771929385752594011e-02,4.983773444220872539e-01,-4.328416319773676912e-01,1.225443331553291992e-01,-5.265958006468577368e-01,-4.955146287833575580e-02,3.072667989226574026e-02,6.371395810344397947e-01,-2.132629914013307315e-01,1.519432489051419921e-01,-1.021103578886843471e-01,0.000000000000000000e+00,0.000000000000000000e+00,-7.766607455826581019e-02,1.699845065775063002e-01,-4.334585287879997861e-01,1.249856682912247940e+00,0.000000000000000000e+00,0.000000000000000000e+00,0.000000000000000000e+00,-1.230105146543792882e-01,-2.948924096410969753e-01,5.060489941240214895e-01,1.251617825337679291e+00,0.000000000000000000e+00,0.000000000000000000e+00,0.000000000000000000e+00
-1.524296858449165903e-02,1.198949494091023325e-02,8.934874588318311162e-01,-1.802888779926080376e-02,2.338542199636890750e-02,7.410214521132325594e-01,6.708317887151512560e-01,-2.147986216846423380e-01,-1.679117642695870660e-01,-4.460956958651297877e-02,5.021115928837229792e-01,-4.375008769580199797e-01,1.205913244852201277e-01,-5.334471003954112112e-01,-4.070566239472972470e-02,3.655701207661048169e-02,6.174179678112936553e-01,-2.101753131338295055e-01,1.526608139181327151e-01,-1.035139089627282044e-01,0.000000000000000000e+00,0.000000000000000000e+00,-7.132543294662298250e-02,1.697649215770607456e-01,-4.324878475697159219e-01,1.248247594782551539e+00,0.000000000000000000e+00,0.000000000000000000e+00,0.000000000000000000e+00,-1.225975012704182687e-01,-2.955816158178563580e-01,5.042066946227453661e-01,1.243809033085554461e+00,0.000000000000000000e+00,0.000000000000000000e+00,0.000000000000000000e+00
-1.686367710732479541e-02,1.745268774397292638e-02,8.927174965383387617e-01,-1.944562333448998648e-02,2.347298936255195340e-02,7.459446741695593408e-01,6.653100251623960126e-01,-2.112506778221268089e-01,-1.705190108520908965e-01,-5.407489640522421259e-02,5.069702268671111289e-01,-4.468691483041647983e-01,1.183435533975210896e-01,-5.314477778151179832e-01,-3.535383032921054353e-02,4.375274028782374924e-02,5.829269554539481257e-01,-1.944837090721917572e-01,1.596921458461180721e-01,-1.013343058163303639e-01,0.000000000000000000e+00,0.000000000000000000e+00,-6.965891105821607476e-02,1.671204731956779099e-01,-4.335664963210156264e-01,1.246657941296618777e+00,0.000000000000000000e+00,0.000000000000000000e+00,0.000000000000000000e+00,-1.195419544599665429e-01,-2.990484808413629847e-01,4.967955819790118022e-01,1.240415019057204304e+00,0.000000000000000000e+00,0.000000000000000000e+00,0.000000000000000000e+00
-1.834873780328020315e-02,2.310741295941620699e-02,8.922558777999028967e-01,-1.958115450339839581e-02,2.270792881449059872e-02,7.492772598939581030e-01,6.615772941713397026e-01,-2.031797260792952975e-01,-1.728836152602367393e-01,-6.300746491666134319e-02,5.087369204439643466e-01,-4.503938226752353113e-01,1.140434060257496940e-01,-5.300588708051425790e-01,-2.866039089761205499e-02,4.317680707492534825e-02,5.555083598084759045e-01,-1.893109153795907995e-01,1.603464683856272999e-01,-9.930191369601797102e-02,0.000000000000000000e+00,0.000000000000000000e+00,-6.543750262403712215e-02,1.672280955319505880e-01,-4.355287554109724679e-01,1.244224143622096213e+00,0.000000000000000000e+00,0.000000000000000000e+00,0.000000000000000000e+00,-1.175488998743676461e-01,-3.011224278744992766e-01,4.923959054390659729e-01,1.239823463384089219e+00,0.000000000000000000e+00,0.000000000000000000e+00,0.000000000000000000e+00
-1.983929217989842397e-02,2.906900480663919539e-02,8.920314708367231837e-01,-1.945460892597765390e-02,2.213479214131643807e-02,7.525876441692819219e-01,6.578323547927147352e-01,-1.937442408497019319e-01,-1.747232711193823507e-01,-7.037214628000819372e-02,5.078794063899951805e-01,-4.486364839205623234e-01,1.077443573991924003e-01,-5.275523056562154700e-01,-2.442513724651699039e-02,4.018291106593196993e-02,5.374366144407648482e-01,-1.814951740222005561e-01,1.608285542147138703e-01,-9.650231771669626202e-02,0.000000000000000000e+00,0.000000000000000000e+00,-6.152280590253063342e-02,1.657824265152360033e-01,-4.325291740876787694e-01,1.242619825490454799e+00,0.000000000000000000e+00,0.000000000000000000e+00,0.000000000000000000e+00,-1.131725883630484847e-01,-3.034546367448593962e-01,4.875963690709539389e-01,1.233245927978957157e+00,0.000000000000000000e+00,0.000000000000000000e+00,0.000000000000000000e+00
-2.154282883479773439e-02,3.524193125519517467e-02,8.912107475070843998e-01,-2.076929651286324452e-02,2.066980286143696444e-02,7.554324705284446440e-01,6.545709877800272025e-01,-1.878852528394729660e-01,-1.739634593600802026e-01,-7.840814832493556152e-02,5.151630412720089591e-01,-4.590916965504401315e-01,1.050041842294605204e-01,-5.274945981543476270e-01,-1.896946645210924667e-02,3.757238526158483000e-02,5.300570084188251929e-01,-1.855715494828066581e-01,1.585207442604461003e-01,-9.510138311396287847e-02,0.000000000000000000e+00,0.000000000000000000e+00,-5.639697006809986368e-02,1.675492490414359492e-01,-4.339294710699790891e-01,1.237536255804030372e+00,0.000000000000000000e+00,0.000000000000000000e+00,0.000000000000000000e+00,-1.098428390663993559e-01,-3.041143969968320149e-01,4.802660035324680665e-01,1.232412735813965821e+00,0.000000000000000000e+00,0.000000000000000000e+00,0.000000000000000000e+00
-2.315754665271288135e-02,4.134332308405912204e-02,8.906636408011772144e-01,-2.136330703416628590e-02,1.965364831111000160e-02,7.585629749922924159e-01,6.509528064241447698e-01,-1.793266019612430595e-01,-1.752145686212682463e-01,-8.852169602628759404e-02,5.165831894450192419e-01,-4.628051032094561701e-01,1.009138357868559488e-01,-5.264230051521163745e-01,-1.331033360849805981e-02,4.244343874577800185e-02,5.139500995929380256e-01,-1.914464197341056995e-01,1.575953162747548986e-01,-9.391317998861474503e-02,0.000000000000000000e+00,0.000000000000000000e+00,-5.305230019739044789e-02,1.684900233602266983e-01,-4.332131782321324009e-01,1.236071704648199487e+00,0.000000000000000000e+00,0.000000000000000000e+00,0.000000000000000000e+00,-1.064388565589436675e-01,-3.056560750137085058e-01,4.684918615053079716e-01,1.230890490045897234e+00,0.000000000000000000e+00,0.000000000000000000e+00,0.000000000000000000e+00
-2.476154785474419043e-02,4.753887374351650763e-02,8.897259450803538527e-01,-2.329224389995428884e-02,1.836643330651806932e-02,7.603988275373074757e-01,6.487786745736874305e-01,-1.765756204849611710e-01,-1.724207500854137987e-01,-9.303572423511136114e-02,5.275264167061067822e-01,-4.737316189039523784e-01,9.696810536808887770e-02,-5.272308620267039947e-01,-6.492347394702308906e-03,3.832805186904683636e-02,5.125185174774531394e-01,-2.071687154356222360e-01,1.513547082016660217e-01,-9.216449722121390631e-02,0.000000000000000000e+00,0.000000000000000000e+00,-4.972021468324247517e-02,1.726825862996906880e-01,-4.358852651698781333e-01,1.233789910014672087e+00,0.000000000000000000e+00,0.000000000000000000e+00,0.000000000000000000e+00,-1.054068632525918259e-01,-3.070654282857138706e-01,4.625285166431400419e-01,1.231222574184548835e+00,0.000000000000000000e+00,0.000000000000000000e+00,0.000000000000000000e+00
-2.660867626550900839e-02,5.361192688064909256e-02,8.886469943773872560e-01,-2.609610510998288876e-02,1.778915008730616587e-02,7.609854337523026535e-01,6.479997755046522645e-01,-1.730098476588544099e-01,-1.718015861642973319e-01,-1.008831475363077546e-01,5.330557449421151617e-01,-4.894700343456491187e-01,9.862984956194302544e-02,-5.282840479347867824e-01,7.923570519402164947e-04,4.015639083140683935e-02,5.065997929308038161e-01,-2.202895332991574862e-01,1.517021959272400189e-01,-9.091560470108525638e-02,0.000000000000000000e+00,0.000000000000000000e+00,-4.565220655238774738e-02,1.751417592630571674e-01,-4.322779653190982896e-01,1.230856471815453324e+00,0.000000000000000000e+00,0.000000000000000000e+00,0.000000000000000000e+00,-1.055292053490165666e-01,-3.087956594745696060e-01,4.541521398976907653e-01,1.231576414552120413e+00,0.000000000000000000e+00,0.000000000000000000e+00,0.000000000000000000e+00
-2.803182383983174666e-02,5.914878745399394788e-02,8.874215511712862936e-01,-2.886900507432070551e-02,1.689439906362596305e-02,7.630509178409398130e-01,6.454722740818514826e-01,-1.746539791673928643e-01,-1.704614017987027275e-01,-1.094077867880525745e-01,5.476893068604233861e-01,-5.022987263992171325e-01,9.720879759754125216e-02,-5.324088792234096257e-01,6.051764258050103262e-03,3.509381420736924773e-02,5.127855759748463083e-01,-2.356159537514396218e-01,1.434693954059578225e-01,-9.014839919505827914e-02,0.000000000000000000e+00,0.000000000000000000e+00,-4.358811809225121570e-02,1.787827243074019967e-01,-4.315917448272122980e-01,1.227608891572164351e+00,0.000000000000000000e+00,0.000000000000000000e+00,0.000000000000000000e+00,-1.018978372208544786e-01,-3.094817253294002146e-01,4.441131187525763080e-01,1.229674261913916045e+00,0.000000000000000000e+00,0.000000000000000000e+00,0.000000000000000000e+00
-2.921377997160418474e-02,6.397242883333299768e-02,8.870891792334015813e-01,-2.885366335073702784e-02,1.697061470328619509e-02,7.660668778711223759e-01,6.418886219404619231e-01,-1.666020781738302703e-01,-1.723637047094158381e-01,-1.163927330448106534e-01,5.447388506215619097e-01,-5.022922854871666454e-01,9.438905915725406826e-02,-5.319200338179764787e-01,2.740549548389075579e-03,2.889657792638221367e-02,5.195526487984272190e-01,-2.496738756757688749e-01,1.384206955996314659e-01,-8.936216602652657937e-02,0.000000000000000000e+00,0.000000000000000000e+00,-4.383897366629811027e-02,1.795021211882520951e-01,-4.341637327262290458e-01,1.227019379573398572e+00,0.000000000000000000e+00,0.000000000000000000e+00,0.000000000000000000e+00,-9.853504339555201053e-02,-3.123051215792507218e-01,4.357577687770707309e-01,1.231955679308237350e+00,0.000000000000000000e+00,0.000000000000000000e+00,0.000000000000000000e+00
-3.037863023597777226e-02,6.824601325925672146e-02,8.861144851481708162e-01,-3.080670182865695439e-02,1.659524399956691793e-02,7.669949434555173307e-01,6.406982922661044189e-01,-1.681993195975117483e-01,-1.685285740217300765e-01,-1.142138490506065945e-01,5.553453781935462352e-01,-5.103110578766753003e-01,9.146731112696646071e-02,-5.356530593407935470e-01,3.530778225427227274e-03,2.075521485089297513e-02,5.293693087507478356e-01,-2.612386964854498950e-01,1.333799315619676462e-01,-9.077520485263274042e-02,0.000000000000000000e+00,0.000000000000000000e+00,-4.002385978826690505e-02,1.826987158242409093e-01,-4.332886924931666495e-01,1.225327545710754196e+00,0.000000000000000000e+00,0.000000000000000000e+00,0.000000000000000000e+00,-9.802726735543887404e-02,-3.145986028554702552e-01,4.327301578701835960e-01,1.230233215853083761e+00,0.000000000000000000e+00,0.000000000000000000e+00,0.000000000000000000e+00
-3.154153166983255513e-02,7.184546483913263615e-02,8.854152197556846016e-01,-3.195220398383721849e-02,1.700129083245023598e-02,7.691881184340316757e-01,6.379965918643446532e-01,-1.672931154095043116e-01,-1.696931025013182770e-01,-1.187390209290554860e-01,5.594943833425615187e-01,-5.145366106632252023e-01,9.236021119423840076e-02,-5.396553693995913559e-01,1.437859776015260396e-03,1.610720333113068933e-02,5.407715391594781762e-01,-2.712070223200716002e-01,1.291922470093567754e-01,-9.234393462901174798e-02,0.000000000000000000e+00,0.000000000000000000e+00,-3.875106314054062306e-02,1.839038409332189872e-01,-4.306571306697641877e-01,1.222581452836665861e+00,0.000000000000000000e+00,0.000000000000000000e+00,0.000000000000000000e+00,-9.521851419681121032e-02,-3.178451242415045730e-01,4.230394856171125206e-01,1.229810765758769575e+00,0.000000000000000000e+00,0.000000000000000000e+00,0.000000000000000000e+00
-3.267772665008511490e-02,7.488276954127860707e-02,8.854212630366907755e-01,-3.182480512365623571e-02,1.749901579452627781e-02,7.720713941284019777e-01,6.344972250480608311e-01,-1.594589471570570516e-01,-1.687022466816108235e-01,-1.168468560214049601e-01,5.504791764911263208e-01,-5.139333676176004451e-01,9.433608308948164545e-02,-5.376061573280550565e-01,-7.040874259341547287e-03,5.152597761796610248e-03,5.443802552112243509e-01,-2.805990235610766881e-01,1.264692354116529194e-01,-9.408265678697506906e-02,0.000000000000000000e+00,0.000000000000000000e+00,-3.793092669670432293e-02,1.829788290882954083e-01,-4.320513984730053325e-01,1.219684924629939715e+00,0.000000000000000000e+00,0.000000000000000000e+00,0.000000000000000000e+00,-9.206076164480846147e-02,-3.222678811277200350e-01,4.138224083559176036e-01,1.228854023841116083e+00,0.000000000000000000e+00,0.000000000000000000e+00,0.000000000000000000e+00
-3.392251866995154436e-02,7.748923913202981906e-02,8.848393384472291734e-01,-3.304504636771074533e-02,1.827867431547751040e-02,7.748369847872605964e-01,6.310321402128505897e-01,-1.601852085129088221e-01,-1.692541732442324753e-01,-1.188317951436703435e-01,5.536560104517751491e-01,-5.184144761086344477e-01,9.453453515818507902e-02,-5.410132509147131952e-01,-1.320673508865739636e-02,-3.634343237369129509e-03,5.520526934014936549e-01,-2.889711686340125651e-01,1.273152798417007958e-01,-9.713220134818917328e-02,0.000000000000000000e+00,0.000000000000000000e+00,-3.777874289695268284e-02,1.833667873182515673e-01,-4.293926099302395882e-01,1.217893725960454532e+00,0.000000000000000000e+00,0.000000000000000000e+00,0.000000000000000000e+00,-8.907130512904115616e-02,-3.250318097341279300e-01,4.009760187411761656e-01,1.224108492305567175e+00,0.000000000000000000e+00,0.000000000000000000e+00,0.000000000000000000e+00
-3.526097839243887838e-02,7.990557664531298954e-02,8.845256252655125939e-01,-3.407979473822389527e-02,1.954642730875620973e-02,7.774667270908556249e-01,6.276957806427384545e-01,-1.574865136980696523e-01,-1.703058459785294632e-01,-1.208010853286603514e-01,5.486759406332083477e-01,-5.216092698815467665e-01,9.454922311977004279e-02,-5.425918843829822258e-01,-1.981303582672905642e-02,-1.000824400471945694e-02,5.553679037908643146e-01,-2.998302942279091887e-01,1.259307862042953197e-01,-1.022347080860322860e-01,0.000000000000000000e+00,0.000000000000000000e+00,-3.547947747314371403e-02,1.839689589516056989e-01,-4.313302119075078656e-01,1.212198515668889476e+00,0.000000000000000000e+00,0.000000000000000000e+00,0.000000000000000000e+00,-8.508674252612649647e-02,-3.311915715449905706e-01,3.905221949367892464e-01,1.213933723527051756e+00,0.000000000000000000e+00,0.000000000000000000e+00,0.000000000000000000e+00
-3.654561056548871062e-02,8.225072633351777907e-02,8.842986910202536022e-01,-3.512586959052671487e-02,2.181689276342596573e-02,7.805547079438085456e-01,6.237183213457931918e-01,-1.581839647688232375e-01,-1.744868580468757757e-01,-1.257089877589149807e-01,5.459665990957086601e-01,-5.178787836655720511e-01,9.356748349515320307e-02,-5.486314980651892936e-01,-2.931362484863061363e-02,-1.818510112929400818e-02,5.650113412437215432e-01,-3.050815378023278290e-01,1.220109418358456127e-01,-1.055658447555841428e-01,0.000000000000000000e+00,0.000000000000000000e+00,-3.520380741750257780e-02,1.860502917957246871e-01,-4.379634048694012738e-01,1.209310155746789572e+00,0.000000000000000000e+00,0.000000000000000000e+00,0.000000000000000000e+00,-8.183104141714996060e-02,-3.367016201518127083e-01,3.785668250567071902e-01,1.207962345923029757e+00,0.000000000000000000e+00,0.000000000000000000e+00,0.000000000000000000e+00
-3.796875103618856107e-02,8.449762271553569459e-02,8.841537682630502548e-01,-3.570841879961229870e-02,2.286009478450037880e-02,7.830803580780338891e-01,6.204735914490262516e-01,-1.556353708985346029e-01,-1.776466637232513024e-01,-1.313309224333104597e-01,5.421875126877843121e-01,-5.151965088139505156e-01,9.273836430758723715e-02,-5.500410871323245798e-01,-3.360566547605344651e-02,-1.813350013308335368e-02,5.701479530886010005e-01,-3.117402184917930086e-01,1.236305145154913410e-01,-1.103226252155516396e-01,0.000000000000000000e+00,0.000000000000000000e+00,-3.244483783805027222e-02,1.883234179910591721e-01,-4.375087569643548169e-01,1.205533731430242783e+00,0.000000000000000000e+00,0.000000000000000000e+00,0.000000000000000000e+00,-7.958262973671767493e-02,-3.435787783694149167e-01,3.686778140033145079e-01,1.199828111155646360e+00,0.000000000000000000e+00,0.000000000000000000e+00,0.000000000000000000e+00
-3.923362111166329297e-02,8.679126398141225052e-02,8.839185082333995691e-01,-3.558389199979585665e-02,2.578309107738273320e-02,7.861884803818187661e-01,6.164224948520036218e-01,-1.514917014708589416e-01,-1.848268537529564326e-01,-1.378677795331536005e-01,5.322555586338743039e-01,-5.119151129612349305e-01,9.358359327927064097e-02,-5.548710191845538375e-01,-4.551502509339039326e-02,-2.375158929418484666e-02,5.804905236667012858e-01,-3.213472757635443822e-01,1.205508807063843946e-01,-1.150172955510535139e-01,0.000000000000000000e+00,0.000000000000000000e+00,-3.141306941106668249e-02,1.903625460692160987e-01,-4.399078833303290414e-01,1.204475640614102838e+00,0.000000000000000000e+00,0.000000000000000000e+00,0.000000000000000000e+00,-8.000119704774705243e-02,-3.524335251988787721e-01,3.510640013315770025e-01,1.194132320308164186e+00,0.000000000000000000e+00,0.000000000000000000e+00,0.000000000000000000e+00
-4.042761392082188515e-02,8.923345982438528334e-02,8.837708574100131553e-01,-3.561110046821777675e-02,2.770348122164330296e-02,7.886159808350416967e-01,6.132285066948771624e-01,-1.470525009330302391e-01,-1.891938884264585674e-01,-1.427050361759052421e-01,5.240845790962281869e-01,-5.071220113216172720e-01,9.267723283523257582e-02,-5.565589954490814950e-01,-5.386370218887023137e-02,-2.789097157124056231e-02,5.860501134628910425e-01,-3.291600010987900116e-01,1.205538627309090671e-01,-1.177422461113130508e-01,0.000000000000000000e+00,0.000000000000000000e+00,-3.162472235460946773e-02,1.918935626773701775e-01,-4.415648995248120379e-01,1.208334579060773351e+00,0.000000000000000000e+00,0.000000000000000000e+00,0.000000000000000000e+00,-7.936047260439990647e-02,-3.623698091294364487e-01,3.334010938759429665e-01,1.188330383014863045e+00,0.000000000000000000e+00,0.000000000000000000e+00,0.000000000000000000e+00
-4.135748209856052182e-02,9.166288626601622191e-02,8.838353463690460377e-01,-3.401539083417475656e-02,2.884597255722947187e-02,7.916656373071858654e-01,6.093245290981088580e-01,-1.392814673014110272e-01,-1.944803850514304489e-01,-1.495978224387269906e-01,5.164076883467946244e-01,-4.993182209818554096e-01,8.944302520368743736e-02,-5.543415350011791087e-01,-6.224555619784806482e-02,-3.057458461482933862e-02,5.919028688673604321e-01,-3.375581555198409189e-01,1.170090567649355456e-01,-1.215614655494479390e-01,0.000000000000000000e+00,0.000000000000000000e+00,-2.879513642498366874e-02,1.971370844402398070e-01,-4.458292321244768930e-01,1.203878746738902938e+00,0.000000000000000000e+00,0.000000000000000000e+00,0.000000000000000000e+00,-7.822138193564490138e-02,-3.712680586082791612e-01,3.142769981391580481e-01,1.188560671770128030e+00,0.000000000000000000e+00,0.000000000000000000e+00,0.000000000000000000e+00
-4.223678666482073851e-02,9.460337508241278837e-02,8.834311499289250191e-01,-3.441256419860923288e-02,3.154577259607995593e-02,7.946355159110389810e-01,6.052892172419634953e-01,-1.381521299428227212e-01,-1.994618045122288352e-01,-1.547868107245768954e-01,5.126358090587932459e-01,-4.955553901356661850e-01,8.911518068763603362e-02,-5.583590701413911894e-01,-7.170534016273406863e-02,-3.543874858429846286e-02,6.013288140455442798e-01,-3.505932074831396017e-01,1.142777134652410848e-01,-1.231107578276642994e-01,0.000000000000000000e+00,0.000000000000000000e+00,-2.928340227105239585e-02,2.001151497552661473e-01,-4.468288446690395488e-01,1.203609510221899548e+00,0.000000000000000000e+00,0.000000000000000000e+00,0.000000000000000000e+00,-7.556867164818743821e-02,-3.805758482775126739e-01,2.961934922924248093e-01,1.188819412377979390e+00,0.000000000000000000e+00,0.000000000000000000e+00,0.000000000000000000e+00
-4.333897765697605764e-02,9.782927391704164533e-02,8.828463529451979763e-01,-3.534949257865561273e-02,3.205546668160423607e-02,7.964392913812432528e-01,6.028327426197074290e-01,-1.397619642203803969e-01,-1.990774984912341838e-01,-1.544570729834816025e-01,5.198206274690687634e-01,-4.954912174915607759e-01,8.775772563567288409e-02,-5.616692876055389139e-01,-7.283271889100600971e-02,-3.548463112852070361e-02,6.121891290255490059e-01,-3.548370965058819104e-01,1.154361297283958282e-01,-1.249710667404873160e-01,0.000000000000000000e+00,0.000000000000000000e+00,-2.512979874775676803e-02,2.036037011573640088e-01,-4.419631384045983324e-01,1.201465293376216215e+00,0.000000000000000000e+00,0.000000000000000000e+00,0.000000000000000000e+00,-7.210224949584097265e-02,-3.908564621797809835e-01,2.821895432501292378e-01,1.181617068175141227e+00,0.000000000000000000e+00,0.000000000000000000e+00,0.000000000000000000e+00
-4.412273701675822196e-02,1.014778533999485394e-01,8.824034284089931068e-01,-3.535296716061229333e-02,3.396592311227459443e-02,7.996571245172777731e-01,5.984521426052625825e-01,-1.373412462867961703e-01,-2.018588880210669123e-01,-1.581297064364681204e-01,5.187352363684634149e-01,-4.915451072791283682e-01,8.410071050278493388e-02,-5.621889414174945365e-01,-8.035561926296197477e-02,-3.994077972001096322e-02,6.206670421889866063e-01,-3.712182203363770250e-01,1.075900427911052615e-01,-1.285683703981660153e-01,0.000000000000000000e+00,0.000000000000000000e+00,-2.503164691735129330e-02,2.081667765613684773e-01,-4.423959654739328951e-01,1.201002433191237451e+00,0.000000000000000000e+00,0.000000000000000000e+00,0.000000000000000000e+00,-7.134239124352648176e-02,-3.987873154111117868e-01,2.600619388301472212e-01,1.190729511827838039e+00,0.000000000000000000e+00,0.000000000000000000e+00,0.000000000000000000e+00
-4.504503155699513678e-02,1.056229066961639901e-01,8.821494678299760528e-01,-3.510731131569008734e-02,3.615606856183761764e-02,7.999835044498854186e-01,5.979018381025549278e-01,-1.341532998671284838e-01,-2.023294185542947043e-01,-1.521581585313240836e-01,5.147642842474494662e-01,-4.799739531738617671e-01,7.295759796730741376e-02,-5.630950144930865209e-01,-8.408959820398972940e-02,-4.028833437324027406e-02,6.280423371953680611e-01,-3.853051290177283983e-01,1.015285052380640457e-01,-1.316003449484983157e-01,0.000000000000000000e+00,0.000000000000000000e+00,-2.071225883335522586e-02,2.157277795122322095e-01,-4.438671440311375282e-01,1.199679763468123772e+00,0.000000000000000000e+00,0.000000000000000000e+00,0.000000000000000000e+00,-7.236473509709435981e-02,-4.063260467362501682e-01,2.504204995875494166e-01,1.193262405348875399e+00,0.000000000000000000e+00,0.000000000000000000e+00,0.000000000000000000e+00
-4.629424715064998919e-02,1.104409782490408526e-01,8.811899073010261985e-01,-3.803287471605734660e-02,3.755194615600601638e-02,8.027669691240172378e-01,5.938927050100604177e-01,-1.393117825171324153e-01,-2.020822890103298741e-01,-1.577059762003272803e-01,5.248053752918868664e-01,-4.825005736810915047e-01,6.878742904884602161e-02,-5.641694313015770401e-01,-8.444729711637921632e-02,-4.295479725962718376e-02,6.334351065933051528e-01,-4.124304875909414747e-01,9.424887365213155399e-02,-1.302362068632895720e-01,0.000000000000000000e+00,0.000000000000000000e+00,-2.404885502633667335e-02,2.253988256968934845e-01,-4.423197152377203456e-01,1.194472741808023208e+00,0.000000000000000000e+00,0.000000000000000000e+00,0.000000000000000000e+00,-6.874111041559202717e-02,-4.138946483783496055e-01,2.191515289456133775e-01,1.198008887254350840e+00,0.000000000000000000e+00,0.000000000000000000e+00,0.000000000000000000e+00
-4.812971539499891205e-02,1.159470397177100043e-01,8.808093353885710908e-01,-3.880879761600802835e-02,3.815717203589902295e-02,8.047744023654818113e-01,5.910804249398756705e-01,-1.336403262669463576e-01,-1.994125367420265804e-01,-1.552726467636309782e-01,5.222495613933300085e-01,-4.750207772717382482e-01,6.132939006328500670e-02,-5.614550178436938932e-01,-8.626721922973216994e-02,-4.430183563013873754e-02,6.411209530875736640e-01,-4.270422568767742733e-01,8.888047652906623519e-02,-1.341692772091178931e-01,0.000000000000000000e+00,0.000000000000000000e+00,-2.279651716435045564e-02,2.306911438088140032e-01,-4.393223274574479809e-01,1.191715517924725409e+00,0.000000000000000000e+00,0.000000000000000000e+00,0.000000000000000000e+00,-6.900916929937228605e-02,-4.243627677661732100e-01,1.997610259289539225e-01,1.203202984178350698e+00,0.000000000000000000e+00,0.000000000000000000e+00,0.000000000000000000e+00
-5.017625608700274076e-02,1.219950517724154720e-01,8.808514508828296785e-01,-3.915003923974301470e-02,3.854663361468005367e-02,8.051717813745128405e-01,5.904911802412425859e-01,-1.303131507995383687e-01,-1.955313326221863879e-01,-1.475974339189382034e-01,5.230979651982408107e-01,-4.482564991050239089e-01,4.019885933787321897e-02,-5.609700655851068696e-01,-8.385619396210092225e-02,-3.847285691960459358e-02,6.543932724780477939e-01,-4.287401722182208608e-01,8.599502783426946073e-02,-1.396251913276926604e-01,0.000000000000000000e+00,0.000000000000000000e+00,-1.732013229696060044e-02,2.384370279563388095e-01,-4.384215882637571560e-01,1.181325443735795178e+00,0.000000000000000000e+00,0.000000000000000000e+00,0.000000000000000000e+00,-7.028181393165711111e-02,-4.336065239123231274e-01,1.828501982660049596e-01,1.205644757259284106e+00,0.000000000000000000e+00,0.000000000000000000e+00,0.000000000000000000e+00
-5.258694673478950254e-02,1.291203858146184325e-01,8.804389699496443233e-01,-4.275624730144174379e-02,3.915261285942302216e-02,8.055834921109212843e-01,5.896390535415300116e-01,-1.333911281050111641e-01,-1.900156285895455155e-01,-1.443028820521421729e-01,5.299196872362510469e-01,-4.272863147338525347e-01,2.243126551490234530e-02,-5.594149306973518199e-01,-7.782497618492929814e-02,-3.665399975672681970e-02,6.594897412574799445e-01,-4.495451477803083518e-01,7.470970181585612213e-02,-1.402746716825276629e-01,0.000000000000000000e+00,0.000000000000000000e+00,-2.237672911883073490e-02,2.491174631778902415e-01,-4.400027998245280569e-01,1.178418738580609748e+00,0.000000000000000000e+00,0.000000000000000000e+00,0.000000000000000000e+00,-6.904766732286538033e-02,-4.429824755824010585e-01,1.616527647938832413e-01,1.207239224914099740e+00,0.000000000000000000e+00,0.000000000000000000e+00,0.000000000000000000e+00
-5.526172432203605572e-02,1.369666305777051118e-01,8.794493948355256441e-01,-4.732532377569644705e-02,3.808320336622059848e-02,8.070060166921995126e-01,5.874106505448145610e-01,-1.401869184664316925e-01,-1.772904677941017915e-01,-1.314214076543062659e-01,5.477050484599856883e-01,-4.103220573271096905e-01,9.602056886961208779e-03,-5.553325512552877985e-01,-6.829024172134254278e-02,-3.564796930930284186e-02,6.641091500516260737e-01,-4.763725789032333124e-01,6.348985559350144026e-02,-1.395778680064424793e-01,0.000000000000000000e+00,0.000000000000000000e+00,-2.722792487914012238e-02,2.592630929432175324e-01,-4.436417637051703333e-01,1.176532119626239270e+00,0.000000000000000000e+00,0.000000000000000000e+00,0.000000000000000000e+00,-6.519317303146737741e-02,-4.528293434926164984e-01,1.350082868804025338e-01,1.207367936431110289e+00,0.000000000000000000e+00,0.000000000000000000e+00,0.000000000000000000e+00
-5.786331402820760889e-02,1.454318659002275804e-01,8.788364592134331188e-01,-4.879891200498668452e-02,3.699451795227048229e-02,8.072893212942936492e-01,5.869702066994605394e-01,-1.408064023281025978e-01,-1.607229548585217827e-01,-9.914146313724478410e-02,5.615483168149364435e-01,-3.698712772571197682e-01,-1.431041300751599576e-02,-5.494040808971792922e-01,-6.012229044435801750e-02,-3.016574760643427056e-02,6.758941692444235816e-01,-4.951351690994829080e-01,5.138777055404691180e-02,-1.427390542707707433e-01,0.000000000000000000e+00,0.000000000000000000e+00,-2.859007565201629464e-02,2.681081583470203977e-01,-4.451187052817646150e-01,1.175431517657027580e+00,0.000000000000000000e+00,0.000000000000000000e+00,0.000000000000000000e+00,-6.587409903773422393e-02,-4.588167520070733918e-01,1.050378864501448212e-01,1.212350748619287266e+00,0.000000000000000000e+00,0.000000000000000000e+00,0.000000000000000000e+00
-6.029530405960736861e-02,1.548066107406889380e-01,8.789087115940354966e-01,-5.248300327512561009e-02,3.565481834580098985e-02,8.055264399781834062e-01,5.891531403565841707e-01,-1.441689098172984074e-01,-1.445760899784661047e-01,-7.963226013725384356e-02,5.751707348423685806e-01,-3.088487860893877612e-01,-4.691571542117100452e-02,-5.412879969122179613e-01,-4.731004003723476153e-02,-2.786280708155226132e-02,6.759693708851489680e-01,-5.079957819934273200e-01,4.010369245319878734e-02,-1.372858427324901431e-01,0.000000000000000000e+00,0.000000000000000000e+00,-3.104929840637718139e-02,2.816060622391762802e-01,-4.536111944390080475e-01,1.172284895606685584e+00,0.000000000000000000e+00,0.000000000000000000e+00,0.000000000000000000e+00,-6.774798023213618459e-02,-4.671521827583970943e-01,8.518798855734459330e-02,1.214996094073252708e+00,0.000000000000000000e+00,0.000000000000000000e+00,0.000000000000000000e+00
-6.248084735990228761e-02,1.646882719086843749e-01,8.791890064045873032e-01,-5.601981112502593674e-02,3.285810937160361239e-02,8.014809444126665960e-01,5.944833228555868043e-01,-1.441406806721917677e-01,-1.362858265773822797e-01,-8.630817042759079960e-02,5.852149940337255662e-01,-2.261161662644574077e-01,-9.132676971883453565e-02,-5.295073982888156561e-01,-2.662032946592804081e-02,-1.912188307369762363e-02,6.712567426717566121e-01,-5.154425319847129039e-01,3.082228758536732088e-02,-1.277911612230071825e-01,0.000000000000000000e+00,0.000000000000000000e+00,-3.433811296923671569e-02,2.947870261653023349e-01,-4.661540962372823227e-01,1.172251977054112215e+00,0.000000000000000000e+00,0.000000000000000000e+00,0.000000000000000000e+00,-7.188780934920088739e-02,-4.803088555025313289e-01,7.059677483845397394e-02,1.220541092857118759e+00,0.000000000000000000e+00,0.000000000000000000e+00,0.000000000000000000e+00
-6.436525484256692964e-02,1.748902206548137439e-01,8.784718254586607600e-01,-5.912399298107687273e-02,2.984114070967826618e-02,7.980115898749583492e-01,5.989919550380954361e-01,-1.463396150442110299e-01,-1.334824075310942215e-01,-1.070371614460911697e-01,6.054384039276810014e-01,-1.389443389481074820e-01,-1.445688533996188352e-01,-5.212376549041497498e-01,-6.467004078467491340e-03,-1.093654494457724051e-02,6.777807088302844063e-01,-5.283345585581404880e-01,1.580672606318746579e-02,-1.143383730100239193e-01,0.000000000000000000e+00,0.000000000000000000e+00,-3.693179808372642342e-02,3.112165648814885777e-01,-4.704145716264723220e-01,1.164203016323535955e+00,0.000000000000000000e+00,0.000000000000000000e+00,0.000000000000000000e+00,-7.309656700773597970e-02,-4.931612684652404432e-01,4.012292784434152992e-02,1.227047062921723608e+00,0.000000000000000000e+00,0.000000000000000000e+00,0.000000000000000000e+00
-6.628595707247517121e-02,1.853615808678795440e-01,8.777324472930249089e-01,-5.933881150501440355e-02,2.946710426806055383e-02,7.936257459298212691e-01,6.047882031030055172e-01,-1.453745885313588171e-01,-1.288135486472923585e-01,-1.100323668792971971e-01,6.350739414197815735e-01,-6.175815361270450138e-02,-1.829210358770066991e-01,-5.149364088185724997e-01,7.639173844499972527e-03,4.706386054376374833e-03,6.918443561262086483e-01,-5.447717379502878821e-01,6.564859663737120099e-04,-1.071847303470752494e-01,0.000000000000000000e+00,0.000000000000000000e+00,-3.939684667397550660e-02,3.195423259092519674e-01,-4.708243814677579575e-01,1.161278319134730008e+00,0.000000000000000000e+00,0.000000000000000000e+00,0.000000000000000000e+00,-8.042356065903565054e-02,-5.095644450670892001e-01,2.463905906207720584e-02,1.229205424345161779e+00,0.000000000000000000e+00,0.000000000000000000e+00,0.000000000000000000e+00
-6.818088186912961424e-02,1.957312283091174332e-01,8.774690189492202474e-01,-5.933174568335729260e-02,2.957145224338810635e-02,7.889681698764975382e-01,6.108473623484941273e-01,-1.550384518882089724e-01,-1.187671727350869122e-01,-1.037987353461740508e-01,6.912231256138334778e-01,6.178451319065587921e-03,-2.029278067847073708e-01,-5.066113440381624367e-01,2.274568277324197363e-02,2.523534869527479380e-02,7.002464035366804396e-01,-5.561914928377297285e-01,-1.143266298117986447e-02,-1.005140486536049427e-01,0.000000000000000000e+00,0.000000000000000000e+00,-3.961006059245866101e-02,3.256123419210864567e-01,-4.689994026170113406e-01,1.160876498681247426e+00,0.000000000000000000e+00,0.000000000000000000e+00,0.000000000000000000e+00,-8.209384343728989841e-02,-5.264541336490108359e-01,-2.764362522971712186e-03,1.228427997382687931e+00,0.000000000000000000e+00,0.000000000000000000e+00,0.000000000000000000e+00
-7.001047560376269518e-02,2.060183111040660153e-01,8.774290751184102843e-01,-5.766940790002275663e-02,3.035820982350932382e-02,7.861735243170553389e-01,6.145598491210377823e-01,-1.764828378899943040e-01,-1.072026818397516373e-01,-9.377918958815556483e-02,7.510617246989917950e-01,3.281187002360416716e-02,-2.176336042834769724e-01,-4.949849359146041294e-01,2.789930384066350438e-02,3.666014828296622341e-02,7.087618615292234914e-01,-5.707005836592322634e-01,-2.088454391576503172e-02,-9.433133368390603235e-02,0.000000000000000000e+00,0.000000000000000000e+00,-4.117200293458921773e-02,3.333737117249000459e-01,-4.707334019638250155e-01,1.155884576265234109e+00,0.000000000000000000e+00,0.000000000000000000e+00,0.000000000000000000e+00,-8.650942103018877116e-02,-5.532750190560857817e-01,-2.484436478538204485e-02,1.234577125802897246e+00,0.000000000000000000e+00,0.000000000000000000e+00,0.000000000000000000e+00
-7.206562705045126138e-02,2.158319818815382929e-01,8.764687242268528466e-01,-5.360057153039422817e-02,2.998665977479021000e-02,7.825337226349822206e-01,6.195714259923570388e-01,-2.063740454267385394e-01,-9.275378891063373876e-02,-7.510621641309973839e-02,8.116057710934412306e-01,3.994980297000107206e-02,-2.125012666883110413e-01,-4.824812078525066994e-01,3.440411588293427331e-02,5.448823268557680122e-02,7.261114432544597541e-01,-5.897105501855446352e-01,-2.648322281499017328e-02,-9.041862709578965540e-02,0.000000000000000000e+00,0.000000000000000000e+00,-3.947009327656389455e-02,3.324578408304614818e-01,-4.696179595321107736e-01,1.146246512448017674e+00,0.000000000000000000e+00,0.000000000000000000e+00,0.000000000000000000e+00,-8.963452270504423947e-02,-5.776507141270267320e-01,-3.840311954062643196e-02,1.236437001871897534e+00,0.000000000000000000e+00,0.000000000000000000e+00,0.000000000000000000e+00
-7.402800704585506264e-02,2.252271767039030759e-01,8.762815206281054925e-01,-4.778706311478234103e-02,3.026107641256213510e-02,7.798772004058324159e-01,6.233716516977478861e-01,-2.308919319176661600e-01,-7.964470522268661534e-02,-6.217289246241439193e-02,8.590655512990064135e-01,2.358987687834945141e-02,-2.006981456515136986e-01,-4.665977045358619679e-01,3.251745050686203481e-02,6.590898959719590500e-02,7.399133973259699459e-01,-6.037213749862655465e-01,-3.093574136629104188e-02,-8.719781546066789069e-02,0.000000000000000000e+00,0.000000000000000000e+00,-3.922145379233005213e-02,3.332985604662929702e-01,-4.688981484515455378e-01,1.137919082598918941e+00,0.000000000000000000e+00,0.000000000000000000e+00,0.000000000000000000e+00,-9.992968659529638531e-02,-6.039888298830182745e-01,-5.879087479587674636e-02,1.245514519678275978e+00,0.000000000000000000e+00,0.000000000000000000e+00,0.000000000000000000e+00
-7.628053634196779731e-02,2.341244999277810324e-01,8.758920110401396952e-01,-4.382779126690843075e-02,2.794104932504067745e-02,7.755295343757535598e-01,6.291679932944832521e-01,-2.622872700765941922e-01,-5.894364290299797249e-02,-4.552790088213821973e-02,9.019866680174853935e-01,4.657667766851529209e-03,-1.848046038788000445e-01,-4.474742413906994676e-01,4.019505170751221101e-02,8.140082596707536033e-02,7.454046003710121937e-01,-6.150233930157815720e-01,-3.106959903702097986e-02,-8.189758114090954499e-02,0.000000000000000000e+00,0.000000000000000000e+00,-3.523437253340043485e-02,3.386028746545066137e-01,-4.695267420599411601e-01,1.118054142600251710e+00,0.000000000000000000e+00,0.000000000000000000e+00,0.000000000000000000e+00,-1.066267210210318783e-01,-6.310895012761181810e-01,-7.269713207008125788e-02,1.251411293535908520e+00,0.000000000000000000e+00,0.000000000000000000e+00,0.000000000000000000e+00
-7.863274483474431975e-02,2.426782892082839649e-01,8.758771359142667468e-01,-3.768404963635203775e-02,2.680610814284745125e-02,7.718603574448354987e-01,6.341079825821228644e-01,-2.955650376898507625e-01,-4.093158768466616942e-02,-2.694278426103821969e-02,9.421105734074461946e-01,-2.435187430098272737e-02,-1.618828054393429416e-01,-4.274568011936678569e-01,4.183447569894611917e-02,9.876691102382192944e-02,7.529992897297144161e-01,-6.258119582476922016e-01,-3.058632010072640309e-02,-8.059777556251947195e-02,0.000000000000000000e+00,0.000000000000000000e+00,-3.275281657569723004e-02,3.400617958204669167e-01,-4.677658855944492045e-01,1.104538833729459935e+00,0.000000000000000000e+00,0.000000000000000000e+00,0.000000000000000000e+00,-1.117459712506154584e-01,-6.604555284952526861e-01,-8.863898261239668008e-02,1.251733974737072819e+00,0.000000000000000000e+00,0.000000000000000000e+00,0.000000000000000000e+00
-8.104268925543116342e-02,2.509033386336789739e-01,8.756176225807016378e-01,-2.842237217609559427e-02,2.571084182058416823e-02,7.674611545416107905e-01,6.399488242370776625e-01,-3.257597631235626956e-01,-2.109516528943418401e-02,-8.926001411646150574e-03,9.706603897430130523e-01,-5.999835190763076753e-02,-1.330990195421938860e-01,-4.055053499364730252e-01,3.695016588516877865e-02,1.146047855140309712e-01,7.661480846087966867e-01,-6.377648112409041170e-01,-2.872339151713095354e-02,-7.930729293637979460e-02,0.000000000000000000e+00,0.000000000000000000e+00,-3.146503739555140539e-02,3.396988810498958178e-01,-4.677638072372474753e-01,1.092295654349267675e+00,0.000000000000000000e+00,0.000000000000000000e+00,0.000000000000000000e+00,-1.153355967850668434e-01,-6.879914619334837056e-01,-1.014185760250666396e-01,1.261560888669512659e+00,0.000000000000000000e+00,0.000000000000000000e+00,0.000000000000000000e+00
-8.390266393422698976e-02,2.595505877970399333e-01,8.751373081434833390e-01,-2.432751589381797197e-02,2.463980267223420811e-02,7.632577198812910968e-01,6.451656416272660843e-01,-3.584419432967523855e-01,1.009531839230613098e-03,3.353943474103969480e-03,9.918895832483830555e-01,-1.047675733367345735e-01,-1.029219742019755746e-01,-3.871570158026740871e-01,3.726847337684617567e-02,1.279838964370070276e-01,7.702367066235844550e-01,-6.519452457642375132e-01,-2.081721428881087160e-02,-7.309372719849564770e-02,0.000000000000000000e+00,0.000000000000000000e+00,-3.235465615172053444e-02,3.408147770335817617e-01,-4.694311333386176344e-01,1.077372350399190548e+00,0.000000000000000000e+00,0.000000000000000000e+00,0.000000000000000000e+00,-1.206329109985934123e-01,-7.256046476490300989e-01,-1.161763168440653887e-01,1.266720473381878653e+00,0.000000000000000000e+00,0.000000000000000000e+00,0.000000000000000000e+00
-8.693023346611454538e-02,2.682645289618529882e-01,8.745143202328629073e-01,-1.807887409277359955e-02,2.374856743604256831e-02,7.588594281442622158e-01,6.505701562267031113e-01,-3.890490174759479447e-01,2.612563764995033677e-02,1.602209424597765552e-02,1.007915616583183072e+00,-1.568456586624593085e-01,-6.814376127582537357e-02,-3.668014855722255829e-01,3.290068382672446667e-02,1.411800229370849535e-01,7.776050100398318454e-01,-6.669769850381267462e-01,-1.293467909482130460e-02,-6.673915662415644268e-02,0.000000000000000000e+00,0.000000000000000000e+00,-3.237409975574011278e-02,3.431191651812175447e-01,-4.648812773844765989e-01,1.063234688258195337e+00,0.000000000000000000e+00,0.000000000000000000e+00,0.000000000000000000e+00,-1.263465271602103868e-01,-7.571407337191569109e-01,-1.287681010995447850e-01,1.271187240926696216e+00,0.000000000000000000e+00,0.000000000000000000e+00,0.000000000000000000e+00
-9.009001615661149653e-02,2.774006874074324558e-01,8.739974816053285300e-01,-1.198716958165212121e-02,2.378657267965997649e-02,7.551138826459123932e-01,6.550523116217448205e-01,-4.157999845147465345e-01,4.545779550228970511e-02,2.455915495342909580e-02,1.002263369600595366e+00,-1.952823511884188012e-01,-4.851307332637931624e-02,-3.471031887492209145e-01,2.446119627972535154e-02,1.511303819204334042e-01,7.842887796801116806e-01,-6.814439430690152344e-01,-7.281494047590254121e-03,-6.103083095779121559e-02,0.000000000000000000e+00,0.000000000000000000e+00,-3.219750242086151515e-02,3.471689621682161331e-01,-4.647253601031261505e-01,1.052104031813213991e+00,0.000000000000000000e+00,0.000000000000000000e+00,0.000000000000000000e+00,-1.333216342230535423e-01,-7.933514687750271577e-01,-1.482792499283116516e-01,1.276596677097903587e+00,0.000000000000000000e+00,0.000000000000000000e+00,0.000000000000000000e+00
-9.356474325446784146e-02,2.869073670388789243e-01,8.737361347693208824e-01,-6.314191050075947109e-03,2.130283473426391322e-02,7.506942115217639655e-01,6.602760945327230679e-01,-4.431125020091467026e-01,6.229925308625298280e-02,2.566939882842527582e-02,9.856884062103282718e-01,-2.374819174500526764e-01,-2.812191763898419863e-02,-3.207355630469298502e-01,2.138063138261151949e-02,1.626947930593005687e-01,7.829569368770028515e-01,-6.900442778107342967e-01,1.826154163339817338e-04,-5.394579382824034319e-02,0.000000000000000000e+00,0.000000000000000000e+00,-3.392421533380950149e-02,3.527963679979855827e-01,-4.650307095838440707e-01,1.040538860517580044e+00,0.000000000000000000e+00,0.000000000000000000e+00,0.000000000000000000e+00,-1.436754982444367612e-01,-8.267561970973151819e-01,-1.608622047031303404e-01,1.290403400366506137e+00,0.000000000000000000e+00,0.000000000000000000e+00,0.000000000000000000e+00
-9.746324452023168161e-02,2.968670005388024946e-01,8.727122908672587664e-01,7.494996713569421947e-04,1.990732195628906742e-02,7.440829629606818818e-01,6.677901474373699742e-01,-4.619811815926225806e-01,7.177101574753111390e-02,2.412804978254111388e-02,9.468132296064110109e-01,-2.625619639751197165e-01,-1.911022941984681645e-02,-2.973303899971115327e-01,1.398396477769415711e-02,1.784770814965741526e-01,7.893190313707397765e-01,-7.049272470996287288e-01,1.225189256683397246e-02,-5.297646279817119080e-02,0.000000000000000000e+00,0.000000000000000000e+00,-3.416264886164192133e-02,3.542536929515842647e-01,-4.643272775227195170e-01,1.033484305871374742e+00,0.000000000000000000e+00,0.000000000000000000e+00,0.000000000000000000e+00,-1.510602655804638150e-01,-8.594080146461275937e-01,-1.693794840116412126e-01,1.288837504876293449e+00,0.000000000000000000e+00,0.000000000000000000e+00,0.000000000000000000e+00
-1.015240644813894949e-01,3.074539878475816557e-01,8.720898441345871221e-01,6.105173903204557349e-03,2.118552535836649986e-02,7.373584035937268411e-01,6.751418258533630201e-01,-4.796755345379161151e-01,7.424461934433262966e-02,1.423509377779291069e-02,8.942420736233377410e-01,-2.923543459768551123e-01,-1.233057434015158264e-02,-2.782251836310868365e-01,5.512882549669095161e-03,1.984902264097804514e-01,7.919761525511954670e-01,-7.180575324974499685e-01,2.332599658527578085e-02,-5.114948137146278773e-02,0.000000000000000000e+00,0.000000000000000000e+00,-3.413675066506748068e-02,3.534881827904777229e-01,-4.685737092781763202e-01,1.031462615533545790e+00,0.000000000000000000e+00,0.000000000000000000e+00,0.000000000000000000e+00,-1.631593514165137759e-01,-8.898386753482991907e-01,-1.754291750351489598e-01,1.298211723543476914e+00,0.000000000000000000e+00,0.000000000000000000e+00,0.000000000000000000e+00
-1.058316633058219020e-01,3.181392698983314671e-01,8.711225983512552729e-01,1.195880827241976516e-02,2.012903244059655733e-02,7.315702754199979729e-01,6.813638830167162430e-01,-4.915235386109044202e-01,7.492383718768733103e-02,-1.751488386196355107e-03,8.417125888634957587e-01,-3.005040956381718753e-01,-1.724781337521057514e-02,-2.559781111111581464e-01,-3.494661894690711743e-03,2.124306471335986601e-01,7.958369643909939395e-01,-7.255681936438962421e-01,3.550543326590441251e-02,-4.821541346265088845e-02,0.000000000000000000e+00,0.000000000000000000e+00,-3.351428317970540915e-02,3.505405302620698271e-01,-4.698676040715284441e-01,1.025332925339027090e+00,0.000000000000000000e+00,0.000000000000000000e+00,0.000000000000000000e+00,-1.720229973243894150e-01,-9.213819878296898302e-01,-1.948288304495628953e-01,1.305176415390388645e+00,0.000000000000000000e+00,0.000000000000000000e+00,0.000000000000000000e+00
-1.100398919747807847e-01,3.292085331810880588e-01,8.716373139991415719e-01,1.712659286754600330e-02,2.001644924552382562e-02,7.276256508930497580e-01,6.854684046247621065e-01,-5.052407913594935129e-01,7.397551556897870306e-02,-2.154211409405769329e-02,7.707953588921275800e-01,-2.979204925795031489e-01,-3.073126309544419246e-02,-2.294534683827104127e-01,-1.347769070225991392e-02,2.263644701601087994e-01,7.864255052070813212e-01,-7.220234763638265774e-01,4.560588285517559737e-02,-5.031578807003262571e-02,0.000000000000000000e+00,0.000000000000000000e+00,-3.420956102520128495e-02,3.524205787529541833e-01,-4.732673569317091822e-01,1.023531809706042628e+00,0.000000000000000000e+00,0.000000000000000000e+00,0.000000000000000000e+00,-1.814617987039032210e-01,-9.507003278393090229e-01,-2.016329419034945114e-01,1.317050941618281401e+00,0.000000000000000000e+00,0.000000000000000000e+00,0.000000000000000000e+00
-1.144432974598967728e-01,3.403911837596307333e-01,8.704107292337396329e-01,2.182441459773952833e-02,2.079501557907311587e-02,7.213456095728250084e-01,6.919189069569799955e-01,-5.132826594005686083e-01,7.242316933617769237e-02,-4.527536683563955500e-02,7.131429449509859575e-01,-2.947851100120618684e-01,-4.378764814948166162e-02,-2.113418922234714392e-01,-2.327731425573715401e-02,2.440519083114523202e-01,7.900715764242941530e-01,-7.323954424784809847e-01,5.464416075248142851e-02,-4.901737321810416270e-02,0.000000000000000000e+00,0.000000000000000000e+00,-3.307455197124993529e-02,3.472289781240728845e-01,-4.646053645673764998e-01,1.021980000540469113e+00,0.000000000000000000e+00,0.000000000000000000e+00,0.000000000000000000e+00,-1.923459962875122276e-01,-9.792860563226212234e-01,-2.221005525698711847e-01,1.320841031055373982e+00,0.000000000000000000e+00,0.000000000000000000e+00,0.000000000000000000e+00
-1.190340687387752006e-01,3.514127942442424879e-01,8.700787187127798639e-01,2.629754206053180193e-02,2.081583497680652983e-02,7.151614373328483154e-01,6.981541798541404109e-01,-5.195040248171576280e-01,6.111306129999456022e-02,-8.372886028718387608e-02,6.357222337490819886e-01,-2.783203895736550137e-01,-6.150545772223737356e-02,-1.911317052999804145e-01,-3.141292140055326754e-02,2.631074790404991925e-01,7.870516362053638915e-01,-7.265224170632968992e-01,6.243465813968877842e-02,-5.325374742607628942e-02,0.000000000000000000e+00,0.000000000000000000e+00,-3.394409064203085524e-02,3.396354765983937707e-01,-4.597185148370361296e-01,1.029103288687238882e+00,0.000000000000000000e+00,0.000000000000000000e+00,0.000000000000000000e+00,-2.021145424518658584e-01,-1.001002014275159668e+00,-2.380058676209922952e-01,1.322146714720837002e+00,0.000000000000000000e+00,0.000000000000000000e+00,0.000000000000000000e+00
-1.234449367596242852e-01,3.626863278725069306e-01,8.698729491934373836e-01,2.904463854853705368e-02,2.334292712514964702e-02,7.109428449069086220e-01,7.022619084077437179e-01,-5.222319178528250783e-01,5.021643757130113406e-02,-1.313920163767541560e-01,5.716064022754097085e-01,-2.501882242493646546e-01,-7.846008682541166790e-02,-1.773420107538733470e-01,-4.322694926185614850e-02,2.771240385456854027e-01,7.840742691577455847e-01,-7.167572733680226404e-01,7.357876076895805695e-02,-5.272516243874922348e-02,0.000000000000000000e+00,0.000000000000000000e+00,-3.292535645931057853e-02,3.316075882640044381e-01,-4.507493076283787814e-01,1.027724349997376940e+00,0.000000000000000000e+00,0.000000000000000000e+00,0.000000000000000000e+00,-2.078308930171033353e-01,-1.026424751660779622e+00,-2.580689643140373635e-01,1.330726760745926107e+00,0.000000000000000000e+00,0.000000000000000000e+00,0.000000000000000000e+00
-1.281599278120260366e-01,3.738180670092460800e-01,8.695558881164767717e-01,3.195590374604672518e-02,2.407413671074489642e-02,7.041906867232491374e-01,7.088827356408429203e-01,-5.169746242442376793e-01,3.871827771938657348e-02,-1.852170477103670665e-01,4.929697694860131207e-01,-2.030545132960086541e-01,-1.010103938577951999e-01,-1.600487981118620950e-01,-4.988977918517281673e-02,2.997983019514749992e-01,7.775972578664124280e-01,-7.068626039008805151e-01,8.493558960796192270e-02,-5.545109545075972007e-02,0.000000000000000000e+00,0.000000000000000000e+00,-3.467288087993017354e-02,3.283404656485999773e-01,-4.470715564380984275e-01,1.034912526434504931e+00,0.000000000000000000e+00,0.000000000000000000e+00,0.000000000000000000e+00,-2.149908105781221379e-01,-1.051986401218809819e+00,-2.682183659703116230e-01,1.333190130160632814e+00,0.000000000000000000e+00,0.000000000000000000e+00,0.000000000000000000e+00
-1.330622456987749225e-01,3.851328582415513013e-01,8.688701159569721666e-01,3.266731134680872506e-02,2.571870347444267166e-02,7.016971234566745652e-01,7.112612332987038322e-01,-5.159610249121785452e-01,3.568512701798533249e-02,-2.243111144335609153e-01,4.342690086768730140e-01,-1.719831824382769825e-01,-1.137479824535918421e-01,-1.458164784755371368e-01,-5.907413262971202006e-02,3.097848762495172270e-01,7.705877178687856599e-01,-6.961814260345029481e-01,9.213421891960169030e-02,-5.910186757351727771e-02,0.000000000000000000e+00,0.000000000000000000e+00,-3.444462321701156904e-02,3.244013895970422334e-01,-4.416046267918458668e-01,1.033843400476382124e+00,0.000000000000000000e+00,0.000000000000000000e+00,0.000000000000000000e+00,-2.184714474314837229e-01,-1.075463252093326272e+00,-2.928498560167620557e-01,1.344909418133549472e+00,0.000000000000000000e+00,0.000000000000000000e+00,0.000000000000000000e+00
-1.383422775018385009e-01,3.963095203657570620e-01,8.685430236227800194e-01,3.509507529818038651e-02,2.733811588496823375e-02,6.952691021163900364e-01,7.173714789089008503e-01,-5.063354083067642675e-01,2.942069091157328842e-02,-2.710247465244994269e-01,3.618093619397338423e-01,-1.367591275044609811e-01,-1.247583134695400553e-01,-1.311931656357184228e-01,-7.025577212438281760e-02,3.279908181247447874e-01,7.618925054412207798e-01,-6.802619525381862209e-01,1.016120696324474548e-01,-6.642830782692722702e-02,0.000000000000000000e+00,0.000000000000000000e+00,-3.722790332594464596e-02,3.200390244406673967e-01,-4.339011710570695457e-01,1.044100664617581886e+00,0.000000000000000000e+00,0.000000000000000000e+00,0.000000000000000000e+00,-2.250308270894356699e-01,-1.097752799760970399e+00,-3.072946924475852826e-01,1.347338837671938627e+00,0.000000000000000000e+00,0.000000000000000000e+00,0.000000000000000000e+00
-1.437660353397461621e-01,4.080024407234273953e-01,8.679762978433412934e-01,3.695648776363877341e-02,2.885267259584636118e-02,6.899357342949351546e-01,7.223506238933840029e-01,-4.905003815526418065e-01,2.765232888551695523e-02,-3.122082922301848140e-01,3.035307075125792120e-01,-9.766162300921803208e-02,-1.375467786823522109e-01,-1.155306749647335984e-01,-8.418397775294815533e-02,3.384145971937773112e-01,7.504004849475928163e-01,-6.658842406186386009e-01,1.079362225352527432e-01,-6.682070576076755419e-02,0.000000000000000000e+00,0.000000000000000000e+00,-4.071087365131381697e-02,3.193009113535568710e-01,-4.298119169981593490e-01,1.048315711092944635e+00,0.000000000000000000e+00,0.000000000000000000e+00,0.000000000000000000e+00,-2.279711515151763290e-01,-1.117953566526388665e+00,-3.274259086772904337e-01,1.356633795281759314e+00,0.000000000000000000e+00,0.000000000000000000e+00,0.000000000000000000e+00
-1.500943284052704274e-01,4.198294151613026215e-01,8.660042969176645622e-01,3.861491839155897082e-02,2.628769842735840384e-02,6.816388073516059798e-01,7.301961252302598959e-01,-4.774723416799146469e-01,2.972688538388484208e-02,-3.352011232435211929e-01,2.740229233265465969e-01,-7.142605279827068943e-02,-1.449203216423229912e-01,-9.963218065886059183e-02,-9.078653810855517869e-02,3.539453170283990979e-01,7.454455744678450957e-01,-6.473768728331312783e-01,1.204090782485820604e-01,-7.154225280214755733e-02,0.000000000000000000e+00,0.000000000000000000e+00,-4.067320429556691569e-02,3.178445066099834238e-01,-4.277473421521594266e-01,1.061879660729717845e+00,0.000000000000000000e+00,0.000000000000000000e+00,0.000000000000000000e+00,-2.338245486295400521e-01,-1.131372517416083801e+00,-3.409016545537396636e-01,1.357136367398707133e+00,0.000000000000000000e+00,0.000000000000000000e+00,0.000000000000000000e+00
-1.566478211671540610e-01,4.323838515519582426e-01,8.642279559460268601e-01,3.935706181628834816e-02,2.443383848391226035e-02,6.731914264909463208e-01,7.380157942220580969e-01,-4.559771290721427173e-01,2.771033504220131449e-02,-3.780932796864444612e-01,2.426494836305700675e-01,-3.627149700654023340e-02,-1.587075471370857360e-01,-8.485591978607665009e-02,-9.927914999785045214e-02,3.665349935509435997e-01,7.366473107121763730e-01,-6.234609366138850195e-01,1.264581631051474031e-01,-7.077518061329894639e-02,0.000000000000000000e+00,0.000000000000000000e+00,-4.150049492766232084e-02,3.197482006519149489e-01,-4.249565995853427647e-01,1.071327696621870107e+00,0.000000000000000000e+00,0.000000000000000000e+00,0.000000000000000000e+00,-2.327943860717440472e-01,-1.146863773493151939e+00,-3.635407611992448884e-01,1.368090775068511844e+00,0.000000000000000000e+00,0.000000000000000000e+00,0.000000000000000000e+00
-1.637918651238844947e-01,4.451996726225077028e-01,8.621592400893834940e-01,3.777327652158546378e-02,2.116002667478941723e-02,6.640082697382286847e-01,7.464706629005519734e-01,-4.450722784063691484e-01,2.920683993945855789e-02,-4.004559240962495270e-01,2.337779464667976703e-01,-1.749704188297739743e-02,-1.665975584801478726e-01,-7.063252975183569038e-02,-1.061437280097993902e-01,3.750339731763727702e-01,7.213308110239371462e-01,-5.937628267525465464e-01,1.391204191376451960e-01,-6.797130412170640512e-02,0.000000000000000000e+00,0.000000000000000000e+00,-4.374337091667966637e-02,3.234581856580729387e-01,-4.261471201711602985e-01,1.081204623319395264e+00,0.000000000000000000e+00,0.000000000000000000e+00,0.000000000000000000e+00,-2.353322785086310043e-01,-1.154459879098089781e+00,-3.640194641606500636e-01,1.369430723591648524e+00,0.000000000000000000e+00,0.000000000000000000e+00,0.000000000000000000e+00
-1.710059660594557551e-01,4.585467714648764348e-01,8.606532865319658221e-01,3.894172020173577997e-02,1.882959977247185973e-02,6.543548590804479925e-01,7.549494731423719296e-01,-4.328977684352963706e-01,2.434966454188942225e-02,-4.074024693074096426e-01,2.471565187949067988e-01,-1.476706710571310671e-02,-1.707708920971950650e-01,-5.617599625240387445e-02,-1.242700582524298436e-01,3.765528806692272079e-01,7.041296356227852993e-01,-5.513586351955475084e-01,1.490143298349621281e-01,-7.086184534376141486e-02,0.000000000000000000e+00,0.000000000000000000e+00,-4.629769780505875454e-02,3.235787286782360050e-01,-4.215985866474248889e-01,1.094659077006127301e+00,0.000000000000000000e+00,0.000000000000000000e+00,0.000000000000000000e+00,-2.372739955090585884e-01,-1.159540320762877164e+00,-3.796202875842460966e-01,1.367480389873406255e+00,0.000000000000000000e+00,0.000000000000000000e+00,0.000000000000000000e+00
-1.784627492535566240e-01,4.720190958657906610e-01,8.597413959572753894e-01,4.026763606975461429e-02,1.541190315585989207e-02,6.419897477450314804e-01,7.654999376333997407e-01,-4.196049954472295673e-01,1.984024021103285990e-02,-4.107426676476878535e-01,2.549696985573561836e-01,-1.414673244859602705e-02,-1.723939472532320383e-01,-3.989758439754068770e-02,-1.433993283900454330e-01,3.817471731957592374e-01,6.768894179948448109e-01,-4.882587900661262692e-01,1.645671391148430529e-01,-7.281934848601590016e-02,0.000000000000000000e+00,0.000000000000000000e+00,-4.806324092494524552e-02,3.271632972832784203e-01,-4.251741084991116360e-01,1.100472229380722311e+00,0.000000000000000000e+00,0.000000000000000000e+00,0.000000000000000000e+00,-2.462842640542847739e-01,-1.162913547254287083e+00,-3.819168020438937217e-01,1.365478806259741384e+00,0.000000000000000000e+00,0.000000000000000000e+00,0.000000000000000000e+00
-1.857527894519847289e-01,4.863012731513475240e-01,8.586429975681572069e-01,4.048611022897222883e-02,1.509251922086443654e-02,6.331205226918920070e-01,7.728463589151731705e-01,-4.137237313578803199e-01,1.562402767477558130e-03,-4.108372550985661675e-01,2.851434513533831483e-01,-3.350973445739351825e-02,-1.650579641785579199e-01,-2.571157968952696160e-02,-1.654739926276387885e-01,3.851799930348941414e-01,6.474845554673487324e-01,-4.207066956974885863e-01,1.833391033540588966e-01,-7.505829507094971542e-02,0.000000000000000000e+00,0.000000000000000000e+00,-5.236973831915157918e-02,3.250289135249209149e-01,-4.269137022620212996e-01,1.103023621133606413e+00,0.000000000000000000e+00,0.000000000000000000e+00,0.000000000000000000e+00,-2.493239047982558632e-01,-1.173644237171644900e+00,-3.920250458767601254e-01,1.364828035501368886e+00,0.000000000000000000e+00,0.000000000000000000e+00,0.000000000000000000e+00
-1.927356463191805536e-01,5.009807690649663581e-01,8.575752122682969159e-01,4.241460957296389750e-02,1.785848336599454161e-02,6.245357066961644277e-01,7.796391643113894654e-01,-4.110138874612997428e-01,-2.165886577556886891e-02,-3.998650580450099357e-01,3.233395600971796235e-01,-6.804772994634271377e-02,-1.505133813993418668e-01,-1.434224575132199940e-02,-1.938969659886290442e-01,3.927151780736942710e-01,6.233206665657931023e-01,-3.551253403228319394e-01,2.048667017947467528e-01,-8.024573872606215186e-02,0.000000000000000000e+00,0.000000000000000000e+00,-5.991219511817836435e-02,3.211559151304066995e-01,-4.313765455915591907e-01,1.102943347618182690e+00,0.000000000000000000e+00,0.000000000000000000e+00,0.000000000000000000e+00,-2.486703922011062884e-01,-1.183686269935125601e+00,-4.045912308681791636e-01,1.364957378022761958e+00,0.000000000000000000e+00,0.000000000000000000e+00,0.000000000000000000e+00
-1.994432459916210265e-01,5.160389126982620756e-01,8.569978385912739860e-01,4.623035326503122794e-02,1.996659121083470267e-02,6.138436865101197792e-01,7.878197878982700075e-01,-4.087349247631263394e-01,-3.869426954858422307e-02,-3.762354443745121735e-01,3.646440174015017077e-01,-1.105375886879561009e-01,-1.370828012663293793e-01,9.131093641831806301e-04,-2.268985389158137134e-01,3.999667214021059292e-01,5.947225113374567940e-01,-2.817435422890737229e-01,2.226333542043328062e-01,-8.822924729051333237e-02,0.000000000000000000e+00,0.000000000000000000e+00,-6.449960934493061127e-02,3.211132391578634948e-01,-4.379765847249008082e-01,1.105982924921334654e+00,0.000000000000000000e+00,0.000000000000000000e+00,0.000000000000000000e+00,-2.535722351164917954e-01,-1.197364826202574672e+00,-4.202213845751665011e-01,1.370812771093128823e+00,0.000000000000000000e+00,0.000000000000000000e+00,0.000000000000000000e+00
-2.059445177216958356e-01,5.314875182861722447e-01,8.578218777135298012e-01,4.811807545356032445e-02,2.403476773536043082e-02,6.053253631027351034e-01,7.941587911363156005e-01,-4.087027614550471921e-01,-5.622007787883230578e-02,-3.514402861550765533e-01,3.992970368032404127e-01,-1.523413577856206069e-01,-1.118151650688341131e-01,1.950081473530567225e-02,-2.582575949268259285e-01,4.087097561376639154e-01,5.508486496722512227e-01,-1.936443722846777626e-01,2.410887854561864496e-01,-9.426657546186158199e-02,0.000000000000000000e+00,0.000000000000000000e+00,-7.234347515610857482e-02,3.178942022429775971e-01,-4.357685608606773342e-01,1.109442119415140482e+00,0.000000000000000000e+00,0.000000000000000000e+00,0.000000000000000000e+00,-2.450683884376973209e-01,-1.199267678535969273e+00,-4.242369298144481604e-01,1.365272498876136442e+00,0.000000000000000000e+00,0.000000000000000000e+00,0.000000000000000000e+00
-2.116451792406875421e-01,5.466806152772667460e-01,8.580731443383168289e-01,5.105221032582925311e-02,2.731669067804245662e-02,5.960163938176800125e-01,8.008819691638807692e-01,-4.092044699548629816e-01,-7.582203802887364785e-02,-3.297864235710742387e-01,4.427545429037016977e-01,-1.977343131524323394e-01,-8.632634220538798475e-02,3.365898605846079361e-02,-2.878743928660548179e-01,4.174478877183777636e-01,5.193240128842018244e-01,-9.743111459410502828e-02,2.615145567284809514e-01,-9.955333822777961972e-02,0.000000000000000000e+00,0.000000000000000000e+00,-7.828590237639043714e-02,3.165119865372310604e-01,-4.402032463280850516e-01,1.106911256241401853e+00,0.000000000000000000e+00,0.000000000000000000e+00,0.000000000000000000e+00,-2.442258229080226661e-01,-1.211349121558627839e+00,-4.358609389374555332e-01,1.369341454891912724e+00,0.000000000000000000e+00,0.000000000000000000e+00,0.000000000000000000e+00
-2.152280321065506707e-01,5.620436672437408854e-01,8.598228549870574611e-01,4.845938890040001057e-02,2.855877846511289259e-02,5.868592525997222697e-01,8.077328156253623659e-01,-4.083134401072525677e-01,-7.589737745884399256e-02,-3.071337805195365478e-01,4.753502730399396525e-01,-2.335257473208204593e-01,-7.507120682259352251e-02,5.274400870353203319e-02,-3.039392663003629980e-01,4.106798987790736821e-01,4.721105831235068440e-01,1.605189399764084604e-03,2.617999982159795458e-01,-1.064105967018854071e-01,0.000000000000000000e+00,0.000000000000000000e+00,-8.587151446764391960e-02,3.209648264344187041e-01,-4.480809977961999202e-01,1.107535861061569538e+00,0.000000000000000000e+00,0.000000000000000000e+00,0.000000000000000000e+00,-2.459766431372524820e-01,-1.208393132616693233e+00,-4.441590006891267817e-01,1.375536761924607054e+00,0.000000000000000000e+00,0.000000000000000000e+00,0.000000000000000000e+00
-2.188090193190221910e-01,5.766704763124580468e-01,8.620615307152758033e-01,4.589200876210359353e-02,2.953320704438491817e-02,5.798971119055930101e-01,8.128597989918092681e-01,-4.056298490324578010e-01,-7.974749420861290683e-02,-2.912590715902018679e-01,5.037653033165500061e-01,-2.628023771535720754e-01,-5.735307882821887027e-02,6.766601774635212785e-02,-3.158665541035623470e-01,4.005260772138268810e-01,4.413691471841948433e-01,9.480799445066799558e-02,2.617999999997769889e-01,-1.118347296376088346e-01,0.000000000000000000e+00,0.000000000000000000e+00,-9.218377248831988169e-02,3.269103495571646367e-01,-4.551212010728961643e-01,1.105986988463569576e+00,0.000000000000000000e+00,0.000000000000000000e+00,0.000000000000000000e+00,-2.449173180737058142e-01,-1.207640195515868431e+00,-4.605572249225656778e-01,1.381513648749643552e+00,0.000000000000000000e+00,0.000000000000000000e+00,0.000000000000000000e+00
-2.238002209732609937e-01,5.904774716514733512e-01,8.639888931703931796e-01,4.393234971591822302e-02,3.223341008012971937e-02,5.697196515658699001e-01,8.200307765826281292e-01,-4.035874986883199456e-01,-8.140269674431308000e-02,-2.644322223304338970e-01,5.248228897860588438e-01,-2.881970412114638336e-01,-4.325892724986142579e-02,7.078331400042633947e-02,-3.381557441301930034e-01,3.833587497678601075e-01,4.148793455438490319e-01,1.715180951700590872e-01,2.617999999999999217e-01,-1.162395320448381397e-01,0.000000000000000000e+00,0.000000000000000000e+00,-9.851505698046494897e-02,3.348782396758890334e-01,-4.668530512775142527e-01,1.099699274930368897e+00,0.000000000000000000e+00,0.000000000000000000e+00,0.000000000000000000e+00,-2.417403408389936226e-01,-1.208752902318398270e+00,-4.752573634288492221e-01,1.391335110345151893e+00,0.000000000000000000e+00,0.000000000000000000e+00,0.000000000000000000e+00
-2.302130693697504726e-01,6.034427277119872590e-01,8.657065378319532822e-01,4.374169403011935603e-02,3.593709237211796526e-02,5.602063316414982452e-01,8.264163935837604003e-01,-3.991337085286387754e-01,-8.920141262119173076e-02,-2.381388567071635320e-01,5.358733987902587481e-01,-3.091668330480489835e-01,-2.634597464349880055e-02,6.513703797271175322e-02,-3.633053456437159157e-01,3.626238520366893980e-01,4.064733063394537771e-01,2.283866383689607260e-01,2.617999999999999772e-01,-1.172831969675937613e-01,0.000000000000000000e+00,0.000000000000000000e+00,-1.029424806305242884e-01,3.397969381122223353e-01,-4.695733062723822515e-01,1.091294312996926363e+00,0.000000000000000000e+00,0.000000000000000000e+00,0.000000000000000000e+00,-2.349855230773290893e-01,-1.211826931509159877e+00,-4.931436544575524827e-01,1.398814027059309240e+00,0.000000000000000000e+00,0.000000000000000000e+00,0.000000000000000000e+00
-2.361630916159089544e-01,6.154087485283590286e-01,8.670496669232485853e-01,4.491235512388705442e-02,3.781784198612776066e-02,5.495866369655098005e-01,8.333709976077154913e-01,-3.908014997971037685e-01,-9.317156658183441131e-02,-2.059711984601171053e-01,5.459770207128414876e-01,-3.281739882653132989e-01,-1.772771038831483584e-02,6.203232182762314501e-02,-3.791818083357260671e-01,3.412127250304973769e-01,4.010396695529869771e-01,2.609858799258643058e-01,2.617999999999999772e-01,-1.193449895309374453e-01,0.000000000000000000e+00,0.000000000000000000e+00,-1.094004207728499212e-01,3.410354140684022095e-01,-4.759624535974040782e-01,1.087981935783039811e+00,0.000000000000000000e+00,0.000000000000000000e+00,0.000000000000000000e+00,-2.269350210214647889e-01,-1.208012656939908114e+00,-5.039340569947291515e-01,1.399491383616500162e+00,0.000000000000000000e+00,0.000000000000000000e+00,0.000000000000000000e+00
-2.402808104264136935e-01,6.260791530203694277e-01,8.692346105888321128e-01,4.106815071893542279e-02,3.626805115181541694e-02,5.392013797243896400e-01,8.403927103238645335e-01,-3.806898699592014546e-01,-8.233716332602464272e-02,-1.823768927462691425e-01,5.536898182486190700e-01,-3.503264375344873338e-01,-1.027768379505678877e-02,5.941056785105022775e-02,-3.707900463431503257e-01,3.072834422493087581e-01,3.929963066343008515e-01,2.788694562237889474e-01,2.617999999999999772e-01,-1.216338956057008147e-01,0.000000000000000000e+00,0.000000000000000000e+00,-1.157049958056830252e-01,3.532305650219562665e-01,-4.772946212187156867e-01,1.086555159280543359e+00,0.000000000000000000e+00,0.000000000000000000e+00,0.000000000000000000e+00,-2.144030612241115685e-01,-1.203940191808606563e+00,-5.113592511448679101e-01,1.408517062602832270e+00,0.000000000000000000e+00,0.000000000000000000e+00,0.000000000000000000e+00
-2.458006537405754699e-01,6.362903045640064814e-01,8.718589091259331125e-01,3.858353154648332117e-02,3.462329284004136282e-02,5.254368940883029637e-01,8.492517936496521980e-01,-3.662815374588934692e-01,-7.302167308586321459e-02,-1.541107017527333922e-01,5.551187606491000404e-01,-3.663722411644159682e-01,-3.573341321805468401e-04,4.991533865083266908e-02,-3.604555546495302742e-01,2.819187644720708708e-01,4.005421472077898004e-01,2.480941341183993953e-01,2.617999999999999772e-01,-1.259085518676878734e-01,0.000000000000000000e+00,0.000000000000000000e+00,-1.200667965530366754e-01,3.647641530756188244e-01,-4.823052230793419826e-01,1.088351530734187111e+00,0.000000000000000000e+00,0.000000000000000000e+00,0.000000000000000000e+00,-2.089725033653039021e-01,-1.198161020281638400e+00,-5.151926905982870952e-01,1.413914788839125025e+00,0.000000000000000000e+00,0.000000000000000000e+00,0.000000000000000000e+00
-2.514508375196043977e-01,6.459802049111239564e-01,8.743703298958001024e-01,3.575270578224652024e-02,3.472094233914051198e-02,5.140941241481840063e-01,8.562846674492319288e-01,-3.544960371265994392e-01,-6.906992453108892760e-02,-1.334517065549762072e-01,5.501054971713409403e-01,-3.771129679128147338e-01,5.620529808317434664e-03,3.995741087180272599e-02,-3.452417533513637005e-01,2.595730441337809613e-01,4.077433156705069783e-01,2.038777591761535835e-01,2.617999999999999772e-01,-1.264971802315942584e-01,0.000000000000000000e+00,0.000000000000000000e+00,-1.211225565980820346e-01,3.743371744207872887e-01,-4.862123234806541294e-01,1.092218052070008882e+00,0.000000000000000000e+00,0.000000000000000000e+00,0.000000000000000000e+00,-2.013510464029909242e-01,-1.191494000817886034e+00,-5.151268433633388044e-01,1.420176188604278078e+00,0.000000000000000000e+00,0.000000000000000000e+00,0.000000000000000000e+00
-2.586288958210142264e-01,6.548372614191674268e-01,8.761843701066983625e-01,3.424735652914686485e-02,3.217751688827382578e-02,5.011841866168199600e-01,8.640637343754841160e-01,-3.406551431993654622e-01,-6.352511178419251170e-02,-1.045040372693838843e-01,5.505568458530690767e-01,-3.906113606763830792e-01,1.952911362488543578e-02,2.460453538131437273e-02,-3.385641084526522238e-01,2.356838086626654727e-01,4.230818458599626131e-01,1.700749457858756197e-01,2.617999999999999217e-01,-1.279919322824827621e-01,0.000000000000000000e+00,0.000000000000000000e+00,-1.206689232232575210e-01,3.746311707132233271e-01,-4.812045817685098315e-01,1.092349983480523035e+00,0.000000000000000000e+00,0.000000000000000000e+00,0.000000000000000000e+00,-1.963641866673096481e-01,-1.186415165122852944e+00,-5.105214907746407071e-01,1.417315889475915247e+00,0.000000000000000000e+00,0.000000000000000000e+00,0.000000000000000000e+00
-2.657984178746667370e-01,6.635805455502604699e-01,8.780327699114782725e-01,3.249986976910635567e-02,3.264108523889523022e-02,4.882547121865852824e-01,8.714847411441083436e-01,-3.301719634539851400e-01,-6.064111577484596061e-02,-7.377851983344865805e-02,5.435434498735759457e-01,-3.991993716818201809e-01,3.227960464727029632e-02,1.053960388315517901e-02,-3.350605318517189679e-01,2.156102220205174669e-01,4.337634390853150612e-01,1.327022015977695757e-01,2.617999999999999772e-01,-1.284056267323708256e-01,0.000000000000000000e+00,0.000000000000000000e+00,-1.170622960547865465e-01,3.758202708818640381e-01,-4.757259448082693520e-01,1.093206041449577670e+00,0.000000000000000000e+00,0.000000000000000000e+00,0.000000000000000000e+00,-1.915706928190408775e-01,-1.181472779225791969e+00,-5.028295422088275846e-01,1.415544490659597088e+00,0.000000000000000000e+00,0.000000000000000000e+00,0.000000000000000000e+00
-2.744594011172923897e-01,6.722107106946112465e-01,8.784298389725868628e-01,3.470796075434324363e-02,3.286429274257181982e-02,4.725941340564540627e-01,8.799829999370649691e-01,-3.198312009029327108e-01,-6.773973173101795198e-02,-4.172859102535969589e-02,5.434821442693711369e-01,-4.118444781566253377e-01,4.669128391535697087e-02,-1.169738960905289740e-02,-3.439559905465950918e-01,1.975526854477090144e-01,4.505776370685714571e-01,9.575807342328512828e-02,2.617999999999999772e-01,-1.316458415087607969e-01,0.000000000000000000e+00,0.000000000000000000e+00,-1.117248501478413092e-01,3.698446059220041882e-01,-4.730478294337743805e-01,1.098644597898779107e+00,0.000000000000000000e+00,0.000000000000000000e+00,0.000000000000000000e+00,-1.868988010528249422e-01,-1.178516471315205871e+00,-4.889742753564567668e-01,1.403356349135168157e+00,0.000000000000000000e+00,0.000000000000000000e+00,0.000000000000000000e+00
-2.817978437758653087e-01,6.799047765991639292e-01,8.785854031012887422e-01,3.581802857343169971e-02,3.250605440462477069e-02,4.581175878112365707e-01,8.875746171416637464e-01,-3.120606356055672381e-01,-7.146653051384641020e-02,-1.208074551525112339e-02,5.464716565624554434e-01,-4.241128597102474806e-01,6.235303578881876141e-02,-2.929901433595549776e-02,-3.398672985397624968e-01,1.775265678396031888e-01,4.639802507297401957e-01,5.591425427194948033e-02,2.617999999999999772e-01,-1.283510774178742708e-01,0.000000000000000000e+00,0.000000000000000000e+00,-1.074072403698725919e-01,3.617250319471423947e-01,-4.687067329043609898e-01,1.102161225860766702e+00,0.000000000000000000e+00,0.000000000000000000e+00,0.000000000000000000e+00,-1.858110821050069639e-01,-1.172215004242101344e+00,-4.739752736843592662e-01,1.399301642778854049e+00,0.000000000000000000e+00,0.000000000000000000e+00,0.000000000000000000e+00
-2.889612255249649486e-01,6.875395387350174969e-01,8.788093538971463170e-01,3.716753439195646935e-02,3.320819805510483169e-02,4.436044140815798009e-01,8.948356909380038582e-01,-3.050803211810330096e-01,-7.527145065107265776e-02,2.029139368196494070e-02,5.449794050832419412e-01,-4.310710981869741443e-01,7.445329432517296120e-02,-4.966573365043438354e-02,-3.389612816071332357e-01,1.516415714576833107e-01,4.781724637783471010e-01,8.661394758874084443e-03,2.617999999999999772e-01,-1.278422575724451615e-01,0.000000000000000000e+00,0.000000000000000000e+00,-1.036087423669053431e-01,3.587640221083102654e-01,-4.689525111196787277e-01,1.110999366080452022e+00,0.000000000000000000e+00,0.000000000000000000e+00,0.000000000000000000e+00,-1.798015124180608049e-01,-1.168237937320234732e+00,-4.487204810939248167e-01,1.387312513087688437e+00,0.000000000000000000e+00,0.000000000000000000e+00,0.000000000000000000e+00
-2.953312011997464848e-01,6.945426356871809981e-01,8.784199755543549148e-01,4.005645237202407755e-02,3.425167786003301823e-02,4.305796471836508266e-01,9.010124697352104306e-01,-2.976856803757985115e-01,-8.462065211945327126e-02,4.754092707771456067e-02,5.426444153193542563e-01,-4.425995842003669356e-01,8.825766184495377475e-02,-7.541208805644167290e-02,-3.278555976674715766e-01,1.314808593154958849e-01,5.086503720496575731e-01,-4.645936754683575864e-02,2.617999999999999772e-01,-1.290663350903477058e-01,0.000000000000000000e+00,0.000000000000000000e+00,-1.010792652554072940e-01,3.565759714445140283e-01,-4.714212415431924819e-01,1.114444054133903350e+00,0.000000000000000000e+00,0.000000000000000000e+00,0.000000000000000000e+00,-1.767383644149554400e-01,-1.167447854619650283e+00,-4.326321702264426250e-01,1.383267255168787013e+00,0.000000000000000000e+00,0.000000000000000000e+00,0.000000000000000000e+00
-3.016617433637834855e-01,7.014656794774514204e-01,8.781681868498113497e-01,4.165870101362931927e-02,3.555962645089467272e-02,4.193106405279089510e-01,9.061890820003323244e-01,-2.920287165639752214e-01,-9.164737690544845494e-02,7.510277416064094214e-02,5.390341704278109880e-01,-4.557629311917020254e-01,1.024141584018078421e-01,-1.028915937832867722e-01,-3.194838023237931424e-01,1.050058544116660719e-01,5.416805194507334775e-01,-1.091438515955102107e-01,2.617999999999999772e-01,-1.302898536313537858e-01,0.000000000000000000e+00,0.000000000000000000e+00,-9.715953761782147868e-02,3.536609354176795672e-01,-4.706224129296747161e-01,1.113886657788735191e+00,0.000000000000000000e+00,0.000000000000000000e+00,0.000000000000000000e+00,-1.748577126196491360e-01,-1.164708981494217754e+00,-4.215895172481841091e-01,1.375484583808607830e+00,0.000000000000000000e+00,0.000000000000000000e+00,0.000000000000000000e+00
-3.058778993950834191e-01,7.067390554393908619e-01,8.780123760662749133e-01,4.128404964683813488e-02,3.783790715993085030e-02,4.086727404738149105e-01,9.109613115934925842e-01,-2.893037099872877160e-01,-9.545220333735295049e-02,9.431367433541916478e-02,5.322074288683105170e-01,-4.663918802950805520e-01,1.155979672520022900e-01,-1.310729583516111463e-01,-2.934822746903283375e-01,8.491461639809369522e-02,5.790554073864591089e-01,-1.725876283315977144e-01,2.487391550806519747e-01,-1.338120645756525340e-01,0.000000000000000000e+00,0.000000000000000000e+00,-9.060711225677278713e-02,3.540689335200949417e-01,-4.746093481320132201e-01,1.111944602511887314e+00,0.000000000000000000e+00,0.000000000000000000e+00,0.000000000000000000e+00,-1.778339988113584180e-01,-1.157511690764121859e+00,-3.956310246219379434e-01,1.373018808876429686e+00,0.000000000000000000e+00,0.000000000000000000e+00,0.000000000000000000e+00
-3.092625825802777784e-01,7.111517425378526269e-01,8.788605356378201838e-01,3.918674129952288282e-02,3.724706671716163098e-02,3.954674801439524989e-01,9.168874126499307886e-01,-2.822205972406629515e-01,-8.878562113100516018e-02,1.155154241066554954e-01,5.260072433006072190e-01,-4.724811735444484628e-01,1.211598037561525953e-01,-1.462836262424372924e-01,-2.697166545839361218e-01,5.952034178958086341e-02,5.891755988844502578e-01,-2.274622189162704422e-01,2.331394061374245930e-01,-1.401967731738487100e-01,0.000000000000000000e+00,0.000000000000000000e+00,-8.543695711216978128e-02,3.560095227399673878e-01,-4.819835049118905701e-01,1.128686188427265202e+00,0.000000000000000000e+00,0.000000000000000000e+00,0.000000000000000000e+00,-1.768072058429120130e-01,-1.148447963192514187e+00,-3.785297291561425248e-01,1.372375253339001233e+00,0.000000000000000000e+00,0.000000000000000000e+00,0.000000000000000000e+00
-3.121963896892021584e-01,7.150966329713900338e-01,8.797782617361699087e-01,3.684770991139615232e-02,3.825154880244353156e-02,3.826314164959088715e-01,9.223731698173112115e-01,-2.749000129385786861e-01,-8.485127574157605435e-02,1.325548555044934462e-01,5.113172760938443639e-01,-4.773064838436931190e-01,1.283990765411394674e-01,-1.614679383366966481e-01,-2.523013617016285348e-01,3.609399059025145129e-02,5.929840039640829064e-01,-2.643669520288707830e-01,2.202671756791031721e-01,-1.389497149701367784e-01,0.000000000000000000e+00,0.000000000000000000e+00,-7.972494674288785332e-02,3.547844847313086913e-01,-4.709712418198994666e-01,1.137740207861854147e+00,0.000000000000000000e+00,0.000000000000000000e+00,0.000000000000000000e+00,-1.800376093461451277e-01,-1.138821708365391983e+00,-3.556012764183305586e-01,1.367754694308258578e+00,0.000000000000000000e+00,0.000000000000000000e+00,0.000000000000000000e+00
-3.145527916450661654e-01,7.180616203898962935e-01,8.804107981916007297e-01,3.724361664203608424e-02,3.982173686160891263e-02,3.710241686158213259e-01,9.270211478686363193e-01,-2.691576173039135211e-01,-8.505256584403431130e-02,1.512297197343174249e-01,4.984757878928796626e-01,-4.734576909564430225e-01,1.307978464736192781e-01,-1.727751210837681350e-01,-2.385305982473923947e-01,1.755570886725171115e-02,5.903548592707265064e-01,-2.951356249536665199e-01,2.091131088869595533e-01,-1.391447705314501071e-01,0.000000000000000000e+00,0.000000000000000000e+00,-7.562174987893657829e-02,3.562020268253527355e-01,-4.807892888180331781e-01,1.152298330921906588e+00,0.000000000000000000e+00,0.000000000000000000e+00,0.000000000000000000e+00,-1.774315201457584701e-01,-1.127906815032556853e+00,-3.329550189091163293e-01,1.364526583307541507e+00,0.000000000000000000e+00,0.000000000000000000e+00,0.000000000000000000e+00
-3.167650277049697816e-01,7.208652347942375860e-01,8.815706042363882222e-01,3.386953510048617416e-02,4.150462466718819049e-02,3.568412346198381879e-01,9.326277681895935867e-01,-2.645525169250101949e-01,-7.505804042286806643e-02,1.743776844791343761e-01,4.845609704815403429e-01,-4.761268716876345675e-01,1.348844325905518282e-01,-1.890273961851202666e-01,-2.250184448018791583e-01,-3.142138817277546903e-03,5.844637991213779138e-01,-3.354980549965414505e-01,1.985880187888819925e-01,-1.357727149714754722e-01,0.000000000000000000e+00,0.000000000000000000e+00,-6.862159577221199624e-02,3.630571409397254090e-01,-4.794557932698268465e-01,1.156963605377465676e+00,0.000000000000000000e+00,0.000000000000000000e+00,0.000000000000000000e+00,-1.788179089160781832e-01,-1.114478254235014010e+00,-3.055816631998567456e-01,1.355198784530964762e+00,0.000000000000000000e+00,0.000000000000000000e+00,0.000000000000000000e+00
-3.186122799730630173e-01,7.228481881208788096e-01,8.818925230117841130e-01,3.190467357587797176e-02,4.379404225971556680e-02,3.454446380544007322e-01,9.368736177873911997e-01,-2.678694543461115907e-01,-6.989291089747015628e-02,1.896442932772807732e-01,4.824841895908853484e-01,-4.763420840827427005e-01,1.374591285528490303e-01,-1.994839796070853044e-01,-2.154630141518564801e-01,-1.886088933525430916e-02,5.762193355849607457e-01,-3.523768855050986581e-01,1.897252762810844595e-01,-1.316695731585452722e-01,0.000000000000000000e+00,0.000000000000000000e+00,-6.746646518439322615e-02,3.728678340234250488e-01,-4.894862838770832059e-01,1.165266019492307903e+00,0.000000000000000000e+00,0.000000000000000000e+00,0.000000000000000000e+00,-1.761892051570192186e-01,-1.107056670608811189e+00,-2.743791432374640960e-01,1.350913713611800349e+00,0.000000000000000000e+00,0.000000000000000000e+00,0.000000000000000000e+00
-3.202966955418311557e-01,7.243566503470965090e-01,8.822895888337557446e-01,2.939245176465518639e-02,4.627211377414317678e-02,3.324447778983137258e-01,9.415282496634260756e-01,-2.709164384697003158e-01,-6.126730888197908648e-02,2.098085523120425955e-01,4.796720722933356384e-01,-4.799118537626959058e-01,1.417178635129119346e-01,-2.150211487040528391e-01,-2.083986323940846819e-01,-3.375537880625091580e-02,5.706454135377323489e-01,-3.767894935470922912e-01,1.773815399253756142e-01,-1.299556081833701804e-01,0.000000000000000000e+00,0.000000000000000000e+00,-6.191892434935514222e-02,3.831139538801214273e-01,-4.851999842882532832e-01,1.168498623018414895e+00,0.000000000000000000e+00,0.000000000000000000e+00,0.000000000000000000e+00,-1.763440074904029931e-01,-1.098866338056533554e+00,-2.589377592324345612e-01,1.346527890607023048e+00,0.000000000000000000e+00,0.000000000000000000e+00,0.000000000000000000e+00
-3.217814497092893467e-01,7.254328239144152146e-01,8.830300894909580700e-01,2.705139312357035877e-02,4.912474088423712110e-02,3.217204923580510578e-01,9.451724217094055192e-01,-2.740427637907763003e-01,-5.572662735901049574e-02,2.222052899794303982e-01,4.731205504394455641e-01,-4.782974520476861446e-01,1.433244768558284976e-01,-2.235740947597618655e-01,-1.933309517668944655e-01,-3.842956646743383303e-02,5.517546070253448454e-01,-3.860818459607422981e-01,1.753615504667741243e-01,-1.255149632404008175e-01,0.000000000000000000e+00,0.000000000000000000e+00,-6.414439787222317446e-02,3.930548469175172421e-01,-4.829893671336606964e-01,1.178117368286409894e+00,0.000000000000000000e+00,0.000000000000000000e+00,0.000000000000000000e+00,-1.764387499364559742e-01,-1.082641221665504361e+00,-2.350893786643074856e-01,1.341702436425215916e+00,0.000000000000000000e+00,0.000000000000000000e+00,0.000000000000000000e+00
-3.232562261822772287e-01,7.259756818718680060e-01,8.838722983007718526e-01,2.365052572305320622e-02,5.102582505761677628e-02,3.089850666449708849e-01,9.494025734116240400e-01,-2.774389952168656026e-01,-4.461599475142384585e-02,2.367207577128224161e-01,4.695999581798720457e-01,-4.761897003358063762e-01,1.427545058073305118e-01,-2.364220572799667908e-01,-1.832078017573531281e-01,-4.415137118292523227e-02,5.369415561945714011e-01,-4.032053107118984681e-01,1.652005239110696799e-01,-1.209177101139887467e-01,0.000000000000000000e+00,0.000000000000000000e+00,-6.044415501822249237e-02,4.069696836028191544e-01,-4.801398326874035116e-01,1.179734046857844998e+00,0.000000000000000000e+00,0.000000000000000000e+00,0.000000000000000000e+00,-1.782164847218258852e-01,-1.069122205594729591e+00,-2.097689167861845616e-01,1.338341103578157165e+00,0.000000000000000000e+00,0.000000000000000000e+00,0.000000000000000000e+00
-3.248225554236729984e-01,7.261114582138697982e-01,8.843434081958710946e-01,2.191484956748514235e-02,5.380111338388565700e-02,2.987170755720212068e-01,9.525719334143678552e-01,-2.809615587197304420e-01,-4.094915390791854098e-02,2.457516150460008486e-01,4.627801392911391476e-01,-4.763345575295866441e-01,1.484900530309094802e-01,-2.508634617272067491e-01,-1.768030026925129505e-01,-4.517422306168415030e-02,5.247608808199706321e-01,-4.064123554498751401e-01,1.563141291243131115e-01,-1.174666530034775280e-01,0.000000000000000000e+00,0.000000000000000000e+00,-5.748322575393126355e-02,4.162624973891848601e-01,-4.679298602443484612e-01,1.180663441946708359e+00,0.000000000000000000e+00,0.000000000000000000e+00,0.000000000000000000e+00,-1.844743092102435200e-01,-1.061927310085339027e+00,-1.912914855091307764e-01,1.341367378260962306e+00,0.000000000000000000e+00,0.000000000000000000e+00,0.000000000000000000e+00
-3.263360774494374339e-01,7.259214220888828839e-01,8.855994259520615364e-01,1.882914075012208019e-02,5.788144519387446174e-02,2.845814263632846508e-01,9.567176247618304208e-01,-2.834187153644057156e-01,-3.555419794824177249e-02,2.517039157277515815e-01,4.450439649785336016e-01,-4.694149057656365476e-01,1.462843644741851912e-01,-2.601527805259774562e-01,-1.695668657472479413e-01,-4.803328400834984413e-02,5.014978710813390306e-01,-4.111106729939812965e-01,1.517615511329407363e-01,-1.122548690485293266e-01,0.000000000000000000e+00,0.000000000000000000e+00,-5.182249608307537558e-02,4.238749183656539410e-01,-4.479738537346389937e-01,1.181105161558644090e+00,0.000000000000000000e+00,0.000000000000000000e+00,0.000000000000000000e+00,-1.952419921102389044e-01,-1.049419169477805669e+00,-1.709021272727859753e-01,1.337705027024875593e+00,0.000000000000000000e+00,0.000000000000000000e+00,0.000000000000000000e+00
-3.281835776629532520e-01,7.250570108332364816e-01,8.860002960768711411e-01,1.774473486458926635e-02,6.038308525150434120e-02,2.709758555915849909e-01,9.605264666246854377e-01,-2.904428069484563668e-01,-3.003470709323744631e-02,2.611495630442139948e-01,4.437807077924650345e-01,-4.612730630559389589e-01,1.524790483435578547e-01,-2.747347713339600705e-01,-1.673005401204129272e-01,-5.364832430507998628e-02,4.952784515597003501e-01,-4.088180156404030985e-01,1.433743197516040846e-01,-1.084099966766256390e-01,0.000000000000000000e+00,0.000000000000000000e+00,-4.613334955298487722e-02,4.284758925246671124e-01,-4.364328558458426821e-01,1.185248647236322395e+00,0.000000000000000000e+00,0.000000000000000000e+00,0.000000000000000000e+00,-1.975583411498046671e-01,-1.046582444466839457e+00,-1.587082529509791229e-01,1.336755704346715978e+00,0.000000000000000000e+00,0.000000000000000000e+00,0.000000000000000000e+00
-3.303469933292128013e-01,7.239216121699023621e-01,8.875034103529018115e-01,1.591215777353704314e-02,6.266221266786492494e-02,2.602271665002874879e-01,9.633805437903490976e-01,-2.894303709911709155e-01,-2.411239640942711149e-02,2.718361429741605328e-01,4.249429821443672095e-01,-4.459261548465150438e-01,1.534917287994175261e-01,-2.796184082754094580e-01,-1.637053399369690909e-01,-6.013149510791997165e-02,4.694513872077475947e-01,-3.961892766152877443e-01,1.410740305743524159e-01,-1.026014248868177964e-01,0.000000000000000000e+00,0.000000000000000000e+00,-4.589671440950364445e-02,4.283484294357765010e-01,-4.183494152984882919e-01,1.197610349313670719e+00,0.000000000000000000e+00,0.000000000000000000e+00,0.000000000000000000e+00,-2.065699411968283383e-01,-1.038928151779277886e+00,-1.473610593667825652e-01,1.344874379268017561e+00,0.000000000000000000e+00,0.000000000000000000e+00,0.000000000000000000e+00
-3.326705885161629905e-01,7.224770459961868951e-01,8.885590009002725109e-01,1.530733154944426133e-02,6.430679239252318213e-02,2.512621349644642010e-01,9.656591850058277027e-01,-2.878776491528189929e-01,-2.225573591795382972e-02,2.780579784809686372e-01,4.073505125336700505e-01,-4.329317356934940242e-01,1.568755242108613168e-01,-2.860255928674479975e-01,-1.604383651181799375e-01,-5.976286496335200815e-02,4.560696941594702958e-01,-3.868168393393595639e-01,1.371515529430133440e-01,-9.890177041030073779e-02,0.000000000000000000e+00,0.000000000000000000e+00,-4.129027530730172701e-02,4.305655775092805393e-01,-4.099955194213963372e-01,1.197555399017868671e+00,0.000000000000000000e+00,0.000000000000000000e+00,0.000000000000000000e+00,-2.105227861550005575e-01,-1.040119550696712691e+00,-1.293704229977517550e-01,1.344491252767492151e+00,0.000000000000000000e+00,0.000000000000000000e+00,0.000000000000000000e+00
-3.350650703434995825e-01,7.208641999934801703e-01,8.897618597657822592e-01,1.505636114958438555e-02,6.670809802861066284e-02,2.420720876245787412e-01,9.678452562467909637e-01,-2.850671622416210971e-01,-2.173710426620276831e-02,2.861205406921299432e-01,3.839556947972487255e-01,-4.180257111159265127e-01,1.606905357818667612e-01,-2.894439404631284352e-01,-1.565712734726028843e-01,-5.414875051532182237e-02,4.298985105083547587e-01,-3.727364316534585442e-01,1.359390516505445123e-01,-1.002727342855331966e-01,0.000000000000000000e+00,0.000000000000000000e+00,-3.957296322690430357e-02,4.328661346737662230e-01,-3.955892461350746792e-01,1.204080416910902063e+00,0.000000000000000000e+00,0.000000000000000000e+00,0.000000000000000000e+00,-2.159846765783131894e-01,-1.033318417367950381e+00,-1.304442442634952126e-01,1.352728892834047514e+00,0.000000000000000000e+00,0.000000000000000000e+00,0.000000000000000000e+00
-3.374898767611172468e-01,7.191807425894000128e-01,8.911126750452305068e-01,1.461484563289239778e-02,6.952023384514799398e-02,2.327879975594229212e-01,9.699294260746581520e-01,-2.796357885426529188e-01,-2.172318028006910151e-02,2.930411773403397424e-01,3.529199932244471150e-01,-4.019186472127245224e-01,1.577000100711143105e-01,-2.924399953904898153e-01,-1.533233320168156943e-01,-5.031023856291268886e-02,4.047855792572460087e-01,-3.595098971277857491e-01,1.408269494903012509e-01,-9.796219519827248368e-02,0.000000000000000000e+00,0.000000000000000000e+00,-3.659637439600003928e-02,4.312464290171615366e-01,-3.732671853341616441e-01,1.212277258368194222e+00,0.000000000000000000e+00,0.000000000000000000e+00,0.000000000000000000e+00,-2.231437681959090036e-01,-1.027693734217086208e+00,-1.296481534871254948e-01,1.360661397343660761e+00,0.000000000000000000e+00,0.000000000000000000e+00,0.000000000000000000e+00
-3.397903958090736642e-01,7.171424617016789460e-01,8.916953936513345447e-01,1.447767310044676715e-02,7.198800092818116725e-02,2.257342122551680430e-01,9.714176188033130099e-01,-2.822655511597822464e-01,-2.145450645759912345e-02,2.946835163388316636e-01,3.393851892666591707e-01,-3.919509027706594151e-01,1.576331893828480935e-01,-2.997408940540947087e-01,-1.498154045211002316e-01,-4.466950624424353977e-02,3.931029182631063934e-01,-3.519758639381002085e-01,1.405607720271770389e-01,-9.717826287279586472e-02,0.000000000000000000e+00,0.000000000000000000e+00,-4.051911230370530692e-02,4.334412633430683170e-01,-3.698422621818497902e-01,1.225273546614933373e+00,0.000000000000000000e+00,0.000000000000000000e+00,0.000000000000000000e+00,-2.258683713834013229e-01,-1.026090741707008647e+00,-1.281216750524257486e-01,1.371902771734843318e+00,0.000000000000000000e+00,0.000000000000000000e+00,0.000000000000000000e+00
-3.422539437800666828e-01,7.148244941728558732e-01,8.924673233545786788e-01,1.567848262065608955e-02,7.210771040922805963e-02,2.184451183616298309e-01,9.730551852522163481e-01,-2.766040863467373323e-01,-2.074067777447517053e-02,3.055077937628216667e-01,3.210335333916584100e-01,-3.758773469896170560e-01,1.610830121837291129e-01,-3.018461552538799775e-01,-1.464456360066130336e-01,-3.518739440232360877e-02,3.800872389248722838e-01,-3.409556530987749579e-01,1.359185475615510286e-01,-9.586334119442904700e-02,0.000000000000000000e+00,0.000000000000000000e+00,-3.943038816022507997e-02,4.352829156763727281e-01,-3.556941372100487220e-01,1.230994646933566417e+00,0.000000000000000000e+00,0.000000000000000000e+00,0.000000000000000000e+00,-2.310446728156007601e-01,-1.019377242532898853e+00,-1.233074238888484109e-01,1.374557826151167284e+00,0.000000000000000000e+00,0.000000000000000000e+00,0.000000000000000000e+00
-3.443851098924800569e-01,7.126022477270105293e-01,8.928180614164462625e-01,1.569646960246241091e-02,7.540353165198410146e-02,2.120344037714628482e-01,9.742224283364175896e-01,-2.792409844203541103e-01,-2.104437135666507863e-02,3.080045653238135950e-01,3.045133241261068768e-01,-3.666373187063590167e-01,1.600807161581121463e-01,-3.121699340046051874e-01,-1.420388253818000435e-01,-2.492846835668882655e-02,3.718678059058544982e-01,-3.366617297385019469e-01,1.371083247131329730e-01,-9.813274153273408851e-02,0.000000000000000000e+00,0.000000000000000000e+00,-3.240679816403448099e-02,4.348285382344672101e-01,-3.467782321241734134e-01,1.225358844678438253e+00,0.000000000000000000e+00,0.000000000000000000e+00,0.000000000000000000e+00,-2.370725444217661182e-01,-1.014491670359626285e+00,-1.145104345086389308e-01,1.371887706407604712e+00,0.000000000000000000e+00,0.000000000000000000e+00,0.000000000000000000e+00
-3.466117198310548764e-01,7.103157284785490688e-01,8.936515249354836099e-01,1.569619356705264507e-02,7.596480532008061115e-02,2.066105379300038347e-01,9.753435617650126899e-01,-2.742167815436783451e-01,-2.046379045835765298e-02,3.114198729632378093e-01,2.836637461248184833e-01,-3.526168627952975809e-01,1.616817252356447521e-01,-3.111076966760418783e-01,-1.373558696196385820e-01,-1.929760319937401380e-02,3.531674179202876629e-01,-3.244452811171598117e-01,1.385772130122126800e-01,-9.759561152261757300e-02,0.000000000000000000e+00,0.000000000000000000e+00,-3.215116931693832308e-02,4.385801717533830968e-01,-3.331531988613536388e-01,1.228129560238337969e+00,0.000000000000000000e+00,0.000000000000000000e+00,0.000000000000000000e+00,-2.414421688637550800e-01,-1.008712538234395772e+00,-1.090611235085073710e-01,1.380067148788129305e+00,0.000000000000000000e+00,0.000000000000000000e+00,0.000000000000000000e+00
-3.486335243963096797e-01,7.079542095588468031e-01,8.941832861253656839e-01,1.653816220752933261e-02,7.690706745279811407e-02,1.989901043272821468e-01,9.768391528529271062e-01,-2.704112796133461005e-01,-1.932095752009226758e-02,3.194671700530193892e-01,2.660809060534586878e-01,-3.374691051782836571e-01,1.627431795477107257e-01,-3.147117920711151040e-01,-1.329726012697572679e-01,-8.830599220946783179e-03,3.414814126501246050e-01,-3.152620029821211478e-01,1.384815604774045084e-01,-9.731100734259610918e-02,0.000000000000000000e+00,0.000000000000000000e+00,-2.872664171462120317e-02,4.400639659630315448e-01,-3.221162701588994315e-01,1.234018851355723756e+00,0.000000000000000000e+00,0.000000000000000000e+00,0.000000000000000000e+00,-2.444335363900740077e-01,-9.992365063160327798e-01,-1.039359845187098064e-01,1.377797735308773364e+00,0.000000000000000000e+00,0.000000000000000000e+00,0.000000000000000000e+00
-3.504463852591806483e-01,7.057982959142901080e-01,8.950270974573004690e-01,1.651327862592521373e-02,7.833669446911506462e-02,1.936549286231860345e-01,9.777977513517929209e-01,-2.629061875045846652e-01,-2.048358035646276332e-02,3.214367035636777059e-01,2.370375889170844297e-01,-3.205489563462919911e-01,1.617732956363617802e-01,-3.139220139848509228e-01,-1.286386060047483293e-01,-3.493000534491821907e-03,3.207686906065777555e-01,-3.009505061908439583e-01,1.400284816791013687e-01,-9.777072334768585615e-02,0.000000000000000000e+00,0.000000000000000000e+00,-2.757724626566942366e-02,4.424140818494896599e-01,-3.081772420551920910e-01,1.237898822743034977e+00,0.000000000000000000e+00,0.000000000000000000e+00,0.000000000000000000e+00,-2.469796164556494200e-01,-9.937455712340306224e-01,-1.000101490866674020e-01,1.381121750736813869e+00,0.000000000000000000e+00,0.000000000000000000e+00,0.000000000000000000e+00
-3.521284951333441549e-01,7.037690632411472968e-01,8.954731574871654942e-01,1.673694815494934304e-02,8.032183119155880680e-02,1.859840069135311191e-01,9.791211504062607984e-01,-2.591389225296462651e-01,-1.951066898247977993e-02,3.280074721736274679e-01,2.159403385953221344e-01,-3.082773672368640527e-01,1.586679618828647220e-01,-3.176390240990613623e-01,-1.243830073101332145e-01,3.949962719693098090e-03,3.060149150980452371e-01,-2.911679421419492986e-01,1.435509981805715152e-01,-1.002475062062816308e-01,0.000000000000000000e+00,0.000000000000000000e+00,-2.038544754766462991e-02,4.452768348536176313e-01,-2.999488719365643319e-01,1.236189794486653115e+00,0.000000000000000000e+00,0.000000000000000000e+00,0.000000000000000000e+00,-2.545205845262075717e-01,-9.937238060312622023e-01,-9.980194679990835038e-02,1.382483157062596613e+00,0.000000000000000000e+00,0.000000000000000000e+00,0.000000000000000000e+00
-3.537762095725440759e-01,7.017864151093898828e-01,8.959990305344522898e-01,1.640334699213625777e-02,8.081813614345736974e-02,1.811435508742461897e-01,9.799930474520832657e-01,-2.555563045681018552e-01,-1.744307986766632096e-02,3.314238987351681986e-01,2.003842445350434431e-01,-2.965959886287726777e-01,1.595854026273555992e-01,-3.151905421886906922e-01,-1.189521209849396660e-01,9.796313086099975309e-03,2.877661098122132888e-01,-2.805599553721325745e-01,1.440426270080131244e-01,-9.854426265909764504e-02,0.000000000000000000e+00,0.000000000000000000e+00,-2.077666670293545209e-02,4.493048602513918244e-01,-2.921301945921839782e-01,1.237468816459936338e+00,0.000000000000000000e+00,0.000000000000000000e+00,0.000000000000000000e+00,-2.530925616924018517e-01,-9.874865714057299293e-01,-9.589517786134919841e-02,1.378095300902173026e+00,0.000000000000000000e+00,0.000000000000000000e+00,0.000000000000000000e+00
-3.551991448623234571e-01,6.999159546402303755e-01,8.964780111630460402e-01,1.632255440956631790e-02,8.158609626512022817e-02,1.775897671374946085e-01,9.805810306761056916e-01,-2.522149973951300361e-01,-1.682755842966698195e-02,3.328450270946640144e-01,1.843122171032865186e-01,-2.839803610289184932e-01,1.595524834803713765e-01,-3.130446128024340080e-01,-1.153887478169845493e-01,1.306025222637718919e-02,2.708825324177122074e-01,-2.693845875491973629e-01,1.438134292926830371e-01,-9.852820296580423742e-02,0.000000000000000000e+00,0.000000000000000000e+00,-2.238362975980246264e-02,4.543816710907807033e-01,-2.854810051373086188e-01,1.239489647628313040e+00,0.000000000000000000e+00,0.000000000000000000e+00,0.000000000000000000e+00,-2.486924168723718964e-01,-9.824176631956705874e-01,-8.887008119286443630e-02,1.374487389455362862e+00,0.000000000000000000e+00,0.000000000000000000e+00,0.000000000000000000e+00
-3.566390894220954899e-01,6.983780508211475668e-01,8.966611885406905458e-01,1.629702510671294027e-02,8.180659170362772348e-02,1.719092402036455636e-01,9.815749088373809661e-01,-2.499599678852707507e-01,-1.328275798667191004e-02,3.409220039948778203e-01,1.757624857803857521e-01,-2.771718857692170301e-01,1.579499035177349409e-01,-3.133823806019738201e-01,-1.119341518175152317e-01,1.675485194017681256e-02,2.602916670670242794e-01,-2.616581742803258948e-01,1.494280405095767539e-01,-9.876338268813016075e-02,0.000000000000000000e+00,0.000000000000000000e+00,-2.240841715151977581e-02,4.568454005267661433e-01,-2.834610236275286188e-01,1.246379645197907449e+00,0.000000000000000000e+00,0.000000000000000000e+00,0.000000000000000000e+00,-2.521852074693970991e-01,-9.820790023099441601e-01,-7.954767155591462024e-02,1.374510908678649557e+00,0.000000000000000000e+00,0.000000000000000000e+00,0.000000000000000000e+00
-3.578974647627650163e-01,6.970726198834852338e-01,8.967799728717023022e-01,1.628982239322550318e-02,8.161523402465131749e-02,1.679329409255526095e-01,9.822790451870555550e-01,-2.500982899704226048e-01,-1.113137782519156571e-02,3.428013525724331600e-01,1.730790905451125850e-01,-2.721160489723182807e-01,1.620915968003402985e-01,-3.149976116341373089e-01,-1.088193549783674774e-01,2.010088930473898083e-02,2.563679575842595093e-01,-2.568747498778296556e-01,1.504436745603353054e-01,-9.792527902461482803e-02,0.000000000000000000e+00,0.000000000000000000e+00,-2.340621472838259887e-02,4.598044251560743367e-01,-2.814596022232396244e-01,1.249559583793418804e+00,0.000000000000000000e+00,0.000000000000000000e+00,0.000000000000000000e+00,-2.502098611822734520e-01,-9.793907072365489741e-01,-6.206237754893698805e-02,1.373407289643626683e+00,0.000000000000000000e+00,0.000000000000000000e+00,0.000000000000000000e+00
-3.587999911107695450e-01,6.958976227589079855e-01,8.969235483360891159e-01,1.653256768735918147e-02,8.323885485612260438e-02,1.622272016821647012e-01,9.830973005162199074e-01,-2.533535194004345459e-01,-9.511591568954487486e-03,3.449724870675103805e-01,1.699169121028797913e-01,-2.651606615499904063e-01,1.647107969753868473e-01,-3.176165187741920026e-01,-1.065390931842922773e-01,2.339657601263017694e-02,2.463423173702241065e-01,-2.493706963734975413e-01,1.521812095912795926e-01,-9.746082678987064152e-02,0.000000000000000000e+00,0.000000000000000000e+00,-2.198418088218528910e-02,4.622490936437426146e-01,-2.778339401040623713e-01,1.252343459486445987e+00,0.000000000000000000e+00,0.000000000000000000e+00,0.000000000000000000e+00,-2.531113846207526663e-01,-9.766762738032569446e-01,-5.681809436842646249e-02,1.370260126288666669e+00,0.000000000000000000e+00,0.000000000000000000e+00,0.000000000000000000e+00
-3.597775118091086632e-01,6.948054394750098339e-01,8.970532360167232655e-01,1.629719547707459207e-02,8.320306534047584857e-02,1.622677154560273616e-01,9.830975739255043422e-01,-2.540534844166205675e-01,-7.728321466242908666e-03,3.465332490614810856e-01,1.677157344145747686e-01,-2.605086274925452194e-01,1.625011473023206254e-01,-3.151114790942233790e-01,-1.049817884437136001e-01,2.390379101203721213e-02,2.373425450000680170e-01,-2.432828629999406467e-01,1.540715452570493305e-01,-9.812337528123660224e-02,0.000000000000000000e+00,0.000000000000000000e+00,-2.378604647872906500e-02,4.666777795471054868e-01,-2.797733772654905637e-01,1.244679661849947827e+00,0.000000000000000000e+00,0.000000000000000000e+00,0.000000000000000000e+00,-2.479273039185148075e-01,-9.700859908876799942e-01,-4.821429196249800431e-02,1.366550089043248262e+00,0.000000000000000000e+00,0.000000000000000000e+00,0.000000000000000000e+00
-3.605494055202099757e-01,6.940651901434847781e-01,8.971937986494966655e-01,1.584767447648969749e-02,8.371126861291945664e-02,1.593503267629736986e-01,9.835388899689915254e-01,-2.544535147956278331e-01,-5.866718240088560077e-03,3.470089448525605080e-01,1.640344005036162844e-01,-2.583083452302095129e-01,1.615137517806532474e-01,-3.144685070846961472e-01,-1.015871126045186368e-01,2.766020980616183678e-02,2.283072979008611836e-01,-2.372845348929293052e-01,1.535032270535920673e-01,-9.886064893463086811e-02,0.000000000000000000e+00,0.000000000000000000e+00,-2.197415158705255667e-02,4.698880290195711074e-01,-2.854451496464905924e-01,1.240747937590154004e+00,0.000000000000000000e+00,0.000000000000000000e+00,0.000000000000000000e+00,-2.481969953012356789e-01,-9.665231691792564028e-01,-3.674624875044409100e-02,1.359393866567490283e+00,0.000000000000000000e+00,0.000000000000000000e+00,0.000000000000000000e+00
-3.612063976607063354e-01,6.933363212171579359e-01,8.973191405723968117e-01,1.570279658627645944e-02,8.379295142694724585e-02,1.567969615081793167e-01,9.839445494194951625e-01,-2.541710391383089629e-01,-4.448284219007843376e-03,3.474775321300493380e-01,1.609884043004701781e-01,-2.549615383952275605e-01,1.616732391041778294e-01,-3.126079503824503725e-01,-9.913610946177721372e-02,3.094235718387808309e-02,2.192791147679258867e-01,-2.309777206968900154e-01,1.546943169778532134e-01,-9.954412465957129807e-02,0.000000000000000000e+00,0.000000000000000000e+00,-2.215111644085399414e-02,4.720006822918009215e-01,-2.864291811590677916e-01,1.239525818843022931e+00,0.000000000000000000e+00,0.000000000000000000e+00,0.000000000000000000e+00,-2.497729407510564104e-01,-9.619059080942407025e-01,-3.156266828439374672e-02,1.356261644430835300e+00,0.000000000000000000e+00,0.000000000000000000e+00,0.000000000000000000e+00
-3.618175904294296252e-01,6.926724883481253370e-01,8.973738644695912203e-01,1.600601631041762007e-02,8.380696465494799630e-02,1.535822940062607500e-01,9.844453662265718608e-01,-2.537766160039318097e-01,-2.832012031656755413e-03,3.519111300748531401e-01,1.589562756394625742e-01,-2.491393301811965222e-01,1.627968387932021699e-01,-3.134792645344373074e-01,-9.800022600834848441e-02,3.264224804110403555e-02,2.161434347865769101e-01,-2.269483645222238333e-01,1.556113170928908329e-01,-9.949832553901136190e-02,0.000000000000000000e+00,0.000000000000000000e+00,-2.214878500665267563e-02,4.739635869335332985e-01,-2.875001511682493405e-01,1.237399715016310298e+00,0.000000000000000000e+00,0.000000000000000000e+00,0.000000000000000000e+00,-2.506969849387258309e-01,-9.595780538878235788e-01,-1.797039881971093309e-02,1.353121240438319273e+00,0.000000000000000000e+00,0.000000000000000000e+00,0.000000000000000000e+00
-3.624048746346349437e-01,6.919897010204723031e-01,8.974468811717394301e-01,1.634125882195823498e-02,8.355187556385708370e-02,1.519826768090190017e-01,9.847097609447365008e-01,-2.532442443371057395e-01,-2.317130269035572177e-03,3.526140601601662206e-01,1.572223661582269338e-01,-2.449631235281981567e-01,1.616322932788120392e-01,-3.131112326737969798e-01,-9.734131489845050667e-02,3.368817722592359898e-02,2.135993074302624251e-01,-2.247155067283679863e-01,1.561441273929180251e-01,-9.948447078403044319e-02,0.000000000000000000e+00,0.000000000000000000e+00,-2.355823064114150045e-02,4.752860613430461290e-01,-2.857892981405337207e-01,1.236682587220833351e+00,0.000000000000000000e+00,0.000000000000000000e+00,0.000000000000000000e+00,-2.486360551832123289e-01,-9.566693763535667472e-01,-9.724668316516037886e-03,1.348497447522830406e+00,0.000000000000000000e+00,0.000000000000000000e+00,0.000000000000000000e+00
-3.630201517693552038e-01,6.914746670664645434e-01,8.974765722480182450e-01,1.599330113075489099e-02,8.259221544853805053e-02,1.516196409351405761e-01,9.848523872890503350e-01,-2.524762722527595926e-01,-9.336826375383605603e-04,3.509590203079759885e-01,1.573331607548459354e-01,-2.438697886953482552e-01,1.632881419264121670e-01,-3.104697738055069434e-01,-9.589965366922892365e-02,3.323796434914187692e-02,2.098584665001649585e-01,-2.217088097459121443e-01,1.579349785114054217e-01,-1.015032170681670343e-01,0.000000000000000000e+00,0.000000000000000000e+00,-2.563209613520823701e-02,4.779508075130002864e-01,-2.868438014859705509e-01,1.238019673457258607e+00,0.000000000000000000e+00,0.000000000000000000e+00,0.000000000000000000e+00,-2.486463131710900665e-01,-9.515012317055842050e-01,-4.377515866341037329e-03,1.349386897584625489e+00,0.000000000000000000e+00,0.000000000000000000e+00,0.000000000000000000e+00
-3.635851854848690667e-01,6.908993286483585683e-01,8.975906368115694756e-01,1.641349748160592439e-02,8.200200086466702398e-02,1.495455724590622482e-01,9.852118506760376704e-01,-2.509422147457476826e-01,-2.303812426683662928e-04,3.534546459851779510e-01,1.557805588539790120e-01,-2.399108559749744962e-01,1.637711210632884495e-01,-3.093925443547715370e-01,-9.507662080833192975e-02,3.507784351047958660e-02,2.070405458168262935e-01,-2.189628297036179672e-01,1.574192887040794242e-01,-1.007669410322056675e-01,0.000000000000000000e+00,0.000000000000000000e+00,-2.732346721242473811e-02,4.785045175135036466e-01,-2.833371543630572864e-01,1.240326379813978308e+00,0.000000000000000000e+00,0.000000000000000000e+00,0.000000000000000000e+00,-2.468861580141051004e-01,-9.487891956921487013e-01,6.564776158531279715e-03,1.341427740937942703e+00,0.000000000000000000e+00,0.000000000000000000e+00,0.000000000000000000e+00
-3.641390839631922782e-01,6.903851181451777785e-01,8.976572188460320012e-01,1.692366534306871326e-02,8.118829760736238910e-02,1.478398610726241180e-01,9.855279931899453283e-01,-2.483689536067235082e-01,5.308729107771775757e-05,3.554909065427187542e-01,1.529906024323135494e-01,-2.352551488506726129e-01,1.619854514434509729e-01,-3.086064000490517656e-01,-9.431579242055838919e-02,3.798316433045274831e-02,2.057969756645045556e-01,-2.159890583476212766e-01,1.564897765290002574e-01,-1.021041825456609764e-01,0.000000000000000000e+00,0.000000000000000000e+00,-2.420473192628938564e-02,4.801644032411629959e-01,-2.849790172699100954e-01,1.236552596469703724e+00,0.000000000000000000e+00,0.000000000000000000e+00,0.000000000000000000e+00,-2.471802185230113080e-01,-9.469645553593091236e-01,1.448360730151745067e-02,1.336658773437325864e+00,0.000000000000000000e+00,0.000000000000000000e+00,0.000000000000000000e+00
-3.647298392009719059e-01,6.900268644511333704e-01,8.977091540381854085e-01,1.670741874770102428e-02,8.012855118057593540e-02,1.472949945021271301e-01,9.856999858167334594e-01,-2.457395013225107949e-01,4.429242888383602694e-04,3.540002345891781754e-01,1.501465544728314006e-01,-2.341858760228934244e-01,1.644929078905759401e-01,-3.060694841924942455e-01,-9.326590510607660200e-02,3.738989282831473027e-02,2.032491594232070931e-01,-2.148140102483565017e-01,1.573034754874066687e-01,-1.021183754162434815e-01,0.000000000000000000e+00,0.000000000000000000e+00,-2.582012839344529839e-02,4.816086918291248575e-01,-2.818284768925223838e-01,1.235823190286401863e+00,0.000000000000000000e+00,0.000000000000000000e+00,0.000000000000000000e+00,-2.487350192728815246e-01,-9.447955745485631107e-01,1.924611811663272734e-02,1.338300008671404306e+00,0.000000000000000000e+00,0.000000000000000000e+00,0.000000000000000000e+00
-3.652806666949292569e-01,6.895704042175332393e-01,8.977666827207250178e-01,1.683850780605389980e-02,7.902180557260302107e-02,1.482963608584016990e-01,9.856369556053919956e-01,-2.450505387992363837e-01,4.523705716388895515e-04,3.513039502952501891e-01,1.511158375304391677e-01,-2.326370415734855257e-01,1.630395385894975735e-01,-3.030842580338001802e-01,-9.370275283717817427e-02,3.497784717275345678e-02,2.013989536401722402e-01,-2.138504137458010212e-01,1.573519912663355891e-01,-1.025203435029074517e-01,0.000000000000000000e+00,0.000000000000000000e+00,-2.827760657999373733e-02,4.841513532560501876e-01,-2.849808487268369883e-01,1.233170025094839417e+00,0.000000000000000000e+00,0.000000000000000000e+00,0.000000000000000000e+00,-2.463800621629922971e-01,-9.442060108011900432e-01,2.275924911818803797e-02,1.337650079380289014e+00,0.000000000000000000e+00,0.000000000000000000e+00,0.000000000000000000e+00
-3.656447648491168434e-01,6.892397889656338705e-01,8.977951911361331527e-01,1.676735933178884197e-02,7.931879642206338121e-02,1.473944132557464815e-01,9.857495985980354591e-01,-2.458089545720231195e-01,1.257338227558781052e-03,3.519415856446502788e-01,1.501366026636928031e-01,-2.306015994666066327e-01,1.612536409741299193e-01,-3.024682588889821555e-01,-9.296826054198127631e-02,3.565901992458826719e-02,1.969348353974831045e-01,-2.114903674254938748e-01,1.582264305309298569e-01,-1.027959753430139206e-01,0.000000000000000000e+00,0.000000000000000000e+00,-2.780639902776023062e-02,4.854125893819971616e-01,-2.863034045270988481e-01,1.230044270735618284e+00,0.000000000000000000e+00,0.000000000000000000e+00,0.000000000000000000e+00,-2.460224504211567798e-01,-9.410060479459415594e-01,2.962220182677880592e-02,1.332714436012269354e+00,0.000000000000000000e+00,0.000000000000000000e+00,0.000000000000000000e+00
-3.660069077678494986e-01,6.890074898152876992e-01,8.978700323739157163e-01,1.711041689676206720e-02,7.899895475315808768e-02,1.452983613132521890e-01,9.860805164798718270e-01,-2.427271578079982506e-01,5.557660026319841129e-04,3.524549356705118930e-01,1.443768338978287380e-01,-2.259148905605738722e-01,1.623250836901725946e-01,-3.025784533272691812e-01,-9.185243242572263545e-02,4.022934755730042666e-02,1.954979945754019011e-01,-2.084391672434095788e-01,1.586121671704517067e-01,-1.029610674547561389e-01,0.000000000000000000e+00,0.000000000000000000e+00,-2.576225097168737335e-02,4.862579641988808432e-01,-2.826571466112250963e-01,1.228689295102054491e+00,0.000000000000000000e+00,0.000000000000000000e+00,0.000000000000000000e+00,-2.479483010159654055e-01,-9.402891171893429378e-01,3.457647045313407691e-02,1.326231825118598939e+00,0.000000000000000000e+00,0.000000000000000000e+00,0.000000000000000000e+00
-3.664365733358617705e-01,6.887585499810979783e-01,8.980010068461229400e-01,1.714116380279323906e-02,7.753753329863223576e-02,1.459330156763973263e-01,9.861022595902724230e-01,-2.364587521034326456e-01,-4.498207738721157756e-04,3.515883767276162253e-01,1.363503989499643687e-01,-2.232849333481437548e-01,1.600913671844485242e-01,-2.978443099831808993e-01,-9.182856156790041025e-02,3.896301342905950094e-02,1.919231907673721593e-01,-2.072869875015338759e-01,1.590237494659764161e-01,-1.026182977699275911e-01,0.000000000000000000e+00,0.000000000000000000e+00,-2.839638345719891835e-02,4.867381389267614322e-01,-2.777969874784602666e-01,1.229247699236128311e+00,0.000000000000000000e+00,0.000000000000000000e+00,0.000000000000000000e+00,-2.487337575272887680e-01,-9.389523821628753542e-01,3.473367196574293075e-02,1.331191608911084900e+00,0.000000000000000000e+00,0.000000000000000000e+00,0.000000000000000000e+00
-3.667517600112724652e-01,6.885696009140669371e-01,8.980406325846690407e-01,1.748380311905609746e-02,7.688581138940700499e-02,1.448780645397839406e-01,9.863028110325409159e-01,-2.329219342580562402e-01,-9.587517486283544943e-04,3.531992066078338821e-01,1.315187140311845637e-01,-2.205700569971522640e-01,1.594730852643336805e-01,-2.965414778500805038e-01,-9.190546326504725472e-02,3.955939089499467542e-02,1.904311500041741545e-01,-2.059345245403541858e-01,1.593681217441562936e-01,-1.030578130542655901e-01,0.000000000000000000e+00,0.000000000000000000e+00,-2.658302357387701959e-02,4.865133406768041846e-01,-2.771553041987033783e-01,1.227797220294897684e+00,0.000000000000000000e+00,0.000000000000000000e+00,0.000000000000000000e+00,-2.490425619372015897e-01,-9.390524234625894362e-01,4.018859367632879320e-02,1.324468530457130200e+00,0.000000000000000000e+00,0.000000000000000000e+00,0.000000000000000000e+00
-3.669798360403052628e-01,6.883260598451008683e-01,8.981146227876264376e-01,1.756637853960042392e-02,7.670358144177477633e-02,1.452133420222103399e-01,9.862662258425705097e-01,-2.322267011383138402e-01,-1.588426516916693898e-03,3.511483983273230303e-01,1.293963075365312521e-01,-2.176693818758678733e-01,1.592959401293763122e-01,-2.953650670103718512e-01,-9.168428066777002672e-02,4.034324400440232605e-02,1.886006100590445766e-01,-2.051343065998358361e-01,1.587913582140655366e-01,-1.032834513690106537e-01,0.000000000000000000e+00,0.000000000000000000e+00,-2.677866852862203703e-02,4.874484009387691219e-01,-2.792739078716203194e-01,1.225285093379053114e+00,0.000000000000000000e+00,0.000000000000000000e+00,0.000000000000000000e+00,-2.464445818512290276e-01,-9.394140162986809317e-01,4.715092716375627463e-02,1.322842639296833545e+00,0.000000000000000000e+00,0.000000000000000000e+00,0.000000000000000000e+00
-3.672632999245707408e-01,6.881861127635692243e-01,8.981149692155870889e-01,1.738563116931214625e-02,7.597941321749970833e-02,1.452839289000801837e-01,9.863150858621828609e-01,-2.307228600523900941e-01,-1.460638051379470337e-03,3.489051239066686128e-01,1.283168383013824632e-01,-2.190283913498671797e-01,1.591895927716334147e-01,-2.936198764882992918e-01,-9.114607959110218594e-02,3.962077318517701063e-02,1.876756628734126686e-01,-2.051628289384239412e-01,1.595992988044496741e-01,-1.041114608064545866e-01,0.000000000000000000e+00,0.000000000000000000e+00,-2.725297799340349603e-02,4.873032211517909773e-01,-2.766950424783110596e-01,1.227413061922530080e+00,0.000000000000000000e+00,0.000000000000000000e+00,0.000000000000000000e+00,-2.465839246750929081e-01,-9.380468830002439695e-01,5.270328938713159800e-02,1.322555235828998699e+00,0.000000000000000000e+00,0.000000000000000000e+00,0.000000000000000000e+00
-3.674637048050361510e-01,6.879245747549203038e-01,8.982384078230361002e-01,1.745057637809172002e-02,7.587567391514878079e-02,1.456628878322294707e-01,9.862660303388580685e-01,-2.285452138912274223e-01,-2.268621710245381784e-03,3.481047452592248570e-01,1.228208132775541472e-01,-2.143806070618173021e-01,1.579106385169861959e-01,-2.917064709502228403e-01,-9.119567964307487284e-02,3.915320940480704337e-02,1.836022484086360096e-01,-2.018643768369390024e-01,1.581875729888755910e-01,-1.050725951781915218e-01,0.000000000000000000e+00,0.000000000000000000e+00,-2.804075705265068538e-02,4.887572273338325335e-01,-2.802950631671369264e-01,1.225219483884543159e+00,0.000000000000000000e+00,0.000000000000000000e+00,0.000000000000000000e+00,-2.463036561551611436e-01,-9.372184881992193795e-01,5.602436677127926867e-02,1.320289978153706079e+00,0.000000000000000000e+00,0.000000000000000000e+00,0.000000000000000000e+00
-3.677241389990747455e-01,6.877698250322423767e-01,8.982396701125622274e-01,1.734096303795606975e-02,7.564872766959987449e-02,1.450416654835430252e-01,9.863769443152277105e-01,-2.270408992130391046e-01,-2.464846723511965321e-03,3.463645893391917863e-01,1.195525314593000599e-01,-2.131526222424462158e-01,1.581201013207582107e-01,-2.912772817803315761e-01,-9.029236193645115427e-02,4.051319599374210434e-02,1.824092501210288209e-01,-2.012042226285825908e-01,1.586864759078349396e-01,-1.054299905338641763e-01,0.000000000000000000e+00,0.000000000000000000e+00,-2.820492281657240030e-02,4.896868323762221253e-01,-2.796942596360073585e-01,1.228713594013513433e+00,0.000000000000000000e+00,0.000000000000000000e+00,0.000000000000000000e+00,-2.474828326757684271e-01,-9.366159646906854208e-01,6.309697169038158693e-02,1.318737996308289029e+00,0.000000000000000000e+00,0.000000000000000000e+00,0.000000000000000000e+00
-3.680837615041590571e-01,6.875691373034071852e-01,8.983196935993550403e-01,1.743392680615029472e-02,7.456624253604655916e-02,1.450158145077992955e-01,9.864615285011432144e-01,-2.223161828772225457e-01,-3.493338906495321861e-03,3.450565827264828744e-01,1.132622485808280760e-01,-2.109773632288478029e-01,1.587220799211213618e-01,-2.882133068609357696e-01,-9.023852610613014580e-02,3.986169946138233555e-02,1.800917654453765282e-01,-2.000117932642825891e-01,1.593134965555351723e-01,-1.051574903028511393e-01,0.000000000000000000e+00,0.000000000000000000e+00,-2.881325993983718109e-02,4.903355062048165847e-01,-2.769029601083657366e-01,1.226844334882778664e+00,0.000000000000000000e+00,0.000000000000000000e+00,0.000000000000000000e+00,-2.503465552402908689e-01,-9.356685075086393910e-01,6.419429338433819965e-02,1.320173092357116662e+00,0.000000000000000000e+00,0.000000000000000000e+00,0.000000000000000000e+00
-3.684752709869074105e-01,6.873797573289203156e-01,8.984142651758371123e-01,1.767388661134110944e-02,7.388159016164271009e-02,1.440585758645399339e-01,9.866490110911356748e-01,-2.177351053467231901e-01,-4.922956929471498932e-03,3.439637802779673681e-01,1.055705350296910067e-01,-2.070279849220690582e-01,1.600057727781367123e-01,-2.869968600181842522e-01,-8.972252123873500351e-02,4.188049664724592669e-02,1.790900576593117965e-01,-1.992312921199244635e-01,1.591016649938830629e-01,-1.046113009297726937e-01,0.000000000000000000e+00,0.000000000000000000e+00,-2.834380522498633134e-02,4.912627968858342409e-01,-2.796202328180979468e-01,1.226908909798601455e+00,0.000000000000000000e+00,0.000000000000000000e+00,0.000000000000000000e+00,-2.516996963201893478e-01,-9.357918847980570831e-01,7.361004479587431037e-02,1.317087305544365483e+00,0.000000000000000000e+00,0.000000000000000000e+00,0.000000000000000000e+00
-3.690135976462077250e-01,6.871819162168448791e-01,8.984210101103343726e-01,1.784998412756835448e-02,7.224740315800320944e-02,1.442731403261428014e-01,9.867355024442985290e-01,-2.145560130760639228e-01,-5.058953825744793437e-03,3.434223025776821370e-01,1.045485803339577247e-01,-2.053827731895020436e-01,1.623171196963980323e-01,-2.851639420623208188e-01,-8.947478373255159101e-02,4.216911398194141125e-02,1.812784397687506877e-01,-1.994678449530840336e-01,1.580697302869553122e-01,-1.048537616139775114e-01,0.000000000000000000e+00,0.000000000000000000e+00,-2.857495622535276975e-02,4.911556923944560005e-01,-2.793767575002947812e-01,1.227932786006738830e+00,0.000000000000000000e+00,0.000000000000000000e+00,0.000000000000000000e+00,-2.517954422198543929e-01,-9.344853754080553188e-01,8.065901494014510176e-02,1.316891595604376297e+00,0.000000000000000000e+00,0.000000000000000000e+00,0.000000000000000000e+00
-3.694971414776047069e-01,6.870033852443915290e-01,8.984527324828766037e-01,1.790093722531894971e-02,7.150525018607983840e-02,1.447152187896094400e-01,9.867239031729977405e-01,-2.117100868912298040e-01,-5.873623578610001617e-03,3.419641433786164142e-01,1.002768853192432946e-01,-2.037907173470729361e-01,1.607605733406773374e-01,-2.830484672931815049e-01,-8.942661553189190649e-02,4.225803090307113374e-02,1.795365493253814893e-01,-1.989690099444741400e-01,1.586120516363665744e-01,-1.048767526925706850e-01,0.000000000000000000e+00,0.000000000000000000e+00,-2.955111997069551424e-02,4.929035145510580751e-01,-2.801447081063620503e-01,1.225596948270087472e+00,0.000000000000000000e+00,0.000000000000000000e+00,0.000000000000000000e+00,-2.513333461168151262e-01,-9.350191149672905100e-01,8.707865342306392309e-02,1.314389902592856485e+00,0.000000000000000000e+00,0.000000000000000000e+00,0.000000000000000000e+00
-3.699469239887370753e-01,6.868161723052478296e-01,8.984198613613658679e-01,1.836805264093890194e-02,7.034821166673131676e-02,1.440604374227836826e-01,9.868942872096418961e-01,-2.101345687669344264e-01,-5.812852560182390355e-03,3.428107431847310371e-01,1.016243976942013405e-01,-2.030660396075324170e-01,1.599620054252866574e-01,-2.822938410996027603e-01,-8.982849885555091451e-02,4.254396864362103292e-02,1.817737711657756716e-01,-1.994997857198434477e-01,1.589303058798155477e-01,-1.045934898456231249e-01,0.000000000000000000e+00,0.000000000000000000e+00,-3.049846972125688088e-02,4.927050405172428982e-01,-2.801906683645115081e-01,1.229513957643416866e+00,0.000000000000000000e+00,0.000000000000000000e+00,0.000000000000000000e+00,-2.536021555132959571e-01,-9.351370688447426804e-01,9.160723311631466248e-02,1.313400618159165534e+00,0.000000000000000000e+00,0.000000000000000000e+00,0.000000000000000000e+00
-3.703976490755110929e-01,6.866623899667008146e-01,8.984188121768821311e-01,1.836701660328175431e-02,6.963350490258096714e-02,1.442831835316520928e-01,9.869124533848213643e-01,-2.108042376596810930e-01,-4.991890955754210712e-03,3.428020281712212958e-01,1.044676727524489479e-01,-2.009867451725150245e-01,1.611155840171364095e-01,-2.811477564271647189e-01,-8.937789764529249781e-02,4.362583240484439739e-02,1.813911591504578924e-01,-1.985714956010795895e-01,1.588602455418148263e-01,-1.050306716572635413e-01,0.000000000000000000e+00,0.000000000000000000e+00,-3.122973104347350967e-02,4.941985199188073663e-01,-2.837164469323411597e-01,1.228548263631747073e+00,0.000000000000000000e+00,0.000000000000000000e+00,0.000000000000000000e+00,-2.532744799853155482e-01,-9.350951996245420172e-01,9.849147654205279989e-02,1.310837898236942189e+00,0.000000000000000000e+00,0.000000000000000000e+00,0.000000000000000000e+00
-3.708159760229502999e-01,6.866001961561599698e-01,8.983823330478818425e-01,1.830389256328878930e-02,6.922608043055239468e-02,1.443653841972304119e-01,9.869302676232188931e-01,-2.105043795049768296e-01,-5.200078759514215748e-03,3.403157176400771755e-01,1.046132439672019659e-01,-2.030377652536370647e-01,1.584455772806216134e-01,-2.812049388365457370e-01,-8.934893994398138140e-02,4.284932655528476964e-02,1.826133182013418288e-01,-1.995909365194588891e-01,1.590305572133577372e-01,-1.055622384591147211e-01,0.000000000000000000e+00,0.000000000000000000e+00,-3.083692193434443146e-02,4.943988709757259903e-01,-2.852712419793859144e-01,1.227117573488281321e+00,0.000000000000000000e+00,0.000000000000000000e+00,0.000000000000000000e+00,-2.547887343901892310e-01,-9.355689981122006227e-01,1.034508376504184035e-01,1.311146765527066993e+00,0.000000000000000000e+00,0.000000000000000000e+00,0.000000000000000000e+00
-3.712874131951677259e-01,6.865455368778992096e-01,8.983584966319816401e-01,1.848430003089210696e-02,6.797124612871106863e-02,1.436903279047106741e-01,9.871126227633365557e-01,-2.093396622793823603e-01,-4.518016016410220104e-03,3.418110033613656062e-01,1.070911784662878369e-01,-2.024752887520833433e-01,1.612799921370401401e-01,-2.799821961838769857e-01,-8.915515623013477164e-02,4.367589008773767323e-02,1.839924269138334401e-01,-1.997553485911006399e-01,1.602873926775692515e-01,-1.044349621594198030e-01,0.000000000000000000e+00,0.000000000000000000e+00,-3.244331499989891454e-02,4.939088484640332677e-01,-2.826028884374903183e-01,1.230774364326893799e+00,0.000000000000000000e+00,0.000000000000000000e+00,0.000000000000000000e+00,-2.549421437835615589e-01,-9.348553633470708668e-01,1.105346538661354655e-01,1.308288329036508379e+00,0.000000000000000000e+00,0.000000000000000000e+00,0.000000000000000000e+00
-3.715647713375804240e-01,6.864455366830486405e-01,8.983673523404348549e-01,1.870411363481838327e-02,6.731173250318887857e-02,1.435603338598556156e-01,9.871725874144803292e-01,-2.093004257260762113e-01,-4.370176126494644542e-03,3.410193966787181674e-01,1.092875744605125432e-01,-2.022144219848497904e-01,1.599820576186642418e-01,-2.785414492494648897e-01,-8.935718101419687365e-02,4.381823981249370614e-02,1.833996373083974230e-01,-1.994660930629910955e-01,1.599507400876494512e-01,-1.038696790770034378e-01,0.000000000000000000e+00,0.000000000000000000e+00,-3.315602512699254711e-02,4.940623282067665989e-01,-2.855221938840932783e-01,1.230774225897129481e+00,0.000000000000000000e+00,0.000000000000000000e+00,0.000000000000000000e+00,-2.573062284333052507e-01,-9.356373112853401119e-01,1.155938485417390832e-01,1.311007458296560291e+00,0.000000000000000000e+00,0.000000000000000000e+00,0.000000000000000000e+00
-3.717621318856608181e-01,6.863926131924663609e-01,8.983364195116828599e-01,1.860841141017735567e-02,6.736210136365233803e-02,1.431716845864879628e-01,9.872274018975202292e-01,-2.110018183670933634e-01,-3.560406761360712657e-03,3.410573816256218249e-01,1.120031032181273978e-01,-2.026810061819267483e-01,1.602558341072259362e-01,-2.791119341946079468e-01,-8.928645870554471897e-02,4.290998796702298612e-02,1.835677498865362911e-01,-1.994456403550168566e-01,1.609806507568714573e-01,-1.029710601702466394e-01,0.000000000000000000e+00,0.000000000000000000e+00,-3.423189365886561419e-02,4.938725095773617291e-01,-2.849692201911955269e-01,1.232912104946614740e+00,0.000000000000000000e+00,0.000000000000000000e+00,0.000000000000000000e+00,-2.570835847422529019e-01,-9.360154132664267879e-01,1.208498964507156714e-01,1.310318936040204552e+00,0.000000000000000000e+00,0.000000000000000000e+00,0.000000000000000000e+00
-3.719109514349506762e-01,6.863157167140423454e-01,8.983711375669058974e-01,1.865743467493276991e-02,6.675256702515981744e-02,1.425062431390356210e-01,9.873641504497205901e-01,-2.104211357653185954e-01,-2.755162206394511093e-03,3.423353136696070109e-01,1.136561577570752435e-01,-2.027577600673849956e-01,1.604945619736685980e-01,-2.775013313363655088e-01,-8.841426820019726573e-02,4.497312010307220886e-02,1.819113582612129631e-01,-1.982341564017546243e-01,1.594765582137482041e-01,-1.032085080702984103e-01,0.000000000000000000e+00,0.000000000000000000e+00,-3.382854598707225879e-02,4.931731312005426804e-01,-2.838018169345357111e-01,1.235776107899298593e+00,0.000000000000000000e+00,0.000000000000000000e+00,0.000000000000000000e+00,-2.595039288339062722e-01,-9.350883787603972985e-01,1.254743400163365608e-01,1.310033451939771609e+00,0.000000000000000000e+00,0.000000000000000000e+00,0.000000000000000000e+00
-3.718442987725409932e-01,6.863180869706250187e-01,8.983714788106533788e-01,1.830294963808596492e-02,6.654639027250097705e-02,1.429000437795509004e-01,9.873277862311213848e-01,-2.092734159929776627e-01,-3.024061438323205619e-03,3.393178004769537570e-01,1.118049706594405196e-01,-2.043981713988347881e-01,1.617604565342038170e-01,-2.764632884652677980e-01,-8.793728389220178965e-02,4.390290102598939925e-02,1.811573092324424428e-01,-1.980491337298525834e-01,1.612439628142244563e-01,-1.026027454151339779e-01,0.000000000000000000e+00,0.000000000000000000e+00,-3.457833730116174203e-02,4.929795526854203191e-01,-2.827784244767669319e-01,1.233702253901201029e+00,0.000000000000000000e+00,0.000000000000000000e+00,0.000000000000000000e+00,-2.619592355255583871e-01,-9.347535659367357530e-01,1.284501090193602146e-01,1.315482343385111719e+00,0.000000000000000000e+00,0.000000000000000000e+00,0.000000000000000000e+00
-3.717746130743721511e-01,6.861439424092689032e-01,8.984436149215323519e-01,1.829289579057272880e-02,6.560144697002050218e-02,1.430097269350657785e-01,9.873753278875218031e-01,-2.064159244899969325e-01,-3.013277824039151120e-03,3.383616918183025568e-01,1.098792335521593805e-01,-2.032560829271723990e-01,1.634300951445399330e-01,-2.735151324976138332e-01,-8.738637065081233946e-02,4.388098347594644733e-02,1.794095436249991959e-01,-1.969888183332302034e-01,1.606003158762445704e-01,-1.024186449127792442e-01,0.000000000000000000e+00,0.000000000000000000e+00,-3.505249147168751356e-02,4.937116421575938885e-01,-2.820534099461434741e-01,1.234834009895360518e+00,0.000000000000000000e+00,0.000000000000000000e+00,0.000000000000000000e+00,-2.628830141942802290e-01,-9.334488223153235564e-01,1.326254536047070109e-01,1.317082723256458365e+00,0.000000000000000000e+00,0.000000000000000000e+00,0.000000000000000000e+00
-3.714961875282689618e-01,6.859220555840276345e-01,8.985046200265340843e-01,1.844554279352379408e-02,6.525237240477343992e-02,1.430582944683929658e-01,9.873885831983243433e-01,-2.040071113946061165e-01,-3.577408396082684683e-03,3.365908855779364828e-01,1.068795184946419452e-01,-2.024385046750512840e-01,1.609714971590800736e-01,-2.723069788888105025e-01,-8.706760175830628723e-02,4.395301726600758796e-02,1.796991811591263644e-01,-1.986140587178462924e-01,1.584506474621187877e-01,-1.029626831556990640e-01,0.000000000000000000e+00,0.000000000000000000e+00,-3.343360571065272235e-02,4.950958741014157005e-01,-2.822478363628747045e-01,1.234775652534905843e+00,0.000000000000000000e+00,0.000000000000000000e+00,0.000000000000000000e+00,-2.642620980005612186e-01,-9.342631045347976615e-01,1.336493119222360304e-01,1.319342453901207080e+00,0.000000000000000000e+00,0.000000000000000000e+00,0.000000000000000000e+00
-3.712440583483334611e-01,6.857551473912596451e-01,8.984949807184897663e-01,1.843380957794569022e-02,6.439072548560685616e-02,1.430961873977189547e-01,9.874398767966160451e-01,-2.016261542063767787e-01,-2.702592807838685024e-03,3.379745619996273875e-01,1.069080697656965007e-01,-2.034697188731528772e-01,1.597468150197829395e-01,-2.709851431093090457e-01,-8.657789794305152664e-02,4.355683600426446533e-02,1.814227092416904052e-01,-1.990286739293499474e-01,1.595095244217604458e-01,-1.047614567052671253e-01,0.000000000000000000e+00,0.000000000000000000e+00,-3.330277557703060359e-02,4.955373243944728445e-01,-2.831049966196563794e-01,1.241641271743021635e+00,0.000000000000000000e+00,0.000000000000000000e+00,0.000000000000000000e+00,-2.664516171080262841e-01,-9.324804873288758955e-01,1.361841409168199901e-01,1.322877631031085022e+00,0.000000000000000000e+00,0.000000000000000000e+00,0.000000000000000000e+00
-3.709156406881926049e-01,6.855372852853208743e-01,8.985655297128640751e-01,1.837633470610174069e-02,6.432310678770064571e-02,1.426552792590775609e-01,9.875091490996223964e-01,-1.997432353693794349e-01,-2.747559294718083384e-03,3.368749796191276014e-01,1.038592228424011499e-01,-2.028292102227252369e-01,1.600995298655057963e-01,-2.693470798235562680e-01,-8.599757242890673781e-02,4.308921797471873538e-02,1.788953987817095692e-01,-1.982912680646687908e-01,1.589322705208184860e-01,-1.047317320686604047e-01,0.000000000000000000e+00,0.000000000000000000e+00,-3.078072343656778828e-02,4.951470989419872182e-01,-2.830474918562694842e-01,1.238088836428423267e+00,0.000000000000000000e+00,0.000000000000000000e+00,0.000000000000000000e+00,-2.673664420278082376e-01,-9.321776905615687392e-01,1.405616728809530314e-01,1.321193632908582494e+00,0.000000000000000000e+00,0.000000000000000000e+00,0.000000000000000000e+00
-3.707449702843245154e-01,6.852553352461053793e-01,8.986053764755252971e-01,1.813878173591778470e-02,6.292987036553311653e-02,1.445907532289545938e-01,9.873217966264066225e-01,-1.993285981255731587e-01,-2.375329752191165933e-03,3.310913018723261048e-01,1.084282329871927297e-01,-2.070151099561688968e-01,1.622935379055721050e-01,-2.665806240175452313e-01,-8.550082210166903840e-02,4.076195500491336388e-02,1.817898769604673892e-01,-2.014999894503026190e-01,1.582178738669147156e-01,-1.038371590329600358e-01,0.000000000000000000e+00,0.000000000000000000e+00,-3.215229297364041727e-02,4.969889406758685180e-01,-2.789850300212363132e-01,1.234951589173339137e+00,0.000000000000000000e+00,0.000000000000000000e+00,0.000000000000000000e+00,-2.613429071447452290e-01,-9.330249752476256209e-01,1.405005498343951109e-01,1.322575224436742358e+00,0.000000000000000000e+00,0.000000000000000000e+00,0.000000000000000000e+00
-3.704871182353864367e-01,6.850132868377512008e-01,8.986453504055746944e-01,1.838002101186618151e-02,6.180371096146141524e-02,1.436228562918588081e-01,9.875297217246493675e-01,-1.965411967112295211e-01,-1.581976216401700941e-03,3.321711699761751846e-01,1.091464945333273373e-01,-2.076752668251872769e-01,1.615267951900220267e-01,-2.640992940065716166e-01,-8.466746743386945051e-02,4.183330612684049710e-02,1.818700153288084487e-01,-2.019325015310327875e-01,1.562497663217178590e-01,-1.025643878114265578e-01,0.000000000000000000e+00,0.000000000000000000e+00,-3.084241142300208835e-02,4.977102038572992493e-01,-2.821183721489026741e-01,1.235179849263879914e+00,0.000000000000000000e+00,0.000000000000000000e+00,0.000000000000000000e+00,-2.617012057810105818e-01,-9.322797737193311285e-01,1.405732879777577826e-01,1.321083191869432794e+00,0.000000000000000000e+00,0.000000000000000000e+00,0.000000000000000000e+00
-3.703454101083508143e-01,6.846799949458821644e-01,8.986918349012864571e-01,1.840934000192944939e-02,6.085289247586951611e-02,1.453240674973300117e-01,9.873393221603425918e-01,-1.952994416534044320e-01,-1.604078978193861083e-03,3.293658174587791865e-01,1.099140579531001916e-01,-2.068376826157529713e-01,1.619239576465389130e-01,-2.612765992967380213e-01,-8.461591914957299065e-02,4.073587267182103566e-02,1.817427565690947211e-01,-2.020445025485316515e-01,1.554595882161304010e-01,-1.024573005623978517e-01,0.000000000000000000e+00,0.000000000000000000e+00,-3.282051798659166991e-02,5.004382462802410281e-01,-2.836610166143854195e-01,1.235981139881764612e+00,0.000000000000000000e+00,0.000000000000000000e+00,0.000000000000000000e+00,-2.562735506331274005e-01,-9.323850118287062561e-01,1.410923766255224587e-01,1.321526611680191143e+00,0.000000000000000000e+00,0.000000000000000000e+00,0.000000000000000000e+00
-3.701828463187846197e-01,6.846172360927658129e-01,8.986908760504979110e-01,1.825666658063481232e-02,6.075263626817217766e-02,1.435236041815094454e-01,9.876116576643773071e-01,-1.930114967615894905e-01,-6.649173464219372554e-04,3.311883723030057403e-01,1.072718493605622631e-01,-2.085544698648730821e-01,1.581031372323832285e-01,-2.604665280697541219e-01,-8.323156216530872009e-02,4.232661868873895117e-02,1.798448302137025390e-01,-2.024483638454953327e-01,1.562596218120113623e-01,-1.014731014834248934e-01,0.000000000000000000e+00,0.000000000000000000e+00,-2.973936787658472414e-02,4.989970807943669984e-01,-2.831842055515814138e-01,1.235512938050923104e+00,0.000000000000000000e+00,0.000000000000000000e+00,0.000000000000000000e+00,-2.608527730380922338e-01,-9.322813388040525062e-01,1.411523876239724751e-01,1.323728020927998461e+00,0.000000000000000000e+00,0.000000000000000000e+00,0.000000000000000000e+00
-3.701274902360122687e-01,6.843820871682020357e-01,8.987727184986022966e-01,1.821613190782712596e-02,6.066373457390595442e-02,1.438893819535493890e-01,9.875646457862331529e-01,-1.925817017409839627e-01,-5.350562095243933947e-04,3.305250995035972639e-01,1.061080755104136381e-01,-2.055256744282066284e-01,1.588466144499422472e-01,-2.588474292799873844e-01,-8.300169462591605596e-02,4.141653605086124956e-02,1.771518498525815055e-01,-2.009333121125800037e-01,1.541869135780779276e-01,-1.014944880268783128e-01,0.000000000000000000e+00,0.000000000000000000e+00,-3.165413988022608427e-02,5.001684625620560487e-01,-2.829087424023583042e-01,1.238642719555065996e+00,0.000000000000000000e+00,0.000000000000000000e+00,0.000000000000000000e+00,-2.611334967727443890e-01,-9.310583884399564747e-01,1.441302409602727708e-01,1.326692285029715812e+00,0.000000000000000000e+00,0.000000000000000000e+00,0.000000000000000000e+00
-3.701894207576021945e-01,6.843058512955898509e-01,8.987845990587864931e-01,1.805047825938009207e-02,6.047786185866083769e-02,1.427897295010826240e-01,9.877386808304207122e-01,-1.915131920275943422e-01,1.651141689154068948e-04,3.308494451906808798e-01,1.049534306881123175e-01,-2.061120889557301328e-01,1.579863187554467197e-01,-2.574309683739761656e-01,-8.242124679840258372e-02,4.089616707565953135e-02,1.742838351686915865e-01,-2.004219725253476303e-01,1.563160019449834903e-01,-1.004918730984964426e-01,0.000000000000000000e+00,0.000000000000000000e+00,-3.133969205423228072e-02,4.995529639000605981e-01,-2.817732087640988370e-01,1.240189977538701749e+00,0.000000000000000000e+00,0.000000000000000000e+00,0.000000000000000000e+00,-2.631169984403745610e-01,-9.299765274211445609e-01,1.480202395619897582e-01,1.326635062615765692e+00,0.000000000000000000e+00,0.000000000000000000e+00,0.000000000000000000e+00
-3.703377769955620846e-01,6.841269648275523085e-01,8.988168139196541784e-01,1.817220326663891716e-02,5.935282914630898160e-02,1.438086950640705131e-01,9.876568594024617287e-01,-1.899113309124209337e-01,2.242805648934587115e-04,3.303737678948658330e-01,1.053804969761956700e-01,-2.030303571140807395e-01,1.603605376141029604e-01,-2.555083239801543837e-01,-8.231856461498451849e-02,4.137407555135397264e-02,1.751825629792403416e-01,-1.990802164311540334e-01,1.553845463894812928e-01,-1.008773337616166027e-01,0.000000000000000000e+00,0.000000000000000000e+00,-3.274837901746194962e-02,5.009812295096466306e-01,-2.809060245261733035e-01,1.239817208410181282e+00,0.000000000000000000e+00,0.000000000000000000e+00,0.000000000000000000e+00,-2.615377432990141915e-01,-9.292760179541115217e-01,1.497536201648065057e-01,1.326878742016259549e+00,0.000000000000000000e+00,0.000000000000000000e+00,0.000000000000000000e+00
-3.704212426031188721e-01,6.840328388967432671e-01,8.988223295087147680e-01,1.808574088838075383e-02,5.909182594217513712e-02,1.443726011156423183e-01,9.875918256701202713e-01,-1.883568573202857033e-01,1.517073560438272906e-04,3.304860263326946379e-01,1.030041604664819060e-01,-2.031902639334474125e-01,1.586340385432910283e-01,-2.536228131636152905e-01,-8.286165913549564666e-02,3.836498348229339106e-02,1.729228462230820162e-01,-1.993767811885211461e-01,1.565290418045181264e-01,-1.002139422654003825e-01,0.000000000000000000e+00,0.000000000000000000e+00,-3.424863009345961717e-02,5.021830257714687828e-01,-2.809115353204152399e-01,1.238579355154568074e+00,0.000000000000000000e+00,0.000000000000000000e+00,0.000000000000000000e+00,-2.602831637367944428e-01,-9.292330173590279685e-01,1.474626573007328523e-01,1.327259880890771626e+00,0.000000000000000000e+00,0.000000000000000000e+00,0.000000000000000000e+00
-3.704045838177610905e-01,6.839573142373879255e-01,8.988268573419536667e-01,1.821629879409574632e-02,5.873859099532086764e-02,1.443277180889128153e-01,9.876170584681976949e-01,-1.869543058892769727e-01,-2.838820590483660811e-04,3.294212732355319972e-01,1.015019254642642171e-01,-2.021856102086798668e-01,1.577749650156290706e-01,-2.532120663376601355e-01,-8.244042375369570186e-02,4.050474489218609808e-02,1.735994784684651571e-01,-2.000773704167222167e-01,1.565400168595341424e-01,-1.010407376862936524e-01,0.000000000000000000e+00,0.000000000000000000e+00,-3.348884397502147753e-02,5.029183217724590982e-01,-2.838146760784568401e-01,1.238484200514757827e+00,0.000000000000000000e+00,0.000000000000000000e+00,0.000000000000000000e+00,-2.612970842921364945e-01,-9.293384510294101508e-01,1.474115270059004612e-01,1.327189545070679211e+00,0.000000000000000000e+00,0.000000000000000000e+00,0.000000000000000000e+00
-3.703528795990440603e-01,6.838992694762848767e-01,8.988200102478686171e-01,1.818769887873198168e-02,5.859200460556887591e-02,1.447679498927300079e-01,9.875618589686686599e-01,-1.855221580773111223e-01,-3.192851038249858164e-04,3.304446047348988946e-01,9.918422099446819185e-02,-2.011351201169852276e-01,1.573188775462497080e-01,-2.526896359602238684e-01,-8.235528194212124453e-02,4.092793557845147978e-02,1.732064034644828499e-01,-1.990964333861140745e-01,1.576883517408819713e-01,-1.013249478567111173e-01,0.000000000000000000e+00,0.000000000000000000e+00,-3.190494262552572013e-02,5.026091013029581056e-01,-2.791291288665058157e-01,1.235287262070358993e+00,0.000000000000000000e+00,0.000000000000000000e+00,0.000000000000000000e+00,-2.584499178138193187e-01,-9.294306285306316306e-01,1.457304372359958522e-01,1.323239529187869579e+00,0.000000000000000000e+00,0.000000000000000000e+00,0.000000000000000000e+00
-3.701412543511754527e-01,6.837578845537444217e-01,8.988759125543661632e-01,1.802926058918696492e-02,5.841593587628519241e-02,1.449334065482918432e-01,9.875509262132314836e-01,-1.840713674316574733e-01,-5.999968365878009802e-04,3.274184543955387938e-01,9.690294989123078573e-02,-2.007645606279977180e-01,1.569872392594863220e-01,-2.514257760702459654e-01,-8.156796168845770190e-02,4.114248445698993895e-02,1.724236521541573641e-01,-2.001510526418772973e-01,1.567051820348749069e-01,-1.007836025278337766e-01,0.000000000000000000e+00,0.000000000000000000e+00,-3.237478213828296619e-02,5.042282443972915251e-01,-2.807765777473499869e-01,1.234059126514501781e+00,0.000000000000000000e+00,0.000000000000000000e+00,0.000000000000000000e+00,-2.574315632415546951e-01,-9.296912641116292786e-01,1.473565848685922386e-01,1.325399057769120370e+00,0.000000000000000000e+00,0.000000000000000000e+00,0.000000000000000000e+00
-3.698425391566175224e-01,6.835826016312093190e-01,8.988591737703049978e-01,1.792865753138218540e-02,5.880408462931688285e-02,1.461716406380157707e-01,9.873472005040679900e-01,-1.848573266464464682e-01,-6.957430007912650261e-04,3.257052194997419603e-01,9.672732568514462448e-02,-2.017051444819080441e-01,1.551756335195737802e-01,-2.521675678117558661e-01,-8.260270050654988649e-02,3.624395677785062497e-02,1.739029567830090717e-01,-2.013257436316981674e-01,1.575464686810224835e-01,-1.007318587096704410e-01,0.000000000000000000e+00,0.000000000000000000e+00,-3.306594799237756732e-02,5.044333714328810281e-01,-2.812096792809406498e-01,1.233161176848480922e+00,0.000000000000000000e+00,0.000000000000000000e+00,0.000000000000000000e+00,-2.533193977250183249e-01,-9.290445440792040044e-01,1.470522981293312936e-01,1.325459040999536597e+00,0.000000000000000000e+00,0.000000000000000000e+00,0.000000000000000000e+00
-3.694910168232093950e-01,6.834003442180265342e-01,8.988510090525481111e-01,1.805099914457094015e-02,5.878835757104899917e-02,1.454382405922665100e-01,9.874542058330634253e-01,-1.850972558152734482e-01,-1.447918977432252619e-05,3.260725206530222797e-01,9.832456282262240499e-02,-2.015895010548019450e-01,1.546489300126303590e-01,-2.524249990362825713e-01,-8.229046279956860055e-02,3.614970243207840661e-02,1.749687539704642691e-01,-2.025711462699478493e-01,1.571456027544366196e-01,-1.004771959668340903e-01,0.000000000000000000e+00,0.000000000000000000e+00,-3.202829547660440007e-02,5.026559618793495776e-01,-2.794777798959273696e-01,1.234568696998186388e+00,0.000000000000000000e+00,0.000000000000000000e+00,0.000000000000000000e+00,-2.544554430977417625e-01,-9.264694487133483536e-01,1.449896255112955723e-01,1.325918377643983348e+00,0.000000000000000000e+00,0.000000000000000000e+00,0.000000000000000000e+00
-3.690799230486211391e-01,6.831816512600041857e-01,8.988837980829552654e-01,1.809571190340807795e-02,5.918126161243325578e-02,1.453933657670098412e-01,9.874365258970363435e-01,-1.847833484723227782e-01,-2.242077834255437607e-04,3.242625818092765844e-01,9.626099273646243626e-02,-1.994689311740785176e-01,1.526271318547157418e-01,-2.530144255394836117e-01,-8.190642023997375676e-02,3.637567300599980902e-02,1.754586497546402335e-01,-2.031689384740859028e-01,1.555019019065689567e-01,-1.007806308627342551e-01,0.000000000000000000e+00,0.000000000000000000e+00,-3.118286602402569468e-02,5.019522648454786129e-01,-2.784463206381409539e-01,1.235072433427973015e+00,0.000000000000000000e+00,0.000000000000000000e+00,0.000000000000000000e+00,-2.546009564434477679e-01,-9.259206645266916391e-01,1.434761993947378522e-01,1.327709059726879692e+00,0.000000000000000000e+00,0.000000000000000000e+00,0.000000000000000000e+00
-3.687868308498957748e-01,6.830499743058642270e-01,8.988247816441202742e-01,1.814567342311587325e-02,5.925536922856068645e-02,1.457217830098613276e-01,9.873827513735663475e-01,-1.849178929327089105e-01,-2.982492414019682903e-04,3.235109589901549176e-01,9.644238933403251335e-02,-1.991208753303774781e-01,1.545042232722933506e-01,-2.554638256616901248e-01,-8.213854613820292805e-02,3.525297012742463487e-02,1.811082781381319340e-01,-2.059488544841503732e-01,1.563612139143700230e-01,-1.010147251657741996e-01,0.000000000000000000e+00,0.000000000000000000e+00,-3.026553038262918410e-02,5.022170070247700124e-01,-2.770223845679867791e-01,1.235459288083023521e+00,0.000000000000000000e+00,0.000000000000000000e+00,0.000000000000000000e+00,-2.517185224098349439e-01,-9.242092143351869904e-01,1.427452880343511032e-01,1.326599303605678459e+00,0.000000000000000000e+00,0.000000000000000000e+00,0.000000000000000000e+00
-3.685321938488292370e-01,6.829773162883346904e-01,8.987913803784945976e-01,1.824397744267381230e-02,5.824091120393699861e-02,1.462484070187640983e-01,9.873634371363357864e-01,-1.822403232933467732e-01,-6.382733823852709820e-04,3.215190613055886049e-01,9.599676829332717820e-02,-2.009917479952502140e-01,1.541475346862268558e-01,-2.547984129802272069e-01,-8.163275113770304681e-02,3.647069260787387524e-02,1.855864779432957745e-01,-2.097696861214376762e-01,1.561624495997938622e-01,-1.014821837769562668e-01,0.000000000000000000e+00,0.000000000000000000e+00,-3.011241836364794353e-02,5.020382255463077259e-01,-2.776053208214294687e-01,1.236186016496577667e+00,0.000000000000000000e+00,0.000000000000000000e+00,0.000000000000000000e+00,-2.513939578916219997e-01,-9.241748653297039429e-01,1.439061128809307200e-01,1.329192594946075667e+00,0.000000000000000000e+00,0.000000000000000000e+00,0.000000000000000000e+00
-3.682152028250769704e-01,6.829621256392486295e-01,8.987289751612383970e-01,1.831071708912931917e-02,5.796450130826850955e-02,1.474367708484895789e-01,9.872017184089250108e-01,-1.815441489622350857e-01,-1.168290279489097444e-03,3.198396957867190027e-01,9.618471777746541440e-02,-2.025018948104804206e-01,1.538760992009257089e-01,-2.559146454801188852e-01,-8.200622591805160899e-02,3.573359853145309517e-02,1.910855650223080016e-01,-2.135353435735035388e-01,1.566358205908206236e-01,-1.035114214229945623e-01,0.000000000000000000e+00,0.000000000000000000e+00,-2.888557604914231136e-02,5.022161756636654983e-01,-2.776589373576791586e-01,1.235044193134280599e+00,0.000000000000000000e+00,0.000000000000000000e+00,0.000000000000000000e+00,-2.490514031481168566e-01,-9.243558268401138589e-01,1.434816019599546577e-01,1.327761107229897819e+00,0.000000000000000000e+00,0.000000000000000000e+00,0.000000000000000000e+00
-3.677641817432232840e-01,6.830138271116158455e-01,8.987542071234423391e-01,1.835437396073616098e-02,5.841819147930945449e-02,1.465734845661572361e-01,9.873027121825045382e-01,-1.806414437653965643e-01,-1.117567347071499878e-03,3.214480599912536429e-01,9.371512933806432077e-02,-2.006047140616671609e-01,1.530917078090182071e-01,-2.560858655805153261e-01,-8.177701070911018444e-02,3.615131625919010272e-02,1.901030214207589109e-01,-2.141751132526562018e-01,1.555318107783903170e-01,-1.034936805235037449e-01,0.000000000000000000e+00,0.000000000000000000e+00,-2.706243670306290525e-02,5.010819365428278438e-01,-2.764864840982675931e-01,1.235321807183097365e+00,0.000000000000000000e+00,0.000000000000000000e+00,0.000000000000000000e+00,-2.496622870956945739e-01,-9.212581942757871456e-01,1.424917364172857415e-01,1.326802061855395731e+00,0.000000000000000000e+00,0.000000000000000000e+00,0.000000000000000000e+00
-3.672839448099328719e-01,6.830693496749797866e-01,8.988126264016591538e-01,1.856482634864367251e-02,5.912876967148988222e-02,1.454974834182567456e-01,9.874156258327763114e-01,-1.797578875633220052e-01,-1.793871959498732904e-03,3.217499498916042144e-01,8.979628176536449957e-02,-1.962241942786218385e-01,1.524117963613061677e-01,-2.563282798700879384e-01,-8.182626725648101118e-02,3.719093797420433556e-02,1.879002770086319329e-01,-2.131517578110999345e-01,1.543312673505313204e-01,-1.037880218436660756e-01,0.000000000000000000e+00,0.000000000000000000e+00,-2.583628238463542282e-02,5.008917227507442282e-01,-2.788709433419072625e-01,1.239055307846367304e+00,0.000000000000000000e+00,0.000000000000000000e+00,0.000000000000000000e+00,-2.511950640025725767e-01,-9.221047034649593188e-01,1.429046834918602515e-01,1.326752306413865323e+00,0.000000000000000000e+00,0.000000000000000000e+00,0.000000000000000000e+00
-3.668745879827325362e-01,6.832935859297614156e-01,8.988555176450412354e-01,1.810806476195581105e-02,5.884343019577770867e-02,1.479017825659115493e-01,9.870838928010102764e-01,-1.778055251798910941e-01,-2.545023922581136910e-03,3.181930110421306579e-01,8.703748211741489660e-02,-1.977652644042609542e-01,1.526341776654610849e-01,-2.549519262741636316e-01,-8.165291984018030469e-02,3.578799344031242946e-02,1.892195417357068199e-01,-2.140551415100769850e-01,1.532928042721928563e-01,-1.050403084328444536e-01,0.000000000000000000e+00,0.000000000000000000e+00,-2.817138630001773947e-02,5.000802152332549655e-01,-2.770349032884265039e-01,1.238174316568855460e+00,0.000000000000000000e+00,0.000000000000000000e+00,0.000000000000000000e+00,-2.487117355463928092e-01,-9.220180008491845047e-01,1.386272088944484893e-01,1.333683883226257416e+00,0.000000000000000000e+00,0.000000000000000000e+00,0.000000000000000000e+00
-3.664123983908581517e-01,6.836635458754963812e-01,8.988050613259830346e-01,1.793894640876764202e-02,5.879340882527396561e-02,1.492142002333370354e-01,9.868924215582830506e-01,-1.764767484265313269e-01,-3.296157583658931162e-03,3.169368147085769305e-01,8.550914644054440072e-02,-1.996937117482214530e-01,1.521030009265063598e-01,-2.547993027699446134e-01,-8.217368446509351609e-02,3.493372660637306115e-02,1.913211450145174963e-01,-2.153010839206901395e-01,1.551213906521843600e-01,-1.063511366023917881e-01,0.000000000000000000e+00,0.000000000000000000e+00,-2.815458107564900586e-02,4.998200182118800461e-01,-2.789716070210658816e-01,1.238144205731837255e+00,0.000000000000000000e+00,0.000000000000000000e+00,0.000000000000000000e+00,-2.472863560302769603e-01,-9.226285052517323448e-01,1.320395493184593205e-01,1.336625647282901230e+00,0.000000000000000000e+00,0.000000000000000000e+00,0.000000000000000000e+00
-3.659544227263483718e-01,6.839748475791488369e-01,8.987781435173319844e-01,1.825010621765688415e-02,5.812465659482173030e-02,1.488490278553327717e-01,9.869814713687888874e-01,-1.745995739332474317e-01,-3.344372615305828828e-03,3.184112717053466657e-01,8.694509954690829434e-02,-2.013658031872014309e-01,1.493257256344072414e-01,-2.529769388365636917e-01,-8.321215293743725039e-02,3.330788105496969298e-02,1.926214628411560548e-01,-2.189643698845960829e-01,1.560969740931864858e-01,-1.045581291384271028e-01,0.000000000000000000e+00,0.000000000000000000e+00,-2.923141976465283218e-02,4.976370187146672563e-01,-2.749676703983541803e-01,1.240512158890313632e+00,0.000000000000000000e+00,0.000000000000000000e+00,0.000000000000000000e+00,-2.436122926113912235e-01,-9.230942305101939027e-01,1.306167472604476687e-01,1.333854130077797073e+00,0.000000000000000000e+00,0.000000000000000000e+00,0.000000000000000000e+00
-3.654465100010295120e-01,6.842769652913673895e-01,8.987220582575978778e-01,1.814047155804431738e-02,5.757508697592998020e-02,1.508441209430329555e-01,9.867127666288140198e-01,-1.773437596972212982e-01,-2.728827873651230862e-03,3.158674075108173773e-01,9.563776965213757753e-02,-2.040078019036400125e-01,1.509757177150603258e-01,-2.534030318504242318e-01,-8.313046370962914877e-02,3.395296927855860625e-02,1.987958266612567804e-01,-2.218984522976363560e-01,1.533801195581008525e-01,-1.056371807513379613e-01,0.000000000000000000e+00,0.000000000000000000e+00,-2.869457574841364350e-02,4.977872130077303781e-01,-2.780963173661527010e-01,1.237652331113509918e+00,0.000000000000000000e+00,0.000000000000000000e+00,0.000000000000000000e+00,-2.408414872679399688e-01,-9.227844416810839778e-01,1.229970050057830472e-01,1.341446519035924156e+00,0.000000000000000000e+00,0.000000000000000000e+00,0.000000000000000000e+00
-3.649224172648575792e-01,6.843327894669121170e-01,8.985621763711678645e-01,1.830384010112226512e-02,5.803677740800292778e-02,1.554407789097491388e-01,9.859689985783405275e-01,-1.861069434125603161e-01,-3.995175754852423738e-03,3.047878338486223471e-01,1.102840025679768243e-01,-2.104834721504050821e-01,1.509627444426926424e-01,-2.552568067592628220e-01,-8.494043350383004287e-02,3.259784456799143249e-02,2.060010797459309873e-01,-2.282552997987557786e-01,1.538500469126150294e-01,-1.042502748669243418e-01,0.000000000000000000e+00,0.000000000000000000e+00,-3.406991163469490214e-02,4.997302468999905156e-01,-2.771070812287830809e-01,1.234048198432329935e+00,0.000000000000000000e+00,0.000000000000000000e+00,0.000000000000000000e+00,-2.245388289284307448e-01,-9.224686814265876666e-01,1.109597210403815704e-01,1.342409711330041278e+00,0.000000000000000000e+00,0.000000000000000000e+00,0.000000000000000000e+00
