-1.145526568360266846e-03,-1.601232121086533511e-02,9.012630751589471023e-01,1.560194932909958823e-02,3.517772939770662938e-03,6.798877480756937430e-01,7.331417696920823346e-01,-2.025184939115473592e-01,-8.521704602659646577e-02,1.944825370413010013e-02,4.293136404746156209e-01,-2.542670163006047757e-01,9.291964092534990560e-02,-2.489504920271633504e-01,6.508531474880507872e-03,-8.332375398055071047e-03,4.796721162998633936e-01,-2.503257558666217020e-01,4.177891486789293840e-02,-3.027755660968566367e-02,0.000000000000000000e+00,0.000000000000000000e+00,-8.045831693292804232e-02,2.333717950667197338e-01,-5.787025115145427723e-01,1.221154835610679834e+00,0.000000000000000000e+00,0.000000000000000000e+00,0.000000000000000000e+00,-9.429729207417425485e-02,-2.587810830990164845e-01,5.491158103071763774e-01,1.181742418577634623e+00,0.000000000000000000e+00,0.000000000000000000e+00,0.000000000000000000e+00
-2.055669255621493142e-03,-1.657753682313164653e-02,8.973313760829637609e-01,1.083539144266829068e-02,4.905305742469084906e-03,6.811518374442774304e-01,7.320455632091089626e-01,-2.509027877665209738e-01,-8.115363825568908118e-02,2.016188431577586870e-02,5.091512586899855641e-01,-2.961966324085363866e-01,9.527007655689530286e-02,-2.832817054523303346e-01,9.245471477772902735e-03,-1.357344758856638897e-02,5.308807264143488025e-01,-2.762800528625110053e-01,4.275747125194464399e-02,-3.356420789228262147e-02,0.000000000000000000e+00,0.000000000000000000e+00,-1.039585603696848576e-01,2.245660124082973219e-01,-5.790724725903763082e-01,1.247876419247138768e+00,0.000000000000000000e+00,0.000000000000000000e+00,0.000000000000000000e+00,-1.146338625416069290e-01,-2.508299712488315514e-01,5.504182899909321192e-01,1.200535175335414095e+00,0.000000000000000000e+00,0.000000000000000000e+00,0.000000000000000000e+00
-3.038069856464443649e-03,-1.705486766238998794e-02,8.968894754532031888e-01,7.444361354353466742e-03,6.408197286898101655e-03,6.809228062170467055e-01,7.322893201904971949e-01,-2.644487293045602594e-01,-7.884417011054797864e-02,2.061106035591751817e-02,5.199461663616544715e-01,-3.008405303989288848e-01,9.629248935518469610e-02,-2.932870350652526659e-01,1.208545293526390105e-02,-1.256224805537129938e-02,5.332943541762684703e-01,-2.743449079902807175e-01,4.290091132552592557e-02,-3.567444234040499651e-02,0.000000000000000000e+00,0.000000000000000000e+00,-1.131636498479876851e-01,2.226543739398227917e-01,-5.790465141695092521e-01,1.257713192654251522e+00,0.000000000000000000e+00,0.000000000000000000e+00,0.000000000000000000e+00,-1.246241588300244230e-01,-2.489319082868064470e-01,5.500423451586377022e-01,1.204713015676448951e+00,0.000000000000000000e+00,0.000000000000000000e+00,0.000000000000000000e+00
-4.188048092868061102e-03,-1.743134342120731053e-02,8.968586987266748967e-01,6.791296359378127569e-03,5.967777831776328867e-03,6.804974207984146872e-01,7.326947005460153761e-01,-2.659845338502066503e-01,-7.813870642290568491e-02,2.167072704415273776e-02,5.216111961910272488e-01,-3.019183732184612667e-01,9.781299472601522049e-02,-2.941884174788708672e-01,1.334444481515806996e-02,-1.039814143861662182e-02,5.326577503902245603e-01,-2.717929286506414743e-01,4.402274513061526368e-02,-3.750562218883174426e-02,0.000000000000000000e+00,0.000000000000000000e+00,-1.145624901847598631e-01,2.170369388161705326e-01,-5.794299299250289526e-01,1.266759976821121292e+00,0.000000000000000000e+00,0.000000000000000000e+00,0.000000000000000000e+00,-1.279894417495215098e-01,-2.486448166974864760e-01,5.503633173874968865e-01,1.207881172150318649e+00,0.000000000000000000e+00,0.000000000000000000e+00,0.000000000000000000e+00
-5.331456114329965676e-03,-1.787270027002358513e-02,8.967898286806577079e-01,6.353741803540923459e-03,5.810501814279792065e-03,6.803335091351534469e-01,7.328520890204300864e-01,-2.675073024635111207e-01,-7.802186444181506697e-02,2.344805837120419317e-02,5.226869207407951468e-01,-3.026020550148782462e-01,9.900865944090112003e-02,-2.958377066829473434e-01,1.362494439810481642e-02,-8.218760399024523794e-03,5.331483944395798424e-01,-2.694799020149988289e-01,4.564259467078785049e-02,-3.923240934805784230e-02,0.000000000000000000e+00,0.000000000000000000e+00,-1.160207354467030771e-01,2.101808898820154425e-01,-5.792209837658419680e-01,1.275645057621960898e+00,0.000000000000000000e+00,0.000000000000000000e+00,0.000000000000000000e+00,-1.309272899150458469e-01,-2.494268523422751294e-01,5.506996703253678183e-01,1.209657709877945519e+00,0.000000000000000000e+00,0.000000000000000000e+00,0.000000000000000000e+00
-6.414285277018240417e-03,-1.841110971106553820e-02,8.968099632755209827e-01,5.968785493858954488e-03,5.821346826678236094e-03,6.802320188874568796e-01,7.329494430048680842e-01,-2.686515262603372811e-01,-7.828338114558926197e-02,2.471821401052014949e-02,5.220921975013851357e-01,-3.019357223946715907e-01,9.923243977204058985e-02,-2.974157825413240586e-01,1.337386110922350602e-02,-6.782589702813004301e-03,5.329754082532625059e-01,-2.671311902010239381e-01,4.611082833567799188e-02,-3.987897208973305296e-02,0.000000000000000000e+00,0.000000000000000000e+00,-1.170587963766875073e-01,2.034939756786659781e-01,-5.820059899418478233e-01,1.281514494916568436e+00,0.000000000000000000e+00,0.000000000000000000e+00,0.000000000000000000e+00,-1.328200245329037577e-01,-2.504872258124304918e-01,5.512948456889761317e-01,1.209981270821949728e+00,0.000000000000000000e+00,0.000000000000000000e+00,0.000000000000000000e+00
-7.440208409688790075e-03,-1.896546130113320114e-02,8.967342384564959135e-01,5.104543457880688674e-03,5.943433459137038855e-03,6.801949371227358210e-01,7.329894042531587273e-01,-2.716792199142815667e-01,-7.761411929101920404e-02,2.653133898022638770e-02,5.236498397590474418e-01,-3.027655178988754026e-01,9.984183940714112804e-02,-2.998866003116834045e-01,1.354992386186880046e-02,-5.939113744732507638e-03,5.327002019850363146e-01,-2.648030502688217269e-01,4.777520751685994382e-02,-4.025663494811318466e-02,0.000000000000000000e+00,0.000000000000000000e+00,-1.182943617168711048e-01,1.988436327728465847e-01,-5.871894961861899853e-01,1.283215899914992741e+00,0.000000000000000000e+00,0.000000000000000000e+00,0.000000000000000000e+00,-1.346882873864547192e-01,-2.521688002917823468e-01,5.529590176972093429e-01,1.209090341256940260e+00,0.000000000000000000e+00,0.000000000000000000e+00,0.000000000000000000e+00
-8.277918795884279049e-03,-1.956946897860619566e-02,8.967178939557527428e-01,4.867427419940019949e-03,6.167694492112361752e-03,6.804921259924325838e-01,7.327132687192601246e-01,-2.730819132806669991e-01,-7.827168524527884641e-02,2.760357561671826845e-02,5.229277091889811269e-01,-3.017117930197530384e-01,1.000465988166708425e-01,-3.017317960136657873e-01,1.226197343562851483e-02,-5.965868144948000690e-03,5.329416875330769132e-01,-2.629125230442629912e-01,4.845977734918587021e-02,-3.982532643816602547e-02,0.000000000000000000e+00,0.000000000000000000e+00,-1.196512461337864708e-01,1.946933067081540458e-01,-5.928570295333871476e-01,1.282667992982054361e+00,0.000000000000000000e+00,0.000000000000000000e+00,0.000000000000000000e+00,-1.355791666903176096e-01,-2.535682047217941992e-01,5.530255622704940421e-01,1.208517920172959004e+00,0.000000000000000000e+00,0.000000000000000000e+00,0.000000000000000000e+00
-8.978674421731971250e-03,-2.014040963820602423e-02,8.967529229945075953e-01,4.639927337839208285e-03,6.061913413544262573e-03,6.808809040225854980e-01,7.323543669682410773e-01,-2.738766371123488308e-01,-7.844978448526807036e-02,2.810985741663582158e-02,5.221672877359159193e-01,-3.003810412379096517e-01,1.005363789528092716e-01,-3.022115448237675528e-01,1.182487565590333023e-02,-5.794608006728242666e-03,5.316664537398846369e-01,-2.607346694159189404e-01,4.863808458668342910e-02,-3.923976498787997563e-02,0.000000000000000000e+00,0.000000000000000000e+00,-1.205913505396100649e-01,1.924576522441375503e-01,-5.981343823954912153e-01,1.277976573191679677e+00,0.000000000000000000e+00,0.000000000000000000e+00,0.000000000000000000e+00,-1.357030108364092880e-01,-2.546085751131683672e-01,5.533317324240851764e-01,1.206754046074703046e+00,0.000000000000000000e+00,0.000000000000000000e+00,0.000000000000000000e+00
-9.473309886168162358e-03,-2.059785707286267142e-02,8.967901901727826086e-01,4.735992163304622062e-03,6.390835516703081455e-03,6.813612293092015104e-01,7.319040939862827555e-01,-2.739815513310221440e-01,-7.969193756296008568e-02,2.861838304377781542e-02,5.197428299491525516e-01,-2.982781073366495006e-01,1.008036988604963519e-01,-3.033047680068856056e-01,1.018072495621164322e-02,-5.770222043948211588e-03,5.317068050294739834e-01,-2.594842829183153232e-01,4.951400572587621313e-02,-3.868689237163876193e-02,0.000000000000000000e+00,0.000000000000000000e+00,-1.220742256974662321e-01,1.909201321758843828e-01,-6.026247530343733505e-01,1.271424390539945382e+00,0.000000000000000000e+00,0.000000000000000000e+00,0.000000000000000000e+00,-1.349962089233786022e-01,-2.555026792349085474e-01,5.522008470273074288e-01,1.204385761393772958e+00,0.000000000000000000e+00,0.000000000000000000e+00,0.000000000000000000e+00
-9.797708099282828945e-03,-2.090695763897136225e-02,8.968762545669544117e-01,5.029760507197705149e-03,7.097290477376970441e-03,6.820912107141224867e-01,7.312153651583521707e-01,-2.731707219886894689e-01,-8.202520370512009218e-02,2.844819542909809290e-02,5.152820771443181735e-01,-2.964360549211974005e-01,1.009222053598936020e-01,-3.046510065237413856e-01,7.715867062680979716e-03,-5.782296738744842346e-03,5.323499034240549710e-01,-2.591077096033813087e-01,4.992026221297832939e-02,-3.906285285599583185e-02,0.000000000000000000e+00,0.000000000000000000e+00,-1.249979372089451285e-01,1.913625730675458381e-01,-6.069743531369496958e-01,1.262611986052003088e+00,0.000000000000000000e+00,0.000000000000000000e+00,0.000000000000000000e+00,-1.336942265676319685e-01,-2.567522045064232206e-01,5.514404607683176529e-01,1.200385891699040641e+00,0.000000000000000000e+00,0.000000000000000000e+00,0.000000000000000000e+00
-9.961492755636279853e-03,-2.103256068635770207e-02,8.970157050066792648e-01,5.252033905100823852e-03,7.778402772162536401e-03,6.830563550043496912e-01,7.303053665956081852e-01,-2.720379285157623062e-01,-8.430875789578641533e-02,2.747439903593601462e-02,5.105145849129169022e-01,-2.945769254376278123e-01,1.005500272847139193e-01,-3.054323251867161471e-01,5.574832858758198284e-03,-6.055423756813511915e-03,5.325917535898653243e-01,-2.592180032978715909e-01,4.975158390792559782e-02,-3.912543198432404112e-02,0.000000000000000000e+00,0.000000000000000000e+00,-1.308880003758389476e-01,1.968290877467899214e-01,-6.112016680421827886e-01,1.250891986966292446e+00,0.000000000000000000e+00,0.000000000000000000e+00,0.000000000000000000e+00,-1.315831988245145523e-01,-2.575500836658391468e-01,5.504180872389445867e-01,1.196271456596361471e+00,0.000000000000000000e+00,0.000000000000000000e+00,0.000000000000000000e+00
-1.002215553516422678e-02,-2.099496496387227504e-02,8.970778252177118439e-01,5.378813281043542255e-03,8.600944620636053958e-03,6.841847244705894227e-01,7.292382017697812691e-01,-2.710075330146595185e-01,-8.685166322663187555e-02,2.595696404820643788e-02,5.059892900295042129e-01,-2.950620984221236087e-01,1.005997805885071594e-01,-3.064009006925949019e-01,2.696577208941865894e-03,-8.004990353132346304e-03,5.333750812423649901e-01,-2.611971404772696070e-01,5.029635207372771394e-02,-4.006383808971780702e-02,0.000000000000000000e+00,0.000000000000000000e+00,-1.381260640145893226e-01,2.086668949780569049e-01,-6.144091451630727674e-01,1.236162523022959814e+00,0.000000000000000000e+00,0.000000000000000000e+00,0.000000000000000000e+00,-1.286245194217740251e-01,-2.593473416587070979e-01,5.486603773632995340e-01,1.188850211181454064e+00,0.000000000000000000e+00,0.000000000000000000e+00,0.000000000000000000e+00
-9.948343196725826718e-03,-2.084429131281761993e-02,8.971238000514495381e-01,5.646366298778333556e-03,9.507276982518167788e-03,6.849278064772202912e-01,7.285270277390548666e-01,-2.699332555046276005e-01,-8.910409363177129727e-02,2.529685297897157903e-02,5.016710714823098272e-01,-2.941256188899697976e-01,1.000346208670455511e-01,-3.075025147886567556e-01,-2.937251020516500055e-04,-1.009845250065860220e-02,5.347153858681062966e-01,-2.637928539845904585e-01,4.921407104078202172e-02,-4.051839124315086138e-02,0.000000000000000000e+00,0.000000000000000000e+00,-1.435556700913382944e-01,2.231102900075686291e-01,-6.149615428828547614e-01,1.221410289715594955e+00,0.000000000000000000e+00,0.000000000000000000e+00,0.000000000000000000e+00,-1.253861642970549584e-01,-2.602186896842059727e-01,5.445895955175730219e-01,1.181604259516883193e+00,0.000000000000000000e+00,0.000000000000000000e+00,0.000000000000000000e+00
-9.876227687844390396e-03,-2.058963799555758520e-02,8.970595575310794656e-01,5.176967028861650250e-03,1.046335086495175752e-02,6.862871524044036331e-01,7.272370052092469450e-01,-2.707348107640691337e-01,-9.046427109728305549e-02,2.408147274590365788e-02,4.993823074562573905e-01,-2.962693901261180263e-01,9.916795215595954061e-02,-3.092411628108124866e-01,-2.565255111353061113e-03,-1.286406891878076261e-02,5.358514841462809208e-01,-2.674855152264408176e-01,5.083289430409908966e-02,-4.211621563885715319e-02,0.000000000000000000e+00,0.000000000000000000e+00,-1.489048603351335043e-01,2.409553469261824232e-01,-6.143724160650099186e-01,1.207195457566059060e+00,0.000000000000000000e+00,0.000000000000000000e+00,0.000000000000000000e+00,-1.233205363423423018e-01,-2.608393648596131209e-01,5.399213064880217239e-01,1.176771700435576662e+00,0.000000000000000000e+00,0.000000000000000000e+00,0.000000000000000000e+00
-9.827994116952572246e-03,-2.032459015595466933e-02,8.971398975077106153e-01,4.881783071463785192e-03,1.126148388982417016e-02,6.870936266461781239e-01,7.264652059093026359e-01,-2.701907792180188173e-01,-9.119084184114308045e-02,2.415966298853024913e-02,4.955949159078076316e-01,-2.974029090022848876e-01,9.780906857722337922e-02,-3.102903380191363580e-01,-4.832285788716986219e-03,-1.583158367866019031e-02,5.362701169579155991e-01,-2.696307833549943522e-01,5.149599544294023584e-02,-4.422449566519755237e-02,0.000000000000000000e+00,0.000000000000000000e+00,-1.520121232047295101e-01,2.550175241625753930e-01,-6.123644958127256732e-01,1.197728819294179070e+00,0.000000000000000000e+00,0.000000000000000000e+00,0.000000000000000000e+00,-1.212807430202035852e-01,-2.617813458799340687e-01,5.356937694084787926e-01,1.170937511120051067e+00,0.000000000000000000e+00,0.000000000000000000e+00,0.000000000000000000e+00
-9.801001484584161150e-03,-2.013445938859277293e-02,8.969457410155154964e-01,4.361441632963250145e-03,1.183218292831898777e-02,6.877136547439200998e-01,7.258725138430258683e-01,-2.719267060942127112e-01,-9.076844253914970184e-02,2.532773710904102915e-02,4.963968778414318272e-01,-3.002018559596413838e-01,9.672928629981022985e-02,-3.123867704434591386e-01,-6.471502343991766132e-03,-1.920604669591903513e-02,5.385084810337386063e-01,-2.729060196562663743e-01,5.211298864391406688e-02,-4.596086645696062511e-02,0.000000000000000000e+00,0.000000000000000000e+00,-1.553666096298599864e-01,2.722600821337808341e-01,-6.111254363389347910e-01,1.187293483305140063e+00,0.000000000000000000e+00,0.000000000000000000e+00,0.000000000000000000e+00,-1.203170974544294780e-01,-2.655420836063607237e-01,5.305206786730547464e-01,1.165983139856422435e+00,0.000000000000000000e+00,0.000000000000000000e+00,0.000000000000000000e+00
-9.811854524179042247e-03,-2.003350123453840129e-02,8.967991979451005458e-01,3.738625684366127765e-03,1.254722081981251083e-02,6.884740748553265233e-01,7.251427708939761629e-01,-2.737757207408554883e-01,-9.037165903415324275e-02,2.665067010495481351e-02,4.963718200950355541e-01,-3.025086991570528072e-01,9.527014643721730403e-02,-3.150067615986308356e-01,-7.879663768646011715e-03,-2.186309016270425107e-02,5.407444403444221503e-01,-2.754973561061686560e-01,5.185211881216109792e-02,-4.855628820297885895e-02,0.000000000000000000e+00,0.000000000000000000e+00,-1.581745870528205866e-01,2.873362181238607871e-01,-6.053386681319760099e-01,1.184346491450915195e+00,0.000000000000000000e+00,0.000000000000000000e+00,0.000000000000000000e+00,-1.205917568952962760e-01,-2.727862242814816374e-01,5.237514790850196222e-01,1.162176415632581117e+00,0.000000000000000000e+00,0.000000000000000000e+00,0.000000000000000000e+00
-9.904444981059346703e-03,-2.008113528413251608e-02,8.964030374446861904e-01,3.081155033348535223e-03,1.213429628545897865e-02,6.890839263117566338e-01,7.245733971352318337e-01,-2.770033966196058794e-01,-8.842654783539598273e-02,2.756973420516244805e-02,5.026687269413160353e-01,-3.081092384839758669e-01,9.573692220934021391e-02,-3.164030174033949927e-01,-7.347179680488685055e-03,-2.455092048247629541e-02,5.434184786638430742e-01,-2.779391870377767026e-01,5.159049166532107822e-02,-5.000316934263462215e-02,0.000000000000000000e+00,0.000000000000000000e+00,-1.606195332586897451e-01,3.021527724583134011e-01,-6.006332923130084378e-01,1.187539130302252000e+00,0.000000000000000000e+00,0.000000000000000000e+00,0.000000000000000000e+00,-1.214835163904049165e-01,-2.812730388756946032e-01,5.153264606951862836e-01,1.163806454240709831e+00,0.000000000000000000e+00,0.000000000000000000e+00,0.000000000000000000e+00
-1.002739493427467696e-02,-2.019125951112468731e-02,8.962309176572660352e-01,1.883338951986233793e-03,1.236397553414547539e-02,6.895010562143146782e-01,7.241766901956502300e-01,-2.811100415765044880e-01,-8.709642191347219398e-02,2.706605747541876439e-02,5.062455872366429244e-01,-3.099818117537522233e-01,9.570496431051538078e-02,-3.191965980029252692e-01,-6.830566415344546671e-03,-2.729182565966412413e-02,5.448715438486623208e-01,-2.789329644677362441e-01,5.024943264121657649e-02,-5.168963988935176834e-02,0.000000000000000000e+00,0.000000000000000000e+00,-1.589765492479099096e-01,3.134851979869148764e-01,-5.943704691171007859e-01,1.193321605257986917e+00,0.000000000000000000e+00,0.000000000000000000e+00,0.000000000000000000e+00,-1.213305979713948379e-01,-2.894898693715595717e-01,5.055062867018988992e-01,1.163856009664698377e+00,0.000000000000000000e+00,0.000000000000000000e+00,0.000000000000000000e+00
-1.024252926766854206e-02,-2.035501415140158338e-02,8.960941435608463790e-01,-1.063773695909849340e-04,1.264101931272829278e-02,6.894642368016635769e-01,7.242094030638436264e-01,-2.868627112354809050e-01,-8.436821719236416162e-02,2.699961767711394137e-02,5.106794566631089882e-01,-3.125565086762295830e-01,9.673526604875276602e-02,-3.222345684685914424e-01,-4.263911057837372481e-03,-2.837365078567223239e-02,5.433753487109662661e-01,-2.786594810077256956e-01,4.913829367748151489e-02,-5.258619625000242326e-02,0.000000000000000000e+00,0.000000000000000000e+00,-1.562232478736224617e-01,3.243761684220672348e-01,-5.862152915972488332e-01,1.202039841055632330e+00,0.000000000000000000e+00,0.000000000000000000e+00,0.000000000000000000e+00,-1.213415648005267966e-01,-2.982067134636869343e-01,4.972677247693319535e-01,1.162710852418955110e+00,0.000000000000000000e+00,0.000000000000000000e+00,0.000000000000000000e+00
-1.044938893041800348e-02,-2.062432335945739090e-02,8.959473468286541786e-01,-1.369139636872410831e-03,1.272153046563080994e-02,6.892384795251801366e-01,7.244215668111233519e-01,-2.909112348921352176e-01,-8.256655228287702875e-02,2.695724450812088738e-02,5.141719516449511085e-01,-3.146675835904592100e-01,9.786773696721265403e-02,-3.245546001410504755e-01,-2.713462690656136267e-03,-2.954742240516128327e-02,5.431016785896959354e-01,-2.789957196065050438e-01,4.856754380766752782e-02,-5.349121012846039247e-02,0.000000000000000000e+00,0.000000000000000000e+00,-1.525828134578927353e-01,3.315384579065359105e-01,-5.796772377793426578e-01,1.210978098684549309e+00,0.000000000000000000e+00,0.000000000000000000e+00,0.000000000000000000e+00,-1.194847337144557542e-01,-3.054792063687254422e-01,4.875425011243745277e-01,1.161423009807662332e+00,0.000000000000000000e+00,0.000000000000000000e+00,0.000000000000000000e+00
-1.062630409777973531e-02,-2.090909455871436951e-02,8.958698012424052282e-01,-2.460491763668701173e-03,1.302632625944135682e-02,6.888631252105038572e-01,7.247702087763262524e-01,-2.940128858823803371e-01,-8.132336063216551170e-02,2.693790767963868266e-02,5.156522252923176897e-01,-3.164044487702921127e-01,9.802168496889476779e-02,-3.266380946233836680e-01,-1.182593026740997449e-03,-2.940502330409010961e-02,5.420450611669156427e-01,-2.796818282156927071e-01,4.751320110331442442e-02,-5.369626039117633004e-02,0.000000000000000000e+00,0.000000000000000000e+00,-1.470897758692236157e-01,3.364516312866623893e-01,-5.666855961688910259e-01,1.223939999239662235e+00,0.000000000000000000e+00,0.000000000000000000e+00,0.000000000000000000e+00,-1.176025160037852402e-01,-3.120189617089645373e-01,4.792100312997842337e-01,1.159310275099713961e+00,0.000000000000000000e+00,0.000000000000000000e+00,0.000000000000000000e+00
-1.078034504735683914e-02,-2.121064393333409875e-02,8.957775855663818732e-01,-3.436053636893580520e-03,1.319467662655456411e-02,6.893714511406520140e-01,7.242797086736280088e-01,-2.972732660017796680e-01,-8.048713433233564696e-02,2.594736735874242708e-02,5.177109041293795899e-01,-3.173257683720569489e-01,9.746998282945600056e-02,-3.283747854410032918e-01,-4.114821309326999188e-04,-3.061509478545550861e-02,5.414864943573958200e-01,-2.797547797427702432e-01,4.661996278693483764e-02,-5.414891043078371574e-02,0.000000000000000000e+00,0.000000000000000000e+00,-1.422594595825720232e-01,3.404591799385222606e-01,-5.593915158664414244e-01,1.229103232928062672e+00,0.000000000000000000e+00,0.000000000000000000e+00,0.000000000000000000e+00,-1.156121854753197620e-01,-3.160650189605220262e-01,4.714382012607650774e-01,1.159717591013000870e+00,0.000000000000000000e+00,0.000000000000000000e+00,0.000000000000000000e+00
-1.091461645653844792e-02,-2.153222355160059817e-02,8.957450265217945518e-01,-3.887482062500040129e-03,1.297224182530174776e-02,6.895502951725135388e-01,7.241111785166266523e-01,-2.986175675111386041e-01,-7.932805673563220195e-02,2.629150084883660754e-02,5.188828108682335127e-01,-3.178799817834098151e-01,9.753268926917647852e-02,-3.282774754217311353e-01,5.383389974187129112e-04,-3.104388145924778797e-02,5.397366000484807858e-01,-2.795998832818160085e-01,4.532227787828198295e-02,-5.454036352415538719e-02,0.000000000000000000e+00,0.000000000000000000e+00,-1.376615703290084980e-01,3.425130782354127712e-01,-5.540977036542009682e-01,1.233085382198110258e+00,0.000000000000000000e+00,0.000000000000000000e+00,0.000000000000000000e+00,-1.136922993957356631e-01,-3.195703835513878932e-01,4.645669279025659293e-01,1.159397911134385506e+00,0.000000000000000000e+00,0.000000000000000000e+00,0.000000000000000000e+00
-1.099320718925341639e-02,-2.179459426870102717e-02,8.957655478205371891e-01,-4.093351231290801029e-03,1.297836912937026799e-02,6.900696680134431604e-01,7.236149941082303805e-01,-2.991908544899631317e-01,-7.942118540447433428e-02,2.550113517384184833e-02,5.183814820091477982e-01,-3.174864381211371933e-01,9.684883250896723916e-02,-3.281652448005993872e-01,7.224600611419156049e-04,-3.126404253145335238e-02,5.384652273777508213e-01,-2.798146734605295727e-01,4.422795502921593458e-02,-5.453831084888816072e-02,0.000000000000000000e+00,0.000000000000000000e+00,-1.339005647858641235e-01,3.434024577917616505e-01,-5.521102202224548172e-01,1.234227426883037992e+00,0.000000000000000000e+00,0.000000000000000000e+00,0.000000000000000000e+00,-1.115991998740890334e-01,-3.218127960759238904e-01,4.567407977268593822e-01,1.160297089753187016e+00,0.000000000000000000e+00,0.000000000000000000e+00,0.000000000000000000e+00
-1.104260368002966085e-02,-2.197901872709031451e-02,8.958539319922980138e-01,-4.164499469481891189e-03,1.340299782271078995e-02,6.905045423321043430e-01,7.231918788345615967e-01,-2.993654283857619669e-01,-8.018936441233491530e-02,2.527997263519633081e-02,5.163182361503222406e-01,-3.161998594471380208e-01,9.612851055239934883e-02,-3.286886738771763183e-01,5.146820046351210931e-04,-3.015080951344056848e-02,5.376663820145393125e-01,-2.800276816450134043e-01,4.333178549041127869e-02,-5.457359015372770933e-02,0.000000000000000000e+00,0.000000000000000000e+00,-1.301380923358954056e-01,3.426053761005105613e-01,-5.513338404111214341e-01,1.234118095037206819e+00,0.000000000000000000e+00,0.000000000000000000e+00,0.000000000000000000e+00,-1.102776136288729225e-01,-3.230524213015579238e-01,4.499947452338120546e-01,1.162155441809637146e+00,0.000000000000000000e+00,0.000000000000000000e+00,0.000000000000000000e+00
-1.109321812429946152e-02,-2.210280625778366509e-02,8.960099573981121779e-01,-4.219924102800259522e-03,1.397105353700173885e-02,6.910854342414984863e-01,7.226257153484586526e-01,-2.987720462500376151e-01,-8.123127104917979291e-02,2.503781966521381047e-02,5.125111289789719970e-01,-3.149383531102142308e-01,9.515749134259704478e-02,-3.290924645483849220e-01,-3.338784420007095965e-04,-2.975536044550390266e-02,5.367004027466822924e-01,-2.806635532002029754e-01,4.290587739417074664e-02,-5.418602951194797374e-02,0.000000000000000000e+00,0.000000000000000000e+00,-1.263760233736179461e-01,3.404580018779720940e-01,-5.516689980983133790e-01,1.232175102178499015e+00,0.000000000000000000e+00,0.000000000000000000e+00,0.000000000000000000e+00,-1.085019144758414544e-01,-3.237996496144240344e-01,4.443389985670965769e-01,1.163842341214965437e+00,0.000000000000000000e+00,0.000000000000000000e+00,0.000000000000000000e+00
-1.112954123561939700e-02,-2.219460266060117176e-02,8.961506174242367395e-01,-4.109385480913566036e-03,1.442480130338756605e-02,6.914802182596099245e-01,7.222396733868671204e-01,-2.978409891961534273e-01,-8.193836206108079390e-02,2.580481702556199075e-02,5.090641692494084491e-01,-3.134454152895874701e-01,9.425634291568826817e-02,-3.291918482176506844e-01,-1.051799059234904271e-03,-2.873196826348349553e-02,5.357009371351054705e-01,-2.804510176145679767e-01,4.320533765409693278e-02,-5.452853289386300206e-02,0.000000000000000000e+00,0.000000000000000000e+00,-1.225206057680746086e-01,3.364484130620559732e-01,-5.526215028043797162e-01,1.230723440947883329e+00,0.000000000000000000e+00,0.000000000000000000e+00,0.000000000000000000e+00,-1.075738738920012511e-01,-3.245489894373686512e-01,4.399056002096364271e-01,1.165486441349426361e+00,0.000000000000000000e+00,0.000000000000000000e+00,0.000000000000000000e+00
-1.115073960315279659e-02,-2.230680964750560158e-02,8.962736168768997702e-01,-3.670297816468562346e-03,1.484028880535532245e-02,6.920543507723178056e-01,7.216834973305243928e-01,-2.962504540244013662e-01,-8.364324717039858803e-02,2.549455426283078058e-02,5.051224927683896082e-01,-3.113405061089736248e-01,9.388625629060987077e-02,-3.296130003070295578e-01,-2.419510961960552597e-03,-2.796488161230594946e-02,5.365848394883068195e-01,-2.802745420447931846e-01,4.283687674194230910e-02,-5.576852479254198330e-02,0.000000000000000000e+00,0.000000000000000000e+00,-1.183142460798753681e-01,3.319819844609165349e-01,-5.551004146549958218e-01,1.228069905906947312e+00,0.000000000000000000e+00,0.000000000000000000e+00,0.000000000000000000e+00,-1.075143159966285844e-01,-3.253241862150237917e-01,4.377294141148677653e-01,1.168746484938731012e+00,0.000000000000000000e+00,0.000000000000000000e+00,0.000000000000000000e+00
-1.112191792735634822e-02,-2.242065252934423089e-02,8.963115615749901455e-01,-2.835531602240363991e-03,1.481805836960200379e-02,6.927150457657290650e-01,7.210535696302121655e-01,-2.940401061550929618e-01,-8.533421597569242067e-02,2.509039415902156525e-02,5.026175456356875015e-01,-3.098566744124396366e-01,9.408250239157063544e-02,-3.292872414748697074e-01,-3.698276719153525266e-03,-2.722705086305926211e-02,5.385002710784796420e-01,-2.799546170443349968e-01,4.189617556478493487e-02,-5.647654757403678533e-02,0.000000000000000000e+00,0.000000000000000000e+00,-1.149897036659495164e-01,3.259020756193771184e-01,-5.578092866378991932e-01,1.227091521044066269e+00,0.000000000000000000e+00,0.000000000000000000e+00,0.000000000000000000e+00,-1.068910293084802121e-01,-3.258662415579289817e-01,4.369247361142415409e-01,1.172182536517587970e+00,0.000000000000000000e+00,0.000000000000000000e+00,0.000000000000000000e+00
-1.102470156987218203e-02,-2.251740219318724284e-02,8.962811885294603709e-01,-1.931266299649132823e-03,1.461077007720062299e-02,6.933240159805021952e-01,7.204752629153192700e-01,-2.920619190560851952e-01,-8.657489085901948211e-02,2.499897876987434639e-02,5.014112631502998241e-01,-3.085630768274308378e-01,9.416066894551664013e-02,-3.289510183726706560e-01,-4.875139860674837511e-03,-2.692299734660244873e-02,5.412081198441401897e-01,-2.796578915508945440e-01,4.082014365941218775e-02,-5.711275428754592626e-02,0.000000000000000000e+00,0.000000000000000000e+00,-1.122319666895804785e-01,3.195965719983084874e-01,-5.601324271518637321e-01,1.226670355246829214e+00,0.000000000000000000e+00,0.000000000000000000e+00,0.000000000000000000e+00,-1.062647160018453107e-01,-3.263809046632442645e-01,4.378232883796494557e-01,1.175245375752695054e+00,0.000000000000000000e+00,0.000000000000000000e+00,0.000000000000000000e+00
-1.084652744727349245e-02,-2.248486622148442721e-02,8.963102771459474649e-01,-1.299728980711049690e-03,1.445655847100646429e-02,6.935513488744950994e-01,7.202609562485795536e-01,-2.903774128307290980e-01,-8.748847424791220129e-02,2.445683378327088292e-02,5.003826653401217683e-01,-3.077820204935766135e-01,9.471715849579152857e-02,-3.281763370431324267e-01,-5.395040870456540433e-03,-2.646110543939354798e-02,5.422210733225978352e-01,-2.792751653274965218e-01,4.077611679211144702e-02,-5.639203920276889687e-02,0.000000000000000000e+00,0.000000000000000000e+00,-1.108793990650273203e-01,3.132794481691316690e-01,-5.621405674634811778e-01,1.228137111033630990e+00,0.000000000000000000e+00,0.000000000000000000e+00,0.000000000000000000e+00,-1.055391360702894743e-01,-3.263706558902152444e-01,4.393326551197828111e-01,1.177866478014916618e+00,0.000000000000000000e+00,0.000000000000000000e+00,0.000000000000000000e+00
-1.055694017978876104e-02,-2.230663583163228561e-02,8.963043554868584950e-01,-9.833875278805158382e-04,1.442770007772180979e-02,6.936375288748198864e-01,7.201790422914771117e-01,-2.896762426049598327e-01,-8.810960896368882911e-02,2.339159972809467386e-02,5.003751465777696028e-01,-3.074757508565963970e-01,9.554634690455228452e-02,-3.279138137471929171e-01,-5.231048582886414777e-03,-2.595786021233564139e-02,5.432522326391591161e-01,-2.797221765678107319e-01,3.933029231042469570e-02,-5.570728519733162548e-02,0.000000000000000000e+00,0.000000000000000000e+00,-1.100362658300712976e-01,3.069857090865272253e-01,-5.626091201418943477e-01,1.231688345170732779e+00,0.000000000000000000e+00,0.000000000000000000e+00,0.000000000000000000e+00,-1.052817134568598961e-01,-3.253934495738739496e-01,4.412393580290253636e-01,1.181093766378111809e+00,0.000000000000000000e+00,0.000000000000000000e+00,0.000000000000000000e+00
-1.013579819968739304e-02,-2.195112730897905845e-02,8.963770658865245489e-01,-7.156189131140681947e-04,1.456125660129279319e-02,6.937407298703230918e-01,7.200772579485844593e-01,-2.882552432961794642e-01,-8.840014533839130051e-02,2.260840848332885955e-02,4.987796959138107722e-01,-3.067862854798237282e-01,9.375963515330264231e-02,-3.268516516712128839e-01,-5.597622238604695044e-03,-2.652344652216450174e-02,5.428005189353201088e-01,-2.810356564276539348e-01,3.890982462712039985e-02,-5.480678501152445176e-02,0.000000000000000000e+00,0.000000000000000000e+00,-1.086805400787431430e-01,3.025400382661560528e-01,-5.618373291051079743e-01,1.233456037086906321e+00,0.000000000000000000e+00,0.000000000000000000e+00,0.000000000000000000e+00,-1.037243475038948787e-01,-3.246311238845804303e-01,4.429213398557808046e-01,1.181239960551254464e+00,0.000000000000000000e+00,0.000000000000000000e+00,0.000000000000000000e+00
-9.656287638349971350e-03,-2.135497261752491299e-02,8.965218000223503791e-01,-8.211150449187439374e-04,1.474951516394721468e-02,6.936551551791472203e-01,7.201557493111504504e-01,-2.871733687811608982e-01,-8.814864768056683564e-02,2.159496786138321439e-02,4.972686801269881052e-01,-3.060644226345315411e-01,9.244467929290788033e-02,-3.254297815890265788e-01,-5.051850937016287568e-03,-2.672754170899144938e-02,5.407668963408354124e-01,-2.819607753901348657e-01,3.827072844423207859e-02,-5.344462511923726150e-02,0.000000000000000000e+00,0.000000000000000000e+00,-1.077935108503887407e-01,2.991520264188235467e-01,-5.597477254346651110e-01,1.236360147326182490e+00,0.000000000000000000e+00,0.000000000000000000e+00,0.000000000000000000e+00,-1.015730673574627985e-01,-3.237416085358622575e-01,4.454689448344723579e-01,1.179992976390588977e+00,0.000000000000000000e+00,0.000000000000000000e+00,0.000000000000000000e+00
-9.144743001835859905e-03,-2.056753504950175823e-02,8.965750573715713934e-01,-7.172734418088070295e-04,1.451867321479498145e-02,6.935239460142368362e-01,7.202869080801991286e-01,-2.856746694361746997e-01,-8.760813072441234195e-02,2.040168870456497002e-02,4.976861095571293303e-01,-3.069839971739242723e-01,9.112067329893992762e-02,-3.231089432628498903e-01,-4.343065790913466784e-03,-2.749970732610722279e-02,5.395890524659138210e-01,-2.838266006294659083e-01,3.753435439078007391e-02,-5.259605490991203086e-02,0.000000000000000000e+00,0.000000000000000000e+00,-1.063342327940330623e-01,2.971197192919698971e-01,-5.580528574286949262e-01,1.238951507690687182e+00,0.000000000000000000e+00,0.000000000000000000e+00,0.000000000000000000e+00,-9.943319760662312767e-02,-3.227239885777575812e-01,4.480768099530545445e-01,1.179200094707653301e+00,0.000000000000000000e+00,0.000000000000000000e+00,0.000000000000000000e+00
-8.628499124293007722e-03,-1.954924153714237070e-02,8.967014338886478697e-01,-8.285716675277606663e-04,1.444532436962137935e-02,6.934082087539820138e-01,7.203996821941562878e-01,-2.845365121557470456e-01,-8.715801287920413309e-02,1.885325182089514495e-02,4.981117170766086177e-01,-3.069682489913106438e-01,9.073102013947799416e-02,-3.209461969869418230e-01,-3.187927385263321367e-03,-2.760098039910442377e-02,5.379680744591599506e-01,-2.847046335656482352e-01,3.617634111392972751e-02,-5.159359990790705203e-02,0.000000000000000000e+00,0.000000000000000000e+00,-1.044650735254635532e-01,2.948378118962631800e-01,-5.545972811865871321e-01,1.242201100933250091e+00,0.000000000000000000e+00,0.000000000000000000e+00,0.000000000000000000e+00,-9.666193537390768697e-02,-3.210120738982975008e-01,4.508688744805912085e-01,1.178746881462057639e+00,0.000000000000000000e+00,0.000000000000000000e+00,0.000000000000000000e+00
-8.159338894511949242e-03,-1.834793533857507347e-02,8.967616418256827426e-01,-1.042138729367668437e-03,1.419911556521029350e-02,6.932529302241531299e-01,7.205537272123847536e-01,-2.833435432385110198e-01,-8.584183713719931164e-02,1.839545503197578119e-02,4.994572706261011241e-01,-3.086373287229866036e-01,8.990502918684990796e-02,-3.183694595359115587e-01,-1.792136718140081852e-03,-2.801101212756398548e-02,5.364093012685450246e-01,-2.864652187758389701e-01,3.566347271050401141e-02,-5.057147815979223804e-02,0.000000000000000000e+00,0.000000000000000000e+00,-1.021646702564365378e-01,2.941373754970234566e-01,-5.505277229337418587e-01,1.243616523276487751e+00,0.000000000000000000e+00,0.000000000000000000e+00,0.000000000000000000e+00,-9.348997946528517233e-02,-3.197735370541616717e-01,4.514633103590625640e-01,1.177251979948373606e+00,0.000000000000000000e+00,0.000000000000000000e+00,0.000000000000000000e+00
-7.775784994765233722e-03,-1.697818826248198229e-02,8.968497988265341503e-01,-1.179946424868202545e-03,1.375148608718454804e-02,6.929964492452636016e-01,7.208088690424701017e-01,-2.815017855208751807e-01,-8.429066756939369853e-02,1.842415433443285455e-02,5.009896870057995999e-01,-3.107660684818646657e-01,8.980137025266370088e-02,-3.148666754005676194e-01,-3.315733216777937142e-04,-2.834898021414582886e-02,5.341414605712586638e-01,-2.876383930267964462e-01,3.611287176177115782e-02,-4.939641809043707893e-02,0.000000000000000000e+00,0.000000000000000000e+00,-1.000018975178029457e-01,2.928782841364344636e-01,-5.474951665961725888e-01,1.246242029516846594e+00,0.000000000000000000e+00,0.000000000000000000e+00,0.000000000000000000e+00,-9.008520383226112371e-02,-3.183203872631639175e-01,4.520323954198458005e-01,1.176190854570099420e+00,0.000000000000000000e+00,0.000000000000000000e+00,0.000000000000000000e+00
-7.473710514138189216e-03,-1.547124502660405035e-02,8.968359555832370322e-01,-1.089278419518447706e-03,1.328362855598098219e-02,6.926009728901056928e-01,7.211977891234760962e-01,-2.793783432657676036e-01,-8.342148517811739938e-02,1.825687489246589218e-02,5.031361152689749483e-01,-3.137616425006157783e-01,9.086566435705002720e-02,-3.117862687983293801e-01,7.758107700162712728e-04,-2.840924288102255474e-02,5.338850379520676537e-01,-2.899940249189076336e-01,3.593910608267309598e-02,-4.814617977554149636e-02,0.000000000000000000e+00,0.000000000000000000e+00,-9.704201494395447991e-02,2.921488008798237557e-01,-5.437282245657936164e-01,1.248034608359483100e+00,0.000000000000000000e+00,0.000000000000000000e+00,0.000000000000000000e+00,-8.652224177619693979e-02,-3.174728066324849496e-01,4.526844988798065517e-01,1.175351506627497544e+00,0.000000000000000000e+00,0.000000000000000000e+00,0.000000000000000000e+00
-7.246878508845819647e-03,-1.384101805472348276e-02,8.967291900836684704e-01,-6.946337173081287494e-04,1.269148588332049896e-02,6.924619344917418706e-01,7.213424380625517163e-01,-2.769531397418678043e-01,-8.300037215554971481e-02,1.810199141956439495e-02,5.062965997305847177e-01,-3.171771040729246538e-01,9.140002931836906097e-02,-3.086289480756175818e-01,1.330954697031157263e-03,-2.859841215050384217e-02,5.354366500514198268e-01,-2.935186523437386397e-01,3.524651162367053309e-02,-4.706028153191649244e-02,0.000000000000000000e+00,0.000000000000000000e+00,-9.370933170723472205e-02,2.915389100705467751e-01,-5.401135292653161946e-01,1.248420607500613233e+00,0.000000000000000000e+00,0.000000000000000000e+00,0.000000000000000000e+00,-8.250221946808111717e-02,-3.171125821014237345e-01,4.533365118358287926e-01,1.174588695845920627e+00,0.000000000000000000e+00,0.000000000000000000e+00,0.000000000000000000e+00
-7.152598626358517599e-03,-1.202829281597795480e-02,8.965390368443392211e-01,-3.601887794872013493e-04,1.227474912221583093e-02,6.924297374091130663e-01,7.213808006521769123e-01,-2.747422352663708711e-01,-8.286651211314544074e-02,1.842574037217078325e-02,5.097109195596181141e-01,-3.217060195604385386e-01,9.239172984534264887e-02,-3.061518749646686133e-01,1.393638333724758760e-03,-2.874602175448484620e-02,5.381208903139298450e-01,-2.975979824271728358e-01,3.536044710151232950e-02,-4.603066673765641298e-02,0.000000000000000000e+00,0.000000000000000000e+00,-9.032668774431110159e-02,2.914582994129774618e-01,-5.386160734769033231e-01,1.247605693422350503e+00,0.000000000000000000e+00,0.000000000000000000e+00,0.000000000000000000e+00,-7.872452306915453391e-02,-3.173745042246712278e-01,4.534534837546503883e-01,1.175164064273587661e+00,0.000000000000000000e+00,0.000000000000000000e+00,0.000000000000000000e+00
-7.179428771423339121e-03,-1.004375854904947588e-02,8.962228541272329041e-01,-2.402431652451676031e-05,1.204806630500901247e-02,6.924595697287286855e-01,7.213560756049993694e-01,-2.731891373060474359e-01,-8.335793491494999929e-02,1.850346115047398626e-02,5.141717899448718931e-01,-3.266246180989366699e-01,9.305904179979500312e-02,-3.047552888524178716e-01,1.093925610652621283e-03,-2.852298789526224940e-02,5.429267316534850396e-01,-3.028518757851573207e-01,3.504356604332659747e-02,-4.513621608011524067e-02,0.000000000000000000e+00,0.000000000000000000e+00,-8.689608990243155584e-02,2.913757893238262953e-01,-5.375231039056220794e-01,1.246264931163746148e+00,0.000000000000000000e+00,0.000000000000000000e+00,0.000000000000000000e+00,-7.472237436228072738e-02,-3.183958734815534042e-01,4.548335737126670275e-01,1.175436140591190393e+00,0.000000000000000000e+00,0.000000000000000000e+00,0.000000000000000000e+00
-7.400210676399007932e-03,-7.844851207696222975e-03,8.958782159406325496e-01,3.864831501504926992e-05,1.209700918940506860e-02,6.927272003411282242e-01,7.210982504364581436e-01,-2.720350082647760015e-01,-8.415472831942102938e-02,1.871647218210011759e-02,5.183674507140696441e-01,-3.326138834805504318e-01,9.436443470282865342e-02,-3.041702074585722615e-01,4.425412875961529102e-04,-2.825733371499249483e-02,5.483644198921328039e-01,-3.083498538748795093e-01,3.537954461676839912e-02,-4.487768979577560352e-02,0.000000000000000000e+00,0.000000000000000000e+00,-8.347848093248902424e-02,2.911915815779213546e-01,-5.381672250273634717e-01,1.244179293843267198e+00,0.000000000000000000e+00,0.000000000000000000e+00,0.000000000000000000e+00,-7.094580802103414574e-02,-3.196474613217418215e-01,4.561808618343197730e-01,1.176749742258279774e+00,0.000000000000000000e+00,0.000000000000000000e+00,0.000000000000000000e+00
-7.804269739506187152e-03,-5.456654290521450665e-03,8.954473807028864307e-01,1.167659971716607931e-05,1.219849350310660101e-02,6.927623356375528507e-01,7.210627871010359957e-01,-2.712799010397555222e-01,-8.557877463563290377e-02,1.797454129265114303e-02,5.233813361829084965e-01,-3.389646995714959421e-01,9.598410640275160943e-02,-3.040887181534731032e-01,1.015761089318938104e-04,-2.689199601070027534e-02,5.547420258532538284e-01,-3.146660926026976224e-01,3.583292409246799370e-02,-4.470744762068652040e-02,0.000000000000000000e+00,0.000000000000000000e+00,-8.047843062569674799e-02,2.908181347245533677e-01,-5.385977273521483921e-01,1.242744914512955878e+00,0.000000000000000000e+00,0.000000000000000000e+00,0.000000000000000000e+00,-6.772868255849340269e-02,-3.209226936929875373e-01,4.567439798072128743e-01,1.179424483196326534e+00,0.000000000000000000e+00,0.000000000000000000e+00,0.000000000000000000e+00
-8.411403670034964600e-03,-2.893242257827785893e-03,8.949266178611076095e-01,7.525919625440882083e-05,1.242046960206687201e-02,6.929828788970161524e-01,7.208470405200545494e-01,-2.703382241537590769e-01,-8.767464842526766222e-02,1.739770551731691789e-02,5.284326493228956867e-01,-3.462389737591731742e-01,9.781952660272652533e-02,-3.045310827085210281e-01,-7.868074960635101922e-04,-2.511166295600860202e-02,5.626616643420100372e-01,-3.218824682390766800e-01,3.627734335720822489e-02,-4.543981083606141863e-02,0.000000000000000000e+00,0.000000000000000000e+00,-7.793732630346084100e-02,2.894677704103175708e-01,-5.390168492715328163e-01,1.240850350018234183e+00,0.000000000000000000e+00,0.000000000000000000e+00,0.000000000000000000e+00,-6.436648005350027735e-02,-3.226701852642021029e-01,4.575858908118572432e-01,1.181742255674506303e+00,0.000000000000000000e+00,0.000000000000000000e+00,0.000000000000000000e+00
-9.247414818626816316e-03,-1.820252883746407285e-04,8.942379522265224701e-01,1.584069726092984798e-04,1.263117197869785546e-02,6.932145112815720767e-01,7.206206142973754503e-01,-2.698868537797454725e-01,-9.035357605734163633e-02,1.659645437441186616e-02,5.350935250515664876e-01,-3.550541423186530099e-01,1.004825176503918865e-01,-3.057564496317722869e-01,-1.989140538934418279e-03,-2.329136307974571593e-02,5.728425989620815617e-01,-3.305390992350211166e-01,3.634874017533216289e-02,-4.631900422073172152e-02,0.000000000000000000e+00,0.000000000000000000e+00,-7.739362085532681956e-02,2.875721929951603473e-01,-5.395507141105058135e-01,1.237595676133243394e+00,0.000000000000000000e+00,0.000000000000000000e+00,0.000000000000000000e+00,-6.176029677246171884e-02,-3.249704311707771742e-01,4.587918854930010948e-01,1.184682093336490993e+00,0.000000000000000000e+00,0.000000000000000000e+00,0.000000000000000000e+00
-1.035421453375889173e-02,2.667423497155899711e-03,8.933409158829735963e-01,2.348040201662123655e-04,1.255409432291986621e-02,6.934149050332790720e-01,7.204291145286201292e-01,-2.701025349903091732e-01,-9.307556575321333792e-02,1.579748011773300653e-02,5.445465532736623038e-01,-3.656762810079832171e-01,1.042747102312143598e-01,-3.074857729027674069e-01,-3.326880516842139340e-03,-2.185571278554019475e-02,5.851335741697426540e-01,-3.388358085623898730e-01,3.719657001932419327e-02,-4.758799863153360954e-02,0.000000000000000000e+00,0.000000000000000000e+00,-8.041147224179379105e-02,2.842329868867012332e-01,-5.414134379984264500e-01,1.234338198919424867e+00,0.000000000000000000e+00,0.000000000000000000e+00,0.000000000000000000e+00,-5.949163722490701661e-02,-3.274653303404326810e-01,4.600691966703850388e-01,1.186192467232010106e+00,0.000000000000000000e+00,0.000000000000000000e+00,0.000000000000000000e+00
-1.167625129713816164e-02,5.691447070589709945e-03,8.923387169026015808e-01,1.547897791011987149e-04,1.275696494406948142e-02,6.944154544826102171e-01,7.194611959384950017e-01,-2.709318954655237088e-01,-9.658133432474547142e-02,1.460391157218714903e-02,5.540095675386689233e-01,-3.764588889268597471e-01,1.081315558270403154e-01,-3.102268775374767973e-01,-5.774612161805289801e-03,-2.139583825507162043e-02,5.988406848970554419e-01,-3.466824095427388230e-01,3.819291996489380947e-02,-4.897273098500525695e-02,0.000000000000000000e+00,0.000000000000000000e+00,-8.876646865077554571e-02,2.791582232812024889e-01,-5.442130983159532143e-01,1.229993762396934809e+00,0.000000000000000000e+00,0.000000000000000000e+00,0.000000000000000000e+00,-5.904734196521771450e-02,-3.295540530945174629e-01,4.610536454622020663e-01,1.189092745436383103e+00,0.000000000000000000e+00,0.000000000000000000e+00,0.000000000000000000e+00
-1.322377062902991077e-02,8.962840714012468638e-03,8.911514925513208674e-01,-1.049660752685263945e-05,1.393670813941455880e-02,6.956988694393094752e-01,7.181983368937332468e-01,-2.731951081872259768e-01,-1.020862231198921416e-01,1.312809594665591967e-02,5.631997001111664902e-01,-3.868791742568304937e-01,1.113789103575294481e-01,-3.165434483967034529e-01,-1.063413839398477667e-02,-2.167353015294284230e-02,6.170468451421732281e-01,-3.540199533690369105e-01,3.922075545827576754e-02,-5.055068590535168049e-02,0.000000000000000000e+00,0.000000000000000000e+00,-9.890809103078687659e-02,2.719742162586118450e-01,-5.481497859505738424e-01,1.225033740948891836e+00,0.000000000000000000e+00,0.000000000000000000e+00,0.000000000000000000e+00,-6.117764813165035842e-02,-3.315804314331934344e-01,4.625091986079873929e-01,1.187004566095807290e+00,0.000000000000000000e+00,0.000000000000000000e+00,0.000000000000000000e+00
-1.506117735454585646e-02,1.258434329540542539e-02,8.898905457243335704e-01,-6.117942067375226403e-04,1.548567721723152421e-02,6.974838424859369779e-01,7.164329061259155917e-01,-2.763820471919283261e-01,-1.086215086270909819e-01,1.037828068957576122e-02,5.724187693764060114e-01,-3.973848214506029430e-01,1.158093917949535173e-01,-3.248857634787623017e-01,-1.563707765518378145e-02,-2.124234559266343150e-02,6.370920347277430063e-01,-3.569429254299028575e-01,4.067247695860508327e-02,-5.352544585432499058e-02,0.000000000000000000e+00,0.000000000000000000e+00,-1.070287662097137993e-01,2.629566054416129783e-01,-5.509536239813586089e-01,1.222103882705691591e+00,0.000000000000000000e+00,0.000000000000000000e+00,0.000000000000000000e+00,-6.978008814995041720e-02,-3.316572748659709080e-01,4.658507437994594547e-01,1.183887210268599111e+00,0.000000000000000000e+00,0.000000000000000000e+00,0.000000000000000000e+00
-1.717633875657609277e-02,1.659319271757486031e-02,8.883808031757782775e-01,-1.439073655212158315e-03,1.713275763842111651e-02,6.992311621209827965e-01,7.146888690903600017e-01,-2.809979320683403392e-01,-1.155987728748294197e-01,7.470831153629668708e-03,5.846241186375858989e-01,-4.091337162417379991e-01,1.208901133825567020e-01,-3.358546718031023559e-01,-2.090512138325770208e-02,-2.050431533700665734e-02,6.609373588568966396e-01,-3.538276578437282716e-01,4.235326509610162771e-02,-5.811549201422924749e-02,0.000000000000000000e+00,0.000000000000000000e+00,-1.111574214575567487e-01,2.529621234481741476e-01,-5.535280933543318405e-01,1.221659138754874085e+00,0.000000000000000000e+00,0.000000000000000000e+00,0.000000000000000000e+00,-8.364959441708012811e-02,-3.306130563753144624e-01,4.716384043206700016e-01,1.176605570005035961e+00,0.000000000000000000e+00,0.000000000000000000e+00,0.000000000000000000e+00
-1.952090264790049684e-02,2.119841201049379315e-02,8.869503423271731801e-01,-2.114278528862725132e-03,2.021966707964861082e-02,7.009816764726451987e-01,7.128894613746860065e-01,-2.842656299454974222e-01,-1.256305885665202071e-01,4.743619183445180187e-03,5.910545169105962948e-01,-4.184931387200868658e-01,1.255854385172079368e-01,-3.506372179000446510e-01,-3.039465876798825780e-02,-1.966346186851348349e-02,6.848926307050097195e-01,-3.421105381467013928e-01,4.642926133578340053e-02,-6.432187955374951693e-02,0.000000000000000000e+00,0.000000000000000000e+00,-1.141206602795125369e-01,2.411083092412293072e-01,-5.560308554867415820e-01,1.224204306300106015e+00,0.000000000000000000e+00,0.000000000000000000e+00,0.000000000000000000e+00,-9.892105053380244317e-02,-3.310037015748384381e-01,4.756603769538403914e-01,1.167236236355244650e+00,0.000000000000000000e+00,0.000000000000000000e+00,0.000000000000000000e+00
-2.200044843857724627e-02,2.643128510920096999e-02,8.858131109310978246e-01,-3.334690735105656431e-03,2.364112777207871482e-02,7.029697191062815875e-01,7.108189297809963669e-01,-2.863301907118565026e-01,-1.352022926204942410e-01,1.757973824238756588e-03,5.934448355785699736e-01,-4.244706500554742967e-01,1.277922424388019951e-01,-3.758212110754668434e-01,-4.292095186040369853e-02,-2.436763619361831737e-02,7.150322475828532198e-01,-3.340485703051544464e-01,4.471593121251268149e-02,-7.295802156365288615e-02,0.000000000000000000e+00,0.000000000000000000e+00,-1.153591092670741836e-01,2.302045565351797385e-01,-5.570321465986524112e-01,1.226190768514448193e+00,0.000000000000000000e+00,0.000000000000000000e+00,0.000000000000000000e+00,-1.114336497019081940e-01,-3.321048536719794497e-01,4.822894671606020589e-01,1.155336463720379125e+00,0.000000000000000000e+00,0.000000000000000000e+00,0.000000000000000000e+00
-2.456069197575020541e-02,3.237339371716548009e-02,8.853931802198984347e-01,-5.970359540812386796e-03,2.519256594734367929e-02,7.055930692502241364e-01,7.081441308476614793e-01,-2.856681464148380645e-01,-1.399965443302409740e-01,-3.963483134498603511e-03,5.941689742959410658e-01,-4.284644824089188786e-01,1.297311851073313094e-01,-4.221009909347299138e-01,-3.923650779828540686e-02,-1.841352976222427468e-02,7.730100688296839273e-01,-3.858391057634849020e-01,3.147876079508569319e-02,-8.406593346550131352e-02,0.000000000000000000e+00,0.000000000000000000e+00,-1.147100733777526721e-01,2.221153525345827828e-01,-5.627033750256464906e-01,1.230300999617263580e+00,0.000000000000000000e+00,0.000000000000000000e+00,0.000000000000000000e+00,-1.195470164727932966e-01,-3.299937147348758759e-01,4.860017688405410818e-01,1.144441768676594640e+00,0.000000000000000000e+00,0.000000000000000000e+00,0.000000000000000000e+00
-2.733824275018659211e-02,3.940666909408616775e-02,8.846468428242455495e-01,-8.809707899169176570e-03,2.823015840319259562e-02,7.088762667213556190e-01,7.047126263112182265e-01,-2.870080287473446568e-01,-1.483341246178276618e-01,-1.173349354775424236e-02,5.959928555112585791e-01,-4.323829758830925463e-01,1.312922440121308543e-01,-4.667133007455027127e-01,-3.677514759655048371e-02,-1.371582606060377241e-02,8.122661356459881521e-01,-3.977259305228075803e-01,2.668989814014843462e-02,-9.841614081498524513e-02,0.000000000000000000e+00,0.000000000000000000e+00,-1.127806011917138196e-01,2.124110863274860095e-01,-5.686331472961871913e-01,1.234164588718568600e+00,0.000000000000000000e+00,0.000000000000000000e+00,0.000000000000000000e+00,-1.261870590135579229e-01,-3.304265229915712143e-01,4.929502833483513369e-01,1.132244737726521677e+00,0.000000000000000000e+00,0.000000000000000000e+00,0.000000000000000000e+00
-3.030041663252102530e-02,4.765699059086130757e-02,8.840593187482266302e-01,-1.232221184397458771e-02,3.179528780815145395e-02,7.110807912288822363e-01,7.022829423485775768e-01,-2.857225052691244604e-01,-1.547583611082816168e-01,-1.596736545719907446e-02,5.927463945334829898e-01,-4.373491882536463260e-01,1.333706755454246717e-01,-5.073221851372879954e-01,-4.215896913683466612e-02,-1.685880614447735765e-02,8.279972620831295149e-01,-3.888704312646718564e-01,2.840615407715796001e-02,-1.114737647525483183e-01,0.000000000000000000e+00,0.000000000000000000e+00,-1.122984667641470369e-01,2.022497930903652541e-01,-5.740811226954922741e-01,1.239009100087417714e+00,0.000000000000000000e+00,0.000000000000000000e+00,0.000000000000000000e+00,-1.332320464338999921e-01,-3.321497966166098159e-01,4.992936917789860263e-01,1.117404047992503591e+00,0.000000000000000000e+00,0.000000000000000000e+00,0.000000000000000000e+00
-3.319398943901147314e-02,5.705859855471916847e-02,8.834033653771855565e-01,-1.610455222046140722e-02,3.450149009534586586e-02,7.136109734504589852e-01,6.995067327410561253e-01,-2.827821839911908719e-01,-1.600361746624432147e-01,-2.307793723718729040e-02,5.918855766907831217e-01,-4.444083749235261949e-01,1.330187116440915696e-01,-5.483777070884859883e-01,-4.347373828243587118e-02,-2.199903099438960813e-02,8.304607098956299227e-01,-3.735677320128971135e-01,3.312981964335196677e-02,-1.235679793002919385e-01,0.000000000000000000e+00,0.000000000000000000e+00,-1.115658016352714943e-01,1.942010396879673417e-01,-5.836961009343819562e-01,1.244555198036409349e+00,0.000000000000000000e+00,0.000000000000000000e+00,0.000000000000000000e+00,-1.386246035046707625e-01,-3.305019744737646148e-01,5.058214651426432562e-01,1.104666348413372523e+00,0.000000000000000000e+00,0.000000000000000000e+00,0.000000000000000000e+00
-3.591371201444076844e-02,6.769569766077788986e-02,8.822205279476271755e-01,-2.081315226639875171e-02,3.832301425197390254e-02,7.160147473745961388e-01,6.967216379684729732e-01,-2.817510337051221114e-01,-1.652148413036767238e-01,-2.997511007636205482e-02,5.930291438367686352e-01,-4.574410234860951108e-01,1.322929318256102216e-01,-5.946407868597979318e-01,-4.514508153402106011e-02,-2.705697361863110273e-02,8.189117389045538209e-01,-3.608790238353253854e-01,4.208704158881287904e-02,-1.365872223288736031e-01,0.000000000000000000e+00,0.000000000000000000e+00,-1.123127805800538948e-01,1.873438825230135663e-01,-5.912982509300733769e-01,1.246240826397419621e+00,0.000000000000000000e+00,0.000000000000000000e+00,0.000000000000000000e+00,-1.429857625672885102e-01,-3.271955620947744059e-01,5.092720809320366859e-01,1.093432399823384582e+00,0.000000000000000000e+00,0.000000000000000000e+00,0.000000000000000000e+00
-3.843137505019627448e-02,7.944142857642007283e-02,8.802684850973088171e-01,-2.591425495204921492e-02,4.051465102218973491e-02,7.179312067047189938e-01,6.944507159491852821e-01,-2.826129558114365836e-01,-1.665098013890015938e-01,-3.520441892985980842e-02,6.060297559040108695e-01,-4.764683239042662999e-01,1.343466548109270575e-01,-6.437817907936993489e-01,-4.230754785942610063e-02,-2.789765353593437816e-02,7.990792024859343368e-01,-3.410010005006747780e-01,5.260844160180763729e-02,-1.476258161201539909e-01,0.000000000000000000e+00,0.000000000000000000e+00,-1.133203191265666349e-01,1.823066794878964170e-01,-6.009182587584002144e-01,1.249217325854690142e+00,0.000000000000000000e+00,0.000000000000000000e+00,0.000000000000000000e+00,-1.451266115579792904e-01,-3.241667542180308725e-01,5.156007821058981033e-01,1.082702016557027136e+00,0.000000000000000000e+00,0.000000000000000000e+00,0.000000000000000000e+00
-4.043333028967296960e-02,9.243115316093057643e-02,8.779396561507163410e-01,-2.960277230162156742e-02,4.221736913568260169e-02,7.189664959577429793e-01,6.931295314048914191e-01,-2.800857422016755915e-01,-1.677788138799128081e-01,-3.866990045584221131e-02,6.209493162710717495e-01,-4.930575466158361730e-01,1.343403678807325030e-01,-6.938229771851809335e-01,-4.014140174606306566e-02,-3.184695505020931211e-02,7.820536208875698003e-01,-3.262940741939533429e-01,6.195742708775790752e-02,-1.577318424924706031e-01,0.000000000000000000e+00,0.000000000000000000e+00,-1.149411573194094455e-01,1.812196485533899559e-01,-6.141676139570593218e-01,1.247038227307686320e+00,0.000000000000000000e+00,0.000000000000000000e+00,0.000000000000000000e+00,-1.461592399533969133e-01,-3.207837983981384200e-01,5.218514010212905729e-01,1.072841041308942645e+00,0.000000000000000000e+00,0.000000000000000000e+00,0.000000000000000000e+00
-4.194506975393495068e-02,1.069404413083264865e-01,8.754597699551257550e-01,-3.248238968213325306e-02,4.338433504972805110e-02,7.198184268923679685e-01,6.920434423784590505e-01,-2.731243977198906658e-01,-1.677629624490831473e-01,-4.099467577726400441e-02,6.344785766287646123e-01,-5.049556433179045456e-01,1.316720742026462332e-01,-7.434334033041299916e-01,-3.772788539195594953e-02,-3.753047999682661284e-02,7.610897050893125071e-01,-3.092734154756631160e-01,7.307082525132108097e-02,-1.643013114898369542e-01,0.000000000000000000e+00,0.000000000000000000e+00,-1.168156182385194641e-01,1.806965577323783323e-01,-6.240790673796438037e-01,1.241776090904665120e+00,0.000000000000000000e+00,0.000000000000000000e+00,0.000000000000000000e+00,-1.454584675074921951e-01,-3.172221211421710763e-01,5.239838964408873867e-01,1.063008303205393856e+00,0.000000000000000000e+00,0.000000000000000000e+00,0.000000000000000000e+00
-4.304599497354232723e-02,1.235814651605065401e-01,8.719518303191742259e-01,-3.628077371925638589e-02,4.544091165264188548e-02,7.201419286869991110e-01,6.913858774616951086e-01,-2.658264320475698383e-01,-1.664964138599301369e-01,-4.132316329087232926e-02,6.498101661343410607e-01,-5.281015344978783332e-01,1.314985761960937860e-01,-7.913581890956364884e-01,-3.579294998165612196e-02,-4.031298959239344726e-02,7.367784791468335870e-01,-2.965035559463628512e-01,8.663200604158373397e-02,-1.705567731925122232e-01,0.000000000000000000e+00,0.000000000000000000e+00,-1.202039758854770019e-01,1.817469694255450796e-01,-6.317176455860021855e-01,1.231575460519928056e+00,0.000000000000000000e+00,0.000000000000000000e+00,0.000000000000000000e+00,-1.461777719288051836e-01,-3.152194034582802007e-01,5.235122229574343811e-01,1.053427960898437155e+00,0.000000000000000000e+00,0.000000000000000000e+00,0.000000000000000000e+00
-4.348656354150466641e-02,1.424218018518048912e-01,8.685777253277526810e-01,-3.972376914227866707e-02,4.604709498861344480e-02,7.191794549280410287e-01,6.921579291011886736e-01,-2.522500471540065070e-01,-1.609529678236828187e-01,-3.973955160703419170e-02,6.626264182728811569e-01,-5.423448866364500853e-01,1.282544398147896503e-01,-8.319954388504910980e-01,-2.891883260181251497e-02,-3.859664319639604518e-02,7.025517511912362512e-01,-2.890026647688944128e-01,9.911256021562316054e-02,-1.725070141687203573e-01,0.000000000000000000e+00,0.000000000000000000e+00,-1.264697257693243870e-01,1.834815980695674864e-01,-6.389855440907883377e-01,1.223653492892536665e+00,0.000000000000000000e+00,0.000000000000000000e+00,0.000000000000000000e+00,-1.454095701982400513e-01,-3.073753028002643717e-01,5.218619631771485023e-01,1.049648454833693290e+00,0.000000000000000000e+00,0.000000000000000000e+00,0.000000000000000000e+00
-4.330066673614857420e-02,1.640573469475272161e-01,8.646368730844216088e-01,-4.293261997090237758e-02,4.759794623001295522e-02,7.181066747997989497e-01,6.929747681301928752e-01,-2.343421003760718380e-01,-1.542266772912876116e-01,-3.421438018964111094e-02,6.708546177913903286e-01,-5.523475571842102472e-01,1.234134832183316349e-01,-8.627972150029254994e-01,-2.548864615877449724e-02,-4.000625598386414739e-02,6.676534525256684338e-01,-2.790949466986844540e-01,1.105717456983895675e-01,-1.737128026162832739e-01,0.000000000000000000e+00,0.000000000000000000e+00,-1.357256673452827411e-01,1.865835843743943456e-01,-6.452757810214431178e-01,1.206636536054895403e+00,0.000000000000000000e+00,0.000000000000000000e+00,0.000000000000000000e+00,-1.451564768255278748e-01,-3.007999069184116303e-01,5.202992309530437565e-01,1.047920087980094062e+00,0.000000000000000000e+00,0.000000000000000000e+00,0.000000000000000000e+00
-4.264247279714498268e-02,1.888374223004314345e-01,8.602225524420026304e-01,-4.604072381131375791e-02,5.047584457441438993e-02,7.178933405437535331e-01,6.927926042246409510e-01,-2.115437301269474379e-01,-1.444394606988803897e-01,-2.088734881140554001e-02,6.689285909226323490e-01,-5.517946945233733747e-01,1.173314787697060102e-01,-8.803528032443260765e-01,-2.638546483873306994e-02,-4.087319664563440758e-02,6.387081301602430816e-01,-2.631935715505622220e-01,1.186045235492479422e-01,-1.776702583077950925e-01,0.000000000000000000e+00,0.000000000000000000e+00,-1.432276039652142230e-01,1.885702954625026462e-01,-6.461117194298318100e-01,1.188111145683521386e+00,0.000000000000000000e+00,0.000000000000000000e+00,0.000000000000000000e+00,-1.435702750234409131e-01,-2.961436676637960730e-01,5.170869541129459179e-01,1.048493744660497828e+00,0.000000000000000000e+00,0.000000000000000000e+00,0.000000000000000000e+00
-4.137014154701468965e-02,2.168185155787102636e-01,8.547133452482801319e-01,-4.828955280913273945e-02,5.602819204209903009e-02,7.208744962535789114e-01,6.891073366589101079e-01,-1.844686324098649133e-01,-1.344235584012469231e-01,-6.252360669779105651e-04,6.578046611378096653e-01,-5.432084735391544683e-01,1.094683310172400725e-01,-8.816836119488632439e-01,-3.547086730012476152e-02,-4.155051181723759535e-02,6.277729475286757399e-01,-2.448395301722629813e-01,1.212696680744383415e-01,-1.868362647951893329e-01,0.000000000000000000e+00,0.000000000000000000e+00,-1.495843666439356512e-01,1.888963006039196257e-01,-6.428525592122017462e-01,1.172678651823444662e+00,0.000000000000000000e+00,0.000000000000000000e+00,0.000000000000000000e+00,-1.411811473589292265e-01,-2.957061053568889597e-01,5.136242964864401461e-01,1.051313498816677239e+00,0.000000000000000000e+00,0.000000000000000000e+00,0.000000000000000000e+00
-3.938844681472947196e-02,2.472478410709733065e-01,8.473508844643224958e-01,-5.152636220909256187e-02,6.066063029718970351e-02,7.234741791816394763e-01,6.857480834730035335e-01,-1.574899546591325694e-01,-1.385443421887082860e-01,-1.615460517289660225e-02,6.680432774685657327e-01,-5.460694765911243698e-01,1.035795426563958788e-01,-8.672894827038769572e-01,-4.073827092891332130e-02,-4.239811594555202567e-02,6.312594691734011443e-01,-2.235108232867770162e-01,1.156122240922568267e-01,-1.911500234822627320e-01,0.000000000000000000e+00,0.000000000000000000e+00,-1.524358833470393637e-01,1.894911074334334478e-01,-6.398604520414803432e-01,1.157633552753564166e+00,0.000000000000000000e+00,0.000000000000000000e+00,0.000000000000000000e+00,-1.325743080726930201e-01,-2.905291816939971627e-01,5.061225559132839225e-01,1.055540999186317608e+00,0.000000000000000000e+00,0.000000000000000000e+00,0.000000000000000000e+00
-3.651801930155471748e-02,2.792695133554823350e-01,8.395539792522139777e-01,-5.645887635512750885e-02,6.720254913946238640e-02,7.238583885252388717e-01,6.843429301392092157e-01,-1.321929337839844176e-01,-1.550130748459297991e-01,-6.290486863833999465e-02,6.751485527415634902e-01,-5.159245289927744116e-01,8.378331230066236868e-02,-8.467723841180327948e-01,-3.797332336184743029e-02,-4.080345683558985609e-02,6.537626699144509779e-01,-2.077749921635352881e-01,9.790811779658416258e-02,-1.871001441593030945e-01,0.000000000000000000e+00,0.000000000000000000e+00,-1.486045093191442068e-01,1.909441736515757326e-01,-6.355144624067268211e-01,1.140237985305535995e+00,0.000000000000000000e+00,0.000000000000000000e+00,0.000000000000000000e+00,-1.244230312581458969e-01,-2.797405276024838572e-01,5.047178585136671281e-01,1.065458146586612864e+00,0.000000000000000000e+00,0.000000000000000000e+00,0.000000000000000000e+00
-3.287928195744235088e-02,3.107898590631601454e-01,8.379569994449290737e-01,-6.590002840217328017e-02,6.956717225680862648e-02,7.202532382674949885e-01,6.870610362740497967e-01,-8.827900582236211657e-02,-1.394756517968928078e-01,-8.912579766441369733e-02,6.418711271334571755e-01,-3.502474398753308016e-01,2.316767234259506716e-02,-8.240304357172935079e-01,-2.168542615113875152e-02,-5.419234615191587112e-02,6.813387817665101931e-01,-2.132663788755842782e-01,6.503313329458895731e-02,-1.707988663254465800e-01,0.000000000000000000e+00,0.000000000000000000e+00,-1.432202314414455779e-01,2.051245223496324932e-01,-6.348525758021100751e-01,1.121860655516783156e+00,0.000000000000000000e+00,0.000000000000000000e+00,0.000000000000000000e+00,-1.161847507976165039e-01,-2.569593452874715522e-01,5.004605742674358426e-01,1.078089638304155384e+00,0.000000000000000000e+00,0.000000000000000000e+00,0.000000000000000000e+00
-2.872781623816387381e-02,3.404087058460130710e-01,8.394353360043114165e-01,-7.469739969283387127e-02,6.758441407979823290e-02,7.151239037886381045e-01,6.917011259805192491e-01,-5.410194785834729347e-02,-1.209899896881870413e-01,-1.248551441328609457e-01,6.209692846275843836e-01,-1.240563064265097215e-01,-5.672333796776794779e-02,-8.025660740244446867e-01,9.450975251594148641e-03,-6.278000723629176272e-02,7.071737589919203648e-01,-2.247101720376399325e-01,2.214366365651793123e-02,-1.416125661944031000e-01,0.000000000000000000e+00,0.000000000000000000e+00,-1.367664615836856612e-01,2.241386741288311502e-01,-6.349652747947515108e-01,1.107366628206762238e+00,0.000000000000000000e+00,0.000000000000000000e+00,0.000000000000000000e+00,-1.082838242968880704e-01,-2.280725281631072465e-01,4.932463185178698195e-01,1.094077660250775574e+00,0.000000000000000000e+00,0.000000000000000000e+00,0.000000000000000000e+00
-2.499382435235612474e-02,3.682977784890993367e-01,8.418252694772492273e-01,-7.979546876344772999e-02,6.219873799991824936e-02,7.075625181156143251e-01,6.993706335798853813e-01,-6.014736334946847729e-02,-1.068801082954100590e-01,-1.508917608815146250e-01,6.603946343756936788e-01,8.479834846155037686e-02,-1.374770328489644811e-01,-7.749400996367634686e-01,5.009273052535130610e-02,-5.716520405026789126e-02,7.263426966365809090e-01,-2.465258055621082078e-01,-2.081497414210643077e-02,-1.040795271409712952e-01,0.000000000000000000e+00,0.000000000000000000e+00,-1.314913747621219153e-01,2.453583128531491298e-01,-6.326028733326984899e-01,1.091532653523782592e+00,0.000000000000000000e+00,0.000000000000000000e+00,0.000000000000000000e+00,-1.072899719560476695e-01,-2.059759555472036041e-01,4.887827994955184496e-01,1.107364686948121291e+00,0.000000000000000000e+00,0.000000000000000000e+00,0.000000000000000000e+00
-2.160643113088350081e-02,3.953656848943791213e-01,8.449043803456292023e-01,-7.608870354065307151e-02,5.739283812387775685e-02,6.995864275579699587e-01,7.081634004255417114e-01,-1.336857588985689016e-01,-8.944369695975439016e-02,-1.265518329421678745e-01,7.908554360041536446e-01,1.724311236363089417e-01,-1.528717739046805968e-01,-7.353814655039271342e-01,7.858292206065435603e-02,-3.988976915533042761e-02,7.449236026239286490e-01,-2.766087523811820437e-01,-5.181767518014127050e-02,-6.243113718459518402e-02,0.000000000000000000e+00,0.000000000000000000e+00,-1.264569373716777634e-01,2.560468617814022907e-01,-6.260908732124527143e-01,1.080449895755891454e+00,0.000000000000000000e+00,0.000000000000000000e+00,0.000000000000000000e+00,-1.112449514696924324e-01,-1.997650619605818023e-01,4.821500572080344993e-01,1.114965636153590012e+00,0.000000000000000000e+00,0.000000000000000000e+00,0.000000000000000000e+00
-1.800226919697479888e-02,4.219129602306486704e-01,8.495226270492917120e-01,-6.864482936985893957e-02,5.442509764591935140e-02,6.943826255702577610e-01,7.142538522494439324e-01,-2.460983572870086844e-01,-4.919487106335929116e-02,-6.893603725811664473e-02,9.475832836318122121e-01,1.342615636363872489e-01,-9.733161965307245145e-02,-6.854632580026368549e-01,9.071129125261223614e-02,-2.293481186031360447e-02,7.502707050563128810e-01,-3.023290291798285123e-01,-6.137549839797350887e-02,-2.117047276174363266e-02,0.000000000000000000e+00,0.000000000000000000e+00,-1.223695159475932659e-01,2.574784436301109092e-01,-6.105240268015849070e-01,1.069744712078509963e+00,0.000000000000000000e+00,0.000000000000000000e+00,0.000000000000000000e+00,-1.214993387615410092e-01,-1.983124767417628609e-01,4.796178872729118248e-01,1.127143713242694689e+00,0.000000000000000000e+00,0.000000000000000000e+00,0.000000000000000000e+00
-1.412992530806395954e-02,4.477625089818239590e-01,8.550152074152738146e-01,-6.035281835997901440e-02,5.102099760012970830e-02,6.877549452189324342e-01,7.216283880549588803e-01,-3.717656699245639462e-01,7.850039273106188334e-03,-1.426360939704264530e-02,1.078630481401018137e+00,5.096999062745954240e-02,-2.056243969151597822e-02,-6.254832013484907804e-01,1.005147087141112505e-01,-6.008742929192279619e-03,7.389319073117150971e-01,-3.270804531323875386e-01,-6.329418247587061119e-02,2.266698576130676476e-02,0.000000000000000000e+00,0.000000000000000000e+00,-1.117686236955068579e-01,2.641086599667244461e-01,-5.921122861451310060e-01,1.060099992880752628e+00,0.000000000000000000e+00,0.000000000000000000e+00,0.000000000000000000e+00,-1.365283696027353444e-01,-2.005884853207348106e-01,4.845609499448502722e-01,1.128397687872029209e+00,0.000000000000000000e+00,0.000000000000000000e+00,0.000000000000000000e+00
-1.050696140640514260e-02,4.735785502355981946e-01,8.607852608795737437e-01,-5.256872970224702596e-02,4.655878294867637351e-02,6.801709809949574304e-01,7.296822904526242271e-01,-4.849133857668115888e-01,5.162318767543373071e-02,1.933388258236413623e-02,1.131789838339241516e+00,-4.418125382203788587e-02,3.713385582962103193e-02,-5.579724976507454137e-01,1.082984783501414472e-01,9.277631299083407071e-03,7.119755085072790868e-01,-3.411095592151162648e-01,-5.640109985868831805e-02,6.206541038605183080e-02,0.000000000000000000e+00,0.000000000000000000e+00,-9.280776511440878840e-02,2.704166055794003931e-01,-5.698844376192852001e-01,1.055163443305798809e+00,0.000000000000000000e+00,0.000000000000000000e+00,0.000000000000000000e+00,-1.542213780488736474e-01,-2.022761526119269959e-01,4.919262776029008077e-01,1.120854060038352085e+00,0.000000000000000000e+00,0.000000000000000000e+00,0.000000000000000000e+00
-7.400258395970413412e-03,4.999885301975343643e-01,8.668166560550747413e-01,-4.427145610199888920e-02,4.153183667374443777e-02,6.739940505287272954e-01,7.362385242358577830e-01,-5.708732990312341826e-01,7.346434268658635913e-02,3.215033618642143542e-02,1.115357738040355873e+00,-1.239344385105134588e-01,6.977591967308777177e-02,-4.846885116678265604e-01,1.069333475197724453e-01,1.750703339057542787e-02,6.730766628981329491e-01,-3.315883423062820357e-01,-4.081598068208969199e-02,9.665707886538496552e-02,0.000000000000000000e+00,0.000000000000000000e+00,-7.279312353908537481e-02,2.797433553697468156e-01,-5.553829115704099761e-01,1.048970926676999094e+00,0.000000000000000000e+00,0.000000000000000000e+00,0.000000000000000000e+00,-1.687368753681239286e-01,-2.047997139076186413e-01,4.981826043109343627e-01,1.107378833625392911e+00,0.000000000000000000e+00,0.000000000000000000e+00,0.000000000000000000e+00
-4.884291856157454634e-03,5.276894775419926908e-01,8.724760562411438825e-01,-3.659514243496031494e-02,4.001684121081264950e-02,6.686290291536244323e-01,7.416162547724768350e-01,-6.336293768584154718e-01,8.247651505634702451e-02,4.806474641335403697e-02,1.025378609484134618e+00,-1.855870868266757401e-01,7.749632719616786347e-02,-4.164562846653372952e-01,9.193968780357775206e-02,1.500399699160883532e-02,6.305085009854719535e-01,-3.102314130980352025e-01,-2.111848490927735120e-02,1.160966650728221944e-01,0.000000000000000000e+00,0.000000000000000000e+00,-4.600425256933378393e-02,2.869907900456758476e-01,-5.406887233179465957e-01,1.042872574975387101e+00,0.000000000000000000e+00,0.000000000000000000e+00,0.000000000000000000e+00,-1.810396966995619361e-01,-2.091836053677361695e-01,5.040921361174456328e-01,1.081714029147102352e+00,0.000000000000000000e+00,0.000000000000000000e+00,0.000000000000000000e+00
-3.268878619184750582e-03,5.570017623478844548e-01,8.764797256919794055e-01,-3.176954772011932049e-02,3.926524983897072829e-02,6.642774473132935231e-01,7.457777208952256487e-01,-6.819118415915933484e-01,8.461352847079801898e-02,6.750438623377133518e-02,9.008954424502597647e-01,-2.057062472976767253e-01,6.773083621257851294e-02,-3.519913913913466086e-01,8.020086181299303230e-02,1.407330181842410266e-02,5.920288912595597086e-01,-3.004833285608290439e-01,-6.242131048736115559e-03,1.273975805689887830e-01,0.000000000000000000e+00,0.000000000000000000e+00,-1.838223741539022141e-02,2.938195089857255082e-01,-5.327850241069860271e-01,1.042265205514257609e+00,0.000000000000000000e+00,0.000000000000000000e+00,0.000000000000000000e+00,-1.954618591638737080e-01,-2.127790982224614935e-01,5.119105346495547160e-01,1.056233155071125696e+00,0.000000000000000000e+00,0.000000000000000000e+00,0.000000000000000000e+00
-2.972137728286777802e-03,5.878110144191737163e-01,8.772318467754859350e-01,-2.957116490669479611e-02,3.860114441153163212e-02,6.603291542376661383e-01,7.494003642379352126e-01,-7.234698664445038396e-01,8.741755156542671545e-02,8.900591647087364999e-02,7.621490519373014250e-01,-2.060265889093967073e-01,4.690831791874812418e-02,-2.967559206584797771e-01,7.063418831292150868e-02,1.314621819776393141e-02,5.682553657194137076e-01,-3.046638040885206733e-01,6.939077465138566644e-03,1.297427999739378668e-01,0.000000000000000000e+00,0.000000000000000000e+00,4.597614872543700354e-03,2.992830716832038940e-01,-5.309656594057962087e-01,1.052636638670382485e+00,0.000000000000000000e+00,0.000000000000000000e+00,0.000000000000000000e+00,-2.134362988736035194e-01,-2.148107545156097142e-01,5.187325937042572832e-01,1.035347413072526646e+00,0.000000000000000000e+00,0.000000000000000000e+00,0.000000000000000000e+00
-3.902682466543792080e-03,6.201028731606803568e-01,8.759588084805193242e-01,-2.964000063409452310e-02,3.818462401147576513e-02,6.596705814018599678e-01,7.499987525885927209e-01,-7.648505722306097043e-01,8.155789458304310569e-02,9.823772129923595553e-02,6.245630416425722586e-01,-2.003059150948413025e-01,1.950885881837076397e-02,-2.441027078026578034e-01,6.262939261643978017e-02,1.249491175724304348e-02,5.467788474520903774e-01,-3.137148077832684345e-01,1.796515449766710945e-02,1.257696313157866952e-01,0.000000000000000000e+00,0.000000000000000000e+00,2.344748423370891788e-02,2.991446677529344678e-01,-5.162969683436788859e-01,1.065888892255133724e+00,0.000000000000000000e+00,0.000000000000000000e+00,0.000000000000000000e+00,-2.286362869400563047e-01,-2.187934887660659689e-01,5.255833305925288190e-01,1.011274115757035963e+00,0.000000000000000000e+00,0.000000000000000000e+00,0.000000000000000000e+00
-5.687416253868016712e-03,6.538299499212200105e-01,8.723402266858082399e-01,-3.058907097704130842e-02,4.048083621441603275e-02,6.626900919974295645e-01,7.471729736845287295e-01,-8.006005138680492017e-01,6.685046416939779967e-02,1.004940348931006727e-01,4.933511959255407198e-01,-1.857858152732891899e-01,-1.160403335469209658e-03,-2.011126924903889057e-01,5.145376678945565857e-02,9.853307166099119219e-03,5.441519883447665240e-01,-3.386592648652131388e-01,2.296946317310551849e-02,1.138350410816598435e-01,0.000000000000000000e+00,0.000000000000000000e+00,4.073241533003620768e-02,2.935922510680686881e-01,-4.981539655714078418e-01,1.082351066089197067e+00,0.000000000000000000e+00,0.000000000000000000e+00,0.000000000000000000e+00,-2.413910136563931497e-01,-2.267876202727056589e-01,5.283423428919632459e-01,9.875169651969608609e-01,0.000000000000000000e+00,0.000000000000000000e+00,0.000000000000000000e+00
-8.574074635897405150e-03,6.891230750326544641e-01,8.669988876831931091e-01,-3.174257874248417183e-02,4.277174398200647709e-02,6.676512919992958484e-01,7.425663195319230914e-01,-8.227258225757972943e-01,4.866517701861870077e-02,1.168544246968146738e-01,3.867553218084541777e-01,-1.772172827166101361e-01,2.235210182546764658e-03,-1.607483307321612154e-01,4.239326393705378920e-02,1.370845616352877466e-02,5.473904522508934445e-01,-3.482981810907744280e-01,2.834679599431254651e-02,9.142899312017477298e-02,0.000000000000000000e+00,0.000000000000000000e+00,5.435058019822493897e-02,2.817655790731947718e-01,-4.755873845070712758e-01,1.104715941928950063e+00,0.000000000000000000e+00,0.000000000000000000e+00,0.000000000000000000e+00,-2.532236448684389574e-01,-2.380004347229274786e-01,5.299669646009275148e-01,9.731988174884491638e-01,0.000000000000000000e+00,0.000000000000000000e+00,0.000000000000000000e+00
-1.147515110794288841e-02,7.281735006719187719e-01,8.581722307692498664e-01,-3.270539254197511042e-02,3.670824607197502309e-02,6.669277836661788861e-01,7.434986169073305451e-01,-8.250676559175315061e-01,5.610267963117613471e-02,1.465549037047008674e-01,3.928769848378217411e-01,-1.656355794298966511e-01,1.521676090349720865e-02,-1.081606641496336285e-01,5.376414738215116312e-02,3.984729796541344043e-02,5.615406499017980835e-01,-3.438075681560376351e-01,3.895855429031146872e-02,8.805317806396273372e-02,0.000000000000000000e+00,0.000000000000000000e+00,7.197057218450285399e-02,2.730347685366860677e-01,-4.618724044043274746e-01,1.134326396021293260e+00,0.000000000000000000e+00,0.000000000000000000e+00,0.000000000000000000e+00,-2.418647842756211086e-01,-2.388088435599803050e-01,5.272776306691738801e-01,9.643672221517091137e-01,0.000000000000000000e+00,0.000000000000000000e+00,0.000000000000000000e+00
-1.396172161407186439e-02,7.696761396715551262e-01,8.472653420788600620e-01,-3.147939621537530069e-02,2.609905889759741096e-02,6.615350752171696991e-01,7.487985249691596623e-01,-8.053161633861412039e-01,7.255040393110114005e-02,1.670337004777174283e-01,4.652418770788261937e-01,-1.416668072491958086e-01,3.081681011989974295e-02,-4.494566755864253665e-02,6.720385128054860713e-02,7.368954244929835917e-02,5.765168570339836984e-01,-3.090879102469970552e-01,5.939812705174923185e-02,9.771413398135661565e-02,0.000000000000000000e+00,0.000000000000000000e+00,9.251982031259237127e-02,2.645035540298918408e-01,-4.504010741564029585e-01,1.166262319388656099e+00,0.000000000000000000e+00,0.000000000000000000e+00,0.000000000000000000e+00,-2.145240163834578884e-01,-2.313306126189842438e-01,5.247780267725900005e-01,9.712360436664728702e-01,0.000000000000000000e+00,0.000000000000000000e+00,0.000000000000000000e+00
-1.572921961645290870e-02,8.110992081856410740e-01,8.417599290697133085e-01,-2.638062170698370762e-02,2.169640052512382747e-02,6.572321030759793459e-01,7.529138673772264312e-01,-7.738765154575676375e-01,7.781435093318149476e-02,1.789090249392685794e-01,5.405029585565011008e-01,-1.028012409991354154e-01,5.576699534885885823e-02,1.632375692465325157e-02,5.964629420958984102e-02,1.032490677918426747e-01,5.760481907505481391e-01,-1.947910986898048202e-01,9.339704806624589406e-02,1.067760730977387468e-01,0.000000000000000000e+00,0.000000000000000000e+00,1.076163371395809781e-01,2.502208802739400717e-01,-4.522157546721260468e-01,1.194543462451527427e+00,0.000000000000000000e+00,0.000000000000000000e+00,0.000000000000000000e+00,-1.811043503622630502e-01,-2.328409354784711505e-01,5.305651728331555184e-01,9.808583885450237183e-01,0.000000000000000000e+00,0.000000000000000000e+00,0.000000000000000000e+00
-1.723870399227008660e-02,8.509803182139562550e-01,8.391338951035963722e-01,-2.023061887678157325e-02,2.643319188477454007e-02,6.579588829932632166e-01,7.523178295886004951e-01,-7.360065656126146827e-01,5.799317310038348827e-02,1.918483244131928833e-01,5.967136545693111360e-01,-8.258811153382444870e-02,8.884675798584487638e-02,5.505872287516216934e-02,3.710484342778980205e-02,1.324029102418003145e-01,5.935401813119712822e-01,-2.638171154970540486e-02,1.484992813895945896e-01,1.059934844756031669e-01,0.000000000000000000e+00,0.000000000000000000e+00,1.127831478048341718e-01,2.271812077583111322e-01,-4.636639217036664928e-01,1.215448313688464399e+00,0.000000000000000000e+00,0.000000000000000000e+00,0.000000000000000000e+00,-1.523469575673842558e-01,-2.530213029086605392e-01,5.332539484974714306e-01,1.005198197620593259e+00,0.000000000000000000e+00,0.000000000000000000e+00,0.000000000000000000e+00
-1.790651847221141901e-02,8.887223192097606361e-01,8.394178859436873807e-01,-1.214779994194334529e-02,3.551546780620677690e-02,6.651053767960799501e-01,7.458055512397457898e-01,-7.055510360903404221e-01,8.318209442517432439e-03,1.811496667326039089e-01,6.498016611944280596e-01,-1.187641619645483926e-01,1.331793518950980248e-01,4.570916524686345628e-02,2.257679802289108348e-02,1.589948484486161107e-01,6.567763021434183113e-01,1.631333822726035720e-01,2.181356244824376733e-01,8.512776455695331146e-02,0.000000000000000000e+00,0.000000000000000000e+00,1.016230345838150806e-01,2.127242762114416874e-01,-4.876122164770564926e-01,1.222816310163329589e+00,0.000000000000000000e+00,0.000000000000000000e+00,0.000000000000000000e+00,-1.246822306507729683e-01,-2.779757240025890752e-01,5.325531697935479425e-01,1.044772503395722252e+00,0.000000000000000000e+00,0.000000000000000000e+00,0.000000000000000000e+00
-1.844443955580496106e-02,9.255010968605641430e-01,8.448869360722409683e-01,-2.450569194080673505e-03,3.665061524016538508e-02,6.785326399551632193e-01,7.336512684025148223e-01,-6.596517575463239913e-01,-4.044980945413566287e-02,1.609840680694614723e-01,6.820670790765410718e-01,-1.716625715721342982e-01,1.547203830492608068e-01,-1.887217371915939079e-02,3.332777918027420017e-03,1.439552415392743312e-01,7.874259655146551573e-01,2.386451910786333008e-01,2.301211686669813461e-01,4.740972957195795784e-02,0.000000000000000000e+00,0.000000000000000000e+00,8.828597328184561999e-02,2.134377531630485270e-01,-5.194424492250190317e-01,1.207518951039836974e+00,0.000000000000000000e+00,0.000000000000000000e+00,0.000000000000000000e+00,-9.366562246806983683e-02,-2.969231941761816818e-01,5.284531334281562520e-01,1.070690144647751696e+00,0.000000000000000000e+00,0.000000000000000000e+00,0.000000000000000000e+00
-2.005039548215176159e-02,9.611749483480344081e-01,8.493369222148369202e-01,4.522719061415794890e-03,3.237320645272764863e-02,6.921268102223010477e-01,7.210353660450806723e-01,-6.076185363811537066e-01,-7.231387272770542496e-02,1.454288416547781515e-01,7.093257185391692587e-01,-2.341043138909302823e-01,1.681115573239714833e-01,-1.257395895673127928e-01,-3.588910432694575325e-02,1.016311414575129107e-01,9.273034792793019010e-01,2.121004186686127335e-01,1.825720100983597993e-01,4.054780707964011216e-03,0.000000000000000000e+00,0.000000000000000000e+00,6.115868249611052659e-02,2.186163270180533358e-01,-5.436972002087270273e-01,1.193375303456247538e+00,0.000000000000000000e+00,0.000000000000000000e+00,0.000000000000000000e+00,-6.375618630901599970e-02,-3.079420225478494699e-01,5.269774855620933396e-01,1.084003057258482672e+00,0.000000000000000000e+00,0.000000000000000000e+00,0.000000000000000000e+00
-2.237251135410672429e-02,9.954842347149723825e-01,8.540465956827497651e-01,1.161706781496114373e-02,2.662427715541339571e-02,7.041231478264857735e-01,7.094834630181700019e-01,-5.479325803700146880e-01,-9.957216076969412077e-02,1.269685670167518265e-01,7.190837570411396928e-01,-2.727079336973427526e-01,1.759126031786878430e-01,-2.357554049540881713e-01,-7.023293364121183102e-02,7.233197508510737228e-02,1.016969683833019999e+00,1.465805137036224615e-01,1.260410772634891208e-01,-3.526544185150661675e-02,0.000000000000000000e+00,0.000000000000000000e+00,2.438894413807472794e-02,2.266384086349405580e-01,-5.662070385909850900e-01,1.171948303937019986e+00,0.000000000000000000e+00,0.000000000000000000e+00,0.000000000000000000e+00,-3.699347921913966053e-02,-3.216290115557002283e-01,5.239421092200388097e-01,1.089056018473668841e+00,0.000000000000000000e+00,0.000000000000000000e+00,0.000000000000000000e+00
-2.542360712727731106e-02,1.028859492701629907e+00,8.593197143784149228e-01,1.605554001234593339e-02,2.134090807920389563e-02,7.158388786899771983e-01,6.977546023016565346e-01,-4.873991514834288830e-01,-1.151247931867711016e-01,1.146198922880780346e-01,7.112957304856203367e-01,-2.829471646357603065e-01,1.729434783049230984e-01,-3.307141863440442031e-01,-9.552461581538670976e-02,4.935919351073780881e-02,1.028934946727461774e+00,7.409844497274573061e-02,8.930419144605228343e-02,-7.241181741262350813e-02,0.000000000000000000e+00,0.000000000000000000e+00,-1.843602780132359842e-02,2.372196491528555384e-01,-5.751485934420323964e-01,1.142406854048287679e+00,0.000000000000000000e+00,0.000000000000000000e+00,0.000000000000000000e+00,-1.481135865548772676e-02,-3.343040084815608326e-01,5.133034731976858778e-01,1.082156078377204844e+00,0.000000000000000000e+00,0.000000000000000000e+00,0.000000000000000000e+00
-2.908357541272245383e-02,1.061543667997089768e+00,8.657787704001973506e-01,2.010371349046017470e-02,1.662886712456315350e-02,7.276346631055556902e-01,6.854685394161509349e-01,-4.192628042197529270e-01,-1.274122126488227980e-01,1.007853590976318381e-01,6.805858220786907831e-01,-2.702919450693058168e-01,1.577487471699761112e-01,-4.116221068633983404e-01,-1.193779843484986947e-01,2.185610270833421992e-02,9.885484617569911814e-01,4.724215663176059565e-03,6.253686206982186913e-02,-1.053574160271584653e-01,0.000000000000000000e+00,0.000000000000000000e+00,-6.228225700524203656e-02,2.500390006192825254e-01,-5.769237678319095730e-01,1.102823754920088328e+00,0.000000000000000000e+00,0.000000000000000000e+00,0.000000000000000000e+00,3.021038061252562246e-03,-3.448612098535885906e-01,5.025934976311875468e-01,1.076861357845247946e+00,0.000000000000000000e+00,0.000000000000000000e+00,0.000000000000000000e+00
-3.322618692366072907e-02,1.094157152728960858e+00,8.720722423036009197e-01,2.125444228876178718e-02,1.359334800312681814e-02,7.367919928026308574e-01,6.756485986923876919e-01,-3.552048103337040463e-01,-1.418761967421056924e-01,7.241663094421067759e-02,6.522217436590705963e-01,-2.712917853357378339e-01,1.373394200761237083e-01,-4.770763695418359651e-01,-1.397970238571357993e-01,-4.808007227405763917e-03,9.038221265009692695e-01,-4.184167990545182431e-02,5.083000522683174538e-02,-1.293678262345441810e-01,0.000000000000000000e+00,0.000000000000000000e+00,-1.081143046540020275e-01,2.689177607043777285e-01,-5.848006476137300735e-01,1.039865979497575088e+00,0.000000000000000000e+00,0.000000000000000000e+00,0.000000000000000000e+00,1.534055603910927656e-02,-3.504616634342782033e-01,4.909689068455173611e-01,1.074129566383105416e+00,0.000000000000000000e+00,0.000000000000000000e+00,0.000000000000000000e+00
-3.751669023930175734e-02,1.126735725587671322e+00,8.764780876816972155e-01,2.228406155671007124e-02,1.026500280634265287e-02,7.443938741314409802e-01,6.672898998737404330e-01,-2.932325985927675682e-01,-1.530379119246449982e-01,4.387706859922158031e-02,6.328343184623622664e-01,-2.790106174974327224e-01,1.209990774850864120e-01,-5.244848994138442411e-01,-1.438998623504143537e-01,-2.944951324118979738e-02,7.698887590069817266e-01,-4.450140592719833976e-02,5.903419217919822493e-02,-1.459065573902614821e-01,0.000000000000000000e+00,0.000000000000000000e+00,-1.549859164918507837e-01,2.831847843736319259e-01,-5.887283935385974054e-01,9.798275096160700137e-01,0.000000000000000000e+00,0.000000000000000000e+00,0.000000000000000000e+00,2.328416638851855958e-02,-3.526192458431336996e-01,4.829747226360706636e-01,1.073527369844700097e+00,0.000000000000000000e+00,0.000000000000000000e+00,0.000000000000000000e+00
-4.180459169971415673e-02,1.159573108359469140e+00,8.776607909771092508e-01,2.225245139982962028e-02,9.005506186392245316e-03,7.527401897074682546e-01,6.578798796620769496e-01,-2.398809702967312774e-01,-1.631863578701082118e-01,1.877464710835818895e-02,6.249231194036408699e-01,-3.073844203937968200e-01,1.108414458601318375e-01,-5.557004734260831968e-01,-1.316135934494830906e-01,-3.652129132390018185e-02,6.178983685150797323e-01,-7.413360689268933511e-03,8.905940703480692833e-02,-1.580655661430027392e-01,0.000000000000000000e+00,0.000000000000000000e+00,-2.002391771887861993e-01,2.960588069583836024e-01,-5.988685331349822283e-01,9.147499030233263717e-01,0.000000000000000000e+00,0.000000000000000000e+00,0.000000000000000000e+00,3.403704110220035634e-02,-3.549229304006697450e-01,4.682112956545870230e-01,1.073232528231285787e+00,0.000000000000000000e+00,0.000000000000000000e+00,0.000000000000000000e+00
-4.548857222567360276e-02,1.192027503303501046e+00,8.758959143480903320e-01,2.497632640039362112e-02,3.126628949757757035e-03,7.579775910559614083e-01,6.517947366832230749e-01,-1.841151578785881204e-01,-1.614384462552777844e-01,2.872026587280834820e-03,6.290713337999501720e-01,-3.350815760148415645e-01,1.007043934702358950e-01,-5.761434413505698293e-01,-1.065743662601777025e-01,-3.008776504944507546e-02,4.642288972964017657e-01,3.701217245100912184e-02,1.166893569234741107e-01,-1.571103810308593085e-01,0.000000000000000000e+00,0.000000000000000000e+00,-2.386405033507686679e-01,3.139305153873178655e-01,-6.019439334039522471e-01,8.552538422511354321e-01,0.000000000000000000e+00,0.000000000000000000e+00,0.000000000000000000e+00,4.244517804755053303e-02,-3.533028387045584751e-01,4.504198800710259576e-01,1.080596369703903159e+00,0.000000000000000000e+00,0.000000000000000000e+00,0.000000000000000000e+00
-4.827587730904198821e-02,1.224891277528849853e+00,8.716014471282279574e-01,2.716975454979891208e-02,-3.666519078214594985e-03,7.619551770965473647e-01,6.470492015073660008e-01,-1.369444704549450109e-01,-1.488129643548746217e-01,-5.272789116097922890e-03,6.430531822272448350e-01,-3.454896794449108244e-01,8.089184265715258781e-02,-5.896709161987219172e-01,-7.722411619092535429e-02,-1.356421740178143098e-02,3.488481307375800866e-01,7.415869302318554845e-02,1.338060623405811778e-01,-1.528552562123993430e-01,0.000000000000000000e+00,0.000000000000000000e+00,-2.720808991365463170e-01,3.382743920126624060e-01,-6.089326554526530710e-01,7.997450863931558906e-01,0.000000000000000000e+00,0.000000000000000000e+00,0.000000000000000000e+00,4.393723804850536291e-02,-3.468424190004540386e-01,4.390744737414599141e-01,1.091632202796634976e+00,0.000000000000000000e+00,0.000000000000000000e+00,0.000000000000000000e+00
-5.035412555298952181e-02,1.258904416326364517e+00,8.647873453544968614e-01,2.668053990775572440e-02,-9.700702765494574262e-03,7.658878091922458609e-01,6.423471871867956207e-01,-1.037712382475509121e-01,-1.402016645190215516e-01,-2.849563622669504248e-02,6.843546634091351999e-01,-3.601861751152723445e-01,5.496524242088014767e-02,-5.942302384266898718e-01,-4.832319677236832089e-02,4.832753401856758335e-03,2.784055584535307659e-01,9.722096761799003950e-02,1.326928834858746853e-01,-1.456957380834086879e-01,0.000000000000000000e+00,0.000000000000000000e+00,-2.928482368300731609e-01,3.586852094033582405e-01,-6.170696525476799810e-01,7.442623633131852934e-01,0.000000000000000000e+00,0.000000000000000000e+00,0.000000000000000000e+00,5.013382576682616498e-02,-3.362613864093184080e-01,4.278583657409639751e-01,1.103837921296165980e+00,0.000000000000000000e+00,0.000000000000000000e+00,0.000000000000000000e+00
-5.198237535581221036e-02,1.295015646484470428e+00,8.523073680512583961e-01,2.716294743931062239e-02,-9.986621101745675466e-03,7.702743480063358739e-01,6.370556258983932629e-01,-8.432788738224131220e-02,-1.582670070759084335e-01,-7.151143942382770513e-02,7.638730920656187084e-01,-3.928082216617146405e-01,2.976233068927210818e-02,-5.927211200063337015e-01,-3.169069914351019257e-02,1.687382332166753943e-02,3.007502429071949313e-01,1.108567259488818513e-01,1.186552444610718265e-01,-1.377796102453872074e-01,0.000000000000000000e+00,0.000000000000000000e+00,-2.953753393299799468e-01,3.572627519532174944e-01,-6.170970204693781991e-01,7.064560437694491490e-01,0.000000000000000000e+00,0.000000000000000000e+00,0.000000000000000000e+00,5.896771315693611487e-02,-3.262156923094864380e-01,4.204051442417362505e-01,1.118897319123993483e+00,0.000000000000000000e+00,0.000000000000000000e+00,0.000000000000000000e+00
-5.316330164133980379e-02,1.331321187894843661e+00,8.435853983962882108e-01,2.724569458553772680e-02,-1.157248865874090267e-02,7.774592412127113716e-01,6.282363232779129003e-01,-5.257692902962429748e-02,-1.505721359595837416e-01,-8.987493342627442261e-02,8.142741533824974232e-01,-3.111003124893009786e-01,-2.759586490180256785e-02,-5.754405136366135265e-01,-2.591049424675310672e-02,1.187017917657616668e-02,3.659609491011925897e-01,1.219611525670289964e-01,9.474173452260789552e-02,-1.339721999569290223e-01,0.000000000000000000e+00,0.000000000000000000e+00,-2.703769020344033991e-01,3.505143408101261127e-01,-6.149847926785496632e-01,6.884575502329902674e-01,0.000000000000000000e+00,0.000000000000000000e+00,0.000000000000000000e+00,7.104693592443972472e-02,-3.154641243283276553e-01,4.226615214991504832e-01,1.134849538575114503e+00,0.000000000000000000e+00,0.000000000000000000e+00,0.000000000000000000e+00
-5.392910608986160870e-02,1.365727747234775302e+00,8.365806445468049191e-01,2.202224355602233966e-02,-1.291416767349060427e-02,7.784322284734205288e-01,6.272093037702527463e-01,-3.457035996373646752e-02,-1.202933535224989386e-01,-9.214866838311401576e-02,8.774892020459185149e-01,-1.271066998293861605e-01,-9.480392778113147512e-02,-5.792950357305785003e-01,-1.217136191851304547e-03,-3.050464974453799896e-03,4.691385611489323204e-01,7.503241537683402740e-02,4.162404892214990187e-02,-1.224144021919587044e-01,0.000000000000000000e+00,0.000000000000000000e+00,-2.283844846011863772e-01,3.508126144442521022e-01,-6.119141893880383209e-01,7.009669331137624582e-01,0.000000000000000000e+00,0.000000000000000000e+00,0.000000000000000000e+00,7.561324257870551124e-02,-2.952447869706297801e-01,4.290771277150041141e-01,1.140919723377786354e+00,0.000000000000000000e+00,0.000000000000000000e+00,0.000000000000000000e+00
-5.484650282277505479e-02,1.397952448596459840e+00,8.418535605740572469e-01,1.466397422522435975e-02,-1.114208221289030021e-02,7.789345442352237914e-01,6.268347450971012425e-01,-5.676692634842318841e-02,-8.432634289687092333e-02,-6.091874958334093926e-02,9.623974795481954336e-01,1.103556480751394925e-02,-1.142127786206798418e-01,-5.946630044767902135e-01,1.371173280187097318e-02,-1.384842836745616389e-02,5.690400413641742983e-01,1.215496446394403497e-02,2.171301761007136261e-03,-1.227575291645236349e-01,0.000000000000000000e+00,0.000000000000000000e+00,-1.798141657767204915e-01,3.463802797422990132e-01,-5.993703073111259494e-01,7.511884615411587029e-01,0.000000000000000000e+00,0.000000000000000000e+00,0.000000000000000000e+00,6.991267293265540639e-02,-2.871191796511461947e-01,4.368937367519185599e-01,1.141272228836556657e+00,0.000000000000000000e+00,0.000000000000000000e+00,0.000000000000000000e+00
-5.517884041955829072e-02,1.427497109895946359e+00,8.456049498349416105e-01,9.555485810251401410e-03,-8.257803308366637104e-03,7.776046619882138744e-01,6.286266706318196507e-01,-1.144733074424964386e-01,-3.238834184276376954e-02,3.890440592961622729e-03,1.049294682400620626e+00,5.563290281420082278e-02,-7.900107697450267641e-02,-5.969033870151648768e-01,2.417237169104701280e-02,-2.336585552855959327e-02,6.312476813264328301e-01,-4.420552221411887944e-02,-1.983487579548956839e-02,-1.262903510365894766e-01,0.000000000000000000e+00,0.000000000000000000e+00,-1.349754320708345667e-01,3.289494489832624491e-01,-5.910230475730497979e-01,8.438437871053735551e-01,0.000000000000000000e+00,0.000000000000000000e+00,0.000000000000000000e+00,6.073938919746078857e-02,-2.855766744582148853e-01,4.393540562597565979e-01,1.136464922787020271e+00,0.000000000000000000e+00,0.000000000000000000e+00,0.000000000000000000e+00
-5.466962629764274967e-02,1.453591303839291360e+00,8.493088455981939733e-01,1.039174959306301410e-02,-8.147713202035474292e-03,7.765805190420527193e-01,6.298796105243832377e-01,-1.865346422485535394e-01,2.720680445859555152e-02,8.262992944943337026e-02,1.108160464393587397e+00,1.334489518887871894e-02,-2.195332563015424399e-02,-5.772517118122219015e-01,2.849251569924938360e-02,-3.468373753136346632e-02,6.673107201705703595e-01,-9.086892060440651675e-02,-3.814383683777619605e-02,-1.267742971367765425e-01,0.000000000000000000e+00,0.000000000000000000e+00,-8.752905848296979596e-02,3.101486155194708716e-01,-5.872884914319607130e-01,9.364348015689314408e-01,0.000000000000000000e+00,0.000000000000000000e+00,0.000000000000000000e+00,5.243247437368630387e-02,-2.872984073542989014e-01,4.428217698457593832e-01,1.134267434949449482e+00,0.000000000000000000e+00,0.000000000000000000e+00,0.000000000000000000e+00
-5.414577536121731316e-02,1.476219089713252774e+00,8.522229697583789676e-01,1.444548838325896041e-02,-1.045428492569811310e-02,7.730440657047946695e-01,6.341016545244642089e-01,-2.544915134238127097e-01,7.177275396882221159e-02,1.415131926300830789e-01,1.131405470078273634e+00,-5.005858532087469753e-02,2.594595290540695903e-02,-5.479205979187597997e-01,3.537955015235336176e-02,-4.053125943103787904e-02,6.890698560614102464e-01,-1.234345296624755339e-01,-4.982399325411469154e-02,-1.263633533463039138e-01,0.000000000000000000e+00,0.000000000000000000e+00,-4.541371777421364386e-02,2.947470180421711272e-01,-5.728862222729825815e-01,1.030034074085436568e+00,0.000000000000000000e+00,0.000000000000000000e+00,0.000000000000000000e+00,4.939924555022952302e-02,-2.914255336815011477e-01,4.428055482089931494e-01,1.121710812990297068e+00,0.000000000000000000e+00,0.000000000000000000e+00,0.000000000000000000e+00
-5.406146195562019224e-02,1.495879243317830287e+00,8.577851819083147644e-01,1.822480373015492733e-02,-1.163107629552507030e-02,7.682147869204430934e-01,6.398270201780974498e-01,-2.977604120904800422e-01,9.563125963165469701e-02,1.795360836548410832e-01,1.103543173235373098e+00,-8.691940592707293745e-02,4.447398806037244912e-02,-5.090607208641437786e-01,4.080267209825236968e-02,-4.148397082647853340e-02,6.804295232538281057e-01,-1.379741457981112640e-01,-5.033053133825751702e-02,-1.219197641741042587e-01,0.000000000000000000e+00,0.000000000000000000e+00,-9.307699613016993945e-04,2.864804368294158743e-01,-5.510047152775079393e-01,1.095190549437554894e+00,0.000000000000000000e+00,0.000000000000000000e+00,0.000000000000000000e+00,5.746827359930831158e-02,-2.973394129199533609e-01,4.425095985472806137e-01,1.089141412038217238e+00,0.000000000000000000e+00,0.000000000000000000e+00,0.000000000000000000e+00
-5.483369772523528224e-02,1.513140843175154959e+00,8.653148210017708175e-01,2.004680890700164669e-02,-1.191876753663814043e-02,7.618173121836285810e-01,6.473719574482399430e-01,-3.230681484912050205e-01,1.056961911539889415e-01,2.021888920888440522e-01,1.049440876256568789e+00,-1.144112861602413628e-01,4.891048070701509154e-02,-4.644383288862261594e-01,4.919078798355399490e-02,-3.565160636127356203e-02,6.430209242985436280e-01,-1.324543233061085123e-01,-4.927301642912738922e-02,-1.152241975960308640e-01,0.000000000000000000e+00,0.000000000000000000e+00,3.805293333082136048e-02,2.833652070621449082e-01,-5.379724206589655555e-01,1.148636023024371067e+00,0.000000000000000000e+00,0.000000000000000000e+00,0.000000000000000000e+00,6.908806119917494659e-02,-3.033434000113093831e-01,4.424750449996710522e-01,1.055229966033094380e+00,0.000000000000000000e+00,0.000000000000000000e+00,0.000000000000000000e+00
-5.682219088483825287e-02,1.528099446093662772e+00,8.724600269165154742e-01,2.017356055493810252e-02,-1.026127879332591926e-02,7.537171686020210926e-01,6.568090767998069346e-01,-3.366817201242527924e-01,1.050826093323904142e-01,2.071278647282546181e-01,9.904570136778175771e-01,-1.262442563529112549e-01,4.721441819773894433e-02,-4.271078712787141907e-01,5.648521969917358332e-02,-2.323788117651165441e-02,6.021317666145877823e-01,-1.227499918168755977e-01,-4.078689459262964390e-02,-1.065241214614847665e-01,0.000000000000000000e+00,0.000000000000000000e+00,7.204185472000444734e-02,2.803351997075030355e-01,-5.265671685732343787e-01,1.181440524388515323e+00,0.000000000000000000e+00,0.000000000000000000e+00,0.000000000000000000e+00,7.656344183063189257e-02,-3.091514867249227638e-01,4.425245095687687646e-01,1.022700963245707140e+00,0.000000000000000000e+00,0.000000000000000000e+00,0.000000000000000000e+00
-5.994404767364978903e-02,1.541000796818575047e+00,8.780308187767216221e-01,1.942474527112550420e-02,-7.648446171777994324e-03,7.443394664706349806e-01,6.674750476208980432e-01,-3.475072838208710935e-01,9.592315204167374543e-02,2.025216129043398983e-01,9.368692209897532264e-01,-1.224431881751620044e-01,4.198977181473528136e-02,-3.998578080291065318e-01,6.343914579397030851e-02,-4.903059560585808219e-03,5.691257424324165370e-01,-1.137634591314062860e-01,-3.413970388980443194e-02,-9.791772270177347137e-02,0.000000000000000000e+00,0.000000000000000000e+00,9.962370256278166303e-02,2.778505001456355039e-01,-5.199009140830064268e-01,1.194294320837468337e+00,0.000000000000000000e+00,0.000000000000000000e+00,0.000000000000000000e+00,8.135213623980602771e-02,-3.125777208356617654e-01,4.411613737742550723e-01,9.975265324531714661e-01,0.000000000000000000e+00,0.000000000000000000e+00,0.000000000000000000e+00
-6.438333184687784760e-02,1.551984626530334532e+00,8.821692483565057863e-01,1.731181306693792971e-02,-5.200610888869246912e-03,7.364191848631618242e-01,6.762839928167713177e-01,-3.555150383857542673e-01,8.918807908777380555e-02,1.988954267397953224e-01,8.896908788840567350e-01,-1.158912527779385471e-01,3.811980063076694791e-02,-3.811084662861849992e-01,6.834621294043013995e-02,1.327499226150530287e-02,5.453244364291242041e-01,-1.100301063027933762e-01,-2.164716136343568242e-02,-8.971125670370794225e-02,0.000000000000000000e+00,0.000000000000000000e+00,1.158640222328667507e-01,2.765613339769403822e-01,-5.156899333168679656e-01,1.196796989712269221e+00,0.000000000000000000e+00,0.000000000000000000e+00,0.000000000000000000e+00,8.336591758244350781e-02,-3.161556401351278134e-01,4.412852756204050930e-01,9.811329928660319499e-01,0.000000000000000000e+00,0.000000000000000000e+00,0.000000000000000000e+00
-6.984206168268643211e-02,1.560967422133858085e+00,8.849727807559135684e-01,1.767212495945394771e-02,-3.355089996526834477e-03,7.273985177398298863e-01,6.859794718214470288e-01,-3.571077586039753671e-01,7.623877863399783350e-02,1.845143537773458742e-01,8.529806245778760454e-01,-1.092026211320754198e-01,3.740148594669684412e-02,-3.658768818987197524e-01,6.924864296381144646e-02,3.349876425885443820e-02,5.322866660940546168e-01,-1.083042937887464391e-01,-1.184349045841548952e-02,-7.954838216698258135e-02,0.000000000000000000e+00,0.000000000000000000e+00,1.254049587458442305e-01,2.789893594443807467e-01,-5.169232796960827603e-01,1.190773968553569651e+00,0.000000000000000000e+00,0.000000000000000000e+00,0.000000000000000000e+00,8.708506656202047447e-02,-3.213920754834890259e-01,4.392844277982768109e-01,9.766229594753748078e-01,0.000000000000000000e+00,0.000000000000000000e+00,0.000000000000000000e+00
-7.631535168818119608e-02,1.568036562753804430e+00,8.869232437345159203e-01,2.009053147629500866e-02,-9.188270746967783752e-04,7.170744075998284339e-01,6.967064089465244692e-01,-3.587902525511679208e-01,6.235456386373517540e-02,1.742996448433895007e-01,8.161871861559701902e-01,-1.111270819122707754e-01,3.982799557567380522e-02,-3.563380459182987070e-01,6.410309652429042881e-02,5.469231950400980924e-02,5.297225816740597226e-01,-1.101357425791703315e-01,3.801658331649328953e-05,-7.482914595615167141e-02,0.000000000000000000e+00,0.000000000000000000e+00,1.308436266000297943e-01,2.795253572211261472e-01,-5.209618045512141027e-01,1.185283003057883366e+00,0.000000000000000000e+00,0.000000000000000000e+00,0.000000000000000000e+00,8.461730122254383646e-02,-3.330148951316236894e-01,4.360113258887255427e-01,9.762738876270318222e-01,0.000000000000000000e+00,0.000000000000000000e+00,0.000000000000000000e+00
-8.392885043018637192e-02,1.573464552592502619e+00,8.880785430593013396e-01,2.249058921824596824e-02,1.651595693762769514e-03,7.068050643961507618e-01,7.070488289872444154e-01,-3.603603548233613729e-01,4.532463557710490754e-02,1.585743567138443721e-01,7.884879444677483917e-01,-1.125957371327476059e-01,3.979393534698440205e-02,-3.541234651650127518e-01,5.642219101267730019e-02,7.455766374090526394e-02,5.358262981930133062e-01,-1.120598543260787894e-01,1.031656847469180315e-02,-7.087275919668697965e-02,0.000000000000000000e+00,0.000000000000000000e+00,1.312332048227076720e-01,2.769478900753702399e-01,-5.300564222102969181e-01,1.178929559202938515e+00,0.000000000000000000e+00,0.000000000000000000e+00,0.000000000000000000e+00,7.767808907265388862e-02,-3.467004705511488316e-01,4.402936247259802149e-01,9.836868030109260364e-01,0.000000000000000000e+00,0.000000000000000000e+00,0.000000000000000000e+00
-9.259255913785979786e-02,1.577224557431944341e+00,8.882300101384036362e-01,2.599402233606497303e-02,3.493219928306008117e-03,6.962213417816672800e-01,7.173478594552711307e-01,-3.658095840064768955e-01,2.380765491078460847e-02,1.390076825534672378e-01,7.617352791823670533e-01,-1.106751978093882122e-01,3.708154802478379891e-02,-3.558518946810343975e-01,4.850623000911339494e-02,9.886998951102181354e-02,5.494471036979722278e-01,-1.162874494904957423e-01,2.357559946792036829e-02,-6.990618478542379166e-02,0.000000000000000000e+00,0.000000000000000000e+00,1.307802330872507857e-01,2.774716079630710208e-01,-5.425157602763142073e-01,1.165759728650031413e+00,0.000000000000000000e+00,0.000000000000000000e+00,0.000000000000000000e+00,6.729751204966506750e-02,-3.619163599954761668e-01,4.487179845424506541e-01,9.898760110775576271e-01,0.000000000000000000e+00,0.000000000000000000e+00,0.000000000000000000e+00
-1.022132545038923201e-01,1.579791651147147036e+00,8.877041548799211590e-01,2.783968249876156778e-02,6.578842060660585606e-03,6.829252488415189504e-01,7.299279248050852820e-01,-3.838963449398928307e-01,1.027848910800405191e-03,1.064128575806159993e-01,7.627377615518110554e-01,-1.037664675929870495e-01,3.264105512093740807e-02,-3.662812098990083087e-01,4.301484561152228020e-02,1.264574850046265853e-01,5.649141921063168814e-01,-1.206154205786172662e-01,3.409862216287887909e-02,-6.224695362448086355e-02,0.000000000000000000e+00,0.000000000000000000e+00,1.239873717362748595e-01,2.779654968261816572e-01,-5.564862625651496586e-01,1.151175989439582326e+00,0.000000000000000000e+00,0.000000000000000000e+00,0.000000000000000000e+00,5.880775588736328330e-02,-3.654085074271887223e-01,4.592830675931067752e-01,9.949043271643653874e-01,0.000000000000000000e+00,0.000000000000000000e+00,0.000000000000000000e+00
-1.128078034419074949e-01,1.581496801569416188e+00,8.867015476809764207e-01,2.778354991553121794e-02,9.878121673958436058e-03,6.707159153087093317e-01,7.411279633220470009e-01,-4.057860948643980947e-01,-1.610778822568878499e-02,7.875165683906606984e-02,7.824497305363337096e-01,-1.079151708660678055e-01,2.911937952307402239e-02,-3.810028705012782901e-01,3.711643208689426043e-02,1.496846838341836239e-01,5.784402313832753828e-01,-1.236517692972286392e-01,4.672758018921215756e-02,-5.449515080902110620e-02,0.000000000000000000e+00,0.000000000000000000e+00,1.091072987032096347e-01,2.836815163743451329e-01,-5.756581553119999306e-01,1.135318279009025710e+00,0.000000000000000000e+00,0.000000000000000000e+00,0.000000000000000000e+00,5.413351545778570528e-02,-3.551618908195979252e-01,4.688883805080598099e-01,1.008810026599883614e+00,0.000000000000000000e+00,0.000000000000000000e+00,0.000000000000000000e+00
-1.243659285573652656e-01,1.582524178464339348e+00,8.850741067689266162e-01,2.642970758635031225e-02,1.233744833927768493e-02,6.565853446125392567e-01,7.536875633612433178e-01,-4.266125650621168108e-01,-2.875656124098998484e-02,4.794920947384598980e-02,8.190722019540660481e-01,-1.136012128323958814e-01,2.437273462817817621e-02,-3.975772892510343604e-01,3.605258029695990185e-02,1.751624786961902269e-01,5.893735709567339276e-01,-1.254661111414643315e-01,5.871215590192027656e-02,-4.720329174863455157e-02,0.000000000000000000e+00,0.000000000000000000e+00,9.223628978166201198e-02,2.881535011467484808e-01,-5.885823007690228481e-01,1.123955610471056188e+00,0.000000000000000000e+00,0.000000000000000000e+00,0.000000000000000000e+00,5.095872259293209722e-02,-3.443136718369671501e-01,4.810554832446428675e-01,1.024873836199264421e+00,0.000000000000000000e+00,0.000000000000000000e+00,0.000000000000000000e+00
-1.366860576597617449e-01,1.583185474753076249e+00,8.829221935281180711e-01,2.408756275617361317e-02,1.401040527758011696e-02,6.409311265202258800e-01,7.670924252799911081e-01,-4.460116124268256321e-01,-3.725836127683766069e-02,1.201858631482727313e-02,8.674772373921720847e-01,-1.115674904348047947e-01,1.846512658680272978e-02,-4.151526132341418762e-01,4.097383837373649862e-02,2.058164927317192305e-01,5.989504062620438773e-01,-1.268512918589514149e-01,7.097791204484120431e-02,-3.946191061794960403e-02,0.000000000000000000e+00,0.000000000000000000e+00,7.157027598567776427e-02,2.922185349613322103e-01,-5.999316591243307739e-01,1.115648048574997997e+00,0.000000000000000000e+00,0.000000000000000000e+00,0.000000000000000000e+00,4.323948804469571194e-02,-3.375260799753330709e-01,4.881245139496956376e-01,1.044950934981336843e+00,0.000000000000000000e+00,0.000000000000000000e+00,0.000000000000000000e+00
-1.495476829789869622e-01,1.583333282767479311e+00,8.802084025873693207e-01,2.241967499657488566e-02,1.379274662423915325e-02,6.259800729368301120e-01,7.793946796069420868e-01,-4.553040832180900721e-01,-4.067553041747608983e-02,-2.470988060395049035e-02,9.179450212615061222e-01,-1.049521478039081857e-01,7.486888788674843018e-03,-4.299348246859945877e-01,5.054979254637623209e-02,2.412147130546244134e-01,6.107697268443927907e-01,-1.323372138689719868e-01,7.556445521150285949e-02,-3.376002270706948694e-02,0.000000000000000000e+00,0.000000000000000000e+00,5.295916629325638642e-02,2.984530953243184070e-01,-6.048055684952116096e-01,1.102807438396853135e+00,0.000000000000000000e+00,0.000000000000000000e+00,0.000000000000000000e+00,3.692792432642692108e-02,-3.336141500974068030e-01,4.936643294313777797e-01,1.060544737538393623e+00,0.000000000000000000e+00,0.000000000000000000e+00,0.000000000000000000e+00
-1.628104800935153973e-01,1.583442188906043269e+00,8.775619528364714261e-01,1.955008387324993699e-02,1.325949623849606920e-02,6.103687044452127397e-01,7.917651322292001970e-01,-4.497559424458327237e-01,-4.460006921407548564e-02,-6.110969195966636791e-02,9.611932588816075596e-01,-1.032076900663579933e-01,-5.968703668492522305e-03,-4.433417158267157210e-01,6.167168808307645078e-02,2.755843567668092575e-01,6.166522511503852444e-01,-1.376561804464419558e-01,8.966880323850907886e-02,-3.110458654188045374e-02,0.000000000000000000e+00,0.000000000000000000e+00,3.490383620302417444e-02,3.046315021507721710e-01,-6.095176682559010350e-01,1.090209190080764667e+00,0.000000000000000000e+00,0.000000000000000000e+00,0.000000000000000000e+00,3.094847703017825774e-02,-3.307917424904054382e-01,4.953070062409963836e-01,1.075572832864702066e+00,0.000000000000000000e+00,0.000000000000000000e+00,0.000000000000000000e+00
-1.761575006845470526e-01,1.583269242853938330e+00,8.748109779544146480e-01,1.682110127813923189e-02,1.287090759547803755e-02,5.954943864182946633e-01,8.030802114569615124e-01,-4.360405396395189981e-01,-4.887624933443926456e-02,-1.010336464145358965e-01,1.002008202801238035e+00,-9.450263997003982563e-02,-2.866273686410063942e-02,-4.566389456341295450e-01,7.382456372975945702e-02,3.122801927614795026e-01,6.222745860425694664e-01,-1.426736773212997078e-01,1.022354241769155569e-01,-2.996092993401441862e-02,0.000000000000000000e+00,0.000000000000000000e+00,1.449682868601136383e-02,3.106980607132452388e-01,-6.109348082212948672e-01,1.072166157906637718e+00,0.000000000000000000e+00,0.000000000000000000e+00,0.000000000000000000e+00,2.671993942627316071e-02,-3.283125995041450418e-01,4.927038712893865302e-01,1.086431035471525641e+00,0.000000000000000000e+00,0.000000000000000000e+00,0.000000000000000000e+00
-1.896349906324163725e-01,1.582422626698691603e+00,8.715997371517631986e-01,1.592247426092749385e-02,1.069258892820615023e-02,5.808013886696894446e-01,8.138193228688926917e-01,-4.124405435937846254e-01,-5.699611767344788665e-02,-1.434028842686860539e-01,1.023332976027402141e+00,-8.309550468954264579e-02,-5.304199246956285002e-02,-4.665870339222457086e-01,8.619022871880388514e-02,3.490348478258032960e-01,6.298693783378839228e-01,-1.439451703513337788e-01,1.144023700506623109e-01,-3.335710727421614674e-02,0.000000000000000000e+00,0.000000000000000000e+00,-2.873788336930443998e-03,3.163306234238194015e-01,-6.176463749100846723e-01,1.054386964470553689e+00,0.000000000000000000e+00,0.000000000000000000e+00,0.000000000000000000e+00,2.070496823072984216e-02,-3.313734448620138662e-01,4.946292995471540110e-01,1.088304865553539003e+00,0.000000000000000000e+00,0.000000000000000000e+00,0.000000000000000000e+00
-2.032532888284428463e-01,1.580981434772733119e+00,8.679857183729717818e-01,1.469798719497825146e-02,7.360270008077193782e-03,5.686655283796540061e-01,8.224045916886127960e-01,-3.797355320729596251e-01,-6.618867641475084662e-02,-1.847492824568181258e-01,1.036098321339040895e+00,-7.196983792131721180e-02,-7.742953076148724467e-02,-4.753155874842578954e-01,9.627688163067940619e-02,3.779658907154573311e-01,6.364459477373332064e-01,-1.439482653545006707e-01,1.289999773011545614e-01,-3.864608239585360511e-02,0.000000000000000000e+00,0.000000000000000000e+00,-2.222982003304433893e-02,3.249452625559014485e-01,-6.307433063604954704e-01,1.028854614086977648e+00,0.000000000000000000e+00,0.000000000000000000e+00,0.000000000000000000e+00,1.748203165656624786e-02,-3.348483187254542304e-01,4.928717101349291974e-01,1.087194428821317782e+00,0.000000000000000000e+00,0.000000000000000000e+00,0.000000000000000000e+00
-2.169720098004201680e-01,1.578857216507873140e+00,8.646574861168194737e-01,1.304210393397994827e-02,4.622773498897168529e-03,5.556259018478134637e-01,8.313172623529226923e-01,-3.386054502775115993e-01,-8.282924817313519483e-02,-2.319772858525366299e-01,1.034189050300581503e+00,-6.856511096244401193e-02,-1.060412658054846746e-01,-4.841035453492099627e-01,1.094200844636603609e-01,4.120211037477097271e-01,6.380840702113813601e-01,-1.370371129109653752e-01,1.442794862087327101e-01,-4.666062593633726191e-02,0.000000000000000000e+00,0.000000000000000000e+00,-4.465704531108929259e-02,3.324947091002420918e-01,-6.440965542724412796e-01,9.987586599439898238e-01,0.000000000000000000e+00,0.000000000000000000e+00,0.000000000000000000e+00,1.343855657759007033e-02,-3.399101885239540488e-01,4.859873975098487064e-01,1.084948877995357552e+00,0.000000000000000000e+00,0.000000000000000000e+00,0.000000000000000000e+00
-2.309021939870233298e-01,1.575763995152950736e+00,8.613395135644322798e-01,1.138063080796168636e-02,1.030384699029938608e-03,5.444317920205318240e-01,8.387272759288916246e-01,-2.872055185231039420e-01,-9.915270911913222351e-02,-2.798925806821629947e-01,1.005489097525167796e+00,-6.989422048224269712e-02,-1.319624415258257299e-01,-4.905763117831947184e-01,1.188964239838810888e-01,4.392260988840956948e-01,6.338969604852281448e-01,-1.260749599500279872e-01,1.609028989949252419e-01,-5.787481347999635234e-02,0.000000000000000000e+00,0.000000000000000000e+00,-6.303077435319537347e-02,3.380513442671433944e-01,-6.585437119403109163e-01,9.734234222822397697e-01,0.000000000000000000e+00,0.000000000000000000e+00,0.000000000000000000e+00,7.269714777152356394e-03,-3.473705207594285915e-01,4.827860746728694363e-01,1.074988459308020561e+00,0.000000000000000000e+00,0.000000000000000000e+00,0.000000000000000000e+00
-2.448643798105127334e-01,1.571387681638097833e+00,8.592079904667327961e-01,1.245498134973199375e-02,1.850509300808226600e-04,5.328794646966721338e-01,8.460994712800151696e-01,-2.435547305646705019e-01,-1.125908750104871736e-01,-3.196677583980647164e-01,9.612152053114626504e-01,-8.979724293657624645e-02,-1.440911131543101964e-01,-4.985440410397058431e-01,1.164230107742089404e-01,4.616185810193642047e-01,6.224929891434108908e-01,-1.089816898852244420e-01,1.736137223770916616e-01,-7.079725323595262299e-02,0.000000000000000000e+00,0.000000000000000000e+00,-8.198544446917895023e-02,3.414517660927650633e-01,-6.753992687815789653e-01,9.477504852086843234e-01,0.000000000000000000e+00,0.000000000000000000e+00,0.000000000000000000e+00,3.104341117851570561e-03,-3.543908654375779732e-01,4.756293628796808282e-01,1.061471793217340531e+00,0.000000000000000000e+00,0.000000000000000000e+00,0.000000000000000000e+00
-2.594389641081876752e-01,1.566135751685501232e+00,8.568992967311462872e-01,1.222274975070202982e-02,5.635666925100650711e-04,5.217336106143555252e-01,8.530207068626322053e-01,-2.111710744524636363e-01,-1.343524539778623572e-01,-3.503169382241245744e-01,9.147681754406282728e-01,-1.395298286393043818e-01,-1.445253176342452262e-01,-5.056957161819183311e-01,1.145105278148849381e-01,4.911982836117775308e-01,5.980836318302846788e-01,-8.725629441967537592e-02,2.003494057597351441e-01,-8.784724843279158313e-02,0.000000000000000000e+00,0.000000000000000000e+00,-1.124215148287821958e-01,3.417770151907073561e-01,-6.949646136066084390e-01,9.147021452996554336e-01,0.000000000000000000e+00,0.000000000000000000e+00,0.000000000000000000e+00,-7.804716930410134090e-03,-3.665535487656857994e-01,4.674176900620845565e-01,1.046819888641333796e+00,0.000000000000000000e+00,0.000000000000000000e+00,0.000000000000000000e+00
-2.747729014099539180e-01,1.559878749799750386e+00,8.550161324351120973e-01,1.245323925060467206e-02,3.366699441774735190e-03,5.130415312590052013e-01,8.582668404234506943e-01,-1.965807614028518002e-01,-1.556277200978269382e-01,-3.632761838760887874e-01,8.751520986965594107e-01,-2.080020933795656279e-01,-1.291850393773252836e-01,-5.157548326506851133e-01,1.021332608448271007e-01,5.144877880432071615e-01,5.654667254969518719e-01,-5.878296296194761295e-02,2.257610604468393289e-01,-1.095233126390713074e-01,0.000000000000000000e+00,0.000000000000000000e+00,-1.462669955538966615e-01,3.361875156753375560e-01,-7.213176511161449866e-01,8.850192650091412983e-01,0.000000000000000000e+00,0.000000000000000000e+00,0.000000000000000000e+00,-2.216223789858133911e-02,-3.777432575076327126e-01,4.590524916785665988e-01,1.034211429263016901e+00,0.000000000000000000e+00,0.000000000000000000e+00,0.000000000000000000e+00
-2.907757550013767012e-01,1.552616205699227869e+00,8.535661552907235494e-01,1.519773513126529765e-02,9.009523714196525021e-03,5.043870475894431937e-01,8.632969150607047171e-01,-2.000509031541228000e-01,-1.768671490252811673e-01,-3.518597600146789461e-01,8.466310399061560688e-01,-2.905512853976386367e-01,-1.009464846173383917e-01,-5.255153422789017315e-01,7.895728885171932054e-02,5.393538110904843030e-01,5.185989426361617971e-01,-2.076801952474216506e-02,2.465976356683872439e-01,-1.340183205083419482e-01,0.000000000000000000e+00,0.000000000000000000e+00,-1.866929029028122633e-01,3.244505106468708044e-01,-7.511610796516469124e-01,8.534230121299116734e-01,0.000000000000000000e+00,0.000000000000000000e+00,0.000000000000000000e+00,-3.925923796684303857e-02,-3.922100024828553133e-01,4.472543877108902666e-01,1.016732252087746868e+00,0.000000000000000000e+00,0.000000000000000000e+00,0.000000000000000000e+00
-3.076458800297737772e-01,1.544519251563370332e+00,8.505613592201063389e-01,1.797231950371712753e-02,1.805321333822025587e-02,4.936852119587809007e-01,8.692675012405768342e-01,-2.281561382857969500e-01,-1.908417229605293419e-01,-3.087359743153568203e-01,8.345347348359970496e-01,-3.789143591449394832e-01,-5.644379005642317232e-02,-5.474593812192198872e-01,4.338700531445771613e-02,5.385968337267355022e-01,4.607109045838665429e-01,2.560396360902212134e-02,2.506670979566381630e-01,-1.595682095240391896e-01,0.000000000000000000e+00,0.000000000000000000e+00,-2.384925554879640808e-01,3.088658959951773864e-01,-7.999120199699110145e-01,8.282353914848437082e-01,0.000000000000000000e+00,0.000000000000000000e+00,0.000000000000000000e+00,-5.926173113499896145e-02,-4.059110883950186044e-01,4.321828540780287553e-01,9.949878039789403772e-01,0.000000000000000000e+00,0.000000000000000000e+00,0.000000000000000000e+00
-3.250444398367925425e-01,1.536029301190078522e+00,8.514024147435863554e-01,2.085687495133946301e-02,2.891028502922907834e-02,4.792763712595416448e-01,8.769397619785984643e-01,-2.611921105585525149e-01,-1.897931702495438688e-01,-2.301731194773787292e-01,8.208317824177020494e-01,-4.486607420632433008e-01,-1.051681007749130474e-02,-5.812123949719552041e-01,-6.156978247399767790e-03,4.854414544603529169e-01,3.905327440020253116e-01,9.471590399938280280e-02,2.298104175531143212e-01,-1.789327343806885184e-01,0.000000000000000000e+00,0.000000000000000000e+00,-2.857018182892631097e-01,2.747480860061164432e-01,-8.222820692825900668e-01,8.087754473167853009e-01,0.000000000000000000e+00,0.000000000000000000e+00,0.000000000000000000e+00,-8.429682934557666818e-02,-4.130729458236443441e-01,4.159546525270333972e-01,9.722162926190625054e-01,0.000000000000000000e+00,0.000000000000000000e+00,0.000000000000000000e+00
-3.429341299261094989e-01,1.526542682693077468e+00,8.555067436042000928e-01,1.892107342588798813e-02,3.602602318406554482e-02,4.588272789978032895e-01,8.875931763378003270e-01,-2.893808549816422326e-01,-1.732281468602751562e-01,-1.604569933856815900e-01,7.892277394498311560e-01,-4.584365545589778601e-01,1.471981724383179119e-02,-6.308760392644747750e-01,-3.470567846761503372e-02,4.280522916573795689e-01,3.631512722092272161e-01,9.268655391311356184e-02,2.034909506003275692e-01,-1.896079600812183852e-01,0.000000000000000000e+00,0.000000000000000000e+00,-3.355423014506417334e-01,2.546858365212912312e-01,-8.387402773900645148e-01,7.918305693862826011e-01,0.000000000000000000e+00,0.000000000000000000e+00,0.000000000000000000e+00,-1.100614169651524948e-01,-4.174018494396748435e-01,4.122830998253185775e-01,9.453654227534490362e-01,0.000000000000000000e+00,0.000000000000000000e+00,0.000000000000000000e+00
-3.600517040080462583e-01,1.517216895812697031e+00,8.602522366440116253e-01,1.870041220567625687e-02,4.351407351842478954e-02,4.397055050560730871e-01,8.968923507381225679e-01,-3.092492791967902388e-01,-1.605002051983401290e-01,-9.704099798208420946e-02,7.498033086500851541e-01,-4.580325419805952869e-01,3.246114531866745728e-02,-6.640817697935663677e-01,-7.072447000894209468e-02,3.486951075123078114e-01,3.467727964718488320e-01,8.635766180939516423e-02,1.851843295806986367e-01,-2.019403416474796764e-01,0.000000000000000000e+00,0.000000000000000000e+00,-3.875008658141687046e-01,2.347852396056423485e-01,-8.613306734279553289e-01,7.759175998616244518e-01,0.000000000000000000e+00,0.000000000000000000e+00,0.000000000000000000e+00,-1.331041402901499693e-01,-4.282090009133919239e-01,4.125267504224864323e-01,9.218876331795532453e-01,0.000000000000000000e+00,0.000000000000000000e+00,0.000000000000000000e+00
-3.760998760902942162e-01,1.508060554072341297e+00,8.640370835191992782e-01,2.015137763313532351e-02,4.548744680809062302e-02,4.242124017358441246e-01,9.041950300548412534e-01,-3.196687483436163602e-01,-1.455151857160045803e-01,-3.812170780111875934e-02,7.168053604390525191e-01,-4.428139816622656544e-01,4.528911295848467994e-02,-6.827655318532158679e-01,-1.115388460070105558e-01,2.403552673132525186e-01,3.683261516268866442e-01,5.497705694156590495e-02,1.689367683168436773e-01,-2.088066024575719604e-01,0.000000000000000000e+00,0.000000000000000000e+00,-4.229985990026588483e-01,2.259185980699656426e-01,-8.795656013555330777e-01,7.381454702287391090e-01,0.000000000000000000e+00,0.000000000000000000e+00,0.000000000000000000e+00,-1.421972236175322035e-01,-4.460048772499998204e-01,4.133461859982052178e-01,8.816327437571322978e-01,0.000000000000000000e+00,0.000000000000000000e+00,0.000000000000000000e+00
-3.904216714600663996e-01,1.499452816243694642e+00,8.677349259303338558e-01,2.440982810820221255e-02,4.361933862912167198e-02,4.150014434020018461e-01,9.084466498168957127e-01,-3.161903305260240216e-01,-1.409488341926106725e-01,1.224453544484749301e-03,6.801514164396219586e-01,-4.185560213638792604e-01,5.702085638406768908e-02,-6.785424905658533623e-01,-1.469296911929522664e-01,1.585564760057167899e-01,4.075783364264863873e-01,2.981509125530767620e-02,1.480309550081272685e-01,-2.266982407581289716e-01,0.000000000000000000e+00,0.000000000000000000e+00,-4.686535031888356406e-01,2.110481985178695730e-01,-9.134044022683134312e-01,7.151330178610462163e-01,0.000000000000000000e+00,0.000000000000000000e+00,0.000000000000000000e+00,-1.457568395434749031e-01,-4.743911379789769178e-01,4.228229403818300480e-01,8.422373611981244235e-01,0.000000000000000000e+00,0.000000000000000000e+00,0.000000000000000000e+00
-4.028938152372726345e-01,1.491895911225106008e+00,8.711265736180162644e-01,2.797174591494875143e-02,4.131111322014294901e-02,4.056561207908269684e-01,9.126631826801827607e-01,-3.066648810934621827e-01,-1.348745835217489975e-01,3.809934399199766536e-02,6.412610390229980251e-01,-4.065810305145999282e-01,6.713049592301398305e-02,-6.642882098307560934e-01,-1.825184641794661278e-01,7.984221575595767950e-02,4.788999620235130372e-01,-1.836527969147740830e-02,1.275901972050108579e-01,-2.425695761223002900e-01,0.000000000000000000e+00,0.000000000000000000e+00,-4.980017366367919807e-01,2.028702471918094885e-01,-9.362106386026938232e-01,6.821656225223424741e-01,0.000000000000000000e+00,0.000000000000000000e+00,0.000000000000000000e+00,-1.408749887442538318e-01,-5.021634186954435641e-01,4.249024687223812990e-01,8.047278459708139264e-01,0.000000000000000000e+00,0.000000000000000000e+00,0.000000000000000000e+00
-4.133307009328094361e-01,1.485291558052579175e+00,8.739282075461682897e-01,3.303785611419910589e-02,3.704763887060229244e-02,3.977969508575700530e-01,9.161296624419011936e-01,-2.867902830418544990e-01,-1.322037844791111028e-01,7.064480750157796363e-02,5.988908960758986266e-01,-3.992649688310454525e-01,7.705939202963421608e-02,-6.327744927356306892e-01,-2.123002068192556546e-01,2.316263107397942972e-02,5.636335782030326147e-01,-6.580879467467683208e-02,1.113551527276308573e-01,-2.614217846108621290e-01,0.000000000000000000e+00,0.000000000000000000e+00,-5.281488367812136042e-01,1.950638846455245712e-01,-9.632428070088825400e-01,6.494344362453527975e-01,0.000000000000000000e+00,0.000000000000000000e+00,0.000000000000000000e+00,-1.357412585916442926e-01,-5.415283915370250334e-01,4.297371870790716586e-01,7.762352406961909868e-01,0.000000000000000000e+00,0.000000000000000000e+00,0.000000000000000000e+00
-4.218889693734467206e-01,1.479501637604538677e+00,8.762403874919388880e-01,3.993836236216059821e-02,2.903816470942723049e-02,3.906190571690434377e-01,9.192271016340332057e-01,-2.556653696381986918e-01,-1.339900307057226847e-01,9.243565301674809553e-02,5.570271581139693007e-01,-3.924872261317443045e-01,7.803199966818159805e-02,-5.846482968375611433e-01,-2.376707320410446633e-01,-1.979265627788341989e-02,6.651914989377527565e-01,-1.260523714664846806e-01,1.024109000244767947e-01,-2.764093137642251730e-01,0.000000000000000000e+00,0.000000000000000000e+00,-5.558313521670529278e-01,1.962330325596766123e-01,-9.977661754129243388e-01,5.933416826152607682e-01,0.000000000000000000e+00,0.000000000000000000e+00,0.000000000000000000e+00,-1.186977467527929181e-01,-6.010508396406604170e-01,4.427360753865939302e-01,7.433999054124152961e-01,0.000000000000000000e+00,0.000000000000000000e+00,0.000000000000000000e+00
-4.285377493068600052e-01,1.474639603445080605e+00,8.773497468007105393e-01,4.556336793029729104e-02,1.968761399199257106e-02,3.890072962460897066e-01,9.198965707216537613e-01,-2.282972470123329767e-01,-1.358120898216217398e-01,1.026237915076187723e-01,5.305928323743135389e-01,-3.892003133821838601e-01,7.664093890944757848e-02,-5.304799788239733527e-01,-2.545281683242411885e-01,-4.175407347374045230e-02,7.394586156277902500e-01,-1.637159209105622237e-01,9.883944427394004972e-02,-2.884036687729523152e-01,0.000000000000000000e+00,0.000000000000000000e+00,-5.873135554182190576e-01,2.014008190542508903e-01,-1.033350676693588932e+00,5.312764236523738193e-01,0.000000000000000000e+00,0.000000000000000000e+00,0.000000000000000000e+00,-9.297716917404924564e-02,-6.598624543823726762e-01,4.430171876845248047e-01,7.190628643588996560e-01,0.000000000000000000e+00,0.000000000000000000e+00,0.000000000000000000e+00
-4.331661106972209963e-01,1.470814564052819406e+00,8.783288640574368200e-01,5.105946819694424932e-02,1.001822558292575147e-02,3.868707883368767142e-01,9.206647375647770692e-01,-1.996192415979401724e-01,-1.379148454355960118e-01,1.086095256218203992e-01,5.072893681891148532e-01,-3.827823666486372400e-01,7.690532047312448327e-02,-4.678615802331712592e-01,-2.586905658318632839e-01,-5.383940535492651169e-02,7.751317826691415114e-01,-1.800157567290058824e-01,1.057115538478955730e-01,-2.975247117760719262e-01,0.000000000000000000e+00,0.000000000000000000e+00,-6.159106503876888850e-01,2.036550762878430454e-01,-1.058286879287515969e+00,4.840909609329586694e-01,0.000000000000000000e+00,0.000000000000000000e+00,0.000000000000000000e+00,-7.465886223591892967e-02,-7.120223197055487452e-01,4.294096774366449876e-01,7.121054244450489845e-01,0.000000000000000000e+00,0.000000000000000000e+00,0.000000000000000000e+00
-4.355806241375399512e-01,1.468296453186333617e+00,8.794297963282237118e-01,5.468826998802264056e-02,3.616292582569723482e-03,3.845366808762403221e-01,9.214812296592701513e-01,-1.747660323369099600e-01,-1.400148299489102355e-01,1.093119519520747707e-01,4.812073924266586089e-01,-3.756111554227699600e-01,7.081445091826342464e-02,-3.996211341745394829e-01,-2.528768845897950701e-01,-6.140430239980212979e-02,7.653773289259648838e-01,-1.801055646686453293e-01,1.193592969054022151e-01,-3.033079516230671180e-01,0.000000000000000000e+00,0.000000000000000000e+00,-6.519545767091157185e-01,2.150672440787891604e-01,-1.092144536265921673e+00,4.290732494293227339e-01,0.000000000000000000e+00,0.000000000000000000e+00,0.000000000000000000e+00,-3.819254926701699110e-02,-7.702594755426027673e-01,3.928935205591426727e-01,7.083395828477687672e-01,0.000000000000000000e+00,0.000000000000000000e+00,0.000000000000000000e+00
-4.360617688133387460e-01,1.466846117185169218e+00,8.803829564777668759e-01,5.749458618193473841e-02,2.212768817172667581e-05,3.801717365326602316e-01,9.231271975258202866e-01,-1.527484001912793876e-01,-1.409166312483197125e-01,1.133939601472635228e-01,4.550582363103328754e-01,-3.739674408776320624e-01,6.360530044616714840e-02,-3.334884701124566919e-01,-2.413830116229848111e-01,-6.160146187492809150e-02,7.359436613759544610e-01,-1.778697720850961894e-01,1.358041341463684104e-01,-3.036356942090180921e-01,0.000000000000000000e+00,0.000000000000000000e+00,-6.897370177073465225e-01,2.305190396961019905e-01,-1.132901659130678418e+00,3.838476029478291029e-01,0.000000000000000000e+00,0.000000000000000000e+00,0.000000000000000000e+00,3.709702450394217199e-03,-8.240457252893496065e-01,3.511471510045497402e-01,7.247462801006538946e-01,0.000000000000000000e+00,0.000000000000000000e+00,0.000000000000000000e+00
-4.353546401152130763e-01,1.466106532619891878e+00,8.819880473457952785e-01,5.794644320682616756e-02,-3.199302765030413373e-03,3.773800939814501154e-01,9.242381937834246441e-01,-1.315959700556425804e-01,-1.379896178578710608e-01,1.122051917609729887e-01,4.281420418907576075e-01,-3.669568456118271205e-01,5.332738721885819932e-02,-2.761240754034828271e-01,-2.200099904217077684e-01,-5.356606190255019245e-02,6.820441355666384542e-01,-1.837785971327860757e-01,1.512176521020478226e-01,-3.064196818897903518e-01,0.000000000000000000e+00,0.000000000000000000e+00,-7.194372266925870285e-01,2.492538241622657691e-01,-1.172552164352147264e+00,3.381159596932737377e-01,0.000000000000000000e+00,0.000000000000000000e+00,0.000000000000000000e+00,4.478110849578625929e-02,-8.608494870714172853e-01,3.068851604866978944e-01,7.290069604539155534e-01,0.000000000000000000e+00,0.000000000000000000e+00,0.000000000000000000e+00
-4.339986525328662914e-01,1.465552851571786164e+00,8.833218173071410995e-01,5.774071700200623936e-02,-7.528448837676122996e-03,3.758968255539283931e-01,9.248302052791483874e-01,-1.115369891034240085e-01,-1.321647367603193679e-01,1.105980935259643361e-01,4.087542769768583995e-01,-3.633535365733314149e-01,4.505444343540358776e-02,-2.310566337788377278e-01,-2.049651794746021605e-01,-4.915285458145077224e-02,6.346833898071294611e-01,-1.946511077066430395e-01,1.619304763982761519e-01,-3.037664219046409819e-01,0.000000000000000000e+00,0.000000000000000000e+00,-7.456706372946330097e-01,2.691901802026868129e-01,-1.208121720986008896e+00,2.947712030395410188e-01,0.000000000000000000e+00,0.000000000000000000e+00,0.000000000000000000e+00,9.357530840201168376e-02,-8.888369467873427077e-01,2.619357021602032320e-01,7.401727612735232720e-01,0.000000000000000000e+00,0.000000000000000000e+00,0.000000000000000000e+00
-4.325448285099245394e-01,1.465055994046289500e+00,8.843302195146672817e-01,5.737948120361681392e-02,-1.322088148708833004e-02,3.731501145588705937e-01,9.259005321492204121e-01,-9.118848000727051983e-02,-1.217477342743509966e-01,1.177490002555267312e-01,3.964406249505056379e-01,-3.655907020671161911e-01,3.843442265541673758e-02,-2.034498116632760534e-01,-1.931280517129898011e-01,-4.892759166620200967e-02,6.074561689940617404e-01,-2.070381780493842361e-01,1.621734677506358746e-01,-3.061086733115991887e-01,0.000000000000000000e+00,0.000000000000000000e+00,-7.568097421204696973e-01,2.867269842564736937e-01,-1.237000098118127722e+00,2.595114390013356087e-01,0.000000000000000000e+00,0.000000000000000000e+00,0.000000000000000000e+00,1.381956226052040992e-01,-9.101522736105227551e-01,2.267775591351939013e-01,7.492827132001089740e-01,0.000000000000000000e+00,0.000000000000000000e+00,0.000000000000000000e+00
-4.311307513392833024e-01,1.464544872441163159e+00,8.853453122170350520e-01,5.762547757565127798e-02,-1.749313086607550208e-02,3.709813556686972214e-01,9.266855607232126202e-01,-7.283292535663297984e-02,-1.140027023178746129e-01,1.248225108469182554e-01,3.812644048089490201e-01,-3.593564428392921339e-01,2.949790810127404100e-02,-1.844475682761433644e-01,-1.859928366505287090e-01,-4.912264946506468555e-02,5.889897905145441426e-01,-2.082070520712378803e-01,1.629180823703644254e-01,-3.102971886360844089e-01,0.000000000000000000e+00,0.000000000000000000e+00,-7.556240644276068785e-01,2.997092844131511447e-01,-1.248880328018286079e+00,2.415878738764685452e-01,0.000000000000000000e+00,0.000000000000000000e+00,0.000000000000000000e+00,1.740790235044398504e-01,-9.237785533544327077e-01,2.024344003586825980e-01,7.570134361255800304e-01,0.000000000000000000e+00,0.000000000000000000e+00,0.000000000000000000e+00
-4.301171843317090904e-01,1.463840532358395174e+00,8.862366073645471243e-01,5.903599896043197626e-02,-2.145113712035886383e-02,3.703430737928645189e-01,9.267689071373937937e-01,-5.275889617261397824e-02,-1.100620740656424595e-01,1.306266194766639299e-01,3.607929182862377182e-01,-3.487831071315549147e-01,2.102730517178916930e-02,-1.700383117483658113e-01,-1.836824922487629297e-01,-5.035748825533441220e-02,5.777347237415939585e-01,-1.966351617019246045e-01,1.645493614288115469e-01,-3.155978587432961557e-01,0.000000000000000000e+00,0.000000000000000000e+00,-7.555931081480956601e-01,3.086465371424423898e-01,-1.261409169235981453e+00,2.254825918928345663e-01,0.000000000000000000e+00,0.000000000000000000e+00,0.000000000000000000e+00,2.042586188698015115e-01,-9.340725157119795785e-01,1.822354988065262305e-01,7.699727834010134941e-01,0.000000000000000000e+00,0.000000000000000000e+00,0.000000000000000000e+00
-4.294284240370901951e-01,1.462853916334678539e+00,8.866370326444128480e-01,6.076594585624170430e-02,-2.461412860176977191e-02,3.754542242113507733e-01,9.245192101948037644e-01,-4.043595051753636621e-02,-1.094139377141218061e-01,1.278387702500462519e-01,3.506417151867673998e-01,-3.423037022503342408e-01,1.413356569372308143e-02,-1.585352813209531531e-01,-1.854279581406852728e-01,-5.769090686771737725e-02,5.742582780051774805e-01,-1.880691116602727087e-01,1.637158872931577802e-01,-3.225633998327212537e-01,0.000000000000000000e+00,0.000000000000000000e+00,-7.513122358587960292e-01,3.063719175364928438e-01,-1.276315211910252545e+00,2.235675478923978554e-01,0.000000000000000000e+00,0.000000000000000000e+00,0.000000000000000000e+00,2.318480061541525195e-01,-9.339586988369641407e-01,1.620163957727964454e-01,7.713063058671645322e-01,0.000000000000000000e+00,0.000000000000000000e+00,0.000000000000000000e+00
-4.292260559169843726e-01,1.462010335614967182e+00,8.863332500786562651e-01,6.042293688181205741e-02,-2.902342038935365812e-02,3.747961548221818706e-01,9.246807838913846389e-01,-3.746896555443549742e-02,-1.003777789549447491e-01,1.347766777185184783e-01,3.640087041984230720e-01,-3.501610399227079173e-01,8.956033065854896585e-03,-1.506647807066750777e-01,-1.821573939187050017e-01,-6.327477579648806139e-02,5.747538441623475380e-01,-1.817622933923559170e-01,1.684624550300251600e-01,-3.238815458902099542e-01,0.000000000000000000e+00,0.000000000000000000e+00,-7.491548319761603958e-01,3.053596435292985634e-01,-1.284635899405649040e+00,2.195484610456189811e-01,0.000000000000000000e+00,0.000000000000000000e+00,0.000000000000000000e+00,2.557978768012791893e-01,-9.427471183450688574e-01,1.468496730083086732e-01,7.715886676433358904e-01,0.000000000000000000e+00,0.000000000000000000e+00,0.000000000000000000e+00
-4.292769909465864453e-01,1.461202804629013974e+00,8.872428674391784620e-01,6.044652609578496372e-02,-3.067650117552717104e-02,3.751891284995392262e-01,9.244664880969644116e-01,-2.307826406473648118e-02,-9.732041346819721161e-02,1.394210642292940117e-01,3.402754676731714611e-01,-3.388744697285623886e-01,3.710993914227069153e-03,-1.436249565478176782e-01,-1.806247939778556355e-01,-6.644612622902391907e-02,5.641521722772948610e-01,-1.658432103181430028e-01,1.704203216008529365e-01,-3.283002782664155017e-01,0.000000000000000000e+00,0.000000000000000000e+00,-7.461250633966467483e-01,3.154442758229177302e-01,-1.285669050074892406e+00,2.011020413992192224e-01,0.000000000000000000e+00,0.000000000000000000e+00,0.000000000000000000e+00,2.827000186226114598e-01,-9.463420295320295050e-01,1.230271031552098993e-01,7.697575448773950058e-01,0.000000000000000000e+00,0.000000000000000000e+00,0.000000000000000000e+00
-4.293995423713927728e-01,1.460235551127462728e+00,8.869604107968460660e-01,6.105389308075458155e-02,-3.403188591441322353e-02,3.766973743653175277e-01,9.236954806791396466e-01,-1.965272034852284799e-02,-9.428480660399880808e-02,1.379872853864078097e-01,3.475382810434912706e-01,-3.453283774048183652e-01,-4.365494314198020611e-04,-1.372374058667797936e-01,-1.801235087681787861e-01,-7.152039044949518032e-02,5.663955317090503261e-01,-1.658320295663439081e-01,1.697925258273609017e-01,-3.281962608024674988e-01,0.000000000000000000e+00,0.000000000000000000e+00,-7.439372035800337901e-01,3.143105835061413833e-01,-1.293467927210512736e+00,1.985178902136075785e-01,0.000000000000000000e+00,0.000000000000000000e+00,0.000000000000000000e+00,3.020901327086042976e-01,-9.444327002711836450e-01,1.117080271425144322e-01,7.656320900186507350e-01,0.000000000000000000e+00,0.000000000000000000e+00,0.000000000000000000e+00
-4.297789405647566841e-01,1.459379165637101350e+00,8.870179369135930969e-01,6.076268527889997634e-02,-3.720576267743160026e-02,3.769734634601289436e-01,9.234796343981613864e-01,-1.523913607511779775e-02,-8.924230564890110740e-02,1.400092637904627457e-01,3.502260370034938064e-01,-3.479075007319712975e-01,-2.487986398484087064e-03,-1.307579761434019827e-01,-1.777188119274950018e-01,-7.566598085304120092e-02,5.636380140314493081e-01,-1.580254643758370325e-01,1.733413142800939999e-01,-3.280517063066634154e-01,0.000000000000000000e+00,0.000000000000000000e+00,-7.432312517081007819e-01,3.176779606488572827e-01,-1.295716957308197914e+00,1.880671282548662671e-01,0.000000000000000000e+00,0.000000000000000000e+00,0.000000000000000000e+00,3.186719522742277877e-01,-9.425197279379846638e-01,9.651734639548191497e-02,7.572195172606471791e-01,0.000000000000000000e+00,0.000000000000000000e+00,0.000000000000000000e+00
-4.301621211169078807e-01,1.458526404830199574e+00,8.870881401719986625e-01,6.068684713802330322e-02,-3.955702323274708221e-02,3.763198037592958012e-01,9.236534814506868196e-01,-1.019311227341092481e-02,-8.607819257140221503e-02,1.409812910721818247e-01,3.484885128302491752e-01,-3.496564944396438057e-01,-6.592095356469575285e-03,-1.259472286857497569e-01,-1.753928100408937707e-01,-7.723808096251658095e-02,5.606409847585882567e-01,-1.547720915298398947e-01,1.745537351204202170e-01,-3.266849681547731032e-01,0.000000000000000000e+00,0.000000000000000000e+00,-7.404247060195952024e-01,3.217456148373228908e-01,-1.297561899478894221e+00,1.786549450382275417e-01,0.000000000000000000e+00,0.000000000000000000e+00,0.000000000000000000e+00,3.337090122264390613e-01,-9.403656119250509704e-01,8.308414106325259785e-02,7.473531678239728748e-01,0.000000000000000000e+00,0.000000000000000000e+00,0.000000000000000000e+00
-4.305167038429797421e-01,1.457643552959059008e+00,8.871870433273695289e-01,6.088963039700862057e-02,-4.132847819885668988e-02,3.775976465052684472e-01,9.230408588754691612e-01,-6.377059109439971868e-03,-8.469837039168927328e-02,1.392538628667812639e-01,3.465645271045805775e-01,-3.517287235983274640e-01,-8.138037924321075284e-03,-1.218291474206446290e-01,-1.740821926007833642e-01,-7.968394759171937292e-02,5.587698115857603343e-01,-1.525409013078014020e-01,1.715379594498850357e-01,-3.253223532445907451e-01,0.000000000000000000e+00,0.000000000000000000e+00,-7.417006642138231909e-01,3.237424486035358484e-01,-1.302971079570176771e+00,1.740889246879736563e-01,0.000000000000000000e+00,0.000000000000000000e+00,0.000000000000000000e+00,3.446882719998821676e-01,-9.371977915034186424e-01,7.323718250924958484e-02,7.482001035047666226e-01,0.000000000000000000e+00,0.000000000000000000e+00,0.000000000000000000e+00
-4.309796821945935941e-01,1.456800316759362612e+00,8.873587316393580782e-01,6.029811212876082238e-02,-4.218990829907608153e-02,3.779719017940728065e-01,9.228875287734652488e-01,-4.803924123224363220e-03,-8.252463072642952924e-02,1.385039786178537957e-01,3.442134800873122846e-01,-3.538800757271466924e-01,-8.295722464825875872e-03,-1.201005678562603457e-01,-1.714139134796428543e-01,-8.065502711761897425e-02,5.558607906077489558e-01,-1.514924695762988882e-01,1.705766798589032907e-01,-3.237943073645905834e-01,0.000000000000000000e+00,0.000000000000000000e+00,-7.402262213073800279e-01,3.233999917953235270e-01,-1.303126134430165672e+00,1.734639528148258225e-01,0.000000000000000000e+00,0.000000000000000000e+00,0.000000000000000000e+00,3.499179251205308816e-01,-9.298913854477415253e-01,6.269372999557464021e-02,7.486123182278868748e-01,0.000000000000000000e+00,0.000000000000000000e+00,0.000000000000000000e+00
-4.315927714849118191e-01,1.455822024783380630e+00,8.875327803918169334e-01,5.983768225014961945e-02,-4.318549982081990729e-02,3.795366513587184465e-01,9.222290359035361096e-01,-4.181837124920911170e-03,-7.975407761170896781e-02,1.388878336926793189e-01,3.433156799256922853e-01,-3.532065500035625472e-01,-1.061486239292098316e-02,-1.177827312482757072e-01,-1.691072049649243736e-01,-8.270785465408328485e-02,5.524739116100231273e-01,-1.487678218720665801e-01,1.665046706917868435e-01,-3.208489835735816587e-01,0.000000000000000000e+00,0.000000000000000000e+00,-7.390318450500290570e-01,3.231057562634605529e-01,-1.301907134425423163e+00,1.752127326764039705e-01,0.000000000000000000e+00,0.000000000000000000e+00,0.000000000000000000e+00,3.555433376298683390e-01,-9.238059361244250756e-01,5.698477839489231311e-02,7.453089930537499797e-01,0.000000000000000000e+00,0.000000000000000000e+00,0.000000000000000000e+00
-4.322764845383224031e-01,1.454726590986749502e+00,8.877323833236617778e-01,5.969062233140151608e-02,-4.401261994924092480e-02,3.816709438836702883e-01,9.213181912270270724e-01,-3.334216632223790337e-03,-7.874615749240100604e-02,1.359641628662767165e-01,3.408103505039235537e-01,-3.517070109317529392e-01,-1.324024846836432436e-02,-1.155854141846228977e-01,-1.673835211844057758e-01,-8.459131853804516266e-02,5.497427261668902387e-01,-1.483925410093770991e-01,1.610113797389471080e-01,-3.193569683509523971e-01,0.000000000000000000e+00,0.000000000000000000e+00,-7.382849441964047799e-01,3.245452867934912056e-01,-1.302958591898230933e+00,1.751169803681077441e-01,0.000000000000000000e+00,0.000000000000000000e+00,0.000000000000000000e+00,3.593474384790521503e-01,-9.182184811183579098e-01,5.309027825121789834e-02,7.391030924050195905e-01,0.000000000000000000e+00,0.000000000000000000e+00,0.000000000000000000e+00
-4.332059775563420478e-01,1.453583768365315221e+00,8.879288499364789145e-01,5.902074494332033155e-02,-4.473633425999497953e-02,3.844180117946104924e-01,9.201836796374901484e-01,-4.338029303310544406e-03,-7.713940957108136875e-02,1.321125889391179808e-01,3.400029013497194441e-01,-3.510282524913824753e-01,-1.354050474089657334e-02,-1.137531105050305913e-01,-1.654847788164520161e-01,-8.786408471595151537e-02,5.462188697032424045e-01,-1.448294716394809001e-01,1.597391898791574727e-01,-3.157883931628881480e-01,0.000000000000000000e+00,0.000000000000000000e+00,-7.376099351096920831e-01,3.235656407902338105e-01,-1.301487440787430172e+00,1.757624655023102556e-01,0.000000000000000000e+00,0.000000000000000000e+00,0.000000000000000000e+00,3.631759439454607663e-01,-9.161624533171105478e-01,4.969836489179473710e-02,7.340540680979822374e-01,0.000000000000000000e+00,0.000000000000000000e+00,0.000000000000000000e+00
-4.342900491485271464e-01,1.452395917165292039e+00,8.881436909753344100e-01,5.876471479324060776e-02,-4.572400476083631621e-02,3.873422280914217142e-01,9.189243831899729376e-01,-4.795370089854796535e-03,-7.648362035843805917e-02,1.278131460102630290e-01,3.392295692559190168e-01,-3.495419755324939981e-01,-1.391145408735673661e-02,-1.107719155306751274e-01,-1.648297935297308170e-01,-9.203672864552964183e-02,5.419800409740266334e-01,-1.408569799793311372e-01,1.589875970555950369e-01,-3.121574751314311058e-01,0.000000000000000000e+00,0.000000000000000000e+00,-7.346738731401694089e-01,3.226542197150050750e-01,-1.300422138224323509e+00,1.772938613176135436e-01,0.000000000000000000e+00,0.000000000000000000e+00,0.000000000000000000e+00,3.673268203979914714e-01,-9.138081633735518627e-01,4.827415724136087383e-02,7.263492420408947936e-01,0.000000000000000000e+00,0.000000000000000000e+00,0.000000000000000000e+00
-4.354963378835217669e-01,1.451223487238666232e+00,8.882837935236639337e-01,5.824704411734695636e-02,-4.643505458178377038e-02,3.890153407878045311e-01,9.182146438547612588e-01,-6.659000038689051951e-03,-7.531303173854883570e-02,1.250110350124039038e-01,3.398558113296036298e-01,-3.482922518157745562e-01,-1.431925311295123224e-02,-1.106898827653591683e-01,-1.633813836956079513e-01,-9.409960623111027211e-02,5.406058771052251188e-01,-1.368905322698295013e-01,1.570253532447470624e-01,-3.083343437496199324e-01,0.000000000000000000e+00,0.000000000000000000e+00,-7.324778882940946589e-01,3.202922402254593792e-01,-1.299421017962456792e+00,1.790249049175864082e-01,0.000000000000000000e+00,0.000000000000000000e+00,0.000000000000000000e+00,3.681414231791017011e-01,-9.087035832741016117e-01,4.672561399908795737e-02,7.224065200085373339e-01,0.000000000000000000e+00,0.000000000000000000e+00,0.000000000000000000e+00
-4.368811582256555970e-01,1.449993968168058478e+00,8.883364802691209317e-01,5.757477411036156234e-02,-4.747148550077916890e-02,3.920866659952383926e-01,9.168967498029575447e-01,-9.102037293975382554e-03,-7.323226291100384810e-02,1.223412079904735994e-01,3.423186757985379192e-01,-3.487414633511197182e-01,-1.602823027093167041e-02,-1.095346262657569264e-01,-1.618870063954327698e-01,-9.794724763674733659e-02,5.388895541091661689e-01,-1.328474559967778301e-01,1.542084499373458373e-01,-3.047255935370581925e-01,0.000000000000000000e+00,0.000000000000000000e+00,-7.372181409054403556e-01,3.189812631071539117e-01,-1.300901508728679268e+00,1.778775037044494356e-01,0.000000000000000000e+00,0.000000000000000000e+00,0.000000000000000000e+00,3.691102246455282843e-01,-9.052727807563263340e-01,4.491984060135258139e-02,7.218725157800135461e-01,0.000000000000000000e+00,0.000000000000000000e+00,0.000000000000000000e+00
-4.383683866904413140e-01,1.448788272901904373e+00,8.884891490666952940e-01,5.630572774862949853e-02,-4.810429650899290116e-02,3.946205364558112993e-01,9.158549415095157409e-01,-1.294580698920274296e-02,-7.010852199852726785e-02,1.208907850996764066e-01,3.451086144393283317e-01,-3.500911734906338446e-01,-1.710088097024828682e-02,-1.089221097444654784e-01,-1.594487288506994949e-01,-1.015996702884538194e-01,5.347749041213579746e-01,-1.274106929320123205e-01,1.534772364616523721e-01,-3.013343294660554839e-01,0.000000000000000000e+00,0.000000000000000000e+00,-7.385161059552135532e-01,3.179700934485911179e-01,-1.300793531578080753e+00,1.753542766657556762e-01,0.000000000000000000e+00,0.000000000000000000e+00,0.000000000000000000e+00,3.690798921119657905e-01,-8.999606407240475781e-01,4.350064959141081850e-02,7.189884570901410310e-01,0.000000000000000000e+00,0.000000000000000000e+00,0.000000000000000000e+00
-4.398432501817954865e-01,1.447568313650969163e+00,8.886084650883594449e-01,5.518114534565006501e-02,-4.850812598545468229e-02,3.963864963777530281e-01,9.151391961888036830e-01,-1.694290343425746553e-02,-6.726586476139945203e-02,1.202374874601885579e-01,3.474739833373722275e-01,-3.499503761491335463e-01,-1.944105909144088623e-02,-1.093120733583428233e-01,-1.575234684896670567e-01,-1.047881247203779342e-01,5.314081129132171011e-01,-1.227559204217420485e-01,1.524084752676294618e-01,-2.984771679335269101e-01,0.000000000000000000e+00,0.000000000000000000e+00,-7.383238890076344596e-01,3.173619308827155261e-01,-1.300703441462365717e+00,1.729104468854918142e-01,0.000000000000000000e+00,0.000000000000000000e+00,0.000000000000000000e+00,3.685541289528600495e-01,-8.962446043992817746e-01,4.470719644269131876e-02,7.135453793306675285e-01,0.000000000000000000e+00,0.000000000000000000e+00,0.000000000000000000e+00
-4.413110883666455653e-01,1.446340769982192631e+00,8.887049375695044162e-01,5.416515602099570420e-02,-4.836287534998573445e-02,3.993200343012316411e-01,9.139314407365383142e-01,-2.107027814712171543e-02,-6.603432761102019655e-02,1.168167923641789674e-01,3.473505676403534914e-01,-3.492690086390068949e-01,-2.234241989851610058e-02,-1.101732628539163761e-01,-1.574986619623267026e-01,-1.107567497284280278e-01,5.281661802338906142e-01,-1.188590215681347984e-01,1.513295187580890044e-01,-2.973552130637562296e-01,0.000000000000000000e+00,0.000000000000000000e+00,-7.424830711933777527e-01,3.171157975870542711e-01,-1.305397922626790441e+00,1.694952261441842190e-01,0.000000000000000000e+00,0.000000000000000000e+00,0.000000000000000000e+00,3.687260149990087554e-01,-8.941635693019628350e-01,4.290022074034870181e-02,7.134974316192110866e-01,0.000000000000000000e+00,0.000000000000000000e+00,0.000000000000000000e+00
-4.428101436230570398e-01,1.445194571019047025e+00,8.888225568660625964e-01,5.305072583439118111e-02,-4.758325396822807307e-02,4.018798685561931761e-01,9.129151251236313769e-01,-2.545399338054373656e-02,-6.500785776774141433e-02,1.147440845525420361e-01,3.454509560643031496e-01,-3.493493881543789370e-01,-2.620302915177437700e-02,-1.130993962327652147e-01,-1.578063049772756021e-01,-1.158617456569383114e-01,5.257080027992437898e-01,-1.130272208477854645e-01,1.505748237536689293e-01,-2.969066014265703823e-01,0.000000000000000000e+00,0.000000000000000000e+00,-7.486481314688462341e-01,3.145391888581647866e-01,-1.311621305382667080e+00,1.688440095075983138e-01,0.000000000000000000e+00,0.000000000000000000e+00,0.000000000000000000e+00,3.665880727501833469e-01,-8.908637467354716399e-01,4.522251586612367757e-02,7.172695818313592486e-01,0.000000000000000000e+00,0.000000000000000000e+00,0.000000000000000000e+00
-4.443493367019575313e-01,1.443964897244389478e+00,8.888688342410587806e-01,5.234562276710420098e-02,-4.730678262837200582e-02,4.039151553291395191e-01,9.120715714185551048e-01,-3.000422579546225058e-02,-6.477973827830892095e-02,1.117273439911599109e-01,3.460356587418095264e-01,-3.472157452762970609e-01,-2.762956211367213755e-02,-1.150892546397639521e-01,-1.578577432712973128e-01,-1.192679174324567659e-01,5.241276230113178780e-01,-1.123631808705163049e-01,1.490273182666783935e-01,-2.945686184146203423e-01,0.000000000000000000e+00,0.000000000000000000e+00,-7.530363616350137512e-01,3.126268155214345090e-01,-1.312559353412700025e+00,1.667206327372005026e-01,0.000000000000000000e+00,0.000000000000000000e+00,0.000000000000000000e+00,3.630889332572670991e-01,-8.894806920865887534e-01,5.226902749504004630e-02,7.131233911935231928e-01,0.000000000000000000e+00,0.000000000000000000e+00,0.000000000000000000e+00
-4.460585710258435643e-01,1.442739911773447403e+00,8.888156388469535818e-01,5.186852351058874461e-02,-4.771710402740932111e-02,4.063198704847894582e-01,9.110087250412545190e-01,-3.395389456887808188e-02,-6.422009751682491996e-02,1.094257985652890564e-01,3.483955903608214055e-01,-3.463033211759545260e-01,-2.891071238267627422e-02,-1.166790277261581521e-01,-1.589393050141046371e-01,-1.243885114573411999e-01,5.245304886634984953e-01,-1.066183078996580519e-01,1.478650627416597807e-01,-2.947962905262131450e-01,0.000000000000000000e+00,0.000000000000000000e+00,-7.569891453124325542e-01,3.125494974945380311e-01,-1.316745806986611811e+00,1.632051542224165208e-01,0.000000000000000000e+00,0.000000000000000000e+00,0.000000000000000000e+00,3.601578756302246664e-01,-8.877246635503328598e-01,5.840066618719717828e-02,7.072934184236970845e-01,0.000000000000000000e+00,0.000000000000000000e+00,0.000000000000000000e+00
-4.477721169871941020e-01,1.441584809343768425e+00,8.887776982291510919e-01,5.074948009976891494e-02,-4.759129675742260895e-02,4.090110894773858474e-01,9.098733359248809549e-01,-4.072299109639941628e-02,-6.299333730205494697e-02,1.066545243790304603e-01,3.531495442222857828e-01,-3.460248663946275394e-01,-2.945444882883243090e-02,-1.195909194659496855e-01,-1.582002968495265505e-01,-1.275129571160897313e-01,5.240586361503030144e-01,-1.002398054636307184e-01,1.468532693886477059e-01,-2.941354648997165366e-01,0.000000000000000000e+00,0.000000000000000000e+00,-7.595471124160684262e-01,3.092401083132972350e-01,-1.316753585062151455e+00,1.636826142910796367e-01,0.000000000000000000e+00,0.000000000000000000e+00,0.000000000000000000e+00,3.551579114249164282e-01,-8.809124626507645051e-01,5.892990230224749715e-02,7.108514127798614135e-01,0.000000000000000000e+00,0.000000000000000000e+00,0.000000000000000000e+00
-4.495209395339771485e-01,1.440560415934107885e+00,8.887343857168634731e-01,4.933390702661058502e-02,-4.678620185248075214e-02,4.107954649264524694e-01,9.091888158845599088e-01,-4.745766781983640215e-02,-6.154907417379586188e-02,1.057942672550618995e-01,3.554687433873594538e-01,-3.475917072789817541e-01,-3.054420162119303103e-02,-1.242222276026422184e-01,-1.574965393142261361e-01,-1.298694508328205321e-01,5.232230822332896158e-01,-9.457856397889126410e-02,1.474248271094926455e-01,-2.942319505519071510e-01,0.000000000000000000e+00,0.000000000000000000e+00,-7.659667372439387112e-01,3.071365638980106394e-01,-1.320079912598336902e+00,1.618875481073914491e-01,0.000000000000000000e+00,0.000000000000000000e+00,0.000000000000000000e+00,3.499980466066386353e-01,-8.781363752913921017e-01,6.256650354746592924e-02,7.107556533602844562e-01,0.000000000000000000e+00,0.000000000000000000e+00,0.000000000000000000e+00
-4.512340570836174125e-01,1.439425497797074849e+00,8.887012571965835495e-01,4.873188697452492113e-02,-4.630263386837705358e-02,4.130626409382086583e-01,9.082183239452426005e-01,-5.313655940673517319e-02,-6.162638361837362300e-02,1.045941984071422914e-01,3.575006632756828617e-01,-3.457216435206136307e-01,-3.038062857775852485e-02,-1.279079403335592335e-01,-1.570097248723388017e-01,-1.298170771511510668e-01,5.231740054067074430e-01,-9.147383078500369302e-02,1.437137949180976593e-01,-2.956180655240269184e-01,0.000000000000000000e+00,0.000000000000000000e+00,-7.683278658221672774e-01,3.061079085203922689e-01,-1.320639485317951056e+00,1.607412865872567820e-01,0.000000000000000000e+00,0.000000000000000000e+00,0.000000000000000000e+00,3.461783373982074696e-01,-8.749618702189051467e-01,6.448949715303434194e-02,6.990046000933659576e-01,0.000000000000000000e+00,0.000000000000000000e+00,0.000000000000000000e+00
-4.529908490642998165e-01,1.438413245520661965e+00,8.887294039993073325e-01,4.792415795565267006e-02,-4.624296202701635300e-02,4.152141218683719770e-01,9.072828095738871834e-01,-5.785260249593885545e-02,-6.119072911534434445e-02,1.028454282487008820e-01,3.591470773292455010e-01,-3.440583734129140092e-01,-2.945149049774452993e-02,-1.298171858735192863e-01,-1.569587707669109489e-01,-1.325329632336379737e-01,5.215454687146864332e-01,-8.697044146241955653e-02,1.424447451579133606e-01,-2.965490679341848956e-01,0.000000000000000000e+00,0.000000000000000000e+00,-7.714788262862709578e-01,3.040414696629527569e-01,-1.321774859286083181e+00,1.605474086948266155e-01,0.000000000000000000e+00,0.000000000000000000e+00,0.000000000000000000e+00,3.414661902390849213e-01,-8.727236978129965239e-01,6.772037380961495878e-02,6.933404113776142630e-01,0.000000000000000000e+00,0.000000000000000000e+00,0.000000000000000000e+00
-4.546769834858446768e-01,1.437516049524605322e+00,8.886801194828511941e-01,4.697876373250164245e-02,-4.629163448453676999e-02,4.171694038473506838e-01,9.064324403001924324e-01,-6.314396366425729934e-02,-6.032268042301552891e-02,1.015073537431729345e-01,3.628267586010258672e-01,-3.439156544997282183e-01,-2.780333427683241709e-02,-1.321491478340485748e-01,-1.554021330195477502e-01,-1.324537129678672320e-01,5.206363974496953650e-01,-8.282928311493110984e-02,1.406603726056222803e-01,-2.978806710901342192e-01,0.000000000000000000e+00,0.000000000000000000e+00,-7.721931716021750436e-01,3.010498102850207580e-01,-1.319801881347253403e+00,1.605334906256311034e-01,0.000000000000000000e+00,0.000000000000000000e+00,0.000000000000000000e+00,3.367355731404002572e-01,-8.700254327986771674e-01,6.975176856875137110e-02,6.899547751387591354e-01,0.000000000000000000e+00,0.000000000000000000e+00,0.000000000000000000e+00
-4.561775994935527434e-01,1.436726594440830507e+00,8.886852426516769210e-01,4.570205907449342159e-02,-4.547322867304152277e-02,4.183045835123082035e-01,9.060158843436438847e-01,-6.977389398797866071e-02,-5.940595704507858899e-02,1.006673517845491084e-01,3.659350199271408366e-01,-3.442003182708719966e-01,-2.695999441940695809e-02,-1.362077310884217407e-01,-1.537641104815442028e-01,-1.320931399351733537e-01,5.193006866462243076e-01,-8.100297591412783382e-02,1.393614138729263874e-01,-3.001365654485799728e-01,0.000000000000000000e+00,0.000000000000000000e+00,-7.721664301095713112e-01,2.990723429262419630e-01,-1.318414963679416907e+00,1.601102584374317073e-01,0.000000000000000000e+00,0.000000000000000000e+00,0.000000000000000000e+00,3.324289770610313055e-01,-8.663262278607959388e-01,6.928820816192161891e-02,6.865171634833269199e-01,0.000000000000000000e+00,0.000000000000000000e+00,0.000000000000000000e+00
-4.575747212196862868e-01,1.435927290130853518e+00,8.886570081434506108e-01,4.490509030670038898e-02,-4.508205590478287644e-02,4.192237136017131216e-01,9.056503845601425740e-01,-7.449370951839645594e-02,-5.906830807877860162e-02,9.959717769495360362e-02,3.680007902166453349e-01,-3.441248129365809816e-01,-2.698468738735757336e-02,-1.389683221310572259e-01,-1.530401441599175960e-01,-1.323604759014736509e-01,5.180700512470823860e-01,-7.889165794891374317e-02,1.390251485615214000e-01,-3.002196791425609246e-01,0.000000000000000000e+00,0.000000000000000000e+00,-7.737853494973692126e-01,2.980619361666821954e-01,-1.316445108558546240e+00,1.588130244985148376e-01,0.000000000000000000e+00,0.000000000000000000e+00,0.000000000000000000e+00,3.301459717303347197e-01,-8.640978099974949700e-01,6.972111869195553313e-02,6.796747657314103908e-01,0.000000000000000000e+00,0.000000000000000000e+00,0.000000000000000000e+00
-4.588057555295483314e-01,1.435157382600839471e+00,8.886906578820258362e-01,4.444251235484478202e-02,-4.457341847268948137e-02,4.199078137669447486e-01,9.053814121124381664e-01,-7.782594839860221270e-02,-5.976043485679526091e-02,9.768294112718403643e-02,3.674881115057196390e-01,-3.423513194404648186e-01,-2.772857608219436720e-02,-1.418815402180967911e-01,-1.527444748505414063e-01,-1.320301303915265012e-01,5.174392024906963039e-01,-7.756258096391389911e-02,1.363809784694397509e-01,-3.013082708864202042e-01,0.000000000000000000e+00,0.000000000000000000e+00,-7.746468803637991396e-01,2.966045411290605949e-01,-1.317669233174464605e+00,1.598778425684008186e-01,0.000000000000000000e+00,0.000000000000000000e+00,0.000000000000000000e+00,3.266740043311632258e-01,-8.616582701947335110e-01,7.042899294463189630e-02,6.768914541033185239e-01,0.000000000000000000e+00,0.000000000000000000e+00,0.000000000000000000e+00
-4.599475427709934228e-01,1.434385932216459159e+00,8.887180723940547589e-01,4.399973274823773539e-02,-4.393292129923295070e-02,4.208763162736995911e-01,9.049845569644155985e-01,-8.099568226491578316e-02,-6.000620148967254069e-02,9.737324657246640425e-02,3.662672230794601913e-01,-3.397419612524495980e-01,-2.907887647920814195e-02,-1.452008843956277828e-01,-1.525187204980989475e-01,-1.314234743113967818e-01,5.172784500125591212e-01,-7.546146327936398279e-02,1.342568649738840603e-01,-3.028114251398714707e-01,0.000000000000000000e+00,0.000000000000000000e+00,-7.731288706866739080e-01,2.949290664386393090e-01,-1.316226957248291862e+00,1.606807537826761278e-01,0.000000000000000000e+00,0.000000000000000000e+00,0.000000000000000000e+00,3.239479875929576758e-01,-8.584832940080433517e-01,6.989765383266476062e-02,6.745073835724926248e-01,0.000000000000000000e+00,0.000000000000000000e+00,0.000000000000000000e+00
-4.611139921588804924e-01,1.433627709956183827e+00,8.887488521468313030e-01,4.346060987593163005e-02,-4.406467849067653708e-02,4.210088519760936676e-01,9.049425540090911824e-01,-8.337086050733212572e-02,-5.908126371134611587e-02,9.769922665700576936e-02,3.666494378113528407e-01,-3.375820520996510865e-01,-2.862766901717328852e-02,-1.468392401670300385e-01,-1.511284798661144402e-01,-1.305066047025388865e-01,5.161204148912628131e-01,-7.313334775118976450e-02,1.325946631587906488e-01,-3.041351872137794676e-01,0.000000000000000000e+00,0.000000000000000000e+00,-7.736022446844630363e-01,2.942903015726609506e-01,-1.316993747985833352e+00,1.612227036396492452e-01,0.000000000000000000e+00,0.000000000000000000e+00,0.000000000000000000e+00,3.210137022252889105e-01,-8.568834299538747867e-01,7.128871879181314375e-02,6.709132014901991736e-01,0.000000000000000000e+00,0.000000000000000000e+00,0.000000000000000000e+00
-4.622125488823998207e-01,1.432914833022485235e+00,8.887504705887037115e-01,4.259749096281851416e-02,-4.392679332807661319e-02,4.215278952726058126e-01,9.047486524436670896e-01,-8.632047066586322204e-02,-5.743940232928539114e-02,9.857914340572869472e-02,3.670495146969690037e-01,-3.370106465394916428e-01,-2.987598746474385419e-02,-1.490858678969085860e-01,-1.497373128940146514e-01,-1.305502298643637094e-01,5.152066468384030040e-01,-7.040987276964250086e-02,1.326017790808610153e-01,-3.054288775906974229e-01,0.000000000000000000e+00,0.000000000000000000e+00,-7.739023575066286131e-01,2.927562598575052522e-01,-1.316768765961018328e+00,1.613100220290414333e-01,0.000000000000000000e+00,0.000000000000000000e+00,0.000000000000000000e+00,3.180514121723551080e-01,-8.527667221981972689e-01,7.170875179108887609e-02,6.710017421045525454e-01,0.000000000000000000e+00,0.000000000000000000e+00,0.000000000000000000e+00
-4.632881406507255440e-01,1.432209733841089960e+00,8.887049257519471501e-01,4.193229932747397082e-02,-4.401343801841783171e-02,4.224290887717619958e-01,9.043551097364178615e-01,-8.925247797876388611e-02,-5.630952758439916606e-02,9.855732093429964147e-02,3.686923709901647195e-01,-3.375752346731349940e-01,-3.025719898150739176e-02,-1.509406474643906759e-01,-1.490332756766255817e-01,-1.316003094213912816e-01,5.149055806154693160e-01,-6.556518969823404985e-02,1.319793554334816599e-01,-3.077611633580381589e-01,0.000000000000000000e+00,0.000000000000000000e+00,-7.751638376896624605e-01,2.919239553951711308e-01,-1.318783995315165880e+00,1.620596178553870559e-01,0.000000000000000000e+00,0.000000000000000000e+00,0.000000000000000000e+00,3.161291763950753175e-01,-8.496681127629992503e-01,7.233869772325302039e-02,6.680487892072364264e-01,0.000000000000000000e+00,0.000000000000000000e+00,0.000000000000000000e+00
-4.643182385838967585e-01,1.431586543898753394e+00,8.886842330313954319e-01,4.112973969278427289e-02,-4.408569428349417424e-02,4.229015468642601250e-01,9.041676159496985221e-01,-9.236362838636126560e-02,-5.529135848319598201e-02,9.750733480676851417e-02,3.707245812450553069e-01,-3.385121645899601961e-01,-3.001594929198238282e-02,-1.526454671255395856e-01,-1.476121174711198247e-01,-1.316170457920446957e-01,5.141401364885377356e-01,-6.230669065273409385e-02,1.329356428379633304e-01,-3.087040208772609540e-01,0.000000000000000000e+00,0.000000000000000000e+00,-7.771980032929860505e-01,2.909481095238906634e-01,-1.321226594222111084e+00,1.626797686807767707e-01,0.000000000000000000e+00,0.000000000000000000e+00,0.000000000000000000e+00,3.152171668910246360e-01,-8.473779174499792566e-01,7.507093437263656632e-02,6.660204430751934801e-01,0.000000000000000000e+00,0.000000000000000000e+00,0.000000000000000000e+00
-4.653105605556898672e-01,1.430895571569319458e+00,8.886434313316313727e-01,4.033823361072794850e-02,-4.412504415586603057e-02,4.229192925768919253e-01,9.041930542498486378e-01,-9.544843375985684331e-02,-5.351613511120124900e-02,9.856059512144947632e-02,3.726873242730097679e-01,-3.386354440362758234e-01,-3.023602488097399191e-02,-1.545847605957220983e-01,-1.461921554016085145e-01,-1.317541381210198814e-01,5.134824676614998529e-01,-6.058573883854313086e-02,1.332069413360900123e-01,-3.086802814864186284e-01,0.000000000000000000e+00,0.000000000000000000e+00,-7.771081461981299565e-01,2.901388389859551609e-01,-1.319603426409591274e+00,1.630778649392500279e-01,0.000000000000000000e+00,0.000000000000000000e+00,0.000000000000000000e+00,3.147636525488736181e-01,-8.438266933680440562e-01,7.425034283538735347e-02,6.643229574225630873e-01,0.000000000000000000e+00,0.000000000000000000e+00,0.000000000000000000e+00
-4.662011604779043306e-01,1.430167667116021724e+00,8.885380427289178984e-01,4.011337294949469251e-02,-4.426238041613725360e-02,4.239532008482906900e-01,9.037120351533446394e-01,-9.816739191305710877e-02,-5.330852465436322629e-02,9.761154123357523860e-02,3.746779712636379434e-01,-3.373531479814461664e-01,-3.182283871709989248e-02,-1.563116127073603534e-01,-1.461362427294327082e-01,-1.323705865752982935e-01,5.144918205310825554e-01,-5.763528570153383240e-02,1.322417615025809623e-01,-3.097777726101860196e-01,0.000000000000000000e+00,0.000000000000000000e+00,-7.763654542660626268e-01,2.892190993198446303e-01,-1.320407767105746144e+00,1.650704589436212122e-01,0.000000000000000000e+00,0.000000000000000000e+00,0.000000000000000000e+00,3.166977985313266797e-01,-8.420856123876717669e-01,7.605540694340189034e-02,6.633092558684856588e-01,0.000000000000000000e+00,0.000000000000000000e+00,0.000000000000000000e+00
-4.670156969004939929e-01,1.429510158431959166e+00,8.884958329569941915e-01,3.954028479723956102e-02,-4.400833020781254323e-02,4.248013823903221131e-01,9.033513260463749139e-01,-1.009303796087673150e-01,-5.275662826069939249e-02,9.694567198582595968e-02,3.752757002983314050e-01,-3.380295045262037834e-01,-3.275466545047118344e-02,-1.585049895097652151e-01,-1.456889225664948495e-01,-1.332007751179567490e-01,5.144327870320526408e-01,-5.535009747064894431e-02,1.318797161654323979e-01,-3.111861865800852889e-01,0.000000000000000000e+00,0.000000000000000000e+00,-7.778094755156820250e-01,2.881019984727413163e-01,-1.322468697450045250e+00,1.655335282798368890e-01,0.000000000000000000e+00,0.000000000000000000e+00,0.000000000000000000e+00,3.176233437580565644e-01,-8.387541667323457073e-01,7.442791675028392895e-02,6.639701839233621561e-01,0.000000000000000000e+00,0.000000000000000000e+00,0.000000000000000000e+00
-4.677903364742995174e-01,1.428822944662764938e+00,8.883675925094278725e-01,3.897182771686526215e-02,-4.397130619701357379e-02,4.259263057103108707e-01,9.028479955007385760e-01,-1.037300595658731533e-01,-5.185276218948163540e-02,9.648258902707812501e-02,3.767244151140924369e-01,-3.387729772740205592e-01,-3.352833119466976097e-02,-1.606002126763325100e-01,-1.455360326248884006e-01,-1.348841217418991489e-01,5.151882133138706577e-01,-5.141317319628405103e-02,1.328207929816870025e-01,-3.126057799878654286e-01,0.000000000000000000e+00,0.000000000000000000e+00,-7.817992668787201449e-01,2.878447349374970154e-01,-1.326729699108626148e+00,1.635909621489583243e-01,0.000000000000000000e+00,0.000000000000000000e+00,0.000000000000000000e+00,3.196865493736232300e-01,-8.359821660363150331e-01,7.167369053109499955e-02,6.630104893602247751e-01,0.000000000000000000e+00,0.000000000000000000e+00,0.000000000000000000e+00
-4.684160005053831233e-01,1.428075309729452735e+00,8.883656069813108402e-01,3.847324603294298428e-02,-4.308572722253357218e-02,4.270702823637347878e-01,9.023715439724113718e-01,-1.073618744111293766e-01,-5.200984124950810972e-02,9.546094402958082981e-02,3.763968006613144235e-01,-3.376941422308188390e-01,-3.417547702677101173e-02,-1.641254373377702414e-01,-1.456136471813326838e-01,-1.358044668999612847e-01,5.158576580301333925e-01,-5.068845189099246973e-02,1.298523164658934026e-01,-3.132768328550328274e-01,0.000000000000000000e+00,0.000000000000000000e+00,-7.822526368307951561e-01,2.867156710068554659e-01,-1.326877536209520647e+00,1.634939973551693682e-01,0.000000000000000000e+00,0.000000000000000000e+00,0.000000000000000000e+00,3.217363412781602539e-01,-8.304423150635784623e-01,6.747114292692692195e-02,6.608476018351533421e-01,0.000000000000000000e+00,0.000000000000000000e+00,0.000000000000000000e+00
-4.690010028293852273e-01,1.427331884518088234e+00,8.882932765013282772e-01,3.828588574276063639e-02,-4.281840972838135001e-02,4.284432191172672932e-01,9.017411949853779696e-01,-1.099616253469979099e-01,-5.213280899799017237e-02,9.446417396982409453e-02,3.769236139601905289e-01,-3.360552007702509170e-01,-3.506704565020549169e-02,-1.660504987169183766e-01,-1.458725728215923279e-01,-1.366073507249349617e-01,5.165556448884902618e-01,-4.883965400024790904e-02,1.297586313432826099e-01,-3.132586847518094575e-01,0.000000000000000000e+00,0.000000000000000000e+00,-7.841142152426713308e-01,2.854215748061336710e-01,-1.328880133102283478e+00,1.636984047820790322e-01,0.000000000000000000e+00,0.000000000000000000e+00,0.000000000000000000e+00,3.246319779836550623e-01,-8.268598581058074215e-01,6.618483268551139664e-02,6.599723593206154870e-01,0.000000000000000000e+00,0.000000000000000000e+00,0.000000000000000000e+00
-4.694767322798878983e-01,1.426622294085439613e+00,8.882494477257435461e-01,3.824702786833111823e-02,-4.273587109721609795e-02,4.295436729498873785e-01,9.012230818224316042e-01,-1.114544515365152866e-01,-5.208364066790574509e-02,9.414233762210573453e-02,3.767727935022566199e-01,-3.349061734527896128e-01,-3.604907988849494899e-02,-1.670447151781844775e-01,-1.462193760740054804e-01,-1.377814970497314717e-01,5.165778058187157074e-01,-4.774141168731345364e-02,1.287890908835666870e-01,-3.134796293230395214e-01,0.000000000000000000e+00,0.000000000000000000e+00,-7.856265664625036171e-01,2.847426841358092764e-01,-1.331494313467523005e+00,1.638142755531687422e-01,0.000000000000000000e+00,0.000000000000000000e+00,0.000000000000000000e+00,3.265428303820887557e-01,-8.235642786882423350e-01,6.562550656501787982e-02,6.604693427711888498e-01,0.000000000000000000e+00,0.000000000000000000e+00,0.000000000000000000e+00
-4.698548001494371462e-01,1.425925432808628601e+00,8.882595852618390131e-01,3.814970473794587758e-02,-4.271131152054418595e-02,4.308203641618966184e-01,9.006187638063142264e-01,-1.129033877282326487e-01,-5.238191035890087804e-02,9.207852143937050871e-02,3.764295271074418192e-01,-3.322808432429070202e-01,-3.616449869503939735e-02,-1.675893806727410118e-01,-1.458746499929177154e-01,-1.382810486213142120e-01,5.162205954721619250e-01,-4.774854427230069975e-02,1.271610896981427985e-01,-3.133614879107726181e-01,0.000000000000000000e+00,0.000000000000000000e+00,-7.859685561958887901e-01,2.838155036659490427e-01,-1.332136555101064213e+00,1.639753049298201815e-01,0.000000000000000000e+00,0.000000000000000000e+00,0.000000000000000000e+00,3.283295557662248010e-01,-8.185501996864344987e-01,6.341651328609190785e-02,6.624168922467275067e-01,0.000000000000000000e+00,0.000000000000000000e+00,0.000000000000000000e+00
-4.700713775547384898e-01,1.425346779108626061e+00,8.883809699880262922e-01,3.780980230169465883e-02,-4.181072499687065597e-02,4.318437794736755264e-01,9.001851099940693102e-01,-1.148061041237974089e-01,-5.298496357081772939e-02,9.016324005866138691e-02,3.736656861397179563e-01,-3.300202812379384176e-01,-3.742710374846981020e-02,-1.692757812273650853e-01,-1.459606576600884220e-01,-1.392404486013240628e-01,5.145170182836373840e-01,-4.771876287167206576e-02,1.265911071075576932e-01,-3.138930447002217239e-01,0.000000000000000000e+00,0.000000000000000000e+00,-7.870133681244737556e-01,2.830076616738573803e-01,-1.336320729414947506e+00,1.636069702887514021e-01,0.000000000000000000e+00,0.000000000000000000e+00,0.000000000000000000e+00,3.294591873702090168e-01,-8.140807482385442606e-01,6.229773911661724839e-02,6.638716810409028835e-01,0.000000000000000000e+00,0.000000000000000000e+00,0.000000000000000000e+00
-4.702264479343373771e-01,1.424797048283661605e+00,8.884874210172336584e-01,3.750290132574365248e-02,-4.114416934069816539e-02,4.322831419524523211e-01,9.000177636608800436e-01,-1.159673336180622460e-01,-5.274321171002219200e-02,9.003628654869030856e-02,3.710005046014732688e-01,-3.280663708795718003e-01,-3.894971534943023755e-02,-1.704871601204555887e-01,-1.455791067313865483e-01,-1.396728561159215620e-01,5.127058854072853444e-01,-4.883297956364848758e-02,1.260575673848262079e-01,-3.133588885040183847e-01,0.000000000000000000e+00,0.000000000000000000e+00,-7.881401276246042809e-01,2.827332698025807889e-01,-1.337788655873209498e+00,1.617442675811235631e-01,0.000000000000000000e+00,0.000000000000000000e+00,0.000000000000000000e+00,3.293985870597527232e-01,-8.105063159541651130e-01,6.033939737583870339e-02,6.658420383116528951e-01,0.000000000000000000e+00,0.000000000000000000e+00,0.000000000000000000e+00
-4.703660548027821520e-01,1.424267605926719860e+00,8.885125264638840115e-01,3.728303055602324306e-02,-4.079203759887639613e-02,4.330495363334612158e-01,8.996744324379043478e-01,-1.174496781906660542e-01,-5.257428990731818907e-02,8.925630386741387201e-02,3.702718150368191630e-01,-3.263525967436843311e-01,-3.961270338855502060e-02,-1.716167729532716291e-01,-1.452674546144203382e-01,-1.402627172596430938e-01,5.122025733635635625e-01,-4.823274457085895833e-02,1.248550880558715187e-01,-3.132073735774602019e-01,0.000000000000000000e+00,0.000000000000000000e+00,-7.891039079420399949e-01,2.831105486426519491e-01,-1.339373635699702803e+00,1.593388676969753892e-01,0.000000000000000000e+00,0.000000000000000000e+00,0.000000000000000000e+00,3.301961577152963123e-01,-8.088195765220127509e-01,6.064521594009308902e-02,6.657741702242411241e-01,0.000000000000000000e+00,0.000000000000000000e+00,0.000000000000000000e+00
-4.704398688163899389e-01,1.423788604261369661e+00,8.884864314063424251e-01,3.715384275061234948e-02,-4.039948302179106193e-02,4.336472285013784900e-01,8.994095590739008550e-01,-1.191256844461307807e-01,-5.262801046247751052e-02,8.851648422186458864e-02,3.704040732940859781e-01,-3.260435504284384112e-01,-4.012575135754579275e-02,-1.727473773544437874e-01,-1.456834072387548917e-01,-1.417477119233051530e-01,5.120019834038679329e-01,-4.781636050571497903e-02,1.250830035462935363e-01,-3.123617052566507457e-01,0.000000000000000000e+00,0.000000000000000000e+00,-7.894372633056506716e-01,2.829735286451435239e-01,-1.340207926065487110e+00,1.575659513899964337e-01,0.000000000000000000e+00,0.000000000000000000e+00,0.000000000000000000e+00,3.315786385835136629e-01,-8.075916437244485824e-01,5.994606544403079801e-02,6.641030638915846884e-01,0.000000000000000000e+00,0.000000000000000000e+00,0.000000000000000000e+00
-4.705018770696429153e-01,1.423332296348759352e+00,8.884813444278621963e-01,3.696496292342378587e-02,-4.022606820123030696e-02,4.341766178507577845e-01,8.991696833550483214e-01,-1.205911085589483900e-01,-5.209928520203618851e-02,8.829971768019165279e-02,3.709970612023320014e-01,-3.255102697829711511e-01,-4.044662025868287630e-02,-1.733883136910708278e-01,-1.454848727460496260e-01,-1.428627313718218994e-01,5.117071096710330558e-01,-4.803505677894928660e-02,1.242344844261479009e-01,-3.126337816388921054e-01,0.000000000000000000e+00,0.000000000000000000e+00,-7.887610990703219915e-01,2.828596758147073342e-01,-1.341383697976359368e+00,1.564362685863020241e-01,0.000000000000000000e+00,0.000000000000000000e+00,0.000000000000000000e+00,3.321829098339623698e-01,-8.053408551182749120e-01,5.986477583111660117e-02,6.625699327078352630e-01,0.000000000000000000e+00,0.000000000000000000e+00,0.000000000000000000e+00
-4.705290663455825584e-01,1.422916812784850604e+00,8.883807179700076162e-01,3.688750265768848957e-02,-4.057511558642134392e-02,4.344730454552905297e-01,8.990139848276187395e-01,-1.217219215003441102e-01,-5.092890179328896094e-02,8.881749572534412829e-02,3.737119243677918812e-01,-3.263753635884201754e-01,-4.109054788211789072e-02,-1.732990237265530920e-01,-1.448784876181001269e-01,-1.436237375528138793e-01,5.121889476020623500e-01,-4.835536528688650498e-02,1.230665662765664803e-01,-3.121620332111296747e-01,0.000000000000000000e+00,0.000000000000000000e+00,-7.892207287011706596e-01,2.825051015795563836e-01,-1.343048217215607298e+00,1.555272119321318702e-01,0.000000000000000000e+00,0.000000000000000000e+00,0.000000000000000000e+00,3.327637961480798268e-01,-8.056682671744141988e-01,6.228152485603001554e-02,6.616573759478581174e-01,0.000000000000000000e+00,0.000000000000000000e+00,0.000000000000000000e+00
-4.704646201072071876e-01,1.422603736524786111e+00,8.883284096123928997e-01,3.659468028352299424e-02,-4.036273740658963965e-02,4.347972138067865422e-01,8.988787802979055774e-01,-1.237746224781649529e-01,-5.023567361241371848e-02,8.846124147047682018e-02,3.759564670169295297e-01,-3.274906037134238668e-01,-4.127096387217638052e-02,-1.740382084109941552e-01,-1.446766716423480981e-01,-1.450264763817192826e-01,5.122039427464066819e-01,-4.858086538682442751e-02,1.235364794622241524e-01,-3.124688954652478090e-01,0.000000000000000000e+00,0.000000000000000000e+00,-7.885239735427032048e-01,2.827667262645175983e-01,-1.344021811620774498e+00,1.535399093209212362e-01,0.000000000000000000e+00,0.000000000000000000e+00,0.000000000000000000e+00,3.340264114330430134e-01,-8.055194340899858307e-01,6.425844808245481654e-02,6.579822848640266564e-01,0.000000000000000000e+00,0.000000000000000000e+00,0.000000000000000000e+00
-4.703850643490058436e-01,1.422323764305590599e+00,8.882385698632060400e-01,3.640585252506833153e-02,-4.084290300585979860e-02,4.352959474580653798e-01,8.986233411739112942e-01,-1.248959876206924696e-01,-4.922530800063822098e-02,8.738925191415186644e-02,3.793357918611843793e-01,-3.293678153119792285e-01,-4.161963965310395280e-02,-1.731472254170076941e-01,-1.443564833750446141e-01,-1.473656067049422813e-01,5.120810270498824535e-01,-4.729706220393638250e-02,1.234709106742334639e-01,-3.132292722339428126e-01,0.000000000000000000e+00,0.000000000000000000e+00,-7.893345963198837856e-01,2.829729221529106997e-01,-1.348161483619163103e+00,1.524433666256010678e-01,0.000000000000000000e+00,0.000000000000000000e+00,0.000000000000000000e+00,3.346196197626766233e-01,-8.071266824259631933e-01,6.703614580066341588e-02,6.549500123298915844e-01,0.000000000000000000e+00,0.000000000000000000e+00,0.000000000000000000e+00
-4.702097031520544590e-01,1.422056973754777909e+00,8.881487851826287416e-01,3.591630406163886374e-02,-4.123548156052874586e-02,4.356241673140299753e-01,8.984660477808735779e-01,-1.270553381570778684e-01,-4.752314276213981392e-02,8.636893375126744599e-02,3.841659090417059996e-01,-3.315559197241901845e-01,-4.106888226907691453e-02,-1.725146233474946778e-01,-1.428486928580227633e-01,-1.487215068901812098e-01,5.116659418281284122e-01,-4.754771213894773418e-02,1.233022441971907968e-01,-3.130972746464593670e-01,0.000000000000000000e+00,0.000000000000000000e+00,-7.875991678860502221e-01,2.825925845341191178e-01,-1.347485461624487790e+00,1.515077149732640405e-01,0.000000000000000000e+00,0.000000000000000000e+00,0.000000000000000000e+00,3.359423644956261445e-01,-8.068301297010094242e-01,6.834445443171911772e-02,6.509715658673771443e-01,0.000000000000000000e+00,0.000000000000000000e+00,0.000000000000000000e+00
-4.699182214670204472e-01,1.421827684080705367e+00,8.880331371907927984e-01,3.559666667800335388e-02,-4.135897956507468554e-02,4.359448462073279851e-01,8.983175402918625041e-01,-1.291327699841038901e-01,-4.626681980816373108e-02,8.562792053556192440e-02,3.884775174623902316e-01,-3.341750825003053649e-01,-4.168212678968445661e-02,-1.725281933264309620e-01,-1.422739182920082224e-01,-1.506476857113507317e-01,5.123705878684636783e-01,-4.859461608738244176e-02,1.234613237940745678e-01,-3.132217105554733205e-01,0.000000000000000000e+00,0.000000000000000000e+00,-7.875480244676694719e-01,2.830245835556807199e-01,-1.348582407144438555e+00,1.494905875903492221e-01,0.000000000000000000e+00,0.000000000000000000e+00,0.000000000000000000e+00,3.361826075939853276e-01,-8.075671556724851596e-01,7.098114819067655179e-02,6.478665499395688254e-01,0.000000000000000000e+00,0.000000000000000000e+00,0.000000000000000000e+00
-4.695204974280539068e-01,1.421584653782907770e+00,8.879504990836373235e-01,3.532705648431303663e-02,-4.130234711261994429e-02,4.358610447615435257e-01,8.983714514957165109e-01,-1.312157462714927392e-01,-4.527624013159713134e-02,8.487973460035330708e-02,3.922243443736716517e-01,-3.358049009523883521e-01,-4.087302265341023755e-02,-1.727827222180847166e-01,-1.412728860236467654e-01,-1.512892308819381026e-01,5.126990347648970880e-01,-5.137426625779265010e-02,1.233695617189468630e-01,-3.124093411473311543e-01,0.000000000000000000e+00,0.000000000000000000e+00,-7.862263456648443949e-01,2.839166182702691499e-01,-1.347821899673843804e+00,1.475579882350669392e-01,0.000000000000000000e+00,0.000000000000000000e+00,0.000000000000000000e+00,3.366476297428919184e-01,-8.076628218416695981e-01,7.280005080756297986e-02,6.428889962883984621e-01,0.000000000000000000e+00,0.000000000000000000e+00,0.000000000000000000e+00
-4.690321662665911662e-01,1.421330686557571665e+00,8.879247539077195217e-01,3.518689510688024352e-02,-4.105499401903116297e-02,4.366941781761177199e-01,8.979836104439333777e-01,-1.328400330698543685e-01,-4.516495098868655855e-02,8.274618443769929388e-02,3.942727624401171083e-01,-3.370490524606802873e-01,-4.134538537783865458e-02,-1.728214559714253418e-01,-1.408589658122203492e-01,-1.524259064844385725e-01,5.126521208666090512e-01,-5.256597328550600967e-02,1.232395017161715539e-01,-3.126298551095182954e-01,0.000000000000000000e+00,0.000000000000000000e+00,-7.826241621490054312e-01,2.844013338717797379e-01,-1.346615569957623659e+00,1.461404087508857974e-01,0.000000000000000000e+00,0.000000000000000000e+00,0.000000000000000000e+00,3.377759944207980314e-01,-8.085321840798407322e-01,7.512606945693543758e-02,6.370580367721733195e-01,0.000000000000000000e+00,0.000000000000000000e+00,0.000000000000000000e+00
-4.684976575915919539e-01,1.421069957261028804e+00,8.878719212368116898e-01,3.530853166177483349e-02,-4.096824610273482742e-02,4.372786510346535205e-01,8.976983300376963903e-01,-1.338679776073010697e-01,-4.543472049795763135e-02,8.053465237741862237e-02,3.962287873365817337e-01,-3.373918021122866429e-01,-4.141281443231243503e-02,-1.728068755146200397e-01,-1.410723446026149186e-01,-1.539156366685447697e-01,5.136414770064392510e-01,-5.379611330589985363e-02,1.228581941857167514e-01,-3.125583104302396276e-01,0.000000000000000000e+00,0.000000000000000000e+00,-7.802769156397144634e-01,2.853947562311576758e-01,-1.346455155848758301e+00,1.436382493001450156e-01,0.000000000000000000e+00,0.000000000000000000e+00,0.000000000000000000e+00,3.386334103889070968e-01,-8.103461351484375630e-01,7.801973730662101203e-02,6.311220905928000002e-01,0.000000000000000000e+00,0.000000000000000000e+00,0.000000000000000000e+00
-4.679484892003847318e-01,1.420750370217974456e+00,8.878460738122273543e-01,3.573127120902854642e-02,-4.125709926375824288e-02,4.377920690015873473e-01,8.974180922721787246e-01,-1.336122889074507492e-01,-4.580813874472382252e-02,7.844611797710712708e-02,3.972763853569210024e-01,-3.358211013651596355e-01,-4.190362179743125498e-02,-1.715710233845061938e-01,-1.417138444653159857e-01,-1.559917337775880153e-01,5.143252079376529062e-01,-5.547234611152489919e-02,1.223690259997570057e-01,-3.116621053161706123e-01,0.000000000000000000e+00,0.000000000000000000e+00,-7.771395546767612128e-01,2.872709312837522511e-01,-1.344891617148667784e+00,1.405259883265738696e-01,0.000000000000000000e+00,0.000000000000000000e+00,0.000000000000000000e+00,3.398379869644256868e-01,-8.129771936097630602e-01,8.105805076564541467e-02,6.247154494063752450e-01,0.000000000000000000e+00,0.000000000000000000e+00,0.000000000000000000e+00
-4.673991263336196855e-01,1.420494362450310799e+00,8.878181442546012603e-01,3.602927939338796542e-02,-4.145220750107716373e-02,4.383639613953321246e-01,8.971179648571711018e-01,-1.335018630414701035e-01,-4.589235985004023327e-02,7.701014995337369939e-02,3.982718466785694078e-01,-3.348177340728206719e-01,-4.196015627572915324e-02,-1.705533911752027953e-01,-1.421043581594017002e-01,-1.576839661049124208e-01,5.147759249080283706e-01,-5.625196697424195147e-02,1.226170568720592324e-01,-3.111214215078252354e-01,0.000000000000000000e+00,0.000000000000000000e+00,-7.740084195200691575e-01,2.887715672318139637e-01,-1.343648664022174088e+00,1.369695534610812226e-01,0.000000000000000000e+00,0.000000000000000000e+00,0.000000000000000000e+00,3.405904447937098123e-01,-8.148043645759672771e-01,8.239714543985694750e-02,6.191597427004591481e-01,0.000000000000000000e+00,0.000000000000000000e+00,0.000000000000000000e+00
-4.668342439988392711e-01,1.420303903224015007e+00,8.878331933459692182e-01,3.606090353232473816e-02,-4.126459644052731662e-02,4.385823326989928272e-01,8.970186072548006484e-01,-1.339429909122752393e-01,-4.551484292989665947e-02,7.657983944461721482e-02,3.988690879738742701e-01,-3.345767045459440703e-01,-4.207994273401745311e-02,-1.705830329919199029e-01,-1.414348046272918547e-01,-1.575722335246936834e-01,5.149878861322170209e-01,-5.811361154433057619e-02,1.216349697667262475e-01,-3.095004120900965439e-01,0.000000000000000000e+00,0.000000000000000000e+00,-7.689852698519690222e-01,2.890988940319294542e-01,-1.339852450489041891e+00,1.341705865007524756e-01,0.000000000000000000e+00,0.000000000000000000e+00,0.000000000000000000e+00,3.402165371052183751e-01,-8.162158030748325466e-01,8.485702071808742808e-02,6.150048196881917617e-01,0.000000000000000000e+00,0.000000000000000000e+00,0.000000000000000000e+00
-4.662806039035966577e-01,1.420134798863605496e+00,8.878075110272346526e-01,3.612054786236260778e-02,-4.134901847688148696e-02,4.393318830218191917e-01,8.966454490229810448e-01,-1.342963245086878366e-01,-4.499116122735317969e-02,7.590398684382682060e-02,4.003232577195197650e-01,-3.347374037996536100e-01,-4.256360009825048418e-02,-1.698112349776961238e-01,-1.408451822100805217e-01,-1.580154168143377280e-01,5.151388025316629982e-01,-5.932951908005299618e-02,1.212221509864927216e-01,-3.098544392754584154e-01,0.000000000000000000e+00,0.000000000000000000e+00,-7.643853405076725949e-01,2.895072693336320779e-01,-1.337560261797241523e+00,1.312045611077859997e-01,0.000000000000000000e+00,0.000000000000000000e+00,0.000000000000000000e+00,3.390323529659490243e-01,-8.172252031441974429e-01,8.665549268408011263e-02,6.098674666170257330e-01,0.000000000000000000e+00,0.000000000000000000e+00,0.000000000000000000e+00
-4.657097876263878722e-01,1.420051067502999809e+00,8.877890872609826012e-01,3.600110349991085534e-02,-4.097575591863607952e-02,4.400096439618367827e-01,8.963349938467550793e-01,-1.357340900220945501e-01,-4.507844176415338328e-02,7.412851153693779394e-02,4.020282826703756029e-01,-3.357477492623727744e-01,-4.177789690102296644e-02,-1.701686059608381041e-01,-1.407691761357179883e-01,-1.592656573964521260e-01,5.157108877617159193e-01,-6.077835751386872348e-02,1.206279709101116121e-01,-3.095412472248407210e-01,0.000000000000000000e+00,0.000000000000000000e+00,-7.614640012781739298e-01,2.898078156198382604e-01,-1.335890660119388507e+00,1.282650988573600659e-01,0.000000000000000000e+00,0.000000000000000000e+00,0.000000000000000000e+00,3.384293164464217130e-01,-8.177799136390365708e-01,8.789325632140707056e-02,6.045465426848054546e-01,0.000000000000000000e+00,0.000000000000000000e+00,0.000000000000000000e+00
-4.651749076272498895e-01,1.420005353642750601e+00,8.877718769576133928e-01,3.625414978945742939e-02,-4.093110916335136046e-02,4.403118343139125201e-01,8.961784250297587517e-01,-1.356087339095791433e-01,-4.546444952022687946e-02,7.295818651747104644e-02,4.026713319528122947e-01,-3.360795898221091704e-01,-4.141910595221273694e-02,-1.699703946632891427e-01,-1.409872641145972771e-01,-1.597792911841210972e-01,5.167257953854939023e-01,-6.145843774176446700e-02,1.195838192449808768e-01,-3.090744447174270104e-01,0.000000000000000000e+00,0.000000000000000000e+00,-7.587102165468245785e-01,2.905487488972897658e-01,-1.335427920604610019e+00,1.253229170660299097e-01,0.000000000000000000e+00,0.000000000000000000e+00,0.000000000000000000e+00,3.367531260200354870e-01,-8.185691022138195105e-01,8.939769445977066575e-02,5.989267169400672719e-01,0.000000000000000000e+00,0.000000000000000000e+00,0.000000000000000000e+00
-4.646380475964694834e-01,1.420028225852796533e+00,8.877929269982595128e-01,3.622585269021324356e-02,-4.058671170050039828e-02,4.405288808975462156e-01,8.960885623225881558e-01,-1.355426133116098275e-01,-4.509958436599095788e-02,7.327911419911471713e-02,4.022965466651292621e-01,-3.377726641620026338e-01,-4.179506443579195096e-02,-1.698909922706869635e-01,-1.411919751323428285e-01,-1.609150115277402371e-01,5.165651154037482762e-01,-6.283860385270088889e-02,1.205179772422096673e-01,-3.082441798019182611e-01,0.000000000000000000e+00,0.000000000000000000e+00,-7.556422096411019584e-01,2.906938669212649762e-01,-1.333658714694872405e+00,1.220771990393628020e-01,0.000000000000000000e+00,0.000000000000000000e+00,0.000000000000000000e+00,3.346230013356688016e-01,-8.173928979415828744e-01,8.960585939631883490e-02,5.936045790267626687e-01,0.000000000000000000e+00,0.000000000000000000e+00,0.000000000000000000e+00
-4.641518389897409391e-01,1.420089494035420508e+00,8.877651052719273128e-01,3.641669864705424087e-02,-4.057402597148417056e-02,4.404918828968730771e-01,8.960995890960345989e-01,-1.349883031719209814e-01,-4.502300598356821781e-02,7.334693618879244148e-02,4.025650020263512596e-01,-3.387152522011196432e-01,-4.187887519538931874e-02,-1.701168163665330579e-01,-1.407652234681627534e-01,-1.597159096511488463e-01,5.178290803131284648e-01,-6.223627642009196131e-02,1.202987796148622390e-01,-3.070083500522055586e-01,0.000000000000000000e+00,0.000000000000000000e+00,-7.529517873534469219e-01,2.906134559840816145e-01,-1.332510010147117674e+00,1.195763114979338376e-01,0.000000000000000000e+00,0.000000000000000000e+00,0.000000000000000000e+00,3.323132191198066576e-01,-8.170035372945873009e-01,9.117437372914889704e-02,5.905523736250414268e-01,0.000000000000000000e+00,0.000000000000000000e+00,0.000000000000000000e+00
-4.636993908636649619e-01,1.420172609840553379e+00,8.877423938994739583e-01,3.667411540548924653e-02,-4.075345301356887023e-02,4.401898654238398656e-01,8.962293499461156943e-01,-1.339169744465355250e-01,-4.461338823821073968e-02,7.423203866483367441e-02,4.029387810037762807e-01,-3.400199251951725454e-01,-4.226840841963646483e-02,-1.694972317252897431e-01,-1.406526811729201243e-01,-1.595192581896292539e-01,5.186180967047363533e-01,-6.329965316015589982e-02,1.200389340176709896e-01,-3.063367780051995393e-01,0.000000000000000000e+00,0.000000000000000000e+00,-7.494451211971842053e-01,2.912266489586325391e-01,-1.330289720421001798e+00,1.175104305644264907e-01,0.000000000000000000e+00,0.000000000000000000e+00,0.000000000000000000e+00,3.291140747559585522e-01,-8.180208577683666382e-01,9.460139622461857800e-02,5.865933525175196506e-01,0.000000000000000000e+00,0.000000000000000000e+00,0.000000000000000000e+00
-4.632713629412312240e-01,1.420249365065595626e+00,8.877363286418367139e-01,3.688968636868208972e-02,-4.078537211550236491e-02,4.400364925508958303e-01,8.962943655320638747e-01,-1.332218908796539147e-01,-4.444834561040449106e-02,7.483471277247741305e-02,4.033836046528242458e-01,-3.417346278930582515e-01,-4.166682452151458660e-02,-1.686855379600502858e-01,-1.411722560979627450e-01,-1.606916255207896382e-01,5.187682295517914710e-01,-6.512015801655281211e-02,1.203687429145710586e-01,-3.057664513027264497e-01,0.000000000000000000e+00,0.000000000000000000e+00,-7.467957052215661307e-01,2.922155668203949563e-01,-1.328837923636940754e+00,1.148377874166491286e-01,0.000000000000000000e+00,0.000000000000000000e+00,0.000000000000000000e+00,3.267629881786383028e-01,-8.190615666158036490e-01,9.858742778316197108e-02,5.810839994690265575e-01,0.000000000000000000e+00,0.000000000000000000e+00,0.000000000000000000e+00
-4.629260482616394667e-01,1.420289184753336986e+00,8.877279658357553060e-01,3.717518360041766057e-02,-4.094267315565122689e-02,4.399439025384943025e-01,8.963208498402475133e-01,-1.326401417013509665e-01,-4.471883148115334689e-02,7.442205985580988004e-02,4.041007808208136320e-01,-3.420510082328894197e-01,-4.107485757108260416e-02,-1.679557742510589258e-01,-1.413221336475677381e-01,-1.606859257554992260e-01,5.193050568489600005e-01,-6.656584352895050793e-02,1.206984591486513214e-01,-3.052445452950119376e-01,0.000000000000000000e+00,0.000000000000000000e+00,-7.441491940586586473e-01,2.933011277291117658e-01,-1.326619173152612019e+00,1.132181799950789658e-01,0.000000000000000000e+00,0.000000000000000000e+00,0.000000000000000000e+00,3.249504346230727703e-01,-8.184078392049329853e-01,1.010765689382134291e-01,5.748988309021716425e-01,0.000000000000000000e+00,0.000000000000000000e+00,0.000000000000000000e+00
-4.626449660246202411e-01,1.420296540323503720e+00,8.877351480963390218e-01,3.736793962684129000e-02,-4.074961738914025661e-02,4.396269538025493473e-01,8.964771314768564814e-01,-1.321098339984266012e-01,-4.444463096823953602e-02,7.613552794032188431e-02,4.035139704355083512e-01,-3.426670808385084976e-01,-4.118944215563564298e-02,-1.682574194623600305e-01,-1.414646000331674924e-01,-1.603123308903607325e-01,5.198546381373152503e-01,-6.827998031917401067e-02,1.195612263296948752e-01,-3.056109149582152407e-01,0.000000000000000000e+00,0.000000000000000000e+00,-7.409990339701801876e-01,2.947576639683244237e-01,-1.324920523943516448e+00,1.110086481211349091e-01,0.000000000000000000e+00,0.000000000000000000e+00,0.000000000000000000e+00,3.230694932976733713e-01,-8.175251798713538687e-01,1.036761342154256110e-01,5.680414734433592017e-01,0.000000000000000000e+00,0.000000000000000000e+00,0.000000000000000000e+00
-4.624735259395447162e-01,1.420278910231504987e+00,8.877244193460057664e-01,3.741595290500080578e-02,-4.045153341169437783e-02,4.391355645621402570e-01,8.967294329113674189e-01,-1.323369224699497693e-01,-4.430970606311511462e-02,7.719236280185506893e-02,4.033767310319368304e-01,-3.427551428920902477e-01,-4.075048099995310508e-02,-1.692425537946314895e-01,-1.411679979379797945e-01,-1.590497392830345635e-01,5.206065153189706196e-01,-7.026227787340801056e-02,1.190303891826296062e-01,-3.051384031040156875e-01,0.000000000000000000e+00,0.000000000000000000e+00,-7.384441689715077750e-01,2.956593771136585280e-01,-1.323245791609742428e+00,1.088412085698958476e-01,0.000000000000000000e+00,0.000000000000000000e+00,0.000000000000000000e+00,3.216073371056368813e-01,-8.172068176615493451e-01,1.071135126272610844e-01,5.625422976690349630e-01,0.000000000000000000e+00,0.000000000000000000e+00,0.000000000000000000e+00
-4.624270921065105067e-01,1.420192962562655259e+00,8.877723161812708375e-01,3.748400452513769854e-02,-4.025281789794015602e-02,4.389390120562868258e-01,8.968317588885245106e-01,-1.319889768420259013e-01,-4.421070378205932405e-02,7.819898155172083642e-02,4.020564202763708961e-01,-3.424009610985248586e-01,-4.089889290002352018e-02,-1.696722125703234441e-01,-1.409965174877781668e-01,-1.582774703778901115e-01,5.204362512510943839e-01,-7.130526809662292298e-02,1.181437918527237646e-01,-3.057542233132183873e-01,0.000000000000000000e+00,0.000000000000000000e+00,-7.343881988155811502e-01,2.955675046079171420e-01,-1.320217865135449253e+00,1.089613011038955970e-01,0.000000000000000000e+00,0.000000000000000000e+00,0.000000000000000000e+00,3.200646142549362083e-01,-8.155343309611443603e-01,1.087720874557681350e-01,5.573106244002389298e-01,0.000000000000000000e+00,0.000000000000000000e+00,0.000000000000000000e+00
-4.624639933206233788e-01,1.420095657130755473e+00,8.878807355890382391e-01,3.744247704419859102e-02,-3.976198979550171764e-02,4.388213216193326827e-01,8.969129794871731898e-01,-1.319051742624698653e-01,-4.431735592465621543e-02,7.925781283741333005e-02,3.996347640037002935e-01,-3.413346378535443426e-01,-4.105260988901077157e-02,-1.704725432857228107e-01,-1.405495320709310714e-01,-1.566336315045032124e-01,5.193656268141556565e-01,-7.229934203406658544e-02,1.179969751565117658e-01,-3.067934720280108829e-01,0.000000000000000000e+00,0.000000000000000000e+00,-7.324763924991724018e-01,2.954198751324305094e-01,-1.319915188431290076e+00,1.089708467907874734e-01,0.000000000000000000e+00,0.000000000000000000e+00,0.000000000000000000e+00,3.192482251118280989e-01,-8.140887887265517708e-01,1.096995140886987408e-01,5.515782802500768245e-01,0.000000000000000000e+00,0.000000000000000000e+00,0.000000000000000000e+00
-4.626732972191877069e-01,1.419919345551215573e+00,8.878614767494464877e-01,3.762263042255586248e-02,-4.021327445486054530e-02,4.386792745011711681e-01,8.969548061975202158e-01,-1.308313851495904179e-01,-4.345783632266185526e-02,8.163516595248371255e-02,3.989754304113134475e-01,-3.402707811809722038e-01,-4.117913935133214048e-02,-1.706058085164334492e-01,-1.396947607412721837e-01,-1.546314321537421987e-01,5.200421738585228049e-01,-6.984413245565633532e-02,1.153857572277671856e-01,-3.084056796469422101e-01,0.000000000000000000e+00,0.000000000000000000e+00,-7.318750029823487546e-01,2.959681004733344389e-01,-1.320723033799136470e+00,1.087856092329256008e-01,0.000000000000000000e+00,0.000000000000000000e+00,0.000000000000000000e+00,3.184340059384681565e-01,-8.141328025076832731e-01,1.119074582320601086e-01,5.477557999454407689e-01,0.000000000000000000e+00,0.000000000000000000e+00,0.000000000000000000e+00
-4.628579567963255204e-01,1.419693487220268002e+00,8.878864745694399208e-01,3.783034716215639970e-02,-4.015625344284658171e-02,4.385535012204366812e-01,8.970101263142575831e-01,-1.307938686386090066e-01,-4.397682414540123041e-02,8.168566388986425730e-02,3.979754314679109228e-01,-3.381367294362983555e-01,-4.086555185564930137e-02,-1.710392494609054848e-01,-1.399043676694682325e-01,-1.539909544000480635e-01,5.199765039044859094e-01,-7.006615386334277829e-02,1.140571262596806607e-01,-3.092585463946291302e-01,0.000000000000000000e+00,0.000000000000000000e+00,-7.302851790213995553e-01,2.967303062444563433e-01,-1.320122247597805387e+00,1.090985691736604535e-01,0.000000000000000000e+00,0.000000000000000000e+00,0.000000000000000000e+00,3.187546982205078927e-01,-8.137021903145826851e-01,1.126264210750861916e-01,5.423734174288934451e-01,0.000000000000000000e+00,0.000000000000000000e+00,0.000000000000000000e+00
-4.630313278923332554e-01,1.419498198712920489e+00,8.879358167087277875e-01,3.787144972774922347e-02,-3.979330340470617344e-02,4.386569560113185440e-01,8.969739802483365221e-01,-1.314986908555379475e-01,-4.491854464491649990e-02,8.056048480853239546e-02,3.968628177556384751e-01,-3.359878578557012885e-01,-4.056726646592992425e-02,-1.717510945891537189e-01,-1.402443423669633149e-01,-1.537066847040930995e-01,5.192722252057641041e-01,-7.039003987154969499e-02,1.140845054497127420e-01,-3.104780679602452409e-01,0.000000000000000000e+00,0.000000000000000000e+00,-7.307493032459394522e-01,2.968511864572397907e-01,-1.321533110273369394e+00,1.086875837165053038e-01,0.000000000000000000e+00,0.000000000000000000e+00,0.000000000000000000e+00,3.195165965723067991e-01,-8.144382073789567800e-01,1.137494068872206138e-01,5.368071499485833620e-01,0.000000000000000000e+00,0.000000000000000000e+00,0.000000000000000000e+00
-4.632130741183848599e-01,1.419315881550555991e+00,8.879811273454484288e-01,3.784412543830033282e-02,-3.954420801071974190e-02,4.385688680324409394e-01,8.970292223642202245e-01,-1.318833691727784030e-01,-4.529419693920093415e-02,8.026879144290798018e-02,3.957423175918059477e-01,-3.347678250602368344e-01,-4.058122511404169130e-02,-1.725075760609255937e-01,-1.400043335167631409e-01,-1.527388817779767316e-01,5.186815847393433376e-01,-7.033256583466729328e-02,1.136549407896936398e-01,-3.112861669552218769e-01,0.000000000000000000e+00,0.000000000000000000e+00,-7.308440545921423004e-01,2.965405526292788640e-01,-1.321786382287827522e+00,1.092513149806808720e-01,0.000000000000000000e+00,0.000000000000000000e+00,0.000000000000000000e+00,3.195178917191052737e-01,-8.145681722756352716e-01,1.142169845604905504e-01,5.339013194438587684e-01,0.000000000000000000e+00,0.000000000000000000e+00,0.000000000000000000e+00
-4.633667122868862509e-01,1.419154382533521552e+00,8.879883455766732769e-01,3.771044163148308537e-02,-3.934577656215458574e-02,4.382553689000357466e-01,8.971967811405545667e-01,-1.326678000845802896e-01,-4.510315355023473277e-02,8.063146012269349627e-02,3.956798449267920903e-01,-3.338547857810220121e-01,-4.065128770223817856e-02,-1.735234236822475462e-01,-1.391440031525019438e-01,-1.509141121571070665e-01,5.183789466025833237e-01,-7.019602974052777111e-02,1.136544307856326846e-01,-3.116014447425533573e-01,0.000000000000000000e+00,0.000000000000000000e+00,-7.304224050782116562e-01,2.959159622299161185e-01,-1.320700300834393159e+00,1.092767095863221849e-01,0.000000000000000000e+00,0.000000000000000000e+00,0.000000000000000000e+00,3.194965956671614316e-01,-8.150404718829377115e-01,1.154671647314537142e-01,5.315687063237827248e-01,0.000000000000000000e+00,0.000000000000000000e+00,0.000000000000000000e+00
-4.634768111448113737e-01,1.419000394942488974e+00,8.879758942094353458e-01,3.751914698662263403e-02,-3.944037487548857079e-02,4.381239756876839642e-01,8.972648173012768291e-01,-1.331114606037933357e-01,-4.436095976691029757e-02,8.123773899504947715e-02,3.962308582915834432e-01,-3.342772524619317398e-01,-4.014418003069180479e-02,-1.739761828882349093e-01,-1.380623288421636008e-01,-1.495697070401042217e-01,5.181047256332184103e-01,-6.843698628421777952e-02,1.141598193153709750e-01,-3.120879428665048194e-01,0.000000000000000000e+00,0.000000000000000000e+00,-7.305584554673768549e-01,2.955408007749125709e-01,-1.320813885191926884e+00,1.085646016245489232e-01,0.000000000000000000e+00,0.000000000000000000e+00,0.000000000000000000e+00,3.196357106822010907e-01,-8.159428015567561365e-01,1.168654075523831853e-01,5.297765977406568849e-01,0.000000000000000000e+00,0.000000000000000000e+00,0.000000000000000000e+00
-4.634640673329479266e-01,1.418817553223984618e+00,8.879584655200892795e-01,3.761359289873857092e-02,-3.936219314206995668e-02,4.379083349361704847e-01,8.973695590857335702e-01,-1.335909160039717436e-01,-4.482232594500498712e-02,8.019227620876404061e-02,3.964250254948779029e-01,-3.332231227699556375e-01,-3.972784550053289759e-02,-1.745077057358782047e-01,-1.381342427168347209e-01,-1.492636334700804257e-01,5.182064451135944827e-01,-6.762017540462735010e-02,1.146427591097688992e-01,-3.120295447058575866e-01,0.000000000000000000e+00,0.000000000000000000e+00,-7.304364753926431142e-01,2.953640003684775972e-01,-1.321475175904422539e+00,1.086011955612525837e-01,0.000000000000000000e+00,0.000000000000000000e+00,0.000000000000000000e+00,3.211193311489694557e-01,-8.167824589314303108e-01,1.170048865246542946e-01,5.262412956645871054e-01,0.000000000000000000e+00,0.000000000000000000e+00,0.000000000000000000e+00
-4.633624952568298205e-01,1.418650770308539366e+00,8.879293222510443728e-01,3.770996861442769965e-02,-3.933577367660057861e-02,4.380364575822986439e-01,8.973041385199959086e-01,-1.338357135845494317e-01,-4.491969797251374463e-02,7.993675676869609059e-02,3.967418396246596979e-01,-3.333030837751339570e-01,-3.938582330043087498e-02,-1.747266760662732898e-01,-1.382028088982335812e-01,-1.492597681902067541e-01,5.182836293076218404e-01,-6.647933789451351827e-02,1.150788262828262298e-01,-3.116011912835565112e-01,0.000000000000000000e+00,0.000000000000000000e+00,-7.306207975008628397e-01,2.948895537556906477e-01,-1.321658128868711701e+00,1.081874509595163319e-01,0.000000000000000000e+00,0.000000000000000000e+00,0.000000000000000000e+00,3.234459954318074093e-01,-8.182759115837852093e-01,1.173497123437167028e-01,5.225576555683074664e-01,0.000000000000000000e+00,0.000000000000000000e+00,0.000000000000000000e+00
-4.631704829401202539e-01,1.418483586241787053e+00,8.878291716633346375e-01,3.781981407158424568e-02,-3.916396055153456568e-02,4.381806948485980069e-01,8.972366045361206410e-01,-1.348293178094520373e-01,-4.522734468063494689e-02,7.931096414344568357e-02,3.982687165039640598e-01,-3.344018991176035960e-01,-3.880780143651588188e-02,-1.757550767731652086e-01,-1.383942937444131438e-01,-1.491431451983580847e-01,5.196990945795015859e-01,-6.622124005356229415e-02,1.148811429792555572e-01,-3.113077164833357724e-01,0.000000000000000000e+00,0.000000000000000000e+00,-7.291548952832748176e-01,2.944315946273643458e-01,-1.320253556757243318e+00,1.071849433934318890e-01,0.000000000000000000e+00,0.000000000000000000e+00,0.000000000000000000e+00,3.254694046723307643e-01,-8.188187458909749195e-01,1.172218012945038940e-01,5.191756812245404973e-01,0.000000000000000000e+00,0.000000000000000000e+00,0.000000000000000000e+00
-4.628567869537337787e-01,1.418245757522326844e+00,8.873425934420724470e-01,3.798955748135183358e-02,-3.919296862063359477e-02,4.382760716324384798e-01,8.971815812685350888e-01,-1.402848109807839638e-01,-4.606974966359796142e-02,7.575271830263867467e-02,4.097570477120273669e-01,-3.391428393226488813e-01,-3.827661692974300423e-02,-1.778101437592917444e-01,-1.381923916214674031e-01,-1.487750817430637529e-01,5.239065756859060397e-01,-6.867906531874745646e-02,1.097314452787762767e-01,-3.077482658303468122e-01,0.000000000000000000e+00,0.000000000000000000e+00,-7.243076875044918150e-01,2.945220277816686383e-01,-1.315696823816750127e+00,1.065803775335079917e-01,0.000000000000000000e+00,0.000000000000000000e+00,0.000000000000000000e+00,3.287977285127213767e-01,-8.155572099729559987e-01,1.180148796439916409e-01,5.194942269418626468e-01,0.000000000000000000e+00,0.000000000000000000e+00,0.000000000000000000e+00
