1.368194326780965663e-03,-1.422485466187698236e-02,1.072084329130740032e+00,8.659328130821535019e-04,3.263613985770164039e-02,6.515542635353935852e-01,7.578991847234054502e-01,-2.400608102094583529e-01,-3.881688106875901684e-02,1.176114252242134034e-01,1.515335176068799139e-01,-6.745170842229740449e-02,6.627376313935560981e-02,-3.816252621917654020e-01,-1.232760927160501258e-01,-8.272655085650545970e-02,3.824993548501746665e-01,-1.197813040519784822e-01,3.138688788018702269e-02,-3.945735668164276899e-02,0.000000000000000000e+00,0.000000000000000000e+00,0.000000000000000000e+00,0.000000000000000000e+00,0.000000000000000000e+00,0.000000000000000000e+00,0.000000000000000000e+00,0.000000000000000000e+00,0.000000000000000000e+00,0.000000000000000000e+00,0.000000000000000000e+00,0.000000000000000000e+00,0.000000000000000000e+00,0.000000000000000000e+00,0.000000000000000000e+00,0.000000000000000000e+00
1.324032369397242772e-03,-1.417267202198684364e-02,1.071901111268036333e+00,1.740685254874117099e-04,3.440046262375211911e-02,6.524165564670708628e-01,7.570793978963300530e-01,-2.491268808047283345e-01,-4.008236022902909867e-02,1.167902632702514099e-01,1.617921594350728853e-01,-7.339478592943642077e-02,6.593046577499490912e-02,-3.884008954810350689e-01,-1.262563632630488430e-01,-8.468773606248146402e-02,3.897768986527527235e-01,-1.258393785739311821e-01,3.242763480615983018e-02,-4.166703559545808372e-02,0.000000000000000000e+00,0.000000000000000000e+00,0.000000000000000000e+00,0.000000000000000000e+00,0.000000000000000000e+00,0.000000000000000000e+00,0.000000000000000000e+00,0.000000000000000000e+00,0.000000000000000000e+00,0.000000000000000000e+00,0.000000000000000000e+00,0.000000000000000000e+00,0.000000000000000000e+00,0.000000000000000000e+00,0.000000000000000000e+00,0.000000000000000000e+00
1.266795543632234528e-03,-1.414202615776606609e-02,1.071889936876481819e+00,-2.439813755524683492e-06,3.467839118552753369e-02,6.520247179384314196e-01,7.574042357791117563e-01,-2.493005648669809338e-01,-4.007533010678491353e-02,1.178804378146603993e-01,1.612044708659222947e-01,-7.437603329898209714e-02,6.594932787200002977e-02,-3.887248551789462825e-01,-1.263319606309849241e-01,-8.474840590083301817e-02,3.887998204541304736e-01,-1.273458506312036276e-01,3.274854534184945543e-02,-4.121239919531186763e-02,0.000000000000000000e+00,0.000000000000000000e+00,0.000000000000000000e+00,0.000000000000000000e+00,0.000000000000000000e+00,0.000000000000000000e+00,0.000000000000000000e+00,0.000000000000000000e+00,0.000000000000000000e+00,0.000000000000000000e+00,0.000000000000000000e+00,0.000000000000000000e+00,0.000000000000000000e+00,0.000000000000000000e+00,0.000000000000000000e+00,0.000000000000000000e+00
1.181005452867344048e-03,-1.413190216098054834e-02,1.071914454602648226e+00,-2.669794855304340880e-04,3.492149755999926497e-02,6.516500418358055491e-01,7.577154087818952499e-01,-2.492052567177204248e-01,-4.001056244617883645e-02,1.186070189691938864e-01,1.596843570449624494e-01,-7.444288039218900643e-02,6.619506007645779844e-02,-3.888170579323230736e-01,-1.262087227897477348e-01,-8.489065484239594062e-02,3.871323995321030442e-01,-1.276909355074350993e-01,3.334885875270841155e-02,-4.059265573707518393e-02,0.000000000000000000e+00,0.000000000000000000e+00,0.000000000000000000e+00,0.000000000000000000e+00,0.000000000000000000e+00,0.000000000000000000e+00,0.000000000000000000e+00,0.000000000000000000e+00,0.000000000000000000e+00,0.000000000000000000e+00,0.000000000000000000e+00,0.000000000000000000e+00,0.000000000000000000e+00,0.000000000000000000e+00,0.000000000000000000e+00,0.000000000000000000e+00
1.067106116876269904e-03,-1.418210854694475567e-02,1.071915541751269796e+00,-3.414867727404326259e-04,3.491896146871163731e-02,6.516946000502985559e-01,7.576771725359109366e-01,-2.493025991078401116e-01,-4.004394681891845081e-02,1.187031129576387595e-01,1.595273602295502469e-01,-7.491232069258575710e-02,6.670753531658202284e-02,-3.886954372564694338e-01,-1.260808521722461550e-01,-8.447072770513487650e-02,3.865977755820819151e-01,-1.279498022182130601e-01,3.410495651990964883e-02,-4.066843418833752249e-02,0.000000000000000000e+00,0.000000000000000000e+00,0.000000000000000000e+00,0.000000000000000000e+00,0.000000000000000000e+00,0.000000000000000000e+00,0.000000000000000000e+00,0.000000000000000000e+00,0.000000000000000000e+00,0.000000000000000000e+00,0.000000000000000000e+00,0.000000000000000000e+00,0.000000000000000000e+00,0.000000000000000000e+00,0.000000000000000000e+00,0.000000000000000000e+00
9.667445890550040600e-04,-1.427128667401721465e-02,1.071917277726417428e+00,-5.148616783785895518e-04,3.507571170906308849e-02,6.512537732011841607e-01,7.580487796024580893e-01,-2.501683136814789044e-01,-3.991739383844519068e-02,1.190881568961355275e-01,1.601717407786788505e-01,-7.504486095383307298e-02,6.683397177311015125e-02,-3.890325318120130826e-01,-1.259726603694262537e-01,-8.443925209078330385e-02,3.855518499883259231e-01,-1.280115762889281195e-01,3.456382206307991034e-02,-3.993012210687951064e-02,0.000000000000000000e+00,0.000000000000000000e+00,0.000000000000000000e+00,0.000000000000000000e+00,0.000000000000000000e+00,0.000000000000000000e+00,0.000000000000000000e+00,0.000000000000000000e+00,0.000000000000000000e+00,0.000000000000000000e+00,0.000000000000000000e+00,0.000000000000000000e+00,0.000000000000000000e+00,0.000000000000000000e+00,0.000000000000000000e+00,0.000000000000000000e+00
8.583860841952184418e-04,-1.440139715330189876e-02,1.071912613074045284e+00,-7.969837892613240715e-04,3.538146292751650351e-02,6.512841537332133557e-01,7.580082242258069369e-01,-2.517439810863904004e-01,-3.984200687933631829e-02,1.194291161597041406e-01,1.610645142832773657e-01,-7.501017226537760874e-02,6.617852317714591204e-02,-3.898049359486725485e-01,-1.261795820989660144e-01,-8.494487253146851269e-02,3.847792310552401451e-01,-1.270915510664724912e-01,3.451717483766299222e-02,-3.945722362253433618e-02,0.000000000000000000e+00,0.000000000000000000e+00,0.000000000000000000e+00,0.000000000000000000e+00,0.000000000000000000e+00,0.000000000000000000e+00,0.000000000000000000e+00,0.000000000000000000e+00,0.000000000000000000e+00,0.000000000000000000e+00,0.000000000000000000e+00,0.000000000000000000e+00,0.000000000000000000e+00,0.000000000000000000e+00,0.000000000000000000e+00,0.000000000000000000e+00
7.414934351705399808e-04,-1.452487849713507764e-02,1.071904985307093883e+00,-1.182444091137834635e-03,3.579716770532357512e-02,6.514157965312096232e-01,7.578750719213941389e-01,-2.534166695864706886e-01,-3.979367908829475192e-02,1.198708667175573811e-01,1.613052339696235959e-01,-7.425509280365155673e-02,6.564115048181838608e-02,-3.905818435065906979e-01,-1.264646690864184575e-01,-8.551389687949695340e-02,3.832905630954780984e-01,-1.254767983589644698e-01,3.547852543776430084e-02,-3.952000905656430363e-02,0.000000000000000000e+00,0.000000000000000000e+00,0.000000000000000000e+00,0.000000000000000000e+00,0.000000000000000000e+00,0.000000000000000000e+00,0.000000000000000000e+00,0.000000000000000000e+00,0.000000000000000000e+00,0.000000000000000000e+00,0.000000000000000000e+00,0.000000000000000000e+00,0.000000000000000000e+00,0.000000000000000000e+00,0.000000000000000000e+00,0.000000000000000000e+00
6.164448240534587797e-04,-1.465223695367413870e-02,1.071880202172409868e+00,-1.557106573706565703e-03,3.628899791202238462e-02,6.515967069911290377e-01,7.576954635524594250e-01,-2.551539793097268305e-01,-3.985071633417643089e-02,1.204568937294877712e-01,1.614612387434767315e-01,-7.366155018028534840e-02,6.457797953154652271e-02,-3.919081879951241132e-01,-1.270793996621291388e-01,-8.664245231718134543e-02,3.829219969337245844e-01,-1.248128947318468407e-01,3.547822910654705592e-02,-3.929026969466382913e-02,0.000000000000000000e+00,0.000000000000000000e+00,0.000000000000000000e+00,0.000000000000000000e+00,0.000000000000000000e+00,0.000000000000000000e+00,0.000000000000000000e+00,0.000000000000000000e+00,0.000000000000000000e+00,0.000000000000000000e+00,0.000000000000000000e+00,0.000000000000000000e+00,0.000000000000000000e+00,0.000000000000000000e+00,0.000000000000000000e+00,0.000000000000000000e+00
4.504957419509620156e-04,-1.476185582937202673e-02,1.071846037262000673e+00,-1.705718714178265302e-03,3.645155905396498669e-02,6.516643690160990321e-01,7.576291470904831238e-01,-2.562787912664210022e-01,-3.986097336505754762e-02,1.207449912414791521e-01,1.622123335738919203e-01,-7.328432589477600068e-02,6.367094677394102842e-02,-3.926541539168048045e-01,-1.274255461264307276e-01,-8.696462647115818512e-02,3.829805702676620793e-01,-1.240560555057011738e-01,3.572033981133513475e-02,-3.906984607374586888e-02,0.000000000000000000e+00,0.000000000000000000e+00,0.000000000000000000e+00,0.000000000000000000e+00,0.000000000000000000e+00,0.000000000000000000e+00,0.000000000000000000e+00,0.000000000000000000e+00,0.000000000000000000e+00,0.000000000000000000e+00,0.000000000000000000e+00,0.000000000000000000e+00,0.000000000000000000e+00,0.000000000000000000e+00,0.000000000000000000e+00,0.000000000000000000e+00
2.334132445632936849e-04,-1.476665130221421589e-02,1.071822424170578048e+00,-2.313541734434763561e-03,3.716577951764239718e-02,6.516910140859698553e-01,7.575699139466198773e-01,-2.577458160361376649e-01,-4.009409894107345690e-02,1.212560863451005444e-01,1.608024333211672541e-01,-7.288480734275573636e-02,6.261952719287268432e-02,-3.939191607075179791e-01,-1.279471859930010891e-01,-8.763607657131791684e-02,3.810945280956502534e-01,-1.234825751658995274e-01,3.741966635001615221e-02,-3.955374514825654025e-02,0.000000000000000000e+00,0.000000000000000000e+00,0.000000000000000000e+00,0.000000000000000000e+00,0.000000000000000000e+00,0.000000000000000000e+00,0.000000000000000000e+00,0.000000000000000000e+00,0.000000000000000000e+00,0.000000000000000000e+00,0.000000000000000000e+00,0.000000000000000000e+00,0.000000000000000000e+00,0.000000000000000000e+00,0.000000000000000000e+00,0.000000000000000000e+00
-2.545156604266500793e-05,-1.472748462298658842e-02,1.071787224377952041e+00,-2.574843103818605025e-03,3.765369584956918675e-02,6.519759465904165774e-01,7.572997652445092598e-01,-2.588190372021817454e-01,-4.083107499638738425e-02,1.211909716280220595e-01,1.602534482692548612e-01,-7.248707199145626445e-02,6.287905819625276560e-02,-3.952451584875261714e-01,-1.288297236507312538e-01,-8.774615044418401788e-02,3.814183373841048552e-01,-1.231972836223989981e-01,3.849594880460550234e-02,-3.996894072553729832e-02,0.000000000000000000e+00,0.000000000000000000e+00,0.000000000000000000e+00,0.000000000000000000e+00,0.000000000000000000e+00,0.000000000000000000e+00,0.000000000000000000e+00,0.000000000000000000e+00,0.000000000000000000e+00,0.000000000000000000e+00,0.000000000000000000e+00,0.000000000000000000e+00,0.000000000000000000e+00,0.000000000000000000e+00,0.000000000000000000e+00,0.000000000000000000e+00
-3.343336686683706996e-04,-1.461713752679961835e-02,1.071695412975885553e+00,-2.742123186765824117e-03,3.826584085493782428e-02,6.523953728516580508e-01,7.569071829926302675e-01,-2.605342651361592932e-01,-4.185583114280453515e-02,1.217269403187251908e-01,1.610608764728606035e-01,-7.277817278004060364e-02,6.313326911681226006e-02,-3.976699020262239870e-01,-1.307114835367622629e-01,-8.890939204290262965e-02,3.842816237617616704e-01,-1.237505531213958510e-01,3.995940141542824592e-02,-4.053699982754734032e-02,0.000000000000000000e+00,0.000000000000000000e+00,0.000000000000000000e+00,0.000000000000000000e+00,0.000000000000000000e+00,0.000000000000000000e+00,0.000000000000000000e+00,0.000000000000000000e+00,0.000000000000000000e+00,0.000000000000000000e+00,0.000000000000000000e+00,0.000000000000000000e+00,0.000000000000000000e+00,0.000000000000000000e+00,0.000000000000000000e+00,0.000000000000000000e+00
-7.148893065488046974e-04,-1.445570185532202984e-02,1.071645791822882110e+00,-3.087340376874086675e-03,3.872885920661627013e-02,6.529113671285785570e-01,7.564372349826794517e-01,-2.619028419742239766e-01,-4.258313242123885206e-02,1.217265324594411918e-01,1.610445603389619451e-01,-7.228732505310599132e-02,6.354311761282767368e-02,-3.990714538808085021e-01,-1.317876553932352257e-01,-8.937628906142418284e-02,3.850629469117394232e-01,-1.227363152052922540e-01,4.104814142317953635e-02,-4.129819754122167341e-02,0.000000000000000000e+00,0.000000000000000000e+00,0.000000000000000000e+00,0.000000000000000000e+00,0.000000000000000000e+00,0.000000000000000000e+00,0.000000000000000000e+00,0.000000000000000000e+00,0.000000000000000000e+00,0.000000000000000000e+00,0.000000000000000000e+00,0.000000000000000000e+00,0.000000000000000000e+00,0.000000000000000000e+00,0.000000000000000000e+00,0.000000000000000000e+00
-1.127060836260318846e-03,-1.426919361749681009e-02,1.071577619360919220e+00,-3.194189819510853331e-03,3.920215385329998969e-02,6.534805064466511215e-01,7.559207736124778920e-01,-2.625327697165270591e-01,-4.395124548907883288e-02,1.213981870482398057e-01,1.603839611701020906e-01,-7.249807537410064839e-02,6.413726724517418432e-02,-4.007542413605377774e-01,-1.334773691837441434e-01,-8.986516424989682283e-02,3.873053792669460815e-01,-1.228408976854961920e-01,4.198391949163186171e-02,-4.232311164101863754e-02,0.000000000000000000e+00,0.000000000000000000e+00,0.000000000000000000e+00,0.000000000000000000e+00,0.000000000000000000e+00,0.000000000000000000e+00,0.000000000000000000e+00,0.000000000000000000e+00,0.000000000000000000e+00,0.000000000000000000e+00,0.000000000000000000e+00,0.000000000000000000e+00,0.000000000000000000e+00,0.000000000000000000e+00,0.000000000000000000e+00,0.000000000000000000e+00
-1.544843493027963678e-03,-1.405618314415725545e-02,1.071511293542280585e+00,-3.413477085565759170e-03,3.981070967267562322e-02,6.538261481156644184e-01,7.555890573650316799e-01,-2.633716872251749552e-01,-4.523246536176982885e-02,1.211929886967930414e-01,1.595627668276107247e-01,-7.267963384968839646e-02,6.363835125583060248e-02,-4.023814543170966540e-01,-1.350405717603262168e-01,-9.035723712680809872e-02,3.886051628207045638e-01,-1.238834710543852968e-01,4.259324391902725299e-02,-4.242520349763495568e-02,0.000000000000000000e+00,0.000000000000000000e+00,0.000000000000000000e+00,0.000000000000000000e+00,0.000000000000000000e+00,0.000000000000000000e+00,0.000000000000000000e+00,0.000000000000000000e+00,0.000000000000000000e+00,0.000000000000000000e+00,0.000000000000000000e+00,0.000000000000000000e+00,0.000000000000000000e+00,0.000000000000000000e+00,0.000000000000000000e+00,0.000000000000000000e+00
-2.012000479679164344e-03,-1.385926679485199181e-02,1.071431627409655585e+00,-3.531617848468109055e-03,4.016821485562233757e-02,6.544525324568185587e-01,7.550271021304743035e-01,-2.641533305243486951e-01,-4.631085096872985390e-02,1.212124066469364991e-01,1.595401799832226464e-01,-7.317003614637643261e-02,6.347679536687945989e-02,-4.035091107798962073e-01,-1.363489446531437332e-01,-9.020659484289644814e-02,3.899652098758837337e-01,-1.237536996459751987e-01,4.290799966169928786e-02,-4.303261289450844435e-02,0.000000000000000000e+00,0.000000000000000000e+00,0.000000000000000000e+00,0.000000000000000000e+00,0.000000000000000000e+00,0.000000000000000000e+00,0.000000000000000000e+00,0.000000000000000000e+00,0.000000000000000000e+00,0.000000000000000000e+00,0.000000000000000000e+00,0.000000000000000000e+00,0.000000000000000000e+00,0.000000000000000000e+00,0.000000000000000000e+00,0.000000000000000000e+00
-2.518319485214932235e-03,-1.365595182418197912e-02,1.071404177939480507e+00,-3.717890191268970884e-03,4.038919489289210379e-02,6.547707610774647913e-01,7.547384584519771789e-01,-2.647733213188462886e-01,-4.709848741372215514e-02,1.211743695123447123e-01,1.597958325067581620e-01,-7.423715296304649047e-02,6.350556695648881811e-02,-4.032964243641277147e-01,-1.374089061112017118e-01,-9.098975253102176142e-02,3.888620381267166026e-01,-1.238288629604917118e-01,4.377962878818393577e-02,-4.231636671676600875e-02,0.000000000000000000e+00,0.000000000000000000e+00,0.000000000000000000e+00,0.000000000000000000e+00,0.000000000000000000e+00,0.000000000000000000e+00,0.000000000000000000e+00,0.000000000000000000e+00,0.000000000000000000e+00,0.000000000000000000e+00,0.000000000000000000e+00,0.000000000000000000e+00,0.000000000000000000e+00,0.000000000000000000e+00,0.000000000000000000e+00,0.000000000000000000e+00
-3.097866961144498527e-03,-1.346309032405910988e-02,1.071352646872627989e+00,-3.919269542452223296e-03,4.073897779065994290e-02,6.551548363922495843e-01,7.543852565941822075e-01,-2.661944324972773668e-01,-4.810552483816570718e-02,1.209533422739694775e-01,1.609878260954986373e-01,-7.540338960954223735e-02,6.326989267202877409e-02,-4.042081553300683749e-01,-1.385009447037973129e-01,-9.064971857892305251e-02,3.893763353328727472e-01,-1.235980229031872490e-01,4.428414729250219201e-02,-4.145611781721990352e-02,0.000000000000000000e+00,0.000000000000000000e+00,0.000000000000000000e+00,0.000000000000000000e+00,0.000000000000000000e+00,0.000000000000000000e+00,0.000000000000000000e+00,0.000000000000000000e+00,0.000000000000000000e+00,0.000000000000000000e+00,0.000000000000000000e+00,0.000000000000000000e+00,0.000000000000000000e+00,0.000000000000000000e+00,0.000000000000000000e+00,0.000000000000000000e+00
-3.745198008975997826e-03,-1.330099552446648709e-02,1.071315535360845228e+00,-4.238558134955633383e-03,4.115125129844429686e-02,6.556787234937503372e-01,7.539058433910129642e-01,-2.672439621778803787e-01,-4.918901662314507928e-02,1.205668280059395692e-01,1.606977528374500808e-01,-7.599596591916568666e-02,6.229537649756961698e-02,-4.044448276414397969e-01,-1.398563698254547960e-01,-9.144028930696655733e-02,3.880674752695774110e-01,-1.229332594965189679e-01,4.523607910330077614e-02,-4.067160013330421708e-02,0.000000000000000000e+00,0.000000000000000000e+00,0.000000000000000000e+00,0.000000000000000000e+00,0.000000000000000000e+00,0.000000000000000000e+00,0.000000000000000000e+00,0.000000000000000000e+00,0.000000000000000000e+00,0.000000000000000000e+00,0.000000000000000000e+00,0.000000000000000000e+00,0.000000000000000000e+00,0.000000000000000000e+00,0.000000000000000000e+00,0.000000000000000000e+00
-4.542862467032658148e-03,-1.322055913825209011e-02,1.071283556966604822e+00,-4.130370592744710481e-03,4.110002182488293326e-02,6.558064421083906748e-01,7.537981419013279893e-01,-2.675023489042663849e-01,-5.035151752519509416e-02,1.205278069945563413e-01,1.616602289665479142e-01,-7.700310462357119745e-02,6.237432415507716127e-02,-4.041468564214644732e-01,-1.408766760901554171e-01,-9.049740569651198996e-02,3.877561091020829132e-01,-1.223029635796258480e-01,4.622793479571109254e-02,-4.003547729569446184e-02,0.000000000000000000e+00,0.000000000000000000e+00,0.000000000000000000e+00,0.000000000000000000e+00,0.000000000000000000e+00,0.000000000000000000e+00,0.000000000000000000e+00,0.000000000000000000e+00,0.000000000000000000e+00,0.000000000000000000e+00,0.000000000000000000e+00,0.000000000000000000e+00,0.000000000000000000e+00,0.000000000000000000e+00,0.000000000000000000e+00,0.000000000000000000e+00
-5.463857405442763479e-03,-1.316692806963149984e-02,1.071198443976085324e+00,-4.216630813505296838e-03,4.132772483467868352e-02,6.565040433252209429e-01,7.531777215785181445e-01,-2.691604253901542232e-01,-5.182513508027276200e-02,1.204060933806008898e-01,1.634580686346437384e-01,-7.820737542590025515e-02,6.254147410163889143e-02,-4.052648087912629760e-01,-1.427656911678037988e-01,-9.062654513669810008e-02,3.894907007205918870e-01,-1.223202890041933388e-01,4.771367454095333527e-02,-3.929354421707495493e-02,0.000000000000000000e+00,0.000000000000000000e+00,0.000000000000000000e+00,0.000000000000000000e+00,0.000000000000000000e+00,0.000000000000000000e+00,0.000000000000000000e+00,0.000000000000000000e+00,0.000000000000000000e+00,0.000000000000000000e+00,0.000000000000000000e+00,0.000000000000000000e+00,0.000000000000000000e+00,0.000000000000000000e+00,0.000000000000000000e+00,0.000000000000000000e+00
-6.571526502012510831e-03,-1.321855846164913563e-02,1.071105372331335515e+00,-4.192855489484687698e-03,4.132489733882844379e-02,6.565821367439901302e-01,7.531099325672682143e-01,-2.706717456077250006e-01,-5.319173064947475826e-02,1.205465548246568291e-01,1.661176886190390833e-01,-7.970991191489085193e-02,6.302069394660027302e-02,-4.062770879657541245e-01,-1.443149485606445293e-01,-8.994446647661896721e-02,3.910087965453503678e-01,-1.220652883054884064e-01,4.926444639189991870e-02,-3.810295950224995565e-02,0.000000000000000000e+00,0.000000000000000000e+00,0.000000000000000000e+00,0.000000000000000000e+00,0.000000000000000000e+00,0.000000000000000000e+00,0.000000000000000000e+00,0.000000000000000000e+00,0.000000000000000000e+00,0.000000000000000000e+00,0.000000000000000000e+00,0.000000000000000000e+00,0.000000000000000000e+00,0.000000000000000000e+00,0.000000000000000000e+00,0.000000000000000000e+00
-7.848372567264000690e-03,-1.331097191396828777e-02,1.070997892167822263e+00,-4.460783988892396204e-03,4.162471984843243988e-02,6.574450394963772260e-01,7.523386897836307208e-01,-2.740044876832791743e-01,-5.503029193355313264e-02,1.196971874311490158e-01,1.700090860599961784e-01,-8.202514264240921837e-02,6.413756922703085783e-02,-4.084051365747778939e-01,-1.464044095434588189e-01,-8.982743959926192678e-02,3.936420453368243422e-01,-1.218265406024519604e-01,4.984615612402232970e-02,-3.690776023530584204e-02,0.000000000000000000e+00,0.000000000000000000e+00,0.000000000000000000e+00,0.000000000000000000e+00,0.000000000000000000e+00,0.000000000000000000e+00,0.000000000000000000e+00,0.000000000000000000e+00,0.000000000000000000e+00,0.000000000000000000e+00,0.000000000000000000e+00,0.000000000000000000e+00,0.000000000000000000e+00,0.000000000000000000e+00,0.000000000000000000e+00,0.000000000000000000e+00
-9.309797610730433104e-03,-1.350681093971341055e-02,1.070889988488532785e+00,-4.756634477918209383e-03,4.174668413718080062e-02,6.584014143561142118e-01,7.514932909653031512e-01,-2.776590290316393594e-01,-5.663652153280415019e-02,1.191876217643735303e-01,1.746424677960377037e-01,-8.401957094187531561e-02,6.489869832072442390e-02,-4.095353939054862669e-01,-1.485024070367391702e-01,-9.028825508133098143e-02,3.943840004580804193e-01,-1.201490505228480082e-01,5.041507561277682598e-02,-3.552532678219617185e-02,0.000000000000000000e+00,0.000000000000000000e+00,0.000000000000000000e+00,0.000000000000000000e+00,0.000000000000000000e+00,0.000000000000000000e+00,0.000000000000000000e+00,0.000000000000000000e+00,0.000000000000000000e+00,0.000000000000000000e+00,0.000000000000000000e+00,0.000000000000000000e+00,0.000000000000000000e+00,0.000000000000000000e+00,0.000000000000000000e+00,0.000000000000000000e+00
-1.098952308931098673e-02,-1.379671146624835559e-02,1.070765027500460986e+00,-4.859063179398956031e-03,4.159600837547369756e-02,6.592200395602102470e-01,7.507829919720347966e-01,-2.806589076183939602e-01,-5.843497164531238214e-02,1.187796331789947590e-01,1.791675484498668203e-01,-8.574253615106781912e-02,6.643131068153744490e-02,-4.105481413013394310e-01,-1.508018607962133828e-01,-9.062943409029730613e-02,3.958611397099377482e-01,-1.178589645899150995e-01,5.105627815318308782e-02,-3.310687581789454464e-02,0.000000000000000000e+00,0.000000000000000000e+00,0.000000000000000000e+00,0.000000000000000000e+00,0.000000000000000000e+00,0.000000000000000000e+00,0.000000000000000000e+00,0.000000000000000000e+00,0.000000000000000000e+00,0.000000000000000000e+00,0.000000000000000000e+00,0.000000000000000000e+00,0.000000000000000000e+00,0.000000000000000000e+00,0.000000000000000000e+00,0.000000000000000000e+00
-1.286510638426546956e-02,-1.412263877163979185e-02,1.070570620831536646e+00,-5.045242781728042671e-03,4.171486128462650184e-02,6.600735860874745731e-01,7.500248508035574080e-01,-2.832596069848460907e-01,-6.083303845828240408e-02,1.186053578956706156e-01,1.815165044549786888e-01,-8.738832151543185489e-02,6.793594652993911742e-02,-4.129294560384815238e-01,-1.537416621705496311e-01,-9.093979131358312373e-02,3.987915383918486656e-01,-1.161764683497526762e-01,5.131587157936141896e-02,-3.189475341949703224e-02,0.000000000000000000e+00,0.000000000000000000e+00,0.000000000000000000e+00,0.000000000000000000e+00,0.000000000000000000e+00,0.000000000000000000e+00,0.000000000000000000e+00,0.000000000000000000e+00,0.000000000000000000e+00,0.000000000000000000e+00,0.000000000000000000e+00,0.000000000000000000e+00,0.000000000000000000e+00,0.000000000000000000e+00,0.000000000000000000e+00,0.000000000000000000e+00
-1.497325318802785778e-02,-1.443554883438287473e-02,1.070330865626424766e+00,-5.392186492513465976e-03,4.209783706350091886e-02,6.603892542312786995e-01,7.497231017750886073e-01,-2.861701539419275742e-01,-6.378078786222579621e-02,1.178990652509710468e-01,1.833834671421137874e-01,-8.992676004725649874e-02,7.015302914483714791e-02,-4.166362878057178198e-01,-1.567165480901817898e-01,-9.000647720920121331e-02,4.023727379970583051e-01,-1.155617417657707202e-01,5.287876891623198572e-02,-3.061673910032926618e-02,0.000000000000000000e+00,0.000000000000000000e+00,0.000000000000000000e+00,0.000000000000000000e+00,0.000000000000000000e+00,0.000000000000000000e+00,0.000000000000000000e+00,0.000000000000000000e+00,0.000000000000000000e+00,0.000000000000000000e+00,0.000000000000000000e+00,0.000000000000000000e+00,0.000000000000000000e+00,0.000000000000000000e+00,0.000000000000000000e+00,0.000000000000000000e+00
-1.725754863710763157e-02,-1.471137713565789408e-02,1.070055624970992048e+00,-5.558926572006098361e-03,4.233525217750944147e-02,6.610165934802119114e-01,7.491554497580922289e-01,-2.883896359397122855e-01,-6.710575441929411689e-02,1.173010307782312578e-01,1.846917197940470545e-01,-9.195925464017830342e-02,7.227600933685190965e-02,-4.203849600817973764e-01,-1.603201261475026840e-01,-8.931501398763094790e-02,4.074967863306611093e-01,-1.147953925611799458e-01,5.454165311678843553e-02,-2.929126754299821167e-02,0.000000000000000000e+00,0.000000000000000000e+00,0.000000000000000000e+00,0.000000000000000000e+00,0.000000000000000000e+00,0.000000000000000000e+00,0.000000000000000000e+00,0.000000000000000000e+00,0.000000000000000000e+00,0.000000000000000000e+00,0.000000000000000000e+00,0.000000000000000000e+00,0.000000000000000000e+00,0.000000000000000000e+00,0.000000000000000000e+00,0.000000000000000000e+00
-1.972211655797165980e-02,-1.489100110697222715e-02,1.069798416951984521e+00,-5.836313125768137315e-03,4.264242498127077813e-02,6.620800024844923914e-01,7.481962518958169550e-01,-2.906558029929589559e-01,-7.080311399027425234e-02,1.162303177048697733e-01,1.856439028569290550e-01,-9.437155729800181247e-02,7.412836461228292095e-02,-4.234225298735178056e-01,-1.641922801440835189e-01,-8.896252057720985262e-02,4.112679809650814922e-01,-1.135534417874575069e-01,5.550783433939772415e-02,-2.851146313692358783e-02,0.000000000000000000e+00,0.000000000000000000e+00,0.000000000000000000e+00,0.000000000000000000e+00,0.000000000000000000e+00,0.000000000000000000e+00,0.000000000000000000e+00,0.000000000000000000e+00,0.000000000000000000e+00,0.000000000000000000e+00,0.000000000000000000e+00,0.000000000000000000e+00,0.000000000000000000e+00,0.000000000000000000e+00,0.000000000000000000e+00,0.000000000000000000e+00
-2.236695064301003066e-02,-1.491965960767125884e-02,1.069516481325668344e+00,-6.626211331115921047e-03,4.331747403594006507e-02,6.633723434881190206e-01,7.470052367029441642e-01,-2.940406280021828356e-01,-7.444908164793324901e-02,1.153694289213452739e-01,1.863652739765075672e-01,-9.691041859533754133e-02,7.564711136933369162e-02,-4.270627465828831237e-01,-1.683535220520605558e-01,-8.938059331699549359e-02,4.142024044264275839e-01,-1.119938677862152426e-01,5.852293066431785151e-02,-2.752535806503564331e-02,0.000000000000000000e+00,0.000000000000000000e+00,0.000000000000000000e+00,0.000000000000000000e+00,0.000000000000000000e+00,0.000000000000000000e+00,0.000000000000000000e+00,0.000000000000000000e+00,0.000000000000000000e+00,0.000000000000000000e+00,0.000000000000000000e+00,0.000000000000000000e+00,0.000000000000000000e+00,0.000000000000000000e+00,0.000000000000000000e+00,0.000000000000000000e+00
-2.513681842616055997e-02,-1.486851614002063574e-02,1.069208262156785771e+00,-7.198587620658213407e-03,4.399567322601587865e-02,6.650410586342585528e-01,7.454749837548417801e-01,-2.961340926375412574e-01,-7.889202061356771767e-02,1.144438218170018839e-01,1.851718378101344653e-01,-9.877800750931853280e-02,7.749666578452932275e-02,-4.301095502565388529e-01,-1.732532075588328613e-01,-8.982141121529026162e-02,4.169862469023791762e-01,-1.098729837587308217e-01,6.111367175077038472e-02,-2.686152194685208563e-02,0.000000000000000000e+00,0.000000000000000000e+00,0.000000000000000000e+00,0.000000000000000000e+00,0.000000000000000000e+00,0.000000000000000000e+00,0.000000000000000000e+00,0.000000000000000000e+00,0.000000000000000000e+00,0.000000000000000000e+00,0.000000000000000000e+00,0.000000000000000000e+00,0.000000000000000000e+00,0.000000000000000000e+00,0.000000000000000000e+00,0.000000000000000000e+00
-2.799089327064395102e-02,-1.472020607941816606e-02,1.068853567551373285e+00,-7.655621271369085663e-03,4.473210894300515272e-02,6.664029115355112332e-01,7.442093720113001076e-01,-2.986052844863724132e-01,-8.347231610359830134e-02,1.142343747658896014e-01,1.852330581263598175e-01,-1.009367861339447725e-01,7.921260540204089207e-02,-4.340130227731211487e-01,-1.781516209397447370e-01,-8.880995755427503746e-02,4.212907708584541222e-01,-1.077894232001012087e-01,6.296189499637928899e-02,-2.692972548977766098e-02,0.000000000000000000e+00,0.000000000000000000e+00,0.000000000000000000e+00,0.000000000000000000e+00,0.000000000000000000e+00,0.000000000000000000e+00,0.000000000000000000e+00,0.000000000000000000e+00,0.000000000000000000e+00,0.000000000000000000e+00,0.000000000000000000e+00,0.000000000000000000e+00,0.000000000000000000e+00,0.000000000000000000e+00,0.000000000000000000e+00,0.000000000000000000e+00
-3.092370604969890344e-02,-1.444667261406325405e-02,1.068493539447192386e+00,-8.205667190464630001e-03,4.566396357600207428e-02,6.682709201260171872e-01,7.424698288620317221e-01,-3.003630284682203277e-01,-8.865651258105940180e-02,1.133997048279443143e-01,1.832146977916445652e-01,-1.030761254439223062e-01,8.017757863762423054e-02,-4.372063361293807016e-01,-1.835804384884450191e-01,-8.821206704680434330e-02,4.242755307330423054e-01,-1.064402667269023078e-01,6.590887064191518208e-02,-2.715855377905793122e-02,0.000000000000000000e+00,0.000000000000000000e+00,0.000000000000000000e+00,0.000000000000000000e+00,0.000000000000000000e+00,0.000000000000000000e+00,0.000000000000000000e+00,0.000000000000000000e+00,0.000000000000000000e+00,0.000000000000000000e+00,0.000000000000000000e+00,0.000000000000000000e+00,0.000000000000000000e+00,0.000000000000000000e+00,0.000000000000000000e+00,0.000000000000000000e+00
-3.391009069983640101e-02,-1.405707669337728088e-02,1.068064881187100745e+00,-8.421956168956794275e-03,4.659198920944468414e-02,6.698299063096777584e-01,7.410034775957283770e-01,-3.016859339228648573e-01,-9.438738247127957670e-02,1.128513699556264460e-01,1.817159638927809406e-01,-1.052083258018593620e-01,8.152610408899310657e-02,-4.411937834186558383e-01,-1.895171068481272258e-01,-8.668518815830224267e-02,4.295927398043966616e-01,-1.050953856289491561e-01,6.812535950011333608e-02,-2.829160437833447284e-02,0.000000000000000000e+00,0.000000000000000000e+00,0.000000000000000000e+00,0.000000000000000000e+00,0.000000000000000000e+00,0.000000000000000000e+00,0.000000000000000000e+00,0.000000000000000000e+00,0.000000000000000000e+00,0.000000000000000000e+00,0.000000000000000000e+00,0.000000000000000000e+00,0.000000000000000000e+00,0.000000000000000000e+00,0.000000000000000000e+00,0.000000000000000000e+00
-3.692920123829940976e-02,-1.348966435891874038e-02,1.067543771393969054e+00,-8.392522873798120148e-03,4.776389324867350711e-02,6.714414158412763678e-01,7.394691346869077808e-01,-3.027224910249805556e-01,-1.011179478118563041e-01,1.117672813092596973e-01,1.798389291113417499e-01,-1.065709399666654594e-01,8.245213749238922141e-02,-4.467515700980667637e-01,-1.966440537539365652e-01,-8.499744954558291488e-02,4.383923372166748100e-01,-1.038102725108764474e-01,6.987277013067469400e-02,-2.912334665490249469e-02,0.000000000000000000e+00,0.000000000000000000e+00,0.000000000000000000e+00,0.000000000000000000e+00,0.000000000000000000e+00,0.000000000000000000e+00,0.000000000000000000e+00,0.000000000000000000e+00,0.000000000000000000e+00,0.000000000000000000e+00,0.000000000000000000e+00,0.000000000000000000e+00,0.000000000000000000e+00,0.000000000000000000e+00,0.000000000000000000e+00,0.000000000000000000e+00
-4.002131882129012636e-02,-1.279757037430493717e-02,1.066872319806864366e+00,-7.975982784467688241e-03,4.897593486544227215e-02,6.736787799531070986e-01,7.373565236326119487e-01,-3.043842373304790905e-01,-1.092398198728072450e-01,1.085329673556263419e-01,1.802381438636741218e-01,-1.091514390947626173e-01,8.486920147513069002e-02,-4.531600582294865731e-01,-2.051842762885106586e-01,-8.303439703597792487e-02,4.508126849214787457e-01,-1.023930142794272913e-01,7.215877199325268498e-02,-3.069568216002740990e-02,0.000000000000000000e+00,0.000000000000000000e+00,0.000000000000000000e+00,0.000000000000000000e+00,0.000000000000000000e+00,0.000000000000000000e+00,0.000000000000000000e+00,0.000000000000000000e+00,0.000000000000000000e+00,0.000000000000000000e+00,0.000000000000000000e+00,0.000000000000000000e+00,0.000000000000000000e+00,0.000000000000000000e+00,0.000000000000000000e+00,0.000000000000000000e+00
-4.325209767546771972e-02,-1.180577586992866829e-02,1.066115152745350070e+00,-7.456854647578266791e-03,5.053054743006839961e-02,6.754406250673533618e-01,7.356432702769768461e-01,-3.045965709202762550e-01,-1.180244968895230867e-01,1.067091189878070778e-01,1.778082893429913935e-01,-1.102767775419911250e-01,8.661210407393447885e-02,-4.608106073489980914e-01,-2.142603858382334525e-01,-7.960475473354944320e-02,4.644718015602627426e-01,-9.979986907263246887e-02,7.399209479134709333e-02,-3.511430261928032842e-02,0.000000000000000000e+00,0.000000000000000000e+00,0.000000000000000000e+00,0.000000000000000000e+00,0.000000000000000000e+00,0.000000000000000000e+00,0.000000000000000000e+00,0.000000000000000000e+00,0.000000000000000000e+00,0.000000000000000000e+00,0.000000000000000000e+00,0.000000000000000000e+00,0.000000000000000000e+00,0.000000000000000000e+00,0.000000000000000000e+00,0.000000000000000000e+00
-4.661501130798290787e-02,-1.048220811128707484e-02,1.065138850710453777e+00,-6.364071074831151482e-03,5.234092285381673065e-02,6.775760652295219622e-01,7.335602239913527889e-01,-3.045411730968197173e-01,-1.289108637272971536e-01,1.029944794513422690e-01,1.762991067559816216e-01,-1.120540765843563852e-01,8.948593735496533641e-02,-4.700168838674178007e-01,-2.255635166997205787e-01,-7.551703503802184581e-02,4.822642663852887979e-01,-9.335452498484941852e-02,7.596044470209341315e-02,-4.016306770082836430e-02,0.000000000000000000e+00,0.000000000000000000e+00,0.000000000000000000e+00,0.000000000000000000e+00,0.000000000000000000e+00,0.000000000000000000e+00,0.000000000000000000e+00,0.000000000000000000e+00,0.000000000000000000e+00,0.000000000000000000e+00,0.000000000000000000e+00,0.000000000000000000e+00,0.000000000000000000e+00,0.000000000000000000e+00,0.000000000000000000e+00,0.000000000000000000e+00
-5.010364341780292052e-02,-8.708055053373082999e-03,1.063795545834135270e+00,-4.398716144135336042e-03,5.483197896488839485e-02,6.807095756880060522e-01,7.304851668211558291e-01,-3.045772107337086920e-01,-1.431026742402007890e-01,9.797279095597483112e-02,1.763820478851292062e-01,-1.154258762479132977e-01,9.335186756753637016e-02,-4.792686344894503958e-01,-2.414290067915215443e-01,-7.205872073219656004e-02,4.987093893585494153e-01,-7.539106109241519582e-02,7.867948383859459105e-02,-4.757789291008214516e-02,0.000000000000000000e+00,0.000000000000000000e+00,0.000000000000000000e+00,0.000000000000000000e+00,0.000000000000000000e+00,0.000000000000000000e+00,0.000000000000000000e+00,0.000000000000000000e+00,0.000000000000000000e+00,0.000000000000000000e+00,0.000000000000000000e+00,0.000000000000000000e+00,0.000000000000000000e+00,0.000000000000000000e+00,0.000000000000000000e+00,0.000000000000000000e+00
-5.360112805188760321e-02,-6.358614465826650103e-03,1.061445119556497785e+00,8.571215629141707565e-04,5.844907591073558728e-02,6.844632931900377359e-01,7.267000558299521185e-01,-2.992703695510108286e-01,-1.654986635350360058e-01,9.143339507539476052e-02,1.730127159281775462e-01,-1.177519120916967477e-01,9.872469424247222458e-02,-4.852237256711749436e-01,-2.696534676142611220e-01,-7.129641612288716013e-02,5.024981784238826688e-01,-2.227594720199901207e-02,8.820972993410669538e-02,-5.967590314516026812e-02,0.000000000000000000e+00,0.000000000000000000e+00,0.000000000000000000e+00,0.000000000000000000e+00,0.000000000000000000e+00,0.000000000000000000e+00,0.000000000000000000e+00,0.000000000000000000e+00,0.000000000000000000e+00,0.000000000000000000e+00,0.000000000000000000e+00,0.000000000000000000e+00,0.000000000000000000e+00,0.000000000000000000e+00,0.000000000000000000e+00,0.000000000000000000e+00
-5.712399806803469121e-02,-3.134158616954416110e-03,1.058495481925039394e+00,7.806171312873833382e-03,6.249194014680908849e-02,6.878841963803707937e-01,7.230830889159645114e-01,-2.916490401149709477e-01,-1.912849326344562839e-01,8.592249886056957386e-02,1.716167438755225871e-01,-1.217414048513796587e-01,1.042878291771881516e-01,-4.901581698083221639e-01,-3.069814624815184745e-01,-8.047567444740416631e-02,5.005677970375437269e-01,5.362215882516315618e-02,9.660425755930208969e-02,-7.378214333606332442e-02,0.000000000000000000e+00,0.000000000000000000e+00,0.000000000000000000e+00,0.000000000000000000e+00,0.000000000000000000e+00,0.000000000000000000e+00,0.000000000000000000e+00,0.000000000000000000e+00,0.000000000000000000e+00,0.000000000000000000e+00,0.000000000000000000e+00,0.000000000000000000e+00,0.000000000000000000e+00,0.000000000000000000e+00,0.000000000000000000e+00,0.000000000000000000e+00
-6.121566605539165845e-02,7.017438377957124773e-04,1.058209591385242065e+00,7.880187240312907029e-03,6.150901495244585904e-02,6.901654638616896431e-01,7.209897199136862112e-01,-2.839030219259120469e-01,-1.974945762656176718e-01,7.881638633884224809e-02,1.684407035014601206e-01,-1.246510121461772702e-01,1.069109418766099051e-01,-5.222765021916306871e-01,-3.177208531740606245e-01,-8.043118826154772860e-02,5.402760974128090199e-01,4.441080846317416869e-02,8.645060400696986946e-02,-8.577620690816184501e-02,0.000000000000000000e+00,0.000000000000000000e+00,0.000000000000000000e+00,0.000000000000000000e+00,0.000000000000000000e+00,0.000000000000000000e+00,0.000000000000000000e+00,0.000000000000000000e+00,0.000000000000000000e+00,0.000000000000000000e+00,0.000000000000000000e+00,0.000000000000000000e+00,0.000000000000000000e+00,0.000000000000000000e+00,0.000000000000000000e+00,0.000000000000000000e+00
-6.571197881267598628e-02,5.273324716859982206e-03,1.060081626628318174e+00,8.133992781042733572e-04,5.813917527757431897e-02,6.943178791634572189e-01,7.173157305912204462e-01,-2.809587582496059222e-01,-1.893015652299267493e-01,6.519295401343051799e-02,1.625412701495683454e-01,-1.241675737727602202e-01,1.082113870735386257e-01,-5.876648016236797334e-01,-2.969320112754073593e-01,-5.443016846564593253e-02,6.075594005989135571e-01,-4.024278060825384890e-02,7.180627237241302141e-02,-1.008371817134588178e-01,0.000000000000000000e+00,0.000000000000000000e+00,0.000000000000000000e+00,0.000000000000000000e+00,0.000000000000000000e+00,0.000000000000000000e+00,0.000000000000000000e+00,0.000000000000000000e+00,0.000000000000000000e+00,0.000000000000000000e+00,0.000000000000000000e+00,0.000000000000000000e+00,0.000000000000000000e+00,0.000000000000000000e+00,0.000000000000000000e+00,0.000000000000000000e+00
-6.980245282501072734e-02,1.102126835038297337e-02,1.060162873399969508e+00,-6.812794658656341762e-04,5.697718684563529701e-02,6.980742898304241884e-01,7.137544549179328790e-01,-2.716437337399242313e-01,-1.932762491777686165e-01,5.417798000106761880e-02,1.569942516383755482e-01,-1.266241061248624677e-01,1.109811615814819408e-01,-6.292891315109258032e-01,-2.902539976748754191e-01,-4.138741817193837547e-02,6.477929492287540780e-01,-6.635531817707507329e-02,6.400999849354729876e-02,-1.202412468475933111e-01,0.000000000000000000e+00,0.000000000000000000e+00,0.000000000000000000e+00,0.000000000000000000e+00,0.000000000000000000e+00,0.000000000000000000e+00,0.000000000000000000e+00,0.000000000000000000e+00,0.000000000000000000e+00,0.000000000000000000e+00,0.000000000000000000e+00,0.000000000000000000e+00,0.000000000000000000e+00,0.000000000000000000e+00,0.000000000000000000e+00,0.000000000000000000e+00
-7.364441471580444876e-02,1.788580252749784674e-02,1.059892898382936322e+00,-1.051669046926490339e-03,5.630028532337123109e-02,7.021811002395141887e-01,7.097681835156796071e-01,-2.584289949920874352e-01,-1.996753637996052932e-01,4.253619261299761145e-02,1.491562410751664791e-01,-1.298459254474822189e-01,1.132786058139815949e-01,-6.598532889049850692e-01,-2.900109718310472928e-01,-4.233206426204910028e-02,6.759687003663171767e-01,-7.210940067748192184e-02,5.732590366224861456e-02,-1.385628558444965963e-01,0.000000000000000000e+00,0.000000000000000000e+00,0.000000000000000000e+00,0.000000000000000000e+00,0.000000000000000000e+00,0.000000000000000000e+00,0.000000000000000000e+00,0.000000000000000000e+00,0.000000000000000000e+00,0.000000000000000000e+00,0.000000000000000000e+00,0.000000000000000000e+00,0.000000000000000000e+00,0.000000000000000000e+00,0.000000000000000000e+00,0.000000000000000000e+00
-7.705155681459066597e-02,2.571735087113732887e-02,1.059355929576386579e+00,-1.530204441085668277e-03,5.694823223810727836e-02,7.065317189594101377e-01,7.053846379271270228e-01,-2.458677724532476461e-01,-2.074933150015867145e-01,2.896107770895525041e-02,1.408212459235680947e-01,-1.342479692579292561e-01,1.140977108950058522e-01,-6.909985648853169682e-01,-2.870508089922885753e-01,-4.666765553770308578e-02,6.862927065948414285e-01,-7.730670022384915352e-02,5.467916047425967763e-02,-1.573369853348833836e-01,0.000000000000000000e+00,0.000000000000000000e+00,0.000000000000000000e+00,0.000000000000000000e+00,0.000000000000000000e+00,0.000000000000000000e+00,0.000000000000000000e+00,0.000000000000000000e+00,0.000000000000000000e+00,0.000000000000000000e+00,0.000000000000000000e+00,0.000000000000000000e+00,0.000000000000000000e+00,0.000000000000000000e+00,0.000000000000000000e+00,0.000000000000000000e+00
-8.001524535228864143e-02,3.429435898199029858e-02,1.058414918387321491e+00,-1.538140159481738919e-03,5.867310570650377533e-02,7.099046727099144194e-01,7.018478869785332863e-01,-2.304969741818034268e-01,-2.166899142821185897e-01,1.615357951327807406e-02,1.272113352953761489e-01,-1.380200355526595424e-01,1.146227790590182427e-01,-7.220115381264815557e-01,-2.821614336695366099e-01,-5.257878302907467022e-02,6.821510496530044376e-01,-8.199564018059181392e-02,5.430476406406849199e-02,-1.746017645500422266e-01,0.000000000000000000e+00,0.000000000000000000e+00,0.000000000000000000e+00,0.000000000000000000e+00,0.000000000000000000e+00,0.000000000000000000e+00,0.000000000000000000e+00,0.000000000000000000e+00,0.000000000000000000e+00,0.000000000000000000e+00,0.000000000000000000e+00,0.000000000000000000e+00,0.000000000000000000e+00,0.000000000000000000e+00,0.000000000000000000e+00,0.000000000000000000e+00
-8.263071351853976121e-02,4.348192880947047284e-02,1.057110960286030243e+00,-1.241781386315150837e-03,6.117120834949503483e-02,7.156365703340205053e-01,6.957879277830361087e-01,-2.180896911600561650e-01,-2.285625812458067507e-01,-5.381757526033648098e-03,1.201460036457677322e-01,-1.463142993158469685e-01,1.175695438953418964e-01,-7.556543306723395581e-01,-2.747887788511788054e-01,-4.913544917427765946e-02,6.590905627539673795e-01,-7.466302215925950392e-02,6.134568991521372611e-02,-1.968636833955265120e-01,0.000000000000000000e+00,0.000000000000000000e+00,0.000000000000000000e+00,0.000000000000000000e+00,0.000000000000000000e+00,0.000000000000000000e+00,0.000000000000000000e+00,0.000000000000000000e+00,0.000000000000000000e+00,0.000000000000000000e+00,0.000000000000000000e+00,0.000000000000000000e+00,0.000000000000000000e+00,0.000000000000000000e+00,0.000000000000000000e+00,0.000000000000000000e+00
-8.483142996450497575e-02,5.298823296714458980e-02,1.055911323877355867e+00,-8.920499483161814513e-04,6.290122271053015524e-02,7.206755162082725263e-01,6.904125149259314753e-01,-2.041241203953874928e-01,-2.369442038911011295e-01,-2.057834592100245275e-02,1.137323628089362687e-01,-1.531244437392770830e-01,1.183813445844717760e-01,-7.870716940544751905e-01,-2.662683129480603039e-01,-5.044052528035631450e-02,6.369878072803208946e-01,-7.505555466608748727e-02,6.761595123663001472e-02,-2.150953067428382215e-01,0.000000000000000000e+00,0.000000000000000000e+00,0.000000000000000000e+00,0.000000000000000000e+00,0.000000000000000000e+00,0.000000000000000000e+00,0.000000000000000000e+00,0.000000000000000000e+00,0.000000000000000000e+00,0.000000000000000000e+00,0.000000000000000000e+00,0.000000000000000000e+00,0.000000000000000000e+00,0.000000000000000000e+00,0.000000000000000000e+00,0.000000000000000000e+00
-8.675233574318802487e-02,6.290231092240197719e-02,1.054510495253865754e+00,-1.533684159967137195e-04,6.495189156441885658e-02,7.251020884827933388e-01,6.855714328487031439e-01,-1.915899539509019756e-01,-2.453242453749419905e-01,-3.358765490868308168e-02,1.118522858728168423e-01,-1.617501088510034379e-01,1.169681007264024297e-01,-8.201035546147864563e-01,-2.554493565189662196e-01,-5.543892556467715227e-02,6.128442036426086093e-01,-7.535484838349162939e-02,7.574281356194184633e-02,-2.318064266959522779e-01,0.000000000000000000e+00,0.000000000000000000e+00,0.000000000000000000e+00,0.000000000000000000e+00,0.000000000000000000e+00,0.000000000000000000e+00,0.000000000000000000e+00,0.000000000000000000e+00,0.000000000000000000e+00,0.000000000000000000e+00,0.000000000000000000e+00,0.000000000000000000e+00,0.000000000000000000e+00,0.000000000000000000e+00,0.000000000000000000e+00,0.000000000000000000e+00
-8.844689033830048508e-02,7.326293221223667551e-02,1.053143936336303543e+00,1.247923588054537097e-03,6.616529393744445542e-02,7.305532220929391585e-01,6.796415130453068443e-01,-1.798845705599123046e-01,-2.532950369096424459e-01,-4.882251394798398786e-02,1.177780508855209574e-01,-1.718999255949316407e-01,1.174304476364991245e-01,-8.462086382688135400e-01,-2.439771057204282445e-01,-5.626007597664545862e-02,5.823945676371831137e-01,-7.372149478960202118e-02,8.404028304158742135e-02,-2.458225036657533391e-01,0.000000000000000000e+00,0.000000000000000000e+00,0.000000000000000000e+00,0.000000000000000000e+00,0.000000000000000000e+00,0.000000000000000000e+00,0.000000000000000000e+00,0.000000000000000000e+00,0.000000000000000000e+00,0.000000000000000000e+00,0.000000000000000000e+00,0.000000000000000000e+00,0.000000000000000000e+00,0.000000000000000000e+00,0.000000000000000000e+00,0.000000000000000000e+00
-9.011263052524474959e-02,8.442297468270106020e-02,1.051846356567250451e+00,2.529913888855150894e-03,6.660252431944020668e-02,7.335683642999519805e-01,6.763395287784719212e-01,-1.673295473178385562e-01,-2.587008584604409966e-01,-5.873847527707632549e-02,1.261423334954613062e-01,-1.835556415277824205e-01,1.174811886461704785e-01,-8.706967475227764819e-01,-2.272882860342676503e-01,-5.629668683624708403e-02,5.426411446069160371e-01,-7.665611895737350912e-02,9.405945743810632809e-02,-2.562431671800657340e-01,0.000000000000000000e+00,0.000000000000000000e+00,0.000000000000000000e+00,0.000000000000000000e+00,0.000000000000000000e+00,0.000000000000000000e+00,0.000000000000000000e+00,0.000000000000000000e+00,0.000000000000000000e+00,0.000000000000000000e+00,0.000000000000000000e+00,0.000000000000000000e+00,0.000000000000000000e+00,0.000000000000000000e+00,0.000000000000000000e+00,0.000000000000000000e+00
-9.173956723999161789e-02,9.674953857453666428e-02,1.049908211118673496e+00,4.598372276972902822e-03,6.742786326237489025e-02,7.370906935920978897e-01,6.724058652690293458e-01,-1.551289317020819181e-01,-2.656257163066768623e-01,-6.586773037311473289e-02,1.418184900596574927e-01,-2.059998479732016163e-01,1.196894758119876195e-01,-8.946711320722916527e-01,-2.146483815897954617e-01,-6.233212474394407565e-02,4.880419581744879776e-01,-7.667313447578158470e-02,1.069223589820107040e-01,-2.635071274712219580e-01,0.000000000000000000e+00,0.000000000000000000e+00,0.000000000000000000e+00,0.000000000000000000e+00,0.000000000000000000e+00,0.000000000000000000e+00,0.000000000000000000e+00,0.000000000000000000e+00,0.000000000000000000e+00,0.000000000000000000e+00,0.000000000000000000e+00,0.000000000000000000e+00,0.000000000000000000e+00,0.000000000000000000e+00,0.000000000000000000e+00,0.000000000000000000e+00
-9.330474095857112238e-02,1.107181686656982522e-01,1.047321683937334269e+00,7.010738932828834008e-03,6.938315671229977610e-02,7.407458213680326864e-01,6.681560111456381623e-01,-1.419470249059830991e-01,-2.748222719837175587e-01,-7.557866023309056658e-02,1.577911872119780179e-01,-2.291970743677472222e-01,1.208161616626496626e-01,-9.158441871630929043e-01,-2.018913709621620034e-01,-6.386420066111321570e-02,4.361570594699269443e-01,-7.293601650875217168e-02,1.189581078336127140e-01,-2.705520576041358649e-01,0.000000000000000000e+00,0.000000000000000000e+00,0.000000000000000000e+00,0.000000000000000000e+00,0.000000000000000000e+00,0.000000000000000000e+00,0.000000000000000000e+00,0.000000000000000000e+00,0.000000000000000000e+00,0.000000000000000000e+00,0.000000000000000000e+00,0.000000000000000000e+00,0.000000000000000000e+00,0.000000000000000000e+00,0.000000000000000000e+00,0.000000000000000000e+00
-9.483263974846338484e-02,1.268553043556859550e-01,1.044212124665989450e+00,9.217011142529481921e-03,7.160074235869628989e-02,7.435996042164422226e-01,6.647164876911295650e-01,-1.300807284952473775e-01,-2.834921285775379718e-01,-8.221786515820000973e-02,1.805575101742727673e-01,-2.547918116392406396e-01,1.214490649469448652e-01,-9.326953494244257792e-01,-1.911515819877772637e-01,-7.169553117137951459e-02,3.863304798545210694e-01,-6.551389073485190673e-02,1.303865080082267924e-01,-2.717480286640233111e-01,0.000000000000000000e+00,0.000000000000000000e+00,0.000000000000000000e+00,0.000000000000000000e+00,0.000000000000000000e+00,0.000000000000000000e+00,0.000000000000000000e+00,0.000000000000000000e+00,0.000000000000000000e+00,0.000000000000000000e+00,0.000000000000000000e+00,0.000000000000000000e+00,0.000000000000000000e+00,0.000000000000000000e+00,0.000000000000000000e+00,0.000000000000000000e+00
-9.642468221565007880e-02,1.456118029426193006e-01,1.040201402298149391e+00,1.110100737062300058e-02,7.463916907444280435e-02,7.468007501501485734e-01,6.607529051395902853e-01,-1.181536137130447806e-01,-2.929652443357912972e-01,-9.007598263864360910e-02,2.080673883476197306e-01,-2.872752083230469822e-01,1.239793205093054212e-01,-9.416451935612280000e-01,-1.811832284109636815e-01,-7.617758861836040896e-02,3.391740111917245781e-01,-5.638985659894729663e-02,1.402450788482945965e-01,-2.712789140743842031e-01,0.000000000000000000e+00,0.000000000000000000e+00,0.000000000000000000e+00,0.000000000000000000e+00,0.000000000000000000e+00,0.000000000000000000e+00,0.000000000000000000e+00,0.000000000000000000e+00,0.000000000000000000e+00,0.000000000000000000e+00,0.000000000000000000e+00,0.000000000000000000e+00,0.000000000000000000e+00,0.000000000000000000e+00,0.000000000000000000e+00,0.000000000000000000e+00
-9.808375364764287951e-02,1.672962578604495765e-01,1.035078340738650571e+00,1.249951094024032844e-02,7.944063431614641069e-02,7.504577185512307791e-01,6.560077442474162579e-01,-1.033037893786805661e-01,-3.035140925152987057e-01,-9.965872328883026987e-02,2.306022191830427170e-01,-3.168065472504635327e-01,1.244700266364583835e-01,-9.512461890023808930e-01,-1.772850109843980837e-01,-8.329932960788838381e-02,3.071971222793793976e-01,-4.547313086018026779e-02,1.479076447419734319e-01,-2.736975933874201128e-01,0.000000000000000000e+00,0.000000000000000000e+00,0.000000000000000000e+00,0.000000000000000000e+00,0.000000000000000000e+00,0.000000000000000000e+00,0.000000000000000000e+00,0.000000000000000000e+00,0.000000000000000000e+00,0.000000000000000000e+00,0.000000000000000000e+00,0.000000000000000000e+00,0.000000000000000000e+00,0.000000000000000000e+00,0.000000000000000000e+00,0.000000000000000000e+00
-9.977478620157245737e-02,1.920556675303650429e-01,1.029137176876704141e+00,1.319422554167827208e-02,8.509451747978279135e-02,7.552439684409462117e-01,6.497625594329121679e-01,-8.119640455955615121e-02,-3.117495107594784320e-01,-1.131725184201392564e-01,2.398768789752256103e-01,-3.329714525127725477e-01,1.166416923795945831e-01,-9.560229809130742495e-01,-1.744521121121176410e-01,-8.290830382698054224e-02,2.905533905698515218e-01,-3.261321611289617894e-02,1.486692336738168474e-01,-2.783163535239036035e-01,0.000000000000000000e+00,0.000000000000000000e+00,0.000000000000000000e+00,0.000000000000000000e+00,0.000000000000000000e+00,0.000000000000000000e+00,0.000000000000000000e+00,0.000000000000000000e+00,0.000000000000000000e+00,0.000000000000000000e+00,0.000000000000000000e+00,0.000000000000000000e+00,0.000000000000000000e+00,0.000000000000000000e+00,0.000000000000000000e+00,0.000000000000000000e+00
-1.017230334667811598e-01,2.193755613341414334e-01,1.022703009945163499e+00,1.382599833886801605e-02,8.861881780345898241e-02,7.604548567393186742e-01,6.431671305054640353e-01,-5.663665010560628432e-02,-3.123779460558665511e-01,-1.143601885753837699e-01,2.545281086865107678e-01,-3.423294118471548741e-01,1.062229311901859707e-01,-9.531577471495092935e-01,-1.783511617582674291e-01,-8.530851004608606958e-02,2.873335973016608591e-01,-1.621693708318482086e-02,1.465579441282394701e-01,-2.828729923175903882e-01,0.000000000000000000e+00,0.000000000000000000e+00,0.000000000000000000e+00,0.000000000000000000e+00,0.000000000000000000e+00,0.000000000000000000e+00,0.000000000000000000e+00,0.000000000000000000e+00,0.000000000000000000e+00,0.000000000000000000e+00,0.000000000000000000e+00,0.000000000000000000e+00,0.000000000000000000e+00,0.000000000000000000e+00,0.000000000000000000e+00,0.000000000000000000e+00
-1.036915136682479144e-01,2.491850510198996560e-01,1.016122190995047081e+00,1.218289174389215399e-02,9.168718367178019246e-02,7.664046346452256797e-01,6.356641986878067696e-01,-3.419900740364231750e-02,-3.101983887413639063e-01,-1.305931352698130044e-01,2.763234526479149689e-01,-3.373616990753833811e-01,8.915965798563166289e-02,-9.426224740614894682e-01,-1.819599805250613211e-01,-8.483573251086687361e-02,2.969978396286787614e-01,2.972099860197884025e-03,1.398918828897000866e-01,-2.906053074988573237e-01,0.000000000000000000e+00,0.000000000000000000e+00,0.000000000000000000e+00,0.000000000000000000e+00,0.000000000000000000e+00,0.000000000000000000e+00,0.000000000000000000e+00,0.000000000000000000e+00,0.000000000000000000e+00,0.000000000000000000e+00,0.000000000000000000e+00,0.000000000000000000e+00,0.000000000000000000e+00,0.000000000000000000e+00,0.000000000000000000e+00,0.000000000000000000e+00
-1.055222041627874030e-01,2.807298951594975889e-01,1.009871577002388499e+00,8.829925352521639237e-03,9.157445251781202999e-02,7.726404657869569981e-01,6.281423904600340613e-01,-1.159372577261538750e-02,-2.979536472133367253e-01,-1.508160891828775885e-01,2.989779275288231841e-01,-3.043462640521942264e-01,6.009796009766696367e-02,-9.256079983984619730e-01,-1.819952190540814474e-01,-9.604151824118535574e-02,3.225835565384266856e-01,2.370255191755873958e-02,1.268228575478992926e-01,-2.988579906884721860e-01,0.000000000000000000e+00,0.000000000000000000e+00,0.000000000000000000e+00,0.000000000000000000e+00,0.000000000000000000e+00,0.000000000000000000e+00,0.000000000000000000e+00,0.000000000000000000e+00,0.000000000000000000e+00,0.000000000000000000e+00,0.000000000000000000e+00,0.000000000000000000e+00,0.000000000000000000e+00,0.000000000000000000e+00,0.000000000000000000e+00,0.000000000000000000e+00
-1.071359124700126397e-01,3.133687692788932888e-01,1.003828097806156450e+00,7.138791866262324259e-04,9.131712149354305474e-02,7.781751673590496798e-01,6.213727404741498095e-01,6.789928996646592274e-03,-2.783228093112916635e-01,-1.810963636127486398e-01,3.135922919110850082e-01,-2.418944083521366584e-01,2.434397444201246569e-02,-9.065211461135838089e-01,-1.770852623240918300e-01,-1.140811658887408986e-01,3.537825063668450509e-01,3.994460628976426175e-02,1.053675050954975129e-01,-3.028246431369076008e-01,0.000000000000000000e+00,0.000000000000000000e+00,0.000000000000000000e+00,0.000000000000000000e+00,0.000000000000000000e+00,0.000000000000000000e+00,0.000000000000000000e+00,0.000000000000000000e+00,0.000000000000000000e+00,0.000000000000000000e+00,0.000000000000000000e+00,0.000000000000000000e+00,0.000000000000000000e+00,0.000000000000000000e+00,0.000000000000000000e+00,0.000000000000000000e+00
-1.082854664389252125e-01,3.458408766484898367e-01,1.001240437437665109e+00,-1.535721153119290819e-02,8.630747497009878810e-02,7.838443632973693953e-01,6.147383101330299304e-01,2.230899286320949665e-02,-2.263480415804770551e-01,-1.988615234691541445e-01,3.081847997801501760e-01,-1.079114056979107866e-01,-3.508161770552037373e-02,-8.917910981792223080e-01,-1.594510777649289224e-01,-1.516913865022583296e-01,3.913134063406442653e-01,4.463035821240195905e-02,7.673399024055294060e-02,-3.091974213095474155e-01,0.000000000000000000e+00,0.000000000000000000e+00,0.000000000000000000e+00,0.000000000000000000e+00,0.000000000000000000e+00,0.000000000000000000e+00,0.000000000000000000e+00,0.000000000000000000e+00,0.000000000000000000e+00,0.000000000000000000e+00,0.000000000000000000e+00,0.000000000000000000e+00,0.000000000000000000e+00,0.000000000000000000e+00,0.000000000000000000e+00,0.000000000000000000e+00
-1.091678526723740411e-01,3.775771475630712581e-01,1.004814746804314041e+00,-3.433743768400299157e-02,7.593550642384069849e-02,7.874579589249021128e-01,6.107083609737785634e-01,3.391838217078425866e-02,-1.602791085866524523e-01,-2.109645370837582579e-01,3.092700807621932002e-01,5.422999588355792433e-02,-9.914177764547901783e-02,-8.761353779811622555e-01,-1.305902267606562084e-01,-1.976022904120471879e-01,4.305838228797558842e-01,3.362564550455045265e-02,3.903822452079636074e-02,-3.071782884514084877e-01,0.000000000000000000e+00,0.000000000000000000e+00,0.000000000000000000e+00,0.000000000000000000e+00,0.000000000000000000e+00,0.000000000000000000e+00,0.000000000000000000e+00,0.000000000000000000e+00,0.000000000000000000e+00,0.000000000000000000e+00,0.000000000000000000e+00,0.000000000000000000e+00,0.000000000000000000e+00,0.000000000000000000e+00,0.000000000000000000e+00,0.000000000000000000e+00
-1.097757340994464786e-01,4.085571346463431897e-01,1.008468351861336210e+00,-5.592258758882188985e-02,6.406218685832770765e-02,7.877297979781036075e-01,6.101233201490297020e-01,3.579014413062241162e-02,-9.303838069739704675e-02,-2.223797055912075105e-01,3.195592660497468263e-01,2.463185702499600671e-01,-1.841912714897180614e-01,-8.637435134364828127e-01,-8.709285472383104798e-02,-2.418371359592191294e-01,4.648517703414708491e-01,9.049385683607077263e-03,-4.103505126429179972e-04,-2.934154569138220370e-01,0.000000000000000000e+00,0.000000000000000000e+00,0.000000000000000000e+00,0.000000000000000000e+00,0.000000000000000000e+00,0.000000000000000000e+00,0.000000000000000000e+00,0.000000000000000000e+00,0.000000000000000000e+00,0.000000000000000000e+00,0.000000000000000000e+00,0.000000000000000000e+00,0.000000000000000000e+00,0.000000000000000000e+00,0.000000000000000000e+00,0.000000000000000000e+00
-1.107064374431361437e-01,4.392065156473580756e-01,1.013387304178764436e+00,-6.884825707585245924e-02,5.563344273619477004e-02,7.852303606601741537e-01,6.128442854791329442e-01,2.623685278719062319e-02,-4.191415148132301288e-02,-1.969456335289904159e-01,3.626713386021187535e-01,4.077220523958020593e-01,-2.572798156493790733e-01,-8.438469386274951578e-01,-4.772131741030623958e-02,-2.606728164334997655e-01,4.924510899066305014e-01,-2.601844449309176702e-02,-4.095281367155684249e-02,-2.728736155338010172e-01,0.000000000000000000e+00,0.000000000000000000e+00,0.000000000000000000e+00,0.000000000000000000e+00,0.000000000000000000e+00,0.000000000000000000e+00,0.000000000000000000e+00,0.000000000000000000e+00,0.000000000000000000e+00,0.000000000000000000e+00,0.000000000000000000e+00,0.000000000000000000e+00,0.000000000000000000e+00,0.000000000000000000e+00,0.000000000000000000e+00,0.000000000000000000e+00
-1.157756866458252570e-01,4.698129141284047017e-01,1.018871733686294911e+00,-6.700667230927268014e-02,5.434664220458329531e-02,7.763852664087562694e-01,6.243256093181904776e-01,-1.576150567552337192e-02,-2.630530246768129216e-02,-1.123171771740258534e-01,4.668022124024837627e-01,4.942517157937023065e-01,-2.599999829988478006e-01,-8.205941772404968804e-01,-2.504903909050083810e-02,-2.332875817009687491e-01,5.339687452195776007e-01,-7.526617359252213424e-02,-6.945998697429070501e-02,-2.386879096123311617e-01,0.000000000000000000e+00,0.000000000000000000e+00,0.000000000000000000e+00,0.000000000000000000e+00,0.000000000000000000e+00,0.000000000000000000e+00,0.000000000000000000e+00,0.000000000000000000e+00,0.000000000000000000e+00,0.000000000000000000e+00,0.000000000000000000e+00,0.000000000000000000e+00,0.000000000000000000e+00,0.000000000000000000e+00,0.000000000000000000e+00,0.000000000000000000e+00
-1.134625852640323979e-01,5.028552190526576204e-01,1.025939203434049762e+00,-6.317452560720959731e-02,5.071005726188358015e-02,7.635919003135687166e-01,6.405972831524605615e-01,-9.116863684217048347e-02,7.740392716186584449e-03,-4.845881972973489771e-02,5.968960110969312449e-01,4.951769790877356137e-01,-2.593182466397381258e-01,-7.778344860755098678e-01,1.674035481608824108e-02,-2.009569679219231908e-01,5.491821057920851512e-01,-1.241379724859766193e-01,-9.689446673323004466e-02,-1.935937929232417754e-01,0.000000000000000000e+00,0.000000000000000000e+00,0.000000000000000000e+00,0.000000000000000000e+00,0.000000000000000000e+00,0.000000000000000000e+00,0.000000000000000000e+00,0.000000000000000000e+00,0.000000000000000000e+00,0.000000000000000000e+00,0.000000000000000000e+00,0.000000000000000000e+00,0.000000000000000000e+00,0.000000000000000000e+00,0.000000000000000000e+00,0.000000000000000000e+00
-1.113019019295012346e-01,5.342585377888606768e-01,1.038059645019544508e+00,-4.865478234088287113e-02,5.907287419764223335e-02,7.474789479047682095e-01,6.598623569567911851e-01,-1.768506869527685932e-01,2.524144876717353964e-02,4.219550370422710944e-02,6.742270462653539020e-01,4.637574947804672387e-01,-1.949444039505834336e-01,-7.170876279086567662e-01,2.474289960533988808e-02,-1.517696325933599599e-01,5.278034991296544076e-01,-1.638236020612027222e-01,-9.878521307081518377e-02,-1.441822099319922390e-01,0.000000000000000000e+00,0.000000000000000000e+00,0.000000000000000000e+00,0.000000000000000000e+00,0.000000000000000000e+00,0.000000000000000000e+00,0.000000000000000000e+00,0.000000000000000000e+00,0.000000000000000000e+00,0.000000000000000000e+00,0.000000000000000000e+00,0.000000000000000000e+00,0.000000000000000000e+00,0.000000000000000000e+00,0.000000000000000000e+00,0.000000000000000000e+00
-1.095368772581031408e-01,5.642721202203393460e-01,1.045295082271220366e+00,-3.781673724981798879e-02,5.747476263980151601e-02,7.313908594851197265e-01,6.784791497937827653e-01,-2.823094184906864701e-01,6.788513248766814279e-02,1.243043835193914926e-01,8.058185106906251560e-01,3.707938572762136120e-01,-1.248818718531738703e-01,-6.537003584826938107e-01,4.452999733720870712e-02,-1.140141969712636788e-01,5.139289007491695260e-01,-1.964512405639499693e-01,-9.846485108620234294e-02,-9.139696372774067101e-02,0.000000000000000000e+00,0.000000000000000000e+00,0.000000000000000000e+00,0.000000000000000000e+00,0.000000000000000000e+00,0.000000000000000000e+00,0.000000000000000000e+00,0.000000000000000000e+00,0.000000000000000000e+00,0.000000000000000000e+00,0.000000000000000000e+00,0.000000000000000000e+00,0.000000000000000000e+00,0.000000000000000000e+00,0.000000000000000000e+00,0.000000000000000000e+00
-1.071009027543548819e-01,5.936926213343616254e-01,1.050689050809371583e+00,-3.186530149706053028e-02,5.304092579506438504e-02,7.128728048847796650e-01,6.985582486858279427e-01,-3.872413254752679057e-01,1.127024284550026678e-01,1.818902407503130425e-01,9.037799698294218809e-01,2.794529044842943288e-01,-6.889116916835569260e-02,-5.892415016630021540e-01,7.541537658446907655e-02,-7.279007924227402782e-02,4.880039575758377546e-01,-2.147888174641797432e-01,-9.484201403196676483e-02,-3.733404780918182092e-02,0.000000000000000000e+00,0.000000000000000000e+00,0.000000000000000000e+00,0.000000000000000000e+00,0.000000000000000000e+00,0.000000000000000000e+00,0.000000000000000000e+00,0.000000000000000000e+00,0.000000000000000000e+00,0.000000000000000000e+00,0.000000000000000000e+00,0.000000000000000000e+00,0.000000000000000000e+00,0.000000000000000000e+00,0.000000000000000000e+00,0.000000000000000000e+00
-1.040046225544052766e-01,6.224294397841412252e-01,1.054712134287145942e+00,-2.376673512536453883e-02,4.658339516918676843e-02,6.927651634919113066e-01,7.192645951581505548e-01,-4.939211108399887973e-01,1.492417898090772355e-01,2.015685245785416302e-01,9.453804724832775008e-01,1.854687325523932673e-01,-2.705592425665165335e-02,-5.201955702698694006e-01,1.027935901553249098e-01,-2.673812976642444411e-02,4.666004589196434682e-01,-2.333383579366702099e-01,-9.688120260033510067e-02,2.260719053430076605e-02,0.000000000000000000e+00,0.000000000000000000e+00,0.000000000000000000e+00,0.000000000000000000e+00,0.000000000000000000e+00,0.000000000000000000e+00,0.000000000000000000e+00,0.000000000000000000e+00,0.000000000000000000e+00,0.000000000000000000e+00,0.000000000000000000e+00,0.000000000000000000e+00,0.000000000000000000e+00,0.000000000000000000e+00,0.000000000000000000e+00,0.000000000000000000e+00
-1.009141590867091987e-01,6.508636433289224366e-01,1.057592996523194495e+00,-1.526300261936824366e-02,3.905824255140843970e-02,6.746953056969764440e-01,7.369041585649389603e-01,-5.742401351277618415e-01,1.664306544179181002e-01,1.867226958717796426e-01,9.284106083651337826e-01,1.281042485425785138e-01,-3.560331895877871800e-03,-4.493083756123951722e-01,1.221250380144378728e-01,1.771729123971467826e-02,4.473595215985395890e-01,-2.437687902569471154e-01,-8.676332480331772068e-02,7.920988278536793270e-02,0.000000000000000000e+00,0.000000000000000000e+00,0.000000000000000000e+00,0.000000000000000000e+00,0.000000000000000000e+00,0.000000000000000000e+00,0.000000000000000000e+00,0.000000000000000000e+00,0.000000000000000000e+00,0.000000000000000000e+00,0.000000000000000000e+00,0.000000000000000000e+00,0.000000000000000000e+00,0.000000000000000000e+00,0.000000000000000000e+00,0.000000000000000000e+00
-9.794551392724398786e-02,6.797206672096652857e-01,1.058881055672742599e+00,-9.257398228391236494e-03,3.203218483208870176e-02,6.590820451221947041e-01,7.513315496573198526e-01,-6.309016187030105360e-01,1.861957007253946528e-01,1.773570529478016300e-01,8.475898879477086201e-01,8.970129851127237042e-02,7.602604968421685511e-03,-3.846632058841175095e-01,1.365384988497532204e-01,5.637837867109508905e-02,4.329723408588981859e-01,-2.509355241879840381e-01,-7.342390188470353241e-02,1.196324119917137052e-01,0.000000000000000000e+00,0.000000000000000000e+00,0.000000000000000000e+00,0.000000000000000000e+00,0.000000000000000000e+00,0.000000000000000000e+00,0.000000000000000000e+00,0.000000000000000000e+00,0.000000000000000000e+00,0.000000000000000000e+00,0.000000000000000000e+00,0.000000000000000000e+00,0.000000000000000000e+00,0.000000000000000000e+00,0.000000000000000000e+00,0.000000000000000000e+00
-9.539112774782425308e-02,7.089486616307579814e-01,1.058250455638165111e+00,-6.897029231072205474e-03,2.609143497996267366e-02,6.429430929519717175e-01,7.654383366632647734e-01,-6.623664628179355418e-01,2.027905234344652419e-01,1.612420870094913306e-01,7.309984237378847061e-01,7.956173563904773982e-02,6.157186826163070503e-03,-3.314384372526228972e-01,1.514178237578102937e-01,9.457329034965560044e-02,4.289022457314731196e-01,-2.626360175102131489e-01,-6.284874828561180793e-02,1.555609199379512919e-01,0.000000000000000000e+00,0.000000000000000000e+00,0.000000000000000000e+00,0.000000000000000000e+00,0.000000000000000000e+00,0.000000000000000000e+00,0.000000000000000000e+00,0.000000000000000000e+00,0.000000000000000000e+00,0.000000000000000000e+00,0.000000000000000000e+00,0.000000000000000000e+00,0.000000000000000000e+00,0.000000000000000000e+00,0.000000000000000000e+00,0.000000000000000000e+00
-9.341840311184171353e-02,7.385572802230023770e-01,1.055821163346061020e+00,-8.091970879049007609e-03,2.219689535997139071e-02,6.273739913719195149e-01,7.783596166257207294e-01,-6.834926084103901678e-01,2.109904973137649298e-01,1.397991482323891199e-01,6.081966121151465288e-01,7.735978124805589773e-02,-9.006240401030877335e-03,-2.911078947337893963e-01,1.645413630177752495e-01,1.287169775654206927e-01,4.361296494340991536e-01,-2.839894936814858495e-01,-5.111367940497562462e-02,1.817577977369805586e-01,0.000000000000000000e+00,0.000000000000000000e+00,0.000000000000000000e+00,0.000000000000000000e+00,0.000000000000000000e+00,0.000000000000000000e+00,0.000000000000000000e+00,0.000000000000000000e+00,0.000000000000000000e+00,0.000000000000000000e+00,0.000000000000000000e+00,0.000000000000000000e+00,0.000000000000000000e+00,0.000000000000000000e+00,0.000000000000000000e+00,0.000000000000000000e+00
-9.218922550338576327e-02,7.675496886828010457e-01,1.051727962372301484e+00,-7.327074534116450114e-03,1.897521205520662918e-02,6.103254256532600897e-01,7.918895946452382262e-01,-7.087026269457906702e-01,2.005997746912374091e-01,8.809245110796529166e-02,4.691324994546993699e-01,6.320379396506502212e-02,-3.420849083933226453e-02,-2.610612819302700616e-01,1.706735037090490181e-01,1.611143908604711905e-01,4.692645365102094401e-01,-3.260486260684871684e-01,-4.108958655706566182e-02,2.045793995232016993e-01,0.000000000000000000e+00,0.000000000000000000e+00,0.000000000000000000e+00,0.000000000000000000e+00,0.000000000000000000e+00,0.000000000000000000e+00,0.000000000000000000e+00,0.000000000000000000e+00,0.000000000000000000e+00,0.000000000000000000e+00,0.000000000000000000e+00,0.000000000000000000e+00,0.000000000000000000e+00,0.000000000000000000e+00,0.000000000000000000e+00,0.000000000000000000e+00
-9.171721021751086389e-02,7.959445889931331397e-01,1.046620619493148885e+00,-5.355124930536962757e-03,1.792394292332571276e-02,5.964795342340891704e-01,8.024102567558225596e-01,-7.297199862664212056e-01,1.821248434269256977e-01,2.662690338691589553e-02,3.545259609254076683e-01,4.793547726873328280e-02,-5.714176239709030380e-02,-2.404714924603073012e-01,1.669528935266111069e-01,1.804539510709437522e-01,5.175025760180959056e-01,-3.779634742374955447e-01,-4.274058803913126370e-02,2.186726988705331998e-01,0.000000000000000000e+00,0.000000000000000000e+00,0.000000000000000000e+00,0.000000000000000000e+00,0.000000000000000000e+00,0.000000000000000000e+00,0.000000000000000000e+00,0.000000000000000000e+00,0.000000000000000000e+00,0.000000000000000000e+00,0.000000000000000000e+00,0.000000000000000000e+00,0.000000000000000000e+00,0.000000000000000000e+00,0.000000000000000000e+00,0.000000000000000000e+00
-9.231660528749086048e-02,8.246453475235308028e-01,1.040182363853997094e+00,-6.895081099203269684e-03,1.638815897614484540e-02,5.846484095539233872e-01,8.110919327105142740e-01,-7.453996384735317449e-01,1.678476969913514916e-01,-1.674962988410501341e-02,2.833579178685700084e-01,4.484105379483339232e-02,-6.652736511357995597e-02,-2.221027885982537753e-01,1.649264354006272359e-01,1.929875023349251206e-01,5.606158696096064098e-01,-4.219131050815409512e-01,-4.364241005209454349e-02,2.262623344388697832e-01,0.000000000000000000e+00,0.000000000000000000e+00,0.000000000000000000e+00,0.000000000000000000e+00,0.000000000000000000e+00,0.000000000000000000e+00,0.000000000000000000e+00,0.000000000000000000e+00,0.000000000000000000e+00,0.000000000000000000e+00,0.000000000000000000e+00,0.000000000000000000e+00,0.000000000000000000e+00,0.000000000000000000e+00,0.000000000000000000e+00,0.000000000000000000e+00
-9.354937957322036202e-02,8.539851904059008181e-01,1.034050904980478469e+00,-7.854885862018365361e-03,1.337514630906162100e-02,5.713299071699970977e-01,8.205739109930501041e-01,-7.545715289766398159e-01,1.577279543067754419e-01,-3.611995629423900983e-02,2.509529640769987413e-01,4.761354024858016620e-02,-6.602415995928234693e-02,-1.944961612938154172e-01,1.570575932467797031e-01,2.057594938381911709e-01,5.842384615427643757e-01,-4.356867251995512613e-01,-3.834008387540090157e-02,2.356751398257321550e-01,0.000000000000000000e+00,0.000000000000000000e+00,0.000000000000000000e+00,0.000000000000000000e+00,0.000000000000000000e+00,0.000000000000000000e+00,0.000000000000000000e+00,0.000000000000000000e+00,0.000000000000000000e+00,0.000000000000000000e+00,0.000000000000000000e+00,0.000000000000000000e+00,0.000000000000000000e+00,0.000000000000000000e+00,0.000000000000000000e+00,0.000000000000000000e+00
-9.487143613988367752e-02,8.843405231892887963e-01,1.028239752563721021e+00,-7.965831277042588129e-03,6.507591305138734662e-03,5.575106915012815190e-01,8.301060327748702727e-01,-7.507776868555082750e-01,1.540568707367510615e-01,-3.813549930365760232e-02,2.558673279286071134e-01,5.725005220053622917e-02,-6.342146878349227967e-02,-1.503489335443572994e-01,1.472434173811031921e-01,2.236194822661995152e-01,5.802148039294692250e-01,-4.103591588496092735e-01,-2.280931538003709569e-02,2.499395514832107590e-01,0.000000000000000000e+00,0.000000000000000000e+00,0.000000000000000000e+00,0.000000000000000000e+00,0.000000000000000000e+00,0.000000000000000000e+00,0.000000000000000000e+00,0.000000000000000000e+00,0.000000000000000000e+00,0.000000000000000000e+00,0.000000000000000000e+00,0.000000000000000000e+00,0.000000000000000000e+00,0.000000000000000000e+00,0.000000000000000000e+00,0.000000000000000000e+00
-9.564621289157194950e-02,9.160020596782237901e-01,1.021957963016973947e+00,-8.528736000363438749e-03,5.577498611702902051e-04,5.430230162464642074e-01,8.396743138883795421e-01,-7.425424621819096682e-01,1.500599235071898574e-01,-2.138884162765816027e-02,2.881779871272126536e-01,6.830679441590954692e-02,-5.490792943894118316e-02,-1.061354827625083375e-01,1.361043524834248397e-01,2.508392786454698431e-01,5.714175669850313222e-01,-3.674187340164801752e-01,-1.351107433215596038e-03,2.655823736812926716e-01,0.000000000000000000e+00,0.000000000000000000e+00,0.000000000000000000e+00,0.000000000000000000e+00,0.000000000000000000e+00,0.000000000000000000e+00,0.000000000000000000e+00,0.000000000000000000e+00,0.000000000000000000e+00,0.000000000000000000e+00,0.000000000000000000e+00,0.000000000000000000e+00,0.000000000000000000e+00,0.000000000000000000e+00,0.000000000000000000e+00,0.000000000000000000e+00
-9.505882191108409873e-02,9.488539630214704035e-01,1.016905480852497545e+00,-9.741280595544233450e-03,-4.663353502962156588e-04,5.300992799035247893e-01,8.478794981773440931e-01,-7.256255062215337670e-01,1.425801401359764464e-01,-4.890383756830971040e-03,3.206713303667198534e-01,9.001751971219743020e-02,-4.496079479710722582e-02,-6.099680627277761363e-02,1.150369448231343961e-01,2.745780368552825923e-01,5.405000335318846938e-01,-2.903455674773425255e-01,2.758867868450431970e-02,2.843567472669198959e-01,0.000000000000000000e+00,0.000000000000000000e+00,0.000000000000000000e+00,0.000000000000000000e+00,0.000000000000000000e+00,0.000000000000000000e+00,0.000000000000000000e+00,0.000000000000000000e+00,0.000000000000000000e+00,0.000000000000000000e+00,0.000000000000000000e+00,0.000000000000000000e+00,0.000000000000000000e+00,0.000000000000000000e+00,0.000000000000000000e+00,0.000000000000000000e+00
-9.318618013941777634e-02,9.822297881053365654e-01,1.012478092492673953e+00,-8.656160416077864420e-03,5.012621856521264595e-03,5.183885027469167239e-01,8.550867235133436939e-01,-7.090360375865324416e-01,1.223983108996686969e-01,1.604067505603638116e-02,3.506601645835353831e-01,1.122349909090734621e-01,-2.957632507892399981e-02,-2.355912626143743388e-02,7.979653441395408164e-02,3.028676662804726250e-01,5.007388328805603139e-01,-1.725147024403375917e-01,7.448178269068828072e-02,3.003060009152954124e-01,0.000000000000000000e+00,0.000000000000000000e+00,0.000000000000000000e+00,0.000000000000000000e+00,0.000000000000000000e+00,0.000000000000000000e+00,0.000000000000000000e+00,0.000000000000000000e+00,0.000000000000000000e+00,0.000000000000000000e+00,0.000000000000000000e+00,0.000000000000000000e+00,0.000000000000000000e+00,0.000000000000000000e+00,0.000000000000000000e+00,0.000000000000000000e+00
-8.996085347745887140e-02,1.015170870628310462e+00,1.011470861923362774e+00,-4.718146229162574652e-03,1.842999069105319757e-02,5.066318969087821866e-01,8.619525483307640679e-01,-6.979768911200151527e-01,9.179252558150097219e-02,4.043135214501796665e-02,3.823777661344509027e-01,1.218189907749186729e-01,-1.055337552601193739e-02,-4.064250280444305086e-03,1.536315196571173824e-02,3.111458865163634901e-01,4.577324391442824103e-01,-6.107802373704722398e-03,1.311578524395372869e-01,3.137303925625295475e-01,0.000000000000000000e+00,0.000000000000000000e+00,0.000000000000000000e+00,0.000000000000000000e+00,0.000000000000000000e+00,0.000000000000000000e+00,0.000000000000000000e+00,0.000000000000000000e+00,0.000000000000000000e+00,0.000000000000000000e+00,0.000000000000000000e+00,0.000000000000000000e+00,0.000000000000000000e+00,0.000000000000000000e+00,0.000000000000000000e+00,0.000000000000000000e+00
-8.521729456863803842e-02,1.047695184444909167e+00,1.014434315963971489e+00,-1.028570611998833040e-04,3.462848120319433204e-02,5.016692309654079418e-01,8.643661495064244304e-01,-6.915463935175560906e-01,5.690749526751075205e-02,6.849961252737063466e-02,4.164833463428953553e-01,1.050876629744351975e-01,1.682138613436152258e-02,-6.271013228659135658e-03,-5.717584836261993542e-02,2.858143715820257169e-01,4.481312416358003148e-01,1.537481922277998680e-01,1.711638087822506815e-01,3.091338233296703764e-01,0.000000000000000000e+00,0.000000000000000000e+00,0.000000000000000000e+00,0.000000000000000000e+00,0.000000000000000000e+00,0.000000000000000000e+00,0.000000000000000000e+00,0.000000000000000000e+00,0.000000000000000000e+00,0.000000000000000000e+00,0.000000000000000000e+00,0.000000000000000000e+00,0.000000000000000000e+00,0.000000000000000000e+00,0.000000000000000000e+00,0.000000000000000000e+00
-7.922953760111567378e-02,1.079808721174585484e+00,1.019035810257778785e+00,3.904070969512786829e-03,4.961050826691267707e-02,5.019704938246626336e-01,8.634518973450630019e-01,-6.826807583855222239e-01,1.712299223102950116e-02,8.304728846330110270e-02,4.439749809131339209e-01,7.711992570566038319e-02,4.502461614995346278e-02,-2.556786363204896148e-02,-1.042073862086993485e-01,2.613303624095118516e-01,4.881122377126985712e-01,3.104774811576977434e-01,2.103417346527158838e-01,2.842207140817398225e-01,0.000000000000000000e+00,0.000000000000000000e+00,0.000000000000000000e+00,0.000000000000000000e+00,0.000000000000000000e+00,0.000000000000000000e+00,0.000000000000000000e+00,0.000000000000000000e+00,0.000000000000000000e+00,0.000000000000000000e+00,0.000000000000000000e+00,0.000000000000000000e+00,0.000000000000000000e+00,0.000000000000000000e+00,0.000000000000000000e+00,0.000000000000000000e+00
-7.264815057355397676e-02,1.112137493695515733e+00,1.025826618516461730e+00,3.762314068300185929e-03,5.676246673485081662e-02,5.053728637087790965e-01,8.610238881644431963e-01,-6.574434181731456661e-01,-1.145495151266030104e-02,8.046557948916030489e-02,4.553552472550707053e-01,3.621468915378812936e-02,6.529859240048251079e-02,-7.981816186404247504e-02,-1.287564779279257998e-01,2.045789426738743588e-01,5.778874901326488400e-01,3.875645395833485773e-01,1.976364123983498089e-01,2.438220739070267318e-01,0.000000000000000000e+00,0.000000000000000000e+00,0.000000000000000000e+00,0.000000000000000000e+00,0.000000000000000000e+00,0.000000000000000000e+00,0.000000000000000000e+00,0.000000000000000000e+00,0.000000000000000000e+00,0.000000000000000000e+00,0.000000000000000000e+00,0.000000000000000000e+00,0.000000000000000000e+00,0.000000000000000000e+00,0.000000000000000000e+00,0.000000000000000000e+00
-6.612302576774956031e-02,1.143957372852607568e+00,1.033785993004262771e+00,3.974447724901970791e-03,5.562855482820464742e-02,5.148706688808076803e-01,8.554518466747492722e-01,-6.080520499584457506e-01,-3.914113880100268672e-02,6.080510165755032698e-02,4.447422107561773696e-01,-1.090534363238375090e-02,7.988700110194946191e-02,-1.809015290841726464e-01,-1.372325634437071284e-01,1.325326905697076507e-01,7.256843097721783487e-01,3.681958972583483369e-01,1.403900900132254992e-01,1.813235750695585125e-01,0.000000000000000000e+00,0.000000000000000000e+00,0.000000000000000000e+00,0.000000000000000000e+00,0.000000000000000000e+00,0.000000000000000000e+00,0.000000000000000000e+00,0.000000000000000000e+00,0.000000000000000000e+00,0.000000000000000000e+00,0.000000000000000000e+00,0.000000000000000000e+00,0.000000000000000000e+00,0.000000000000000000e+00,0.000000000000000000e+00,0.000000000000000000e+00
-5.987853540056616714e-02,1.173955928069495780e+00,1.039242054137676563e+00,8.096808826638440468e-03,5.147848371547633639e-02,5.235791256239039626e-01,8.503818592915127761e-01,-5.533512314402482257e-01,-6.559566927516707890e-02,4.514009790971118541e-02,4.377530695116965131e-01,-5.623103016302871682e-02,9.422891348093974384e-02,-3.003806388383578052e-01,-1.552538630079330906e-01,6.365747676140812161e-02,8.713354160717626806e-01,3.071959368009647418e-01,7.986764507544880098e-02,1.149235651033966576e-01,0.000000000000000000e+00,0.000000000000000000e+00,0.000000000000000000e+00,0.000000000000000000e+00,0.000000000000000000e+00,0.000000000000000000e+00,0.000000000000000000e+00,0.000000000000000000e+00,0.000000000000000000e+00,0.000000000000000000e+00,0.000000000000000000e+00,0.000000000000000000e+00,0.000000000000000000e+00,0.000000000000000000e+00,0.000000000000000000e+00,0.000000000000000000e+00
-5.388472244685920537e-02,1.202063809917307768e+00,1.043406650520292578e+00,1.433213138019640703e-02,4.538317731920048226e-02,5.306800088017051831e-01,8.462350060619915348e-01,-4.929295063594097970e-01,-8.869338587470483593e-02,3.314709698337776900e-02,4.267523668159345918e-01,-8.988428893381987528e-02,1.053007574750612768e-01,-4.139731434238019259e-01,-1.736420628400495159e-01,4.330346376355723170e-03,9.703720794031530650e-01,2.407400874072865016e-01,3.891163156073560586e-02,5.173601498680791000e-02,0.000000000000000000e+00,0.000000000000000000e+00,0.000000000000000000e+00,0.000000000000000000e+00,0.000000000000000000e+00,0.000000000000000000e+00,0.000000000000000000e+00,0.000000000000000000e+00,0.000000000000000000e+00,0.000000000000000000e+00,0.000000000000000000e+00,0.000000000000000000e+00,0.000000000000000000e+00,0.000000000000000000e+00,0.000000000000000000e+00,0.000000000000000000e+00
-4.776722779028192561e-02,1.228904232092901339e+00,1.046868084396413545e+00,1.952896565273164881e-02,4.005852110544534661e-02,5.384561063598704012e-01,8.414742752521605640e-01,-4.330128864150334378e-01,-1.095456607159753376e-01,1.535807613733336519e-02,4.074802307998120487e-01,-1.115218803889794774e-01,1.102822671176628966e-01,-5.096851183266443153e-01,-1.912533721899343231e-01,-4.753675949200522610e-02,1.003679126101819863e+00,1.776552088702325616e-01,2.113735534924685022e-02,-1.117221138231959052e-02,0.000000000000000000e+00,0.000000000000000000e+00,0.000000000000000000e+00,0.000000000000000000e+00,0.000000000000000000e+00,0.000000000000000000e+00,0.000000000000000000e+00,0.000000000000000000e+00,0.000000000000000000e+00,0.000000000000000000e+00,0.000000000000000000e+00,0.000000000000000000e+00,0.000000000000000000e+00,0.000000000000000000e+00,0.000000000000000000e+00,0.000000000000000000e+00
-4.135789417251198308e-02,1.254632425634182535e+00,1.049506597609040970e+00,2.328516780200984987e-02,3.497841112341849856e-02,5.451838798086338089e-01,8.372627120041357118e-01,-3.752695461479446104e-01,-1.218015294175892466e-01,4.600517310138885207e-03,3.876136291691235081e-01,-1.312288631188844867e-01,1.086838628137817148e-01,-5.873527269090046410e-01,-2.095049283428311315e-01,-9.963981617102235511e-02,9.773526246339496737e-01,1.147530936604453378e-01,1.507528542507427516e-02,-6.924704024432409843e-02,0.000000000000000000e+00,0.000000000000000000e+00,0.000000000000000000e+00,0.000000000000000000e+00,0.000000000000000000e+00,0.000000000000000000e+00,0.000000000000000000e+00,0.000000000000000000e+00,0.000000000000000000e+00,0.000000000000000000e+00,0.000000000000000000e+00,0.000000000000000000e+00,0.000000000000000000e+00,0.000000000000000000e+00,0.000000000000000000e+00,0.000000000000000000e+00
-3.400677688242446928e-02,1.279276864375860745e+00,1.050262281054419766e+00,2.793498132184000365e-02,3.105713420087562876e-02,5.501205166001532643e-01,8.340398722179651614e-01,-3.236659776962372281e-01,-1.335357597168564392e-01,-5.086406585162656091e-03,3.773717564592596330e-01,-1.560155927725941638e-01,1.048501116401799188e-01,-6.453549037255266185e-01,-2.236622411838510849e-01,-1.404086506974918103e-01,9.046094790255817530e-01,5.858431221836894048e-02,2.068419736282855331e-02,-1.175923944030525109e-01,0.000000000000000000e+00,0.000000000000000000e+00,0.000000000000000000e+00,0.000000000000000000e+00,0.000000000000000000e+00,0.000000000000000000e+00,0.000000000000000000e+00,0.000000000000000000e+00,0.000000000000000000e+00,0.000000000000000000e+00,0.000000000000000000e+00,0.000000000000000000e+00,0.000000000000000000e+00,0.000000000000000000e+00,0.000000000000000000e+00,0.000000000000000000e+00
-2.537679661695393940e-02,1.303269119871983239e+00,1.049443425611919833e+00,3.427988452140309089e-02,2.890504949234875762e-02,5.548827260907286396e-01,8.307192955006926782e-01,-2.733872898708721855e-01,-1.471166625965990848e-01,-1.286765674360373923e-02,3.671112078649901855e-01,-1.786281042885727588e-01,9.760018875714651654e-02,-6.820078787806467258e-01,-2.337094871009050556e-01,-1.725127223015239242e-01,7.985226642989179391e-01,3.051995777489353162e-02,4.002533150104814474e-02,-1.588618068205298606e-01,0.000000000000000000e+00,0.000000000000000000e+00,0.000000000000000000e+00,0.000000000000000000e+00,0.000000000000000000e+00,0.000000000000000000e+00,0.000000000000000000e+00,0.000000000000000000e+00,0.000000000000000000e+00,0.000000000000000000e+00,0.000000000000000000e+00,0.000000000000000000e+00,0.000000000000000000e+00,0.000000000000000000e+00,0.000000000000000000e+00,0.000000000000000000e+00
-1.535121800244034981e-02,1.326937377220977599e+00,1.046868300957570996e+00,4.249028680833888405e-02,2.803475597656007387e-02,5.606390345235798822e-01,8.264941021887270978e-01,-2.249087039581988967e-01,-1.640417178945901555e-01,-2.341397099147383976e-02,3.612796616833473529e-01,-2.047445447389519280e-01,9.365980384849956208e-02,-7.052509159805164796e-01,-2.377573814830857835e-01,-1.892234020805038108e-01,6.726302626978147847e-01,2.319977393853909359e-02,6.965326594210848044e-02,-1.958276041958265656e-01,0.000000000000000000e+00,0.000000000000000000e+00,0.000000000000000000e+00,0.000000000000000000e+00,0.000000000000000000e+00,0.000000000000000000e+00,0.000000000000000000e+00,0.000000000000000000e+00,0.000000000000000000e+00,0.000000000000000000e+00,0.000000000000000000e+00,0.000000000000000000e+00,0.000000000000000000e+00,0.000000000000000000e+00,0.000000000000000000e+00,0.000000000000000000e+00
-3.828975842864735558e-03,1.350713457730865263e+00,1.042592986931233145e+00,5.151876517857031240e-02,2.926920566133876453e-02,5.638399501781075074e-01,8.237558139507001886e-01,-1.800400163640330231e-01,-1.831292917586462288e-01,-3.398837274832712529e-02,3.607902833591398739e-01,-2.398423325207246493e-01,9.313217910099097496e-02,-7.257109102986740723e-01,-2.365962922486612996e-01,-1.866940519284407962e-01,5.485058517628360608e-01,1.689177719096014024e-02,1.030656787719377021e-01,-2.271300107182209760e-01,0.000000000000000000e+00,0.000000000000000000e+00,0.000000000000000000e+00,0.000000000000000000e+00,0.000000000000000000e+00,0.000000000000000000e+00,0.000000000000000000e+00,0.000000000000000000e+00,0.000000000000000000e+00,0.000000000000000000e+00,0.000000000000000000e+00,0.000000000000000000e+00,0.000000000000000000e+00,0.000000000000000000e+00,0.000000000000000000e+00,0.000000000000000000e+00
9.085522252212284433e-03,1.374463512626852291e+00,1.037425305095389438e+00,6.017394052268417587e-02,2.947483777351906503e-02,5.662845424991351795e-01,8.214816782781855231e-01,-1.371565143354440408e-01,-1.970202989405827887e-01,-4.384415912448505481e-02,3.672602812179406317e-01,-2.740684691125087613e-01,8.977195432514006868e-02,-7.437720253328697906e-01,-2.293116029215231388e-01,-1.798454174382831949e-01,4.307711675318868227e-01,1.210684412415127809e-02,1.332357405107323922e-01,-2.482832235038184565e-01,0.000000000000000000e+00,0.000000000000000000e+00,0.000000000000000000e+00,0.000000000000000000e+00,0.000000000000000000e+00,0.000000000000000000e+00,0.000000000000000000e+00,0.000000000000000000e+00,0.000000000000000000e+00,0.000000000000000000e+00,0.000000000000000000e+00,0.000000000000000000e+00,0.000000000000000000e+00,0.000000000000000000e+00,0.000000000000000000e+00,0.000000000000000000e+00
2.298759795244013221e-02,1.398851913978692574e+00,1.031372531676264082e+00,6.698454545068863175e-02,2.911968134520916823e-02,5.636338300661779543e-01,8.227891713155019993e-01,-9.573548257900629799e-02,-2.029080345341993941e-01,-4.406985238130942117e-02,3.740972041052205155e-01,-3.067233821010337813e-01,8.196504113819483295e-02,-7.577313548009155797e-01,-2.186945077058578824e-01,-1.865805970356276267e-01,3.268395205915979318e-01,1.065025826723773814e-02,1.605681882147443063e-01,-2.589001231367322742e-01,0.000000000000000000e+00,0.000000000000000000e+00,0.000000000000000000e+00,0.000000000000000000e+00,0.000000000000000000e+00,0.000000000000000000e+00,0.000000000000000000e+00,0.000000000000000000e+00,0.000000000000000000e+00,0.000000000000000000e+00,0.000000000000000000e+00,0.000000000000000000e+00,0.000000000000000000e+00,0.000000000000000000e+00,0.000000000000000000e+00,0.000000000000000000e+00
3.792366803167655787e-02,1.425186863598437714e+00,1.023824623039993886e+00,7.033367358740469366e-02,3.226013929604977515e-02,5.601440262147749927e-01,8.247733795826601710e-01,-6.650204090997907658e-02,-2.085081577558373367e-01,-5.098199467895710157e-02,3.857319853259764675e-01,-3.397067766038360803e-01,7.751297130134410240e-02,-7.730642505234669448e-01,-2.092222995300908606e-01,-1.870731729677062860e-01,2.588763728366179073e-01,1.169173091854089699e-02,1.760388012531592938e-01,-2.646543391197682671e-01,0.000000000000000000e+00,0.000000000000000000e+00,0.000000000000000000e+00,0.000000000000000000e+00,0.000000000000000000e+00,0.000000000000000000e+00,0.000000000000000000e+00,0.000000000000000000e+00,0.000000000000000000e+00,0.000000000000000000e+00,0.000000000000000000e+00,0.000000000000000000e+00,0.000000000000000000e+00,0.000000000000000000e+00,0.000000000000000000e+00,0.000000000000000000e+00
5.355678095900206354e-02,1.454618557523992051e+00,1.016097058048620605e+00,7.067405488299220717e-02,3.624668290219704159e-02,5.609050658778407250e-01,8.240612010145604849e-01,-3.788734791188350104e-02,-2.107096604788059324e-01,-5.794468641614479443e-02,4.082296986367381919e-01,-3.724216258605651531e-01,7.688494107588328408e-02,-7.734538567439650514e-01,-2.088165314886697432e-01,-1.855583220337105321e-01,2.486905922954690262e-01,1.433353471520542287e-02,1.728437417300194290e-01,-2.727273991328316716e-01,0.000000000000000000e+00,0.000000000000000000e+00,0.000000000000000000e+00,0.000000000000000000e+00,0.000000000000000000e+00,0.000000000000000000e+00,0.000000000000000000e+00,0.000000000000000000e+00,0.000000000000000000e+00,0.000000000000000000e+00,0.000000000000000000e+00,0.000000000000000000e+00,0.000000000000000000e+00,0.000000000000000000e+00,0.000000000000000000e+00,0.000000000000000000e+00
6.995285758273898924e-02,1.486228678029674066e+00,1.007050134822222720e+00,7.106687656951249377e-02,3.752754035669211841e-02,5.661696683411131525e-01,8.203615601793795564e-01,-6.570729253963219357e-03,-2.094648944505684285e-01,-7.053881316005873592e-02,4.469285226516135912e-01,-3.906742875604581888e-01,7.158000725905404316e-02,-7.561320414461643047e-01,-2.137652913785911823e-01,-1.886766585128722418e-01,2.814846109539379526e-01,2.691126239873237180e-02,1.542190805766228689e-01,-2.836329567351970615e-01,0.000000000000000000e+00,0.000000000000000000e+00,0.000000000000000000e+00,0.000000000000000000e+00,0.000000000000000000e+00,0.000000000000000000e+00,0.000000000000000000e+00,0.000000000000000000e+00,0.000000000000000000e+00,0.000000000000000000e+00,0.000000000000000000e+00,0.000000000000000000e+00,0.000000000000000000e+00,0.000000000000000000e+00,0.000000000000000000e+00,0.000000000000000000e+00
8.655639717486718343e-02,1.518615876323972991e+00,9.979564271889355132e-01,6.513581649290330067e-02,3.546562128599376612e-02,5.741407301786810580e-01,8.153906653049772801e-01,2.301880176462275246e-02,-1.912729914464399716e-01,-8.838904682452695949e-02,4.832617584838152514e-01,-3.539170174553688542e-01,5.392989205056484409e-02,-7.292083766125428967e-01,-2.079365270590074199e-01,-1.966385762441035245e-01,3.224689403291724488e-01,5.237749166757960095e-02,1.261179050847331395e-01,-2.968540336037767680e-01,0.000000000000000000e+00,0.000000000000000000e+00,0.000000000000000000e+00,0.000000000000000000e+00,0.000000000000000000e+00,0.000000000000000000e+00,0.000000000000000000e+00,0.000000000000000000e+00,0.000000000000000000e+00,0.000000000000000000e+00,0.000000000000000000e+00,0.000000000000000000e+00,0.000000000000000000e+00,0.000000000000000000e+00,0.000000000000000000e+00,0.000000000000000000e+00
1.031001894756264359e-01,1.550068993309753562e+00,9.937605907825451945e-01,4.758379376659364196e-02,3.180298338586482615e-02,5.804699062294949030e-01,8.122678380808017184e-01,5.704870589377065981e-02,-1.578047633524556348e-01,-1.286907080840060669e-01,4.777205704871400060e-01,-2.067501075483262618e-01,4.849757658572457532e-03,-7.093682199604940397e-01,-1.801054098741161624e-01,-2.124974638787988646e-01,3.643189962320176889e-01,7.574497608730310083e-02,8.691638643235820305e-02,-3.082326016957651071e-01,0.000000000000000000e+00,0.000000000000000000e+00,0.000000000000000000e+00,0.000000000000000000e+00,0.000000000000000000e+00,0.000000000000000000e+00,0.000000000000000000e+00,0.000000000000000000e+00,0.000000000000000000e+00,0.000000000000000000e+00,0.000000000000000000e+00,0.000000000000000000e+00,0.000000000000000000e+00,0.000000000000000000e+00,0.000000000000000000e+00,0.000000000000000000e+00
1.193629687008697787e-01,1.580018453545196211e+00,9.919778411186859213e-01,2.357170575935160772e-02,2.701398943842664782e-02,5.827235652098854413e-01,8.118792186103157560e-01,7.828884699487001497e-02,-1.140946349584179287e-01,-1.614619507227086914e-01,4.651493289569331169e-01,-2.034006052725305380e-02,-5.665905741013294028e-02,-6.954271134741916160e-01,-1.382801263046535278e-01,-2.430751783802388433e-01,4.021720902137565501e-01,7.674066049012195911e-02,4.134850634789717649e-02,-3.149574253738673391e-01,0.000000000000000000e+00,0.000000000000000000e+00,0.000000000000000000e+00,0.000000000000000000e+00,0.000000000000000000e+00,0.000000000000000000e+00,0.000000000000000000e+00,0.000000000000000000e+00,0.000000000000000000e+00,0.000000000000000000e+00,0.000000000000000000e+00,0.000000000000000000e+00,0.000000000000000000e+00,0.000000000000000000e+00,0.000000000000000000e+00,0.000000000000000000e+00
1.355077153988678007e-01,1.608196922814843610e+00,9.929798421207927106e-01,-9.470184252258553870e-04,2.088919135604831376e-02,5.844584451919517809e-01,8.111541596295985812e-01,8.544351575567124546e-02,-5.817289083801350374e-02,-1.867622753188614149e-01,4.564870964466986591e-01,2.038055715784638511e-01,-1.313767944232761553e-01,-6.872861712027353853e-01,-8.456774886359658128e-02,-2.641974950868101191e-01,4.387182608263668904e-01,5.486685445735316191e-02,-8.884533710092479622e-03,-3.124396619906506523e-01,0.000000000000000000e+00,0.000000000000000000e+00,0.000000000000000000e+00,0.000000000000000000e+00,0.000000000000000000e+00,0.000000000000000000e+00,0.000000000000000000e+00,0.000000000000000000e+00,0.000000000000000000e+00,0.000000000000000000e+00,0.000000000000000000e+00,0.000000000000000000e+00,0.000000000000000000e+00,0.000000000000000000e+00,0.000000000000000000e+00,0.000000000000000000e+00
1.518749378567960384e-01,1.636194444813706461e+00,9.962129163852336822e-01,-1.750101546119895921e-02,1.600508744054818591e-02,5.800812378751264431e-01,8.142133068791673756e-01,7.407692889897769806e-02,-1.472089859631948300e-02,-1.885074014449240332e-01,4.758750785913939962e-01,4.074596629219316424e-01,-1.953634077897381249e-01,-6.716546807716149425e-01,-3.384147528890604772e-02,-2.656939811214668601e-01,4.652485004983558659e-01,2.732827559787861030e-02,-5.166765476389773709e-02,-2.975940576556053707e-01,0.000000000000000000e+00,0.000000000000000000e+00,0.000000000000000000e+00,0.000000000000000000e+00,0.000000000000000000e+00,0.000000000000000000e+00,0.000000000000000000e+00,0.000000000000000000e+00,0.000000000000000000e+00,0.000000000000000000e+00,0.000000000000000000e+00,0.000000000000000000e+00,0.000000000000000000e+00,0.000000000000000000e+00,0.000000000000000000e+00,0.000000000000000000e+00
1.696181637068822634e-01,1.665239829462921373e+00,1.002164131513210599e+00,-2.055373760581849507e-02,1.328850574969166025e-02,5.630102298453949494e-01,8.260874291349601384e-01,1.521438412352923639e-02,5.328975197421320295e-03,-1.487549298864033476e-01,5.796535687554805749e-01,4.946632994237855074e-01,-2.130236922952590817e-01,-6.400968642191950941e-01,1.225870656032972128e-02,-2.302837547258702600e-01,4.796761468720524557e-01,-9.431450047906117518e-04,-7.935428946550113216e-02,-2.502827712873447186e-01,0.000000000000000000e+00,0.000000000000000000e+00,0.000000000000000000e+00,0.000000000000000000e+00,0.000000000000000000e+00,0.000000000000000000e+00,0.000000000000000000e+00,0.000000000000000000e+00,0.000000000000000000e+00,0.000000000000000000e+00,0.000000000000000000e+00,0.000000000000000000e+00,0.000000000000000000e+00,0.000000000000000000e+00,0.000000000000000000e+00,0.000000000000000000e+00
1.885464246030728319e-01,1.693881431060903164e+00,1.012745017988513796e+00,-1.273906626648178657e-02,2.031394895359383765e-02,5.416102108984595098e-01,8.402877121076424149e-01,-7.708838359252040418e-02,1.349173113020125415e-02,-6.692509142852187676e-02,6.780392805273234291e-01,4.942410223727692897e-01,-1.685947145371942679e-01,-5.974551665758209840e-01,3.218737596323717476e-02,-1.751258230797397564e-01,4.666849868611614438e-01,-2.949484475362299657e-02,-8.279285120650893559e-02,-1.937426496387008867e-01,0.000000000000000000e+00,0.000000000000000000e+00,0.000000000000000000e+00,0.000000000000000000e+00,0.000000000000000000e+00,0.000000000000000000e+00,0.000000000000000000e+00,0.000000000000000000e+00,0.000000000000000000e+00,0.000000000000000000e+00,0.000000000000000000e+00,0.000000000000000000e+00,0.000000000000000000e+00,0.000000000000000000e+00,0.000000000000000000e+00,0.000000000000000000e+00
2.077833005676511524e-01,1.720678654114664807e+00,1.022047366249318578e+00,-3.407947561990913588e-03,2.464652664112660513e-02,5.187254213030553229e-01,8.545787686994756882e-01,-2.008110415407666771e-01,3.797021690622424256e-02,2.183557678410538022e-02,7.940559718786687204e-01,4.318923807469992049e-01,-1.014778003900832226e-01,-5.460966050110706016e-01,4.756053994682558905e-02,-1.219850051154239834e-01,4.481689281879605580e-01,-6.176140593414240765e-02,-7.952032357066660118e-02,-1.265078859911940856e-01,0.000000000000000000e+00,0.000000000000000000e+00,0.000000000000000000e+00,0.000000000000000000e+00,0.000000000000000000e+00,0.000000000000000000e+00,0.000000000000000000e+00,0.000000000000000000e+00,0.000000000000000000e+00,0.000000000000000000e+00,0.000000000000000000e+00,0.000000000000000000e+00,0.000000000000000000e+00,0.000000000000000000e+00,0.000000000000000000e+00,0.000000000000000000e+00
2.267460983005699648e-01,1.746092698826563705e+00,1.027892695701658310e+00,7.929232856856253953e-04,2.276095710178557482e-02,4.935489151786892625e-01,8.694197941330837898e-01,-3.210379135163454190e-01,7.935927483819057993e-02,8.185810927977618667e-02,8.747112960467987586e-01,3.282917011190928935e-01,-4.318768606802909221e-02,-4.880838282355983160e-01,7.354305279437421683e-02,-7.694238932656757846e-02,4.241459017868584591e-01,-8.716732371083227293e-02,-7.292618893112914891e-02,-6.162298198571305313e-02,0.000000000000000000e+00,0.000000000000000000e+00,0.000000000000000000e+00,0.000000000000000000e+00,0.000000000000000000e+00,0.000000000000000000e+00,0.000000000000000000e+00,0.000000000000000000e+00,0.000000000000000000e+00,0.000000000000000000e+00,0.000000000000000000e+00,0.000000000000000000e+00,0.000000000000000000e+00,0.000000000000000000e+00,0.000000000000000000e+00,0.000000000000000000e+00
2.453464750105471825e-01,1.770045606222272028e+00,1.031968165602810572e+00,4.744236222849437454e-03,1.656442539535393429e-02,4.675684022311129007e-01,8.837889461115862044e-01,-4.193892007196782235e-01,1.101721512098631228e-01,1.061588607456696448e-01,8.751309201602011090e-01,2.419256328857948279e-01,-9.622248429377096290e-03,-4.204887182816564040e-01,9.707544520844664515e-02,-3.738985379704830303e-02,3.938786964802081236e-01,-1.003615350391433292e-01,-6.510603955260083064e-02,-3.949282494003511848e-04,0.000000000000000000e+00,0.000000000000000000e+00,0.000000000000000000e+00,0.000000000000000000e+00,0.000000000000000000e+00,0.000000000000000000e+00,0.000000000000000000e+00,0.000000000000000000e+00,0.000000000000000000e+00,0.000000000000000000e+00,0.000000000000000000e+00,0.000000000000000000e+00,0.000000000000000000e+00,0.000000000000000000e+00,0.000000000000000000e+00,0.000000000000000000e+00
2.640827533931038307e-01,1.793531441308516827e+00,1.034163259454040640e+00,6.087062227543122220e-03,9.778764916312528144e-03,4.388707498705885501e-01,8.984763704951721497e-01,-5.020446393122671713e-01,1.388821949393764799e-01,1.180537698085094844e-01,8.147841093249631461e-01,1.712432747944738765e-01,6.148977745019441887e-03,-3.545226331323813040e-01,1.229641401624324143e-01,9.783992828144266740e-03,3.629053530319572562e-01,-1.066209628653633362e-01,-5.563007934048625619e-02,6.004896568552668679e-02,0.000000000000000000e+00,0.000000000000000000e+00,0.000000000000000000e+00,0.000000000000000000e+00,0.000000000000000000e+00,0.000000000000000000e+00,0.000000000000000000e+00,0.000000000000000000e+00,0.000000000000000000e+00,0.000000000000000000e+00,0.000000000000000000e+00,0.000000000000000000e+00,0.000000000000000000e+00,0.000000000000000000e+00,0.000000000000000000e+00,0.000000000000000000e+00
2.831509495440155955e-01,1.816769360188879023e+00,1.034351767897527141e+00,3.592994161946127044e-03,5.083018827536910436e-03,4.121566416232610441e-01,9.110917385633497956e-01,-5.636536494169556155e-01,1.663783545977524092e-01,1.229596590373585735e-01,7.298522596467532653e-01,1.343425578755046701e-01,1.324681407151444626e-02,-3.001309288542965970e-01,1.510016728984595880e-01,6.530437214645672117e-02,3.417457878917948277e-01,-1.148731992962055276e-01,-4.683444344349171895e-02,1.101354095270681011e-01,0.000000000000000000e+00,0.000000000000000000e+00,0.000000000000000000e+00,0.000000000000000000e+00,0.000000000000000000e+00,0.000000000000000000e+00,0.000000000000000000e+00,0.000000000000000000e+00,0.000000000000000000e+00,0.000000000000000000e+00,0.000000000000000000e+00,0.000000000000000000e+00,0.000000000000000000e+00,0.000000000000000000e+00,0.000000000000000000e+00,0.000000000000000000e+00
3.025373358136828617e-01,1.839784426128078243e+00,1.032626436884976462e+00,-2.900554348480919101e-03,2.393161758354897094e-03,3.871322556920256397e-01,9.220165270558196013e-01,-6.057283728431840375e-01,1.903457234899617045e-01,1.157116394856659847e-01,6.346080858882695575e-01,1.243310361951034948e-01,1.081344265743515443e-03,-2.538612669082798701e-01,1.797783617841194337e-01,1.182151269658578419e-01,3.250478065553873419e-01,-1.293554998895435904e-01,-3.784757873363520098e-02,1.524354293811757410e-01,0.000000000000000000e+00,0.000000000000000000e+00,0.000000000000000000e+00,0.000000000000000000e+00,0.000000000000000000e+00,0.000000000000000000e+00,0.000000000000000000e+00,0.000000000000000000e+00,0.000000000000000000e+00,0.000000000000000000e+00,0.000000000000000000e+00,0.000000000000000000e+00,0.000000000000000000e+00,0.000000000000000000e+00,0.000000000000000000e+00,0.000000000000000000e+00
3.224537279360893960e-01,1.862481173989230188e+00,1.029540316280675771e+00,-1.150901206366728401e-02,4.789533805163491767e-04,3.654806580922084769e-01,9.307476574267938840e-01,-6.436794601610820177e-01,2.015613971187462383e-01,9.741749796667738270e-02,5.349380557968324013e-01,1.201936118284536725e-01,-2.231287567665198035e-02,-2.090244192843907223e-01,2.067795543682886539e-01,1.665209526494274561e-01,3.077940661796492727e-01,-1.455329257257718389e-01,-2.913488725038827429e-02,1.883279769622688837e-01,0.000000000000000000e+00,0.000000000000000000e+00,0.000000000000000000e+00,0.000000000000000000e+00,0.000000000000000000e+00,0.000000000000000000e+00,0.000000000000000000e+00,0.000000000000000000e+00,0.000000000000000000e+00,0.000000000000000000e+00,0.000000000000000000e+00,0.000000000000000000e+00,0.000000000000000000e+00,0.000000000000000000e+00,0.000000000000000000e+00,0.000000000000000000e+00
3.427510336093649301e-01,1.884510939605167801e+00,1.025441523920093800e+00,-1.896006708198069018e-02,6.932054051635638467e-05,3.450687065539436160e-01,9.383859007935371199e-01,-6.792279924402849778e-01,2.024628610195133294e-01,7.688663790867178438e-02,4.405707108850848708e-01,1.080075731153994634e-01,-4.193043667385962237e-02,-1.734478785991882543e-01,2.267926322905537417e-01,2.081919125367009682e-01,3.076479873655605934e-01,-1.722236199095441567e-01,-2.343052005964774143e-02,2.149939039168757005e-01,0.000000000000000000e+00,0.000000000000000000e+00,0.000000000000000000e+00,0.000000000000000000e+00,0.000000000000000000e+00,0.000000000000000000e+00,0.000000000000000000e+00,0.000000000000000000e+00,0.000000000000000000e+00,0.000000000000000000e+00,0.000000000000000000e+00,0.000000000000000000e+00,0.000000000000000000e+00,0.000000000000000000e+00,0.000000000000000000e+00,0.000000000000000000e+00
3.628867816702275872e-01,1.905340186015855641e+00,1.020510660296410022e+00,-2.285795072776412168e-02,-1.068181926810358572e-03,3.287955752803424780e-01,9.441238492655331660e-01,-7.147294723928695470e-01,1.907049482411449504e-01,5.403539799019303758e-02,3.455589330591929409e-01,7.683386563923134960e-02,-5.601325917105767077e-02,-1.395545083962610178e-01,2.354369486825931834e-01,2.309356791097055828e-01,3.213787574022073934e-01,-2.160077667776330590e-01,-2.704370386734367138e-02,2.292882008041652320e-01,0.000000000000000000e+00,0.000000000000000000e+00,0.000000000000000000e+00,0.000000000000000000e+00,0.000000000000000000e+00,0.000000000000000000e+00,0.000000000000000000e+00,0.000000000000000000e+00,0.000000000000000000e+00,0.000000000000000000e+00,0.000000000000000000e+00,0.000000000000000000e+00,0.000000000000000000e+00,0.000000000000000000e+00,0.000000000000000000e+00,0.000000000000000000e+00
3.832567404847955217e-01,1.925819756218292822e+00,1.015115034746842726e+00,-2.585718127353861528e-02,-3.723985467094293768e-04,3.182602865553143534e-01,9.476505988483515663e-01,-7.380489988785253752e-01,1.710599648523060123e-01,4.109568017247359345e-02,2.608861755696139650e-01,6.316067613783155066e-02,-6.104117283480060135e-02,-1.122557812468249483e-01,2.372944260352008450e-01,2.383221014179273956e-01,3.391316733472999889e-01,-2.501811082876723713e-01,-2.812346571029680428e-02,2.350772548720023170e-01,0.000000000000000000e+00,0.000000000000000000e+00,0.000000000000000000e+00,0.000000000000000000e+00,0.000000000000000000e+00,0.000000000000000000e+00,0.000000000000000000e+00,0.000000000000000000e+00,0.000000000000000000e+00,0.000000000000000000e+00,0.000000000000000000e+00,0.000000000000000000e+00,0.000000000000000000e+00,0.000000000000000000e+00,0.000000000000000000e+00,0.000000000000000000e+00
4.044695538269673096e-01,1.946273196500064806e+00,1.009446299596908680e+00,-2.812630853607012843e-02,3.820228337494924967e-03,3.085043069293308404e-01,9.507993527709392989e-01,-7.500301186804422260e-01,1.502171854311423471e-01,2.834793916071582862e-02,1.947369410210088581e-01,5.737616398791141326e-02,-5.956098514344487782e-02,-9.254255904752514694e-02,2.291062923086759351e-01,2.261832095645825436e-01,3.542798775116917098e-01,-2.747446767613119789e-01,-2.906296578332415170e-02,2.402596239293812719e-01,0.000000000000000000e+00,0.000000000000000000e+00,0.000000000000000000e+00,0.000000000000000000e+00,0.000000000000000000e+00,0.000000000000000000e+00,0.000000000000000000e+00,0.000000000000000000e+00,0.000000000000000000e+00,0.000000000000000000e+00,0.000000000000000000e+00,0.000000000000000000e+00,0.000000000000000000e+00,0.000000000000000000e+00,0.000000000000000000e+00,0.000000000000000000e+00
4.266108964830482297e-01,1.967335226495855016e+00,1.002837182672435601e+00,-3.091333907302091025e-02,5.950205839264608408e-03,2.954243147046414220e-01,9.548473358600948480e-01,-7.576712562241071369e-01,1.399187985322462857e-01,2.809868960545236494e-02,1.687203445196861495e-01,5.298029573231639866e-02,-5.766392260768124500e-02,-6.421742984299463886e-02,2.179120867273901807e-01,2.129359988782574820e-01,3.537837602538165260e-01,-2.768425511397951677e-01,-2.368473752092250390e-02,2.532053348135230864e-01,0.000000000000000000e+00,0.000000000000000000e+00,0.000000000000000000e+00,0.000000000000000000e+00,0.000000000000000000e+00,0.000000000000000000e+00,0.000000000000000000e+00,0.000000000000000000e+00,0.000000000000000000e+00,0.000000000000000000e+00,0.000000000000000000e+00,0.000000000000000000e+00,0.000000000000000000e+00,0.000000000000000000e+00,0.000000000000000000e+00,0.000000000000000000e+00
4.503420877426883573e-01,1.989282668178279589e+00,9.953418367775954678e-01,-3.110129204794660068e-02,2.476972114827562417e-03,2.775414830402661570e-01,9.602069044918920548e-01,-7.500509793190562879e-01,1.427168861374269182e-01,3.269497028334789751e-02,1.992679469305742024e-01,5.871227463768864674e-02,-5.234886571372832781e-02,-2.832622077494491991e-02,2.076871705060118756e-01,2.163992859816821490e-01,3.754612459015251313e-01,-2.752563052005263522e-01,-1.750150886727213501e-02,2.756765557422584667e-01,0.000000000000000000e+00,0.000000000000000000e+00,0.000000000000000000e+00,0.000000000000000000e+00,0.000000000000000000e+00,0.000000000000000000e+00,0.000000000000000000e+00,0.000000000000000000e+00,0.000000000000000000e+00,0.000000000000000000e+00,0.000000000000000000e+00,0.000000000000000000e+00,0.000000000000000000e+00,0.000000000000000000e+00,0.000000000000000000e+00,0.000000000000000000e+00
4.754552523070599279e-01,2.012056381770732649e+00,9.881516697914867198e-01,-2.874973972220650625e-02,1.025286921245551017e-03,2.581429112217114574e-01,9.656783308320713299e-01,-7.298812680918983498e-01,1.460546744958340637e-01,4.493143092283761325e-02,2.468669118074608704e-01,7.441050192935741436e-02,-4.007646349535182173e-02,6.420324010542204085e-03,1.893933637177410145e-01,2.318985273688338733e-01,3.978432484046322548e-01,-2.515236105312135817e-01,-7.649495027110889134e-04,3.000332432888694334e-01,0.000000000000000000e+00,0.000000000000000000e+00,0.000000000000000000e+00,0.000000000000000000e+00,0.000000000000000000e+00,0.000000000000000000e+00,0.000000000000000000e+00,0.000000000000000000e+00,0.000000000000000000e+00,0.000000000000000000e+00,0.000000000000000000e+00,0.000000000000000000e+00,0.000000000000000000e+00,0.000000000000000000e+00,0.000000000000000000e+00,0.000000000000000000e+00
5.012313844692256604e-01,2.035256133788385213e+00,9.819870162228020449e-01,-2.221356226182751026e-02,4.539275120267844028e-03,2.418407283007173447e-01,9.700510371975290536e-01,-7.076714734847381338e-01,1.370563759314751273e-01,7.339816681808802867e-02,2.868303687105485111e-01,1.029173088778307932e-01,-2.190523516756482866e-02,3.467128980391627480e-02,1.558129609950252847e-01,2.451909669898307553e-01,4.100875751738208841e-01,-1.804845819062120549e-01,3.151334903301671736e-02,3.250952113575429903e-01,0.000000000000000000e+00,0.000000000000000000e+00,0.000000000000000000e+00,0.000000000000000000e+00,0.000000000000000000e+00,0.000000000000000000e+00,0.000000000000000000e+00,0.000000000000000000e+00,0.000000000000000000e+00,0.000000000000000000e+00,0.000000000000000000e+00,0.000000000000000000e+00,0.000000000000000000e+00,0.000000000000000000e+00,0.000000000000000000e+00,0.000000000000000000e+00
5.265806614547658970e-01,2.058160259062679742e+00,9.770178788851721086e-01,-6.486069755460391849e-03,1.189226559644646075e-02,2.273183772418687909e-01,9.737262758528367756e-01,-6.862726784098024391e-01,1.051812651560951051e-01,1.067570896408255865e-01,3.256699115676602307e-01,1.207226838213771580e-01,1.763884311226522270e-03,5.872446728480171241e-02,9.753590746793468214e-02,2.629422318090315902e-01,4.058902203492055216e-01,-3.816547524408690772e-02,8.799625448390224758e-02,3.439552460429428082e-01,0.000000000000000000e+00,0.000000000000000000e+00,0.000000000000000000e+00,0.000000000000000000e+00,0.000000000000000000e+00,0.000000000000000000e+00,0.000000000000000000e+00,0.000000000000000000e+00,0.000000000000000000e+00,0.000000000000000000e+00,0.000000000000000000e+00,0.000000000000000000e+00,0.000000000000000000e+00,0.000000000000000000e+00,0.000000000000000000e+00,0.000000000000000000e+00
5.514816418860576386e-01,2.080645533375256928e+00,9.765061227386018228e-01,1.196965676492890013e-02,2.404434856157921727e-02,2.195626126141703716e-01,9.752286171771310519e-01,-6.734587907875559942e-01,5.708895450261200488e-02,1.383463121670246987e-01,3.673093998182659359e-01,1.263621379960289393e-01,3.283240636912620330e-02,7.252153842573359765e-02,3.391846618316975842e-02,2.790480000069997524e-01,4.066079539987271230e-01,1.486447483684304460e-01,1.600082408345969709e-01,3.554093811083040566e-01,0.000000000000000000e+00,0.000000000000000000e+00,0.000000000000000000e+00,0.000000000000000000e+00,0.000000000000000000e+00,0.000000000000000000e+00,0.000000000000000000e+00,0.000000000000000000e+00,0.000000000000000000e+00,0.000000000000000000e+00,0.000000000000000000e+00,0.000000000000000000e+00,0.000000000000000000e+00,0.000000000000000000e+00,0.000000000000000000e+00,0.000000000000000000e+00
5.762437992234111794e-01,2.102818853975693791e+00,9.785739763632709254e-01,2.468918986330888299e-02,3.717897628388027592e-02,2.199527012800263914e-01,9.744890850214773526e-01,-6.643988747153239949e-01,9.308727819308401652e-03,1.539574433885852744e-01,3.961358787613843968e-01,1.101716538221716724e-01,6.901390507633113625e-02,6.019149652607402173e-02,-1.596676756652608622e-02,2.697442883014932180e-01,4.517271329518552370e-01,3.259628148851019258e-01,2.244717442014891040e-01,3.473119823404167694e-01,0.000000000000000000e+00,0.000000000000000000e+00,0.000000000000000000e+00,0.000000000000000000e+00,0.000000000000000000e+00,0.000000000000000000e+00,0.000000000000000000e+00,0.000000000000000000e+00,0.000000000000000000e+00,0.000000000000000000e+00,0.000000000000000000e+00,0.000000000000000000e+00,0.000000000000000000e+00,0.000000000000000000e+00,0.000000000000000000e+00,0.000000000000000000e+00
6.016321714326212655e-01,2.125157858522173981e+00,9.855860310268033109e-01,2.926845690814530027e-02,4.446856264844300383e-02,2.270103163423718984e-01,9.724362296008588480e-01,-6.373624991165484088e-01,-2.919153790264385206e-02,1.456097422958468335e-01,4.010911400727745768e-01,8.126472064829556863e-02,9.541490984055414626e-02,2.475259836440011491e-02,-3.332016882698939086e-02,2.349790437740731930e-01,5.364848888611832844e-01,4.514758155030512143e-01,2.562599275316325698e-01,3.100193858113113321e-01,0.000000000000000000e+00,0.000000000000000000e+00,0.000000000000000000e+00,0.000000000000000000e+00,0.000000000000000000e+00,0.000000000000000000e+00,0.000000000000000000e+00,0.000000000000000000e+00,0.000000000000000000e+00,0.000000000000000000e+00,0.000000000000000000e+00,0.000000000000000000e+00,0.000000000000000000e+00,0.000000000000000000e+00,0.000000000000000000e+00,0.000000000000000000e+00
6.269786835344469678e-01,2.147922716641663232e+00,9.944726396524735668e-01,2.741417073225332207e-02,4.662782232567104501e-02,2.347989761465946457e-01,9.705378664579449310e-01,-5.942793633213754312e-01,-5.279710132688992391e-02,1.269755276297549751e-01,3.892164535784004009e-01,4.239220975530386126e-02,1.138713027520740495e-01,-4.587028954095844629e-02,-4.714900757560479272e-02,1.654364289660926746e-01,6.544850997479949584e-01,4.874443931215713954e-01,2.355806282027781973e-01,2.580546575984178359e-01,0.000000000000000000e+00,0.000000000000000000e+00,0.000000000000000000e+00,0.000000000000000000e+00,0.000000000000000000e+00,0.000000000000000000e+00,0.000000000000000000e+00,0.000000000000000000e+00,0.000000000000000000e+00,0.000000000000000000e+00,0.000000000000000000e+00,0.000000000000000000e+00,0.000000000000000000e+00,0.000000000000000000e+00,0.000000000000000000e+00,0.000000000000000000e+00
6.511877010195371573e-01,2.170357866298462834e+00,1.001698380512307640e+00,2.545138639972798281e-02,4.599953876569131545e-02,2.457996565197540229e-01,9.678940015406887198e-01,-5.463267332191746872e-01,-7.350782120684874743e-02,1.082546181292151077e-01,3.749764885980564344e-01,1.955608190278547431e-03,1.236342406399372762e-01,-1.400815553199691310e-01,-7.021193004399606252e-02,8.477638456916943011e-02,7.744943814337174048e-01,4.541188803568600996e-01,1.816411778757051065e-01,1.964434012876780378e-01,0.000000000000000000e+00,0.000000000000000000e+00,0.000000000000000000e+00,0.000000000000000000e+00,0.000000000000000000e+00,0.000000000000000000e+00,0.000000000000000000e+00,0.000000000000000000e+00,0.000000000000000000e+00,0.000000000000000000e+00,0.000000000000000000e+00,0.000000000000000000e+00,0.000000000000000000e+00,0.000000000000000000e+00,0.000000000000000000e+00,0.000000000000000000e+00
6.737995311042151991e-01,2.191619867332855964e+00,1.007236654497730477e+00,2.729696637021547176e-02,4.179706110198128099e-02,2.525421551792054187e-01,9.662972323088079296e-01,-4.858349926335232549e-01,-9.377042042291719448e-02,1.000271740193967307e-01,3.530176811795576741e-01,-3.708432211882295437e-02,1.365753163784595992e-01,-2.468715504156399621e-01,-1.165563208544012630e-01,-3.200646566165664397e-03,8.805367424561518774e-01,3.807395981526077167e-01,1.190018439336844591e-01,1.275003746871631594e-01,0.000000000000000000e+00,0.000000000000000000e+00,0.000000000000000000e+00,0.000000000000000000e+00,0.000000000000000000e+00,0.000000000000000000e+00,0.000000000000000000e+00,0.000000000000000000e+00,0.000000000000000000e+00,0.000000000000000000e+00,0.000000000000000000e+00,0.000000000000000000e+00,0.000000000000000000e+00,0.000000000000000000e+00,0.000000000000000000e+00,0.000000000000000000e+00
6.957360653570997533e-01,2.211260386945069545e+00,1.011164248786311726e+00,3.149742299889471409e-02,3.706940769427255478e-02,2.619339226084332339e-01,9.638591139500543026e-01,-4.190044979968249872e-01,-1.198595530011705990e-01,7.904005072657566133e-02,3.170317273041038386e-01,-5.992565011063656633e-02,1.367557888449048853e-01,-3.486439578466839495e-01,-1.631993707571269270e-01,-7.968528357951085161e-02,9.485272136922365815e-01,2.949387435357652132e-01,6.890061836119143468e-02,6.213887750282528349e-02,0.000000000000000000e+00,0.000000000000000000e+00,0.000000000000000000e+00,0.000000000000000000e+00,0.000000000000000000e+00,0.000000000000000000e+00,0.000000000000000000e+00,0.000000000000000000e+00,0.000000000000000000e+00,0.000000000000000000e+00,0.000000000000000000e+00,0.000000000000000000e+00,0.000000000000000000e+00,0.000000000000000000e+00,0.000000000000000000e+00,0.000000000000000000e+00
7.173470349965280768e-01,2.229731255450254856e+00,1.013509134806470424e+00,3.526715389263553740e-02,3.319375381196765229e-02,2.708447194165764516e-01,9.614039424343649998e-01,-3.559470014130116100e-01,-1.394413192366942833e-01,6.364535142892910335e-02,2.831960241233554276e-01,-7.713673786452712733e-02,1.303274852122668082e-01,-4.391666250528266646e-01,-2.121002785740171703e-01,-1.496729479349191150e-01,9.615591452513090331e-01,2.254858155163384781e-01,4.643537991346848720e-02,-1.726221569517369468e-03,0.000000000000000000e+00,0.000000000000000000e+00,0.000000000000000000e+00,0.000000000000000000e+00,0.000000000000000000e+00,0.000000000000000000e+00,0.000000000000000000e+00,0.000000000000000000e+00,0.000000000000000000e+00,0.000000000000000000e+00,0.000000000000000000e+00,0.000000000000000000e+00,0.000000000000000000e+00,0.000000000000000000e+00,0.000000000000000000e+00,0.000000000000000000e+00
7.393555094938928374e-01,2.247032029604897119e+00,1.014609021593211757e+00,3.870264397368811810e-02,2.968111135668837983e-02,2.794845099684827305e-01,9.589106035839601860e-01,-2.969666135854078237e-01,-1.557666490694854244e-01,4.013049201093205759e-02,2.542704335412657723e-01,-8.770914590450627768e-02,1.157609521329626551e-01,-5.155872299555319671e-01,-2.444000235533207444e-01,-2.065901808357193115e-01,9.177927724697703127e-01,1.591259586654365510e-01,4.028186371557652967e-02,-6.390609397335035580e-02,0.000000000000000000e+00,0.000000000000000000e+00,0.000000000000000000e+00,0.000000000000000000e+00,0.000000000000000000e+00,0.000000000000000000e+00,0.000000000000000000e+00,0.000000000000000000e+00,0.000000000000000000e+00,0.000000000000000000e+00,0.000000000000000000e+00,0.000000000000000000e+00,0.000000000000000000e+00,0.000000000000000000e+00,0.000000000000000000e+00,0.000000000000000000e+00
7.617384109061207109e-01,2.263528339653978705e+00,1.014215901841795997e+00,4.249100039528580508e-02,2.594503842551544939e-02,2.832772460982353468e-01,9.577449408425533495e-01,-2.418828989392622086e-01,-1.670459359309831582e-01,2.684643212403979573e-02,2.372951886887089135e-01,-1.069363786325953913e-01,1.036086498796454092e-01,-5.669406601040452021e-01,-2.702358276482886290e-01,-2.503888779105014617e-01,8.370607643632478334e-01,1.099750862427641973e-01,4.962491255812275653e-02,-1.137131627076029550e-01,0.000000000000000000e+00,0.000000000000000000e+00,0.000000000000000000e+00,0.000000000000000000e+00,0.000000000000000000e+00,0.000000000000000000e+00,0.000000000000000000e+00,0.000000000000000000e+00,0.000000000000000000e+00,0.000000000000000000e+00,0.000000000000000000e+00,0.000000000000000000e+00,0.000000000000000000e+00,0.000000000000000000e+00,0.000000000000000000e+00,0.000000000000000000e+00
7.850222246596241238e-01,2.279358295153274039e+00,1.012894480120617002e+00,4.510839423842338824e-02,2.347171514871104758e-02,2.874126574736041162e-01,9.564561023283657537e-01,-1.944103922340425228e-01,-1.750871465842055719e-01,1.014369557059231763e-02,2.306599847725388786e-01,-1.319655203205857275e-01,9.378281594534391974e-02,-6.060283467756018005e-01,-2.812343475401534176e-01,-2.773100592568948919e-01,7.376667534623266853e-01,6.695035980666666497e-02,6.546176111997834002e-02,-1.591321219827512012e-01,0.000000000000000000e+00,0.000000000000000000e+00,0.000000000000000000e+00,0.000000000000000000e+00,0.000000000000000000e+00,0.000000000000000000e+00,0.000000000000000000e+00,0.000000000000000000e+00,0.000000000000000000e+00,0.000000000000000000e+00,0.000000000000000000e+00,0.000000000000000000e+00,0.000000000000000000e+00,0.000000000000000000e+00,0.000000000000000000e+00,0.000000000000000000e+00
8.096687654835970083e-01,2.294591809843289365e+00,1.010042918218950758e+00,4.877463566611156542e-02,2.222487408804287370e-02,2.889823177345126060e-01,9.558327834533597578e-01,-1.485920799535823955e-01,-1.843101639762153576e-01,-3.483713205930771828e-03,2.271184507664007479e-01,-1.616472515010739797e-01,9.394652515612428312e-02,-6.393443670371186105e-01,-2.815371549524789963e-01,-2.888230475371468819e-01,6.205312434990545301e-01,3.579370862635954109e-02,9.407772805928016346e-02,-1.974649769200010063e-01,0.000000000000000000e+00,0.000000000000000000e+00,0.000000000000000000e+00,0.000000000000000000e+00,0.000000000000000000e+00,0.000000000000000000e+00,0.000000000000000000e+00,0.000000000000000000e+00,0.000000000000000000e+00,0.000000000000000000e+00,0.000000000000000000e+00,0.000000000000000000e+00,0.000000000000000000e+00,0.000000000000000000e+00,0.000000000000000000e+00,0.000000000000000000e+00
8.356999324313509891e-01,2.308923381288520371e+00,1.006338562088759048e+00,5.177666637496346203e-02,2.229982567353122266e-02,2.877411984727693550e-01,9.560475392445081377e-01,-1.073900766021544662e-01,-1.896464143381461076e-01,-8.296392813657474385e-03,2.275109405426025688e-01,-1.865948644381934529e-01,9.819908466483399934e-02,-6.677438855721559152e-01,-2.670958199396733512e-01,-2.812864145526957627e-01,4.860688415739284340e-01,1.919011325472400747e-02,1.316638792661242452e-01,-2.339116953641524610e-01,0.000000000000000000e+00,0.000000000000000000e+00,0.000000000000000000e+00,0.000000000000000000e+00,0.000000000000000000e+00,0.000000000000000000e+00,0.000000000000000000e+00,0.000000000000000000e+00,0.000000000000000000e+00,0.000000000000000000e+00,0.000000000000000000e+00,0.000000000000000000e+00,0.000000000000000000e+00,0.000000000000000000e+00,0.000000000000000000e+00,0.000000000000000000e+00
8.629258131680650479e-01,2.322377767665025239e+00,1.001266298909013974e+00,5.385287263608329322e-02,2.780468819960310589e-02,2.826368615220282710e-01,9.573103843226300480e-01,-7.046451731471002622e-02,-1.955993378663818116e-01,-1.372336483746484925e-02,2.149451542666560855e-01,-2.152461745374595892e-01,9.661965298912887634e-02,-6.915427862835478168e-01,-2.461850840580229460e-01,-2.754488566838381169e-01,3.479437000806913649e-01,1.319081728429535860e-02,1.695814405518047963e-01,-2.567069270648115742e-01,0.000000000000000000e+00,0.000000000000000000e+00,0.000000000000000000e+00,0.000000000000000000e+00,0.000000000000000000e+00,0.000000000000000000e+00,0.000000000000000000e+00,0.000000000000000000e+00,0.000000000000000000e+00,0.000000000000000000e+00,0.000000000000000000e+00,0.000000000000000000e+00,0.000000000000000000e+00,0.000000000000000000e+00,0.000000000000000000e+00,0.000000000000000000e+00
8.910193336408684939e-01,2.335038399697694445e+00,9.944057118555408303e-01,5.566056668865865947e-02,3.494700587542207137e-02,2.682845936171840417e-01,9.610952007599987690e-01,-3.291322202757859805e-02,-2.009534504211117345e-01,-4.853167183249892935e-03,1.974642156987263808e-01,-2.456559258777253341e-01,9.154553378917075490e-02,-7.036507644490801461e-01,-2.288368178885572257e-01,-2.950539535353901566e-01,2.263487270316886513e-01,1.597717328232503564e-02,2.008515691205982057e-01,-2.695503117942820159e-01,0.000000000000000000e+00,0.000000000000000000e+00,0.000000000000000000e+00,0.000000000000000000e+00,0.000000000000000000e+00,0.000000000000000000e+00,0.000000000000000000e+00,0.000000000000000000e+00,0.000000000000000000e+00,0.000000000000000000e+00,0.000000000000000000e+00,0.000000000000000000e+00,0.000000000000000000e+00,0.000000000000000000e+00,0.000000000000000000e+00,0.000000000000000000e+00
9.207072237633530110e-01,2.347382111558994566e+00,9.853510156915306073e-01,6.012165915374940300e-02,4.161575616158154356e-02,2.550574525709577434e-01,9.641572542006376922e-01,-1.693445026855550789e-03,-2.135334679992382523e-01,-6.884898051359972238e-03,2.007524530416169295e-01,-2.751531819077409624e-01,8.606226148234670525e-02,-7.125412955882263200e-01,-2.151107773961714598e-01,-3.134614538615048129e-01,1.573050317740712634e-01,2.687729073914240513e-02,2.154704496378968270e-01,-2.730098388090706485e-01,0.000000000000000000e+00,0.000000000000000000e+00,0.000000000000000000e+00,0.000000000000000000e+00,0.000000000000000000e+00,0.000000000000000000e+00,0.000000000000000000e+00,0.000000000000000000e+00,0.000000000000000000e+00,0.000000000000000000e+00,0.000000000000000000e+00,0.000000000000000000e+00,0.000000000000000000e+00,0.000000000000000000e+00,0.000000000000000000e+00,0.000000000000000000e+00
9.512788696569638436e-01,2.359960203540776291e+00,9.756650367050790917e-01,6.363140329253250127e-02,4.130186842563595556e-02,2.486727013761586280e-01,9.656122864638050363e-01,2.684422123313995670e-02,-2.213353560267448394e-01,-2.107363919505632344e-02,2.408492897393650356e-01,-3.035154937330379332e-01,8.532794470738404302e-02,-7.081578460236561678e-01,-2.094340340273306844e-01,-3.198895461062589152e-01,1.574853043329158542e-01,3.654287713498608620e-02,2.083856838770570818e-01,-2.882323357379996120e-01,0.000000000000000000e+00,0.000000000000000000e+00,0.000000000000000000e+00,0.000000000000000000e+00,0.000000000000000000e+00,0.000000000000000000e+00,0.000000000000000000e+00,0.000000000000000000e+00,0.000000000000000000e+00,0.000000000000000000e+00,0.000000000000000000e+00,0.000000000000000000e+00,0.000000000000000000e+00,0.000000000000000000e+00,0.000000000000000000e+00,0.000000000000000000e+00
9.824324045689856177e-01,2.372463290422978321e+00,9.651683292042684270e-01,6.488706220344665765e-02,3.737857678324724847e-02,2.482780541550894948e-01,9.657901008921280228e-01,5.065072893838631907e-02,-2.197974943804024139e-01,-3.352665873712479261e-02,3.028214560012618684e-01,-3.187738926602606271e-01,7.853873693424807956e-02,-6.910556434524910419e-01,-2.080397415725171728e-01,-3.159899608389716286e-01,2.036984837765172529e-01,4.895331349997782827e-02,1.807103099471971674e-01,-3.042731924883332328e-01,0.000000000000000000e+00,0.000000000000000000e+00,0.000000000000000000e+00,0.000000000000000000e+00,0.000000000000000000e+00,0.000000000000000000e+00,0.000000000000000000e+00,0.000000000000000000e+00,0.000000000000000000e+00,0.000000000000000000e+00,0.000000000000000000e+00,0.000000000000000000e+00,0.000000000000000000e+00,0.000000000000000000e+00,0.000000000000000000e+00,0.000000000000000000e+00
1.013037473186002124e+00,2.384538043547361763e+00,9.561478096341859967e-01,5.737964955458973310e-02,3.152559998950336950e-02,2.508812437454563393e-01,9.658013842913183433e-01,6.799518647909916225e-02,-1.971273700503159421e-01,-4.461810584969638782e-02,3.678425135310376959e-01,-2.940551000729818565e-01,6.284586987356817478e-02,-6.695341465673226855e-01,-1.894692364741475954e-01,-3.081492023759714316e-01,2.541177614509669835e-01,6.347574841105335652e-02,1.463362077410996775e-01,-3.201363960176288881e-01,0.000000000000000000e+00,0.000000000000000000e+00,0.000000000000000000e+00,0.000000000000000000e+00,0.000000000000000000e+00,0.000000000000000000e+00,0.000000000000000000e+00,0.000000000000000000e+00,0.000000000000000000e+00,0.000000000000000000e+00,0.000000000000000000e+00,0.000000000000000000e+00,0.000000000000000000e+00,0.000000000000000000e+00,0.000000000000000000e+00,0.000000000000000000e+00
1.042474370686198082e+00,2.395387189466877231e+00,9.487742113550106104e-01,3.892970833802070207e-02,2.638846578766658110e-02,2.523217677202436171e-01,9.664997942144739618e-01,8.544896963166040416e-02,-1.652670697602546812e-01,-8.775305893131374324e-02,4.064794660492917489e-01,-1.857394752779408797e-01,1.833196307716773027e-02,-6.434829230358630747e-01,-1.437181784803354123e-01,-3.171029180553678883e-01,2.853042040718281602e-01,8.030206785695898075e-02,1.052270188159675213e-01,-3.357235108854663697e-01,0.000000000000000000e+00,0.000000000000000000e+00,0.000000000000000000e+00,0.000000000000000000e+00,0.000000000000000000e+00,0.000000000000000000e+00,0.000000000000000000e+00,0.000000000000000000e+00,0.000000000000000000e+00,0.000000000000000000e+00,0.000000000000000000e+00,0.000000000000000000e+00,0.000000000000000000e+00,0.000000000000000000e+00,0.000000000000000000e+00,0.000000000000000000e+00
1.070225573407548314e+00,2.404817620508898024e+00,9.424338045902155292e-01,1.210266636509415433e-02,2.251507923060793587e-02,2.527409417136438075e-01,9.671962639794439154e-01,8.920853215475067766e-02,-1.190210107019271518e-01,-1.374185913790930413e-01,4.282863515750370276e-01,7.190740657770311461e-03,-5.884779832333182636e-02,-6.318511670642785738e-01,-8.151298487600516784e-02,-3.313738207808180070e-01,3.203259688138254679e-01,7.910497084848630567e-02,5.398361867521267454e-02,-3.423820862157922473e-01,0.000000000000000000e+00,0.000000000000000000e+00,0.000000000000000000e+00,0.000000000000000000e+00,0.000000000000000000e+00,0.000000000000000000e+00,0.000000000000000000e+00,0.000000000000000000e+00,0.000000000000000000e+00,0.000000000000000000e+00,0.000000000000000000e+00,0.000000000000000000e+00,0.000000000000000000e+00,0.000000000000000000e+00,0.000000000000000000e+00,0.000000000000000000e+00
1.097162992165395590e+00,2.413324918979529166e+00,9.407723835527016520e-01,-1.175322781255874575e-02,1.821169710937042482e-02,2.462144123957561437e-01,9.689729918078184845e-01,7.750996470268504968e-02,-6.620567231740606684e-02,-1.717995464927170313e-01,4.593199598090290658e-01,2.381308008854751967e-01,-1.447659370793489830e-01,-6.253814036108085173e-01,-1.291241242602842593e-02,-3.321554195365454820e-01,3.597424156639691950e-01,4.318209002448118727e-02,-7.024011649697242329e-03,-3.281662357405787378e-01,0.000000000000000000e+00,0.000000000000000000e+00,0.000000000000000000e+00,0.000000000000000000e+00,0.000000000000000000e+00,0.000000000000000000e+00,0.000000000000000000e+00,0.000000000000000000e+00,0.000000000000000000e+00,0.000000000000000000e+00,0.000000000000000000e+00,0.000000000000000000e+00,0.000000000000000000e+00,0.000000000000000000e+00,0.000000000000000000e+00,0.000000000000000000e+00
1.124732354602444806e+00,2.422502905848399557e+00,9.433537918411425416e-01,-2.238693652512376703e-02,1.579787275256682236e-02,2.329256387769615688e-01,9.721084811325624297e-01,5.386524018502613503e-02,-3.637108435926382499e-02,-1.840972554145073325e-01,5.066507445728776204e-01,4.444692452609256828e-01,-2.201695384291656732e-01,-6.094094357630948089e-01,3.791361883548890338e-02,-3.049428079725593488e-01,3.882181412733103909e-01,2.149289002356906397e-02,-5.643522751167485974e-02,-2.986109284987127355e-01,0.000000000000000000e+00,0.000000000000000000e+00,0.000000000000000000e+00,0.000000000000000000e+00,0.000000000000000000e+00,0.000000000000000000e+00,0.000000000000000000e+00,0.000000000000000000e+00,0.000000000000000000e+00,0.000000000000000000e+00,0.000000000000000000e+00,0.000000000000000000e+00,0.000000000000000000e+00,0.000000000000000000e+00,0.000000000000000000e+00,0.000000000000000000e+00
1.154508535610508480e+00,2.432374895833830486e+00,9.481119682186287534e-01,-2.270440893507751773e-02,9.345732452295635664e-03,2.066480354537985620e-01,9.781072316177424897e-01,-1.939323684556249622e-02,-1.395210313383132145e-02,-1.448790443169539199e-01,6.619915201036240537e-01,4.962665238736974072e-01,-2.490731621733816570e-01,-5.702883918003346375e-01,8.387222600519220195e-02,-2.486733067702221467e-01,4.035061751826128917e-01,-1.052635885364148344e-02,-8.730895400448433763e-02,-2.394170832895139711e-01,0.000000000000000000e+00,0.000000000000000000e+00,0.000000000000000000e+00,0.000000000000000000e+00,0.000000000000000000e+00,0.000000000000000000e+00,0.000000000000000000e+00,0.000000000000000000e+00,0.000000000000000000e+00,0.000000000000000000e+00,0.000000000000000000e+00,0.000000000000000000e+00,0.000000000000000000e+00,0.000000000000000000e+00,0.000000000000000000e+00,0.000000000000000000e+00
1.184366936287178040e+00,2.441407120808261055e+00,9.578896767066603646e-01,-1.051642268091632602e-02,1.157427766338182257e-02,1.830329978437661709e-01,9.829823816584357665e-01,-1.026097566220804669e-01,1.972521512097376306e-03,-7.122776404979067055e-02,7.549435449349574112e-01,4.954954209413277022e-01,-2.002225897946640631e-01,-5.276369498452319062e-01,9.224983193057152697e-02,-1.883393677522213205e-01,3.950849363448752927e-01,-3.442476944005112838e-02,-9.455808029018913929e-02,-1.860195084316077774e-01,0.000000000000000000e+00,0.000000000000000000e+00,0.000000000000000000e+00,0.000000000000000000e+00,0.000000000000000000e+00,0.000000000000000000e+00,0.000000000000000000e+00,0.000000000000000000e+00,0.000000000000000000e+00,0.000000000000000000e+00,0.000000000000000000e+00,0.000000000000000000e+00,0.000000000000000000e+00,0.000000000000000000e+00,0.000000000000000000e+00,0.000000000000000000e+00
1.213680126994695296e+00,2.449659675236568468e+00,9.672761848569150223e-01,2.074546858042910190e-03,1.241171731850064866e-02,1.569599816254340363e-01,9.875247894086927047e-01,-1.988668697000619268e-01,2.664410482282279780e-02,5.885184524399568809e-03,8.287538009798290917e-01,4.376285249698891877e-01,-1.179123141755044485e-01,-4.749391890143914718e-01,9.534111341125105221e-02,-1.282145400790179468e-01,3.702619297665866172e-01,-4.925373912751184607e-02,-8.723730412578108162e-02,-1.279418486456791182e-01,0.000000000000000000e+00,0.000000000000000000e+00,0.000000000000000000e+00,0.000000000000000000e+00,0.000000000000000000e+00,0.000000000000000000e+00,0.000000000000000000e+00,0.000000000000000000e+00,0.000000000000000000e+00,0.000000000000000000e+00,0.000000000000000000e+00,0.000000000000000000e+00,0.000000000000000000e+00,0.000000000000000000e+00,0.000000000000000000e+00,0.000000000000000000e+00
1.242792423248396227e+00,2.457893009243437010e+00,9.727015390653976912e-01,5.682215918878425615e-03,8.603313911536977429e-03,1.273786807053140790e-01,9.918005682160929704e-01,-3.031541415706202613e-01,6.717016266757315501e-02,6.396025493271290108e-02,8.998339265468160431e-01,3.291136643071919110e-01,-5.014374876465142739e-02,-4.154093366808030430e-01,1.124446040202832509e-01,-7.773406608751518010e-02,3.428695059750124230e-01,-5.995177255022590690e-02,-7.104734450209679308e-02,-6.068055037155127562e-02,0.000000000000000000e+00,0.000000000000000000e+00,0.000000000000000000e+00,0.000000000000000000e+00,0.000000000000000000e+00,0.000000000000000000e+00,0.000000000000000000e+00,0.000000000000000000e+00,0.000000000000000000e+00,0.000000000000000000e+00,0.000000000000000000e+00,0.000000000000000000e+00,0.000000000000000000e+00,0.000000000000000000e+00,0.000000000000000000e+00,0.000000000000000000e+00
1.271863568855444493e+00,2.465686777005568153e+00,9.758091383286411347e-01,4.873553453100219757e-03,5.234476538248566437e-03,9.612432498285670979e-02,9.953436405979098067e-01,-4.010353227615637284e-01,1.099654724790850024e-01,1.134264626393270692e-01,9.041077862446641467e-01,2.358075037047673850e-01,-6.920390637237740228e-03,-3.585348568498064048e-01,1.332714403466922770e-01,-2.855207949421457655e-02,3.171968413005608611e-01,-7.637293051537812072e-02,-5.526529086359594639e-02,7.225025866087735754e-03,0.000000000000000000e+00,0.000000000000000000e+00,0.000000000000000000e+00,0.000000000000000000e+00,0.000000000000000000e+00,0.000000000000000000e+00,0.000000000000000000e+00,0.000000000000000000e+00,0.000000000000000000e+00,0.000000000000000000e+00,0.000000000000000000e+00,0.000000000000000000e+00,0.000000000000000000e+00,0.000000000000000000e+00,0.000000000000000000e+00,0.000000000000000000e+00
1.301028493222883498e+00,2.473022099917526528e+00,9.779383968526440540e-01,3.940331673675794011e-03,3.052367378102890851e-03,6.360991119839158603e-02,9.979623920955256189e-01,-4.807288760050837939e-01,1.377359090701197886e-01,1.218597053508760769e-01,8.642716930592374558e-01,1.578055400646135309e-01,2.052193108763734203e-02,-3.038330131878015927e-01,1.493428251336210433e-01,2.483875463214660004e-02,2.907317724912879542e-01,-8.188637616053806578e-02,-3.920772715889128679e-02,7.220995103836641560e-02,0.000000000000000000e+00,0.000000000000000000e+00,0.000000000000000000e+00,0.000000000000000000e+00,0.000000000000000000e+00,0.000000000000000000e+00,0.000000000000000000e+00,0.000000000000000000e+00,0.000000000000000000e+00,0.000000000000000000e+00,0.000000000000000000e+00,0.000000000000000000e+00,0.000000000000000000e+00,0.000000000000000000e+00,0.000000000000000000e+00,0.000000000000000000e+00
1.330598163963319758e+00,2.479443725651954367e+00,9.784493531938511790e-01,1.608659251911134878e-03,3.531167511201696411e-03,3.693178783329443410e-02,9.993102551854732285e-01,-5.454105734997606314e-01,1.535351773042508139e-01,1.187449028554074248e-01,7.887131122032038366e-01,1.209541984337766940e-01,3.111320657982408200e-02,-2.605259263590922747e-01,1.631271075516942948e-01,7.438239665008991586e-02,2.783163565995065425e-01,-9.079260532237520831e-02,-2.681987763942814129e-02,1.259243053318628569e-01,0.000000000000000000e+00,0.000000000000000000e+00,0.000000000000000000e+00,0.000000000000000000e+00,0.000000000000000000e+00,0.000000000000000000e+00,0.000000000000000000e+00,0.000000000000000000e+00,0.000000000000000000e+00,0.000000000000000000e+00,0.000000000000000000e+00,0.000000000000000000e+00,0.000000000000000000e+00,0.000000000000000000e+00,0.000000000000000000e+00,0.000000000000000000e+00
1.360821264688293342e+00,2.484973009799165133e+00,9.772841329260808507e-01,-1.436725061597752965e-03,5.096485939337172706e-03,1.466558389833658681e-02,9.998784337613689788e-01,-6.028883148532865333e-01,1.729963088211199651e-01,1.185527272282862893e-01,6.848738408551561241e-01,9.204110881108321096e-02,2.174344383951997209e-02,-2.249589261485918645e-01,1.764832733836412260e-01,1.216628663101686630e-01,2.798741108163786406e-01,-1.120314700416741721e-01,-2.523744495371244706e-02,1.592518895797081779e-01,0.000000000000000000e+00,0.000000000000000000e+00,0.000000000000000000e+00,0.000000000000000000e+00,0.000000000000000000e+00,0.000000000000000000e+00,0.000000000000000000e+00,0.000000000000000000e+00,0.000000000000000000e+00,0.000000000000000000e+00,0.000000000000000000e+00,0.000000000000000000e+00,0.000000000000000000e+00,0.000000000000000000e+00,0.000000000000000000e+00,0.000000000000000000e+00
1.391268084300669061e+00,2.490157646856970164e+00,9.745610487500997454e-01,-5.788646981749627496e-03,5.644062379470519281e-03,-7.915440406132637219e-03,9.999359889158676573e-01,-6.503488549904404836e-01,1.870614114815274676e-01,1.160497041019397241e-01,5.619862215614173095e-01,7.024456085291401475e-02,-2.327593661724258051e-03,-1.872267561983338990e-01,1.858198382419117278e-01,1.553499828295109297e-01,2.801370065617298510e-01,-1.337404499084993426e-01,-1.673300145403762776e-02,1.860170963264504429e-01,0.000000000000000000e+00,0.000000000000000000e+00,0.000000000000000000e+00,0.000000000000000000e+00,0.000000000000000000e+00,0.000000000000000000e+00,0.000000000000000000e+00,0.000000000000000000e+00,0.000000000000000000e+00,0.000000000000000000e+00,0.000000000000000000e+00,0.000000000000000000e+00,0.000000000000000000e+00,0.000000000000000000e+00,0.000000000000000000e+00,0.000000000000000000e+00
1.421914040427320503e+00,2.494807675577019879e+00,9.712290492567541289e-01,-7.911885296527079378e-03,6.803417691239930717e-03,-2.761695313364855367e-02,9.995641147412140937e-01,-6.927531035609826304e-01,1.890823649778679283e-01,1.002065536274280994e-01,4.375140903313927687e-01,3.909784550601487496e-02,-2.610565236406772391e-02,-1.519370542473589825e-01,1.892501425471917187e-01,1.896763501351906300e-01,2.844777520717260977e-01,-1.623108851066597802e-01,-1.634633138888389250e-02,2.113939598609260173e-01,0.000000000000000000e+00,0.000000000000000000e+00,0.000000000000000000e+00,0.000000000000000000e+00,0.000000000000000000e+00,0.000000000000000000e+00,0.000000000000000000e+00,0.000000000000000000e+00,0.000000000000000000e+00,0.000000000000000000e+00,0.000000000000000000e+00,0.000000000000000000e+00,0.000000000000000000e+00,0.000000000000000000e+00,0.000000000000000000e+00,0.000000000000000000e+00
1.453131802348873070e+00,2.499534274235377662e+00,9.667002289042480045e-01,-1.043763941145819246e-02,9.393871577261016584e-03,-3.723274214655485082e-02,9.992079532172244427e-01,-7.235431280239124074e-01,1.886776991499965750e-01,9.525165205180281813e-02,3.155208012328029055e-01,3.134192849657919944e-02,-4.484580405811622317e-02,-1.167998112141342137e-01,1.867812526422288066e-01,1.969464102989434418e-01,2.840939981631983580e-01,-1.946750977294217644e-01,-1.852406054857090242e-02,2.177028740464178047e-01,0.000000000000000000e+00,0.000000000000000000e+00,0.000000000000000000e+00,0.000000000000000000e+00,0.000000000000000000e+00,0.000000000000000000e+00,0.000000000000000000e+00,0.000000000000000000e+00,0.000000000000000000e+00,0.000000000000000000e+00,0.000000000000000000e+00,0.000000000000000000e+00,0.000000000000000000e+00,0.000000000000000000e+00,0.000000000000000000e+00,0.000000000000000000e+00
1.485404755520938203e+00,2.504785257220451644e+00,9.612098067377620181e-01,-1.280879140954756593e-02,1.631751375996136691e-02,-4.581525168183449986e-02,9.987345174372671552e-01,-7.401224613856984824e-01,1.722952573282213462e-01,6.745442720382958945e-02,1.905592965672376349e-01,4.420129434914366051e-02,-5.851432350246130870e-02,-9.115609714476219372e-02,1.789783708550529151e-01,1.875985367923368174e-01,2.854335742245458496e-01,-2.257818307400435986e-01,-2.280583532947392036e-02,2.200512786855828296e-01,0.000000000000000000e+00,0.000000000000000000e+00,0.000000000000000000e+00,0.000000000000000000e+00,0.000000000000000000e+00,0.000000000000000000e+00,0.000000000000000000e+00,0.000000000000000000e+00,0.000000000000000000e+00,0.000000000000000000e+00,0.000000000000000000e+00,0.000000000000000000e+00,0.000000000000000000e+00,0.000000000000000000e+00,0.000000000000000000e+00,0.000000000000000000e+00
1.519210065995801884e+00,2.511041371727960048e+00,9.534225327540994943e-01,-1.804565706714621187e-02,1.919629473239243059e-02,-5.727245618747466710e-02,9.980108828523946984e-01,-7.437251341117145920e-01,1.669875983594855950e-01,5.012183620818522894e-02,1.424779937873610625e-01,5.357950419499902389e-02,-6.295155744922832641e-02,-6.581316153898882082e-02,1.752699757240325229e-01,1.779522897912650392e-01,3.108898399255828893e-01,-2.637247394306039827e-01,-2.157961779267819277e-02,2.298155167340779903e-01,0.000000000000000000e+00,0.000000000000000000e+00,0.000000000000000000e+00,0.000000000000000000e+00,0.000000000000000000e+00,0.000000000000000000e+00,0.000000000000000000e+00,0.000000000000000000e+00,0.000000000000000000e+00,0.000000000000000000e+00,0.000000000000000000e+00,0.000000000000000000e+00,0.000000000000000000e+00,0.000000000000000000e+00,0.000000000000000000e+00,0.000000000000000000e+00
1.554626058425613522e+00,2.518121078429659043e+00,9.435379781331296734e-01,-2.438054280564239118e-02,1.596148161194735349e-02,-7.246157292870095135e-02,9.969454050678767665e-01,-7.330967672390306111e-01,1.780144245705961581e-01,4.297479356848869780e-02,1.755068168737612400e-01,6.419936561926854746e-02,-5.914424849455173633e-02,-3.159873335552996348e-02,1.761211963313241147e-01,1.922532207995630849e-01,3.582849980940589485e-01,-3.010404009393867764e-01,-1.857420796841082605e-02,2.459235372677239240e-01,0.000000000000000000e+00,0.000000000000000000e+00,0.000000000000000000e+00,0.000000000000000000e+00,0.000000000000000000e+00,0.000000000000000000e+00,0.000000000000000000e+00,0.000000000000000000e+00,0.000000000000000000e+00,0.000000000000000000e+00,0.000000000000000000e+00,0.000000000000000000e+00,0.000000000000000000e+00,0.000000000000000000e+00,0.000000000000000000e+00,0.000000000000000000e+00
1.590505992505353960e+00,2.526037909660063807e+00,9.332056585151923267e-01,-2.636301124324989462e-02,9.182551395277073827e-03,-8.830513170601764217e-02,9.957022025196313741e-01,-7.050868784399597633e-01,1.765955445895256437e-01,4.596752484294790164e-02,2.466141689750911137e-01,7.352542501161631050e-02,-4.378113119672608772e-02,6.176073118916790283e-03,1.675996080679466593e-01,2.300528985918162128e-01,4.126704959380403381e-01,-3.121071160595121352e-01,-6.091522220470178828e-04,2.601947313532465000e-01,0.000000000000000000e+00,0.000000000000000000e+00,0.000000000000000000e+00,0.000000000000000000e+00,0.000000000000000000e+00,0.000000000000000000e+00,0.000000000000000000e+00,0.000000000000000000e+00,0.000000000000000000e+00,0.000000000000000000e+00,0.000000000000000000e+00,0.000000000000000000e+00,0.000000000000000000e+00,0.000000000000000000e+00,0.000000000000000000e+00,0.000000000000000000e+00
1.624825045248038169e+00,2.534361222197323738e+00,9.267315984372022086e-01,-1.552787215489134960e-02,4.702641126244890002e-03,-9.975775211602705417e-02,9.948794707126772385e-01,-6.699887869819930453e-01,1.502354907087426472e-01,7.700171914764361580e-02,2.862806765236439732e-01,8.661354455139308461e-02,-1.914911463437087361e-02,3.573442855843093208e-02,1.206381231978722046e-01,2.472874496541110911e-01,4.432721399226113856e-01,-2.482163175966521362e-01,3.913049940349817846e-02,2.722270662131175967e-01,0.000000000000000000e+00,0.000000000000000000e+00,0.000000000000000000e+00,0.000000000000000000e+00,0.000000000000000000e+00,0.000000000000000000e+00,0.000000000000000000e+00,0.000000000000000000e+00,0.000000000000000000e+00,0.000000000000000000e+00,0.000000000000000000e+00,0.000000000000000000e+00,0.000000000000000000e+00,0.000000000000000000e+00,0.000000000000000000e+00,0.000000000000000000e+00
1.657583787905733796e+00,2.543253446613666036e+00,9.214412961093599863e-01,-5.390223996340371294e-04,2.897157557262482284e-03,-1.141921362983793070e-01,9.934543129608700562e-01,-6.431050424852475800e-01,1.140669260100117266e-01,1.160174589822821484e-01,3.287161305264290623e-01,9.904179262650839033e-02,1.505347699255059693e-02,6.485320208967769451e-02,5.417263807181507684e-02,2.675494594578509133e-01,4.441771134458168402e-01,-1.142281862459738617e-01,1.010300959543500438e-01,2.836832632182812453e-01,0.000000000000000000e+00,0.000000000000000000e+00,0.000000000000000000e+00,0.000000000000000000e+00,0.000000000000000000e+00,0.000000000000000000e+00,0.000000000000000000e+00,0.000000000000000000e+00,0.000000000000000000e+00,0.000000000000000000e+00,0.000000000000000000e+00,0.000000000000000000e+00,0.000000000000000000e+00,0.000000000000000000e+00,0.000000000000000000e+00,0.000000000000000000e+00
1.688256156940841857e+00,2.551957187391311610e+00,9.210065677115610860e-01,1.931442840555982685e-02,5.259674773369926032e-03,-1.233517038758839418e-01,9.921610987271984872e-01,-6.316356752238919681e-01,5.904932426133936707e-02,1.517627709592774821e-01,3.739053511496951976e-01,8.585297136914277205e-02,5.289450020798375229e-02,8.288106387337740300e-02,-3.501098970905819341e-02,2.656456295434787007e-01,4.341638506211937809e-01,7.831784568441818584e-02,1.742580764432918039e-01,2.928878134713260306e-01,0.000000000000000000e+00,0.000000000000000000e+00,0.000000000000000000e+00,0.000000000000000000e+00,0.000000000000000000e+00,0.000000000000000000e+00,0.000000000000000000e+00,0.000000000000000000e+00,0.000000000000000000e+00,0.000000000000000000e+00,0.000000000000000000e+00,0.000000000000000000e+00,0.000000000000000000e+00,0.000000000000000000e+00,0.000000000000000000e+00,0.000000000000000000e+00
1.717773655832309565e+00,2.560340516703844216e+00,9.226428108292519248e-01,3.091903382752457519e-02,1.152144545584730083e-02,-1.275928533821785449e-01,9.912776268067259311e-01,-6.227215724544660214e-01,1.507960169863262201e-02,1.752207458672269680e-01,4.036952380130676143e-01,6.599639011693736457e-02,8.419109566926132049e-02,7.040331074973371628e-02,-1.049402570125936712e-01,2.576118699670423284e-01,4.703448017418619953e-01,2.692713918110450355e-01,2.349720825805364233e-01,2.836545939871842892e-01,0.000000000000000000e+00,0.000000000000000000e+00,0.000000000000000000e+00,0.000000000000000000e+00,0.000000000000000000e+00,0.000000000000000000e+00,0.000000000000000000e+00,0.000000000000000000e+00,0.000000000000000000e+00,0.000000000000000000e+00,0.000000000000000000e+00,0.000000000000000000e+00,0.000000000000000000e+00,0.000000000000000000e+00,0.000000000000000000e+00,0.000000000000000000e+00
1.746527073527643026e+00,2.567625162124344662e+00,9.258821314655922841e-01,3.592861390476836253e-02,1.145058386690722511e-02,-1.266300367090902601e-01,9.912329961391739275e-01,-6.035955399396272236e-01,-1.729180345284964115e-02,1.867796171467809851e-01,4.327695575239001724e-01,2.841928949698647316e-02,1.133622759889818532e-01,3.862584055033906061e-02,-1.485148330960099072e-01,2.189525509794735814e-01,5.344347363057915246e-01,4.240303149047203179e-01,2.593181554933055022e-01,2.515674294697689550e-01,0.000000000000000000e+00,0.000000000000000000e+00,0.000000000000000000e+00,0.000000000000000000e+00,0.000000000000000000e+00,0.000000000000000000e+00,0.000000000000000000e+00,0.000000000000000000e+00,0.000000000000000000e+00,0.000000000000000000e+00,0.000000000000000000e+00,0.000000000000000000e+00,0.000000000000000000e+00,0.000000000000000000e+00,0.000000000000000000e+00,0.000000000000000000e+00
1.775983299520026204e+00,2.575313349529651852e+00,9.322507209685604312e-01,3.324811366878031166e-02,1.005068130209546898e-02,-1.243094181958293021e-01,9.916353741626235951e-01,-5.679654016608786105e-01,-3.694138398613642377e-02,1.928597331923128655e-01,4.389355441387425838e-01,-1.308446899711831687e-02,1.396957880951356368e-01,-2.610242731107874012e-02,-1.780284145978043020e-01,1.495178062355873305e-01,6.397688420412129817e-01,4.940752843492036139e-01,2.354778803752310412e-01,2.079236261649208550e-01,0.000000000000000000e+00,0.000000000000000000e+00,0.000000000000000000e+00,0.000000000000000000e+00,0.000000000000000000e+00,0.000000000000000000e+00,0.000000000000000000e+00,0.000000000000000000e+00,0.000000000000000000e+00,0.000000000000000000e+00,0.000000000000000000e+00,0.000000000000000000e+00,0.000000000000000000e+00,0.000000000000000000e+00,0.000000000000000000e+00,0.000000000000000000e+00
1.805325114769912531e+00,2.581522968966304621e+00,9.391565502286284284e-01,3.164126800861087607e-02,6.098292018443255552e-03,-1.218218289238194030e-01,9.920287712515807321e-01,-5.156009809086921081e-01,-5.907079829068104943e-02,1.927730775864057722e-01,4.239137769846979542e-01,-4.763611415859519971e-02,1.496059193063792592e-01,-1.230997578429245537e-01,-2.089995530601963525e-01,6.044934374305141467e-02,7.676176930407627719e-01,4.587863496995325807e-01,1.620722311526647808e-01,1.459747722208895038e-01,0.000000000000000000e+00,0.000000000000000000e+00,0.000000000000000000e+00,0.000000000000000000e+00,0.000000000000000000e+00,0.000000000000000000e+00,0.000000000000000000e+00,0.000000000000000000e+00,0.000000000000000000e+00,0.000000000000000000e+00,0.000000000000000000e+00,0.000000000000000000e+00,0.000000000000000000e+00,0.000000000000000000e+00,0.000000000000000000e+00,0.000000000000000000e+00
1.833830227116771905e+00,2.585523224125965580e+00,9.440222397008282140e-01,3.429771790061441478e-02,1.723066845036589842e-03,-1.161809284603367992e-01,9.926342173477354924e-01,-4.576935261451415271e-01,-9.003085677867253556e-02,1.821303173884435966e-01,3.910543034856436839e-01,-7.184109311911354712e-02,1.459816777780721664e-01,-2.310063081402023155e-01,-2.414517378572896555e-01,-1.760693563911280152e-02,8.687791062949418164e-01,3.814930871325424855e-01,9.313570767759131452e-02,8.359902082482957575e-02,0.000000000000000000e+00,0.000000000000000000e+00,0.000000000000000000e+00,0.000000000000000000e+00,0.000000000000000000e+00,0.000000000000000000e+00,0.000000000000000000e+00,0.000000000000000000e+00,0.000000000000000000e+00,0.000000000000000000e+00,0.000000000000000000e+00,0.000000000000000000e+00,0.000000000000000000e+00,0.000000000000000000e+00,0.000000000000000000e+00,0.000000000000000000e+00
1.861883705406137235e+00,2.587400456120231507e+00,9.494657546714933005e-01,3.276017327563483794e-02,1.746255976305019844e-03,-1.052662509693722409e-01,9.939027809820579762e-01,-4.061462672945978514e-01,-1.090291774639729622e-01,1.653743455125318840e-01,3.538761619099554112e-01,-7.159085176836958719e-02,1.439479120266912993e-01,-3.256849354269624186e-01,-2.613229768868727265e-01,-8.505930068780048758e-02,9.263215899803072251e-01,3.154938089177899974e-01,4.539706700474194223e-02,1.462830565568356937e-02,0.000000000000000000e+00,0.000000000000000000e+00,0.000000000000000000e+00,0.000000000000000000e+00,0.000000000000000000e+00,0.000000000000000000e+00,0.000000000000000000e+00,0.000000000000000000e+00,0.000000000000000000e+00,0.000000000000000000e+00,0.000000000000000000e+00,0.000000000000000000e+00,0.000000000000000000e+00,0.000000000000000000e+00,0.000000000000000000e+00,0.000000000000000000e+00
1.888900756607522213e+00,2.586689463563831559e+00,9.529199503350155309e-01,3.589342335210125856e-02,-2.829929219784848866e-03,-9.559529749904252527e-02,9.947689142493082448e-01,-3.418246005290311307e-01,-1.361741306923537342e-01,1.365677728143210590e-01,3.084138329648297150e-01,-7.294300892946885273e-02,1.315946942140736597e-01,-4.116693068098449815e-01,-2.785416942632807924e-01,-1.491039745278497641e-01,9.312909374452780220e-01,2.576698346473513812e-01,3.291998743089138979e-02,-5.468857431590669338e-02,0.000000000000000000e+00,0.000000000000000000e+00,0.000000000000000000e+00,0.000000000000000000e+00,0.000000000000000000e+00,0.000000000000000000e+00,0.000000000000000000e+00,0.000000000000000000e+00,0.000000000000000000e+00,0.000000000000000000e+00,0.000000000000000000e+00,0.000000000000000000e+00,0.000000000000000000e+00,0.000000000000000000e+00,0.000000000000000000e+00,0.000000000000000000e+00
1.915431340125137494e+00,2.584145888960094339e+00,9.549250271537418344e-01,3.824098744316949822e-02,-6.517720363528080318e-03,-8.741242457476006145e-02,9.954166033528858426e-01,-2.785124767291137227e-01,-1.544573300215269229e-01,1.087932626475872355e-01,2.623624041412143115e-01,-7.955922586235236738e-02,1.127433902136220772e-01,-4.850806351649639692e-01,-2.876653952516172730e-01,-1.902510479324838188e-01,9.002302357276275036e-01,2.025269068702043596e-01,3.917926251859503439e-02,-1.171446591980583735e-01,0.000000000000000000e+00,0.000000000000000000e+00,0.000000000000000000e+00,0.000000000000000000e+00,0.000000000000000000e+00,0.000000000000000000e+00,0.000000000000000000e+00,0.000000000000000000e+00,0.000000000000000000e+00,0.000000000000000000e+00,0.000000000000000000e+00,0.000000000000000000e+00,0.000000000000000000e+00,0.000000000000000000e+00,0.000000000000000000e+00,0.000000000000000000e+00
1.942098739073751412e+00,2.579854834179422518e+00,9.552555700527749494e-01,4.136471325536111854e-02,-8.800100136000564913e-03,-8.441617006145256397e-02,9.955327362608695774e-01,-2.257791817762971331e-01,-1.681135549399050966e-01,8.845033354186171426e-02,2.350935558781684365e-01,-9.440160669352644363e-02,1.036678719817029776e-01,-5.470541811495576168e-01,-2.971981825865050997e-01,-2.304900459099063492e-01,8.212440436725519932e-01,1.463798288765800482e-01,5.212076595978568094e-02,-1.677633314680861409e-01,0.000000000000000000e+00,0.000000000000000000e+00,0.000000000000000000e+00,0.000000000000000000e+00,0.000000000000000000e+00,0.000000000000000000e+00,0.000000000000000000e+00,0.000000000000000000e+00,0.000000000000000000e+00,0.000000000000000000e+00,0.000000000000000000e+00,0.000000000000000000e+00,0.000000000000000000e+00,0.000000000000000000e+00,0.000000000000000000e+00,0.000000000000000000e+00
1.968659602251158214e+00,2.573666951687668014e+00,9.538693897421556267e-01,4.668719787621351813e-02,-1.119527288437205392e-02,-8.680651987482661258e-02,9.950676356543475265e-01,-1.777303197188165318e-01,-1.810781153044309644e-01,7.856149697155398459e-02,2.184620408008788039e-01,-1.132258845642608036e-01,9.627380291546776270e-02,-6.050040222574230020e-01,-2.987845404903851643e-01,-2.629962471794223822e-01,7.175555795428397721e-01,1.142161068211763053e-01,6.912795149077670398e-02,-2.098332367863647296e-01,0.000000000000000000e+00,0.000000000000000000e+00,0.000000000000000000e+00,0.000000000000000000e+00,0.000000000000000000e+00,0.000000000000000000e+00,0.000000000000000000e+00,0.000000000000000000e+00,0.000000000000000000e+00,0.000000000000000000e+00,0.000000000000000000e+00,0.000000000000000000e+00,0.000000000000000000e+00,0.000000000000000000e+00,0.000000000000000000e+00,0.000000000000000000e+00
1.994816747325256268e+00,2.566165708151217917e+00,9.522740293508872300e-01,4.846534501974358866e-02,-1.473784737362462786e-02,-9.176587074369360608e-02,9.944912926484378302e-01,-1.302259712750521159e-01,-1.850703938288586481e-01,7.126413186314342618e-02,2.097061094798850223e-01,-1.378472038462053850e-01,9.586815320904674975e-02,-6.454388230281634664e-01,-3.007098905245759179e-01,-2.879752202350944201e-01,6.116624396076744130e-01,7.190675319252370912e-02,8.785550622791657438e-02,-2.440098182243886082e-01,0.000000000000000000e+00,0.000000000000000000e+00,0.000000000000000000e+00,0.000000000000000000e+00,0.000000000000000000e+00,0.000000000000000000e+00,0.000000000000000000e+00,0.000000000000000000e+00,0.000000000000000000e+00,0.000000000000000000e+00,0.000000000000000000e+00,0.000000000000000000e+00,0.000000000000000000e+00,0.000000000000000000e+00,0.000000000000000000e+00,0.000000000000000000e+00
2.021248631212821056e+00,2.556781332020731767e+00,9.500706039420734328e-01,5.031150057822878635e-02,-1.305025128232820651e-02,-9.601663517773111056e-02,9.940217551040730903e-01,-9.007890058639211883e-02,-1.851265352516792972e-01,7.182682228697062632e-02,1.955014906211773873e-01,-1.626879581326098889e-01,9.362695377692645260e-02,-6.739920333320404966e-01,-2.954027817536276634e-01,-3.292791536701118460e-01,4.781700012766149088e-01,4.375247564644002551e-02,1.174572564647251988e-01,-2.691997341226707863e-01,0.000000000000000000e+00,0.000000000000000000e+00,0.000000000000000000e+00,0.000000000000000000e+00,0.000000000000000000e+00,0.000000000000000000e+00,0.000000000000000000e+00,0.000000000000000000e+00,0.000000000000000000e+00,0.000000000000000000e+00,0.000000000000000000e+00,0.000000000000000000e+00,0.000000000000000000e+00,0.000000000000000000e+00,0.000000000000000000e+00,0.000000000000000000e+00
2.047318871506848659e+00,2.545738643219332964e+00,9.475609489167282629e-01,5.083540226391980443e-02,-9.147008900592465061e-03,-1.048101488376253637e-01,9.931500021675843115e-01,-6.182792586861680928e-02,-1.778680591661149224e-01,8.236700412457888254e-02,1.945707044688262943e-01,-1.875537761311822649e-01,8.784805473113717345e-02,-7.052547103973370035e-01,-2.786484251692827874e-01,-3.619574760260539925e-01,3.485661070678073847e-01,3.171528348423911792e-02,1.519582648148693205e-01,-2.820428413729456629e-01,0.000000000000000000e+00,0.000000000000000000e+00,0.000000000000000000e+00,0.000000000000000000e+00,0.000000000000000000e+00,0.000000000000000000e+00,0.000000000000000000e+00,0.000000000000000000e+00,0.000000000000000000e+00,0.000000000000000000e+00,0.000000000000000000e+00,0.000000000000000000e+00,0.000000000000000000e+00,0.000000000000000000e+00,0.000000000000000000e+00,0.000000000000000000e+00
2.073354915978707691e+00,2.533049022204959755e+00,9.432016473264015488e-01,5.480890713908670442e-02,-1.525741522194969287e-03,-1.154830659344356497e-01,9.917949976146324120e-01,-3.971849762728748429e-02,-1.749486252604226799e-01,9.923866439193755606e-02,1.924489925035668680e-01,-2.223636159714515170e-01,8.159007162509616939e-02,-7.216356496528114617e-01,-2.637197617893308754e-01,-4.135053639739698084e-01,2.280116755022462971e-01,2.709233858321050126e-02,1.788575994968276683e-01,-2.849015508960857646e-01,0.000000000000000000e+00,0.000000000000000000e+00,0.000000000000000000e+00,0.000000000000000000e+00,0.000000000000000000e+00,0.000000000000000000e+00,0.000000000000000000e+00,0.000000000000000000e+00,0.000000000000000000e+00,0.000000000000000000e+00,0.000000000000000000e+00,0.000000000000000000e+00,0.000000000000000000e+00,0.000000000000000000e+00,0.000000000000000000e+00,0.000000000000000000e+00
2.100553367608489985e+00,2.518708667511852628e+00,9.362492965114792565e-01,6.102752544919295974e-02,2.952474953944712356e-03,-1.322148963342834604e-01,9.893362144470951858e-01,-1.509561896096233216e-02,-1.775486098013139002e-01,1.179685920085051382e-01,2.028007147435657020e-01,-2.551976714638444776e-01,7.310382835857001660e-02,-7.229072069751752982e-01,-2.522655155717010711e-01,-4.586201173360997529e-01,1.464485033018159965e-01,3.555971592012119320e-02,1.930227661645663451e-01,-2.824321455893278876e-01,0.000000000000000000e+00,0.000000000000000000e+00,0.000000000000000000e+00,0.000000000000000000e+00,0.000000000000000000e+00,0.000000000000000000e+00,0.000000000000000000e+00,0.000000000000000000e+00,0.000000000000000000e+00,0.000000000000000000e+00,0.000000000000000000e+00,0.000000000000000000e+00,0.000000000000000000e+00,0.000000000000000000e+00,0.000000000000000000e+00,0.000000000000000000e+00
2.129078645615184673e+00,2.503009918317158800e+00,9.278080489005859910e-01,6.560256797088760694e-02,-1.294876352693518197e-03,-1.416994181408956222e-01,9.877327074008368513e-01,1.987015562970702309e-02,-1.809793255102572496e-01,1.120170947350169616e-01,2.370442783224122885e-01,-2.822838820294409357e-01,7.054559323042121355e-02,-7.084082258735577842e-01,-2.537445566392020346e-01,-4.830654973816546072e-01,1.319486598888217066e-01,5.119670001051483677e-02,1.829861922385684347e-01,-2.918033092415614482e-01,0.000000000000000000e+00,0.000000000000000000e+00,0.000000000000000000e+00,0.000000000000000000e+00,0.000000000000000000e+00,0.000000000000000000e+00,0.000000000000000000e+00,0.000000000000000000e+00,0.000000000000000000e+00,0.000000000000000000e+00,0.000000000000000000e+00,0.000000000000000000e+00,0.000000000000000000e+00,0.000000000000000000e+00,0.000000000000000000e+00,0.000000000000000000e+00
2.159039723554590839e+00,2.486323609469869744e+00,9.187499327413731764e-01,6.507807060035560032e-02,-5.961979020252565313e-03,-1.482952452807515809e-01,9.867815461186016934e-01,4.793428313779566491e-02,-1.710959387450062263e-01,1.035004091066451942e-01,2.976891579671764876e-01,-2.961279697567346658e-01,6.267419474397339929e-02,-6.861161831457461835e-01,-2.575070560658540564e-01,-4.835647340660879645e-01,1.758707447544719249e-01,6.544329513487259775e-02,1.524879087695965585e-01,-3.050304026428458659e-01,0.000000000000000000e+00,0.000000000000000000e+00,0.000000000000000000e+00,0.000000000000000000e+00,0.000000000000000000e+00,0.000000000000000000e+00,0.000000000000000000e+00,0.000000000000000000e+00,0.000000000000000000e+00,0.000000000000000000e+00,0.000000000000000000e+00,0.000000000000000000e+00,0.000000000000000000e+00,0.000000000000000000e+00,0.000000000000000000e+00,0.000000000000000000e+00
2.188272426218874411e+00,2.469129695425718030e+00,9.142741298287939689e-01,5.604073795689250292e-02,-7.931643897239597230e-03,-1.542924841225427612e-01,9.864027342103371954e-01,6.929869926544827974e-02,-1.352151349931581259e-01,9.944162806508226315e-02,3.573481246648884113e-01,-2.428171084591722317e-01,3.580698652062864334e-02,-6.585315685546637710e-01,-2.401718390212878029e-01,-4.943107115309708366e-01,2.252742347721958249e-01,7.436663985714150882e-02,1.096227730562008423e-01,-3.129564578008233733e-01,0.000000000000000000e+00,0.000000000000000000e+00,0.000000000000000000e+00,0.000000000000000000e+00,0.000000000000000000e+00,0.000000000000000000e+00,0.000000000000000000e+00,0.000000000000000000e+00,0.000000000000000000e+00,0.000000000000000000e+00,0.000000000000000000e+00,0.000000000000000000e+00,0.000000000000000000e+00,0.000000000000000000e+00,0.000000000000000000e+00,0.000000000000000000e+00
2.216916787425931457e+00,2.452084500839758263e+00,9.112225349696585486e-01,4.273708697765754572e-02,-5.114886854811795044e-03,-1.652703355949634578e-01,9.853086295681445783e-01,8.091512004803179392e-02,-8.977326169867619332e-02,8.971729192424512944e-02,4.192474597591453467e-01,-1.343721451529420463e-01,3.014398243489563745e-03,-6.293504938753492484e-01,-2.092615290473173184e-01,-5.170459539365026558e-01,2.759032420314685985e-01,8.459253053099731468e-02,5.516152987578047673e-02,-3.149566226419293069e-01,0.000000000000000000e+00,0.000000000000000000e+00,0.000000000000000000e+00,0.000000000000000000e+00,0.000000000000000000e+00,0.000000000000000000e+00,0.000000000000000000e+00,0.000000000000000000e+00,0.000000000000000000e+00,0.000000000000000000e+00,0.000000000000000000e+00,0.000000000000000000e+00,0.000000000000000000e+00,0.000000000000000000e+00,0.000000000000000000e+00,0.000000000000000000e+00
2.244294669805290798e+00,2.435938278872698870e+00,9.092493118122116913e-01,2.540665445094116709e-02,4.123123424204949185e-03,-1.805438980768103718e-01,9.832300863124917578e-01,8.382241761607531205e-02,-3.895237452665871458e-02,6.713907660531906463e-02,4.589697222740720117e-01,6.076631427460010837e-02,-5.160364671991608809e-02,-6.076949852025840260e-01,-1.539485375714080007e-01,-5.412113075552916763e-01,3.098863720408214228e-01,8.691828673664708793e-02,-5.184386021136286327e-03,-3.118517479886788735e-01,0.000000000000000000e+00,0.000000000000000000e+00,0.000000000000000000e+00,0.000000000000000000e+00,0.000000000000000000e+00,0.000000000000000000e+00,0.000000000000000000e+00,0.000000000000000000e+00,0.000000000000000000e+00,0.000000000000000000e+00,0.000000000000000000e+00,0.000000000000000000e+00,0.000000000000000000e+00,0.000000000000000000e+00,0.000000000000000000e+00,0.000000000000000000e+00
2.270993557625648585e+00,2.421068740053681001e+00,9.118472624460421949e-01,1.048506830813960428e-02,1.368946187327021134e-02,-1.981956347762735549e-01,9.800107919466113371e-01,7.408441748357448564e-02,2.097501943860149640e-03,3.153279705639928238e-02,4.895032095803920069e-01,2.965506102981623204e-01,-1.259689636029035775e-01,-5.946760384398015464e-01,-9.212641879236474485e-02,-5.254099066658315387e-01,3.301771918638509162e-01,7.871917485711721341e-02,-5.390073257273355484e-02,-3.027763309533189062e-01,0.000000000000000000e+00,0.000000000000000000e+00,0.000000000000000000e+00,0.000000000000000000e+00,0.000000000000000000e+00,0.000000000000000000e+00,0.000000000000000000e+00,0.000000000000000000e+00,0.000000000000000000e+00,0.000000000000000000e+00,0.000000000000000000e+00,0.000000000000000000e+00,0.000000000000000000e+00,0.000000000000000000e+00,0.000000000000000000e+00,0.000000000000000000e+00
2.298699654491292765e+00,2.406887821810856920e+00,9.197268490862465784e-01,7.823471162287673128e-03,2.185056763321869752e-02,-2.263798880319245477e-01,9.737625440977554225e-01,4.369771772545531785e-02,1.173262686875284344e-02,6.359706080511016817e-03,5.422440013302296524e-01,4.797319262260380524e-01,-1.833596153405153695e-01,-5.738092799992141613e-01,-4.338715230514235410e-02,-4.757859845720027736e-01,3.260290981488920270e-01,7.385860093795330872e-02,-7.894407354578784897e-02,-2.700330344163816010e-01,0.000000000000000000e+00,0.000000000000000000e+00,0.000000000000000000e+00,0.000000000000000000e+00,0.000000000000000000e+00,0.000000000000000000e+00,0.000000000000000000e+00,0.000000000000000000e+00,0.000000000000000000e+00,0.000000000000000000e+00,0.000000000000000000e+00,0.000000000000000000e+00,0.000000000000000000e+00,0.000000000000000000e+00,0.000000000000000000e+00,0.000000000000000000e+00
2.326806394644814535e+00,2.392808960998073164e+00,9.271690699016119641e-01,9.097652681515966400e-03,1.866521015727869506e-02,-2.661169873288181109e-01,9.637170703585702380e-01,-2.810126329734909806e-02,1.877027067526332652e-02,4.057156066436506947e-02,6.726598213331178577e-01,4.954782516578566942e-01,-1.844662235943027584e-01,-5.357741903492363456e-01,-2.520423930359668580e-03,-3.945148593284661942e-01,3.232397898701652728e-01,4.950330684553289062e-02,-8.770261989115553380e-02,-2.136228658795704394e-01,0.000000000000000000e+00,0.000000000000000000e+00,0.000000000000000000e+00,0.000000000000000000e+00,0.000000000000000000e+00,0.000000000000000000e+00,0.000000000000000000e+00,0.000000000000000000e+00,0.000000000000000000e+00,0.000000000000000000e+00,0.000000000000000000e+00,0.000000000000000000e+00,0.000000000000000000e+00,0.000000000000000000e+00,0.000000000000000000e+00,0.000000000000000000e+00
2.352641705781163051e+00,2.379458715563194993e+00,9.367867846119122266e-01,1.829189171935872993e-02,1.467847175623410855e-02,-3.038136508430955285e-01,9.524427619157062042e-01,-1.181537147302778312e-01,2.098930512882147062e-02,9.323263167519026118e-02,7.656853364897956427e-01,4.819873601554663933e-01,-1.387071012617428489e-01,-4.971189435038459448e-01,1.308009757470034867e-02,-3.066909758724788992e-01,3.079044090646199106e-01,3.271408179826920670e-02,-8.759996171754425021e-02,-1.577587794688567469e-01,0.000000000000000000e+00,0.000000000000000000e+00,0.000000000000000000e+00,0.000000000000000000e+00,0.000000000000000000e+00,0.000000000000000000e+00,0.000000000000000000e+00,0.000000000000000000e+00,0.000000000000000000e+00,0.000000000000000000e+00,0.000000000000000000e+00,0.000000000000000000e+00,0.000000000000000000e+00,0.000000000000000000e+00,0.000000000000000000e+00,0.000000000000000000e+00
2.376335846235672733e+00,2.366769648338139298e+00,9.421044751464756617e-01,1.732137114931386196e-02,7.475987309825371865e-03,-3.418775287339995139e-01,9.395551261432105727e-01,-2.286943200071763216e-01,5.944881902203399265e-02,1.454966340877769937e-01,8.825214842764461665e-01,3.875173690050596753e-01,-6.483241141013446063e-02,-4.530573470206131770e-01,4.101356553340721606e-02,-2.233957360898737310e-01,2.989592100034622058e-01,9.032075636871968877e-03,-8.440047922580923290e-02,-9.965974117557352407e-02,0.000000000000000000e+00,0.000000000000000000e+00,0.000000000000000000e+00,0.000000000000000000e+00,0.000000000000000000e+00,0.000000000000000000e+00,0.000000000000000000e+00,0.000000000000000000e+00,0.000000000000000000e+00,0.000000000000000000e+00,0.000000000000000000e+00,0.000000000000000000e+00,0.000000000000000000e+00,0.000000000000000000e+00,0.000000000000000000e+00,0.000000000000000000e+00
2.397669399305670801e+00,2.354156368794880105e+00,9.461854971784938728e-01,1.576123277450856841e-02,7.621966440227315523e-04,-3.813236221782548285e-01,9.243069283341757147e-01,-3.312922728779017501e-01,8.758339473274409648e-02,1.767378256871577902e-01,9.570713405174957611e-01,2.991401030806357109e-01,-1.642535254087277435e-02,-4.115995429418475293e-01,6.717323848992068358e-02,-1.401777890113808100e-01,2.900571736463437578e-01,-1.088169730874486568e-02,-7.869708527606722459e-02,-4.210207199041865467e-02,0.000000000000000000e+00,0.000000000000000000e+00,0.000000000000000000e+00,0.000000000000000000e+00,0.000000000000000000e+00,0.000000000000000000e+00,0.000000000000000000e+00,0.000000000000000000e+00,0.000000000000000000e+00,0.000000000000000000e+00,0.000000000000000000e+00,0.000000000000000000e+00,0.000000000000000000e+00,0.000000000000000000e+00,0.000000000000000000e+00,0.000000000000000000e+00
2.417112542011309539e+00,2.340881282071373359e+00,9.493216112337531376e-01,1.365067493040572968e-02,-6.181411957898876042e-03,-4.228213419330923983e-01,9.060891578790962742e-01,-4.263475668868608737e-01,1.157658495886839251e-01,1.911125174029475460e-01,9.595947972042927487e-01,2.203832406249725817e-01,1.672231211004137491e-02,-3.695059008449176896e-01,8.824557459672643933e-02,-6.656495392829761548e-02,2.832077314207857577e-01,-2.574103903897969822e-02,-6.295851059749502099e-02,1.708472988964611014e-02,0.000000000000000000e+00,0.000000000000000000e+00,0.000000000000000000e+00,0.000000000000000000e+00,0.000000000000000000e+00,0.000000000000000000e+00,0.000000000000000000e+00,0.000000000000000000e+00,0.000000000000000000e+00,0.000000000000000000e+00,0.000000000000000000e+00,0.000000000000000000e+00,0.000000000000000000e+00,0.000000000000000000e+00,0.000000000000000000e+00,0.000000000000000000e+00
2.435393403265194046e+00,2.325772062268605112e+00,9.515254582753942536e-01,1.288632731996064776e-02,-9.572652816635092085e-03,-4.579217275198498305e-01,8.888475675567161227e-01,-4.969015089347569303e-01,1.434316116724096979e-01,2.041316611822838745e-01,9.097862405081824644e-01,1.619540332078026612e-01,3.429474408703774707e-02,-3.414337919762281404e-01,1.036172885353763007e-01,-8.007865838578973050e-04,2.922488870219938084e-01,-3.898862150988663400e-02,-4.312143551085727972e-02,6.069883805588881243e-02,0.000000000000000000e+00,0.000000000000000000e+00,0.000000000000000000e+00,0.000000000000000000e+00,0.000000000000000000e+00,0.000000000000000000e+00,0.000000000000000000e+00,0.000000000000000000e+00,0.000000000000000000e+00,0.000000000000000000e+00,0.000000000000000000e+00,0.000000000000000000e+00,0.000000000000000000e+00,0.000000000000000000e+00,0.000000000000000000e+00,0.000000000000000000e+00
2.452424253879716964e+00,2.308451215772290954e+00,9.527796763752578446e-01,1.195531160576741511e-02,-1.026901041325583436e-02,-4.906372449607312447e-01,8.712213908111329230e-01,-5.595166063583761895e-01,1.590765478404572719e-01,1.985158867676126149e-01,8.310046540382118874e-01,1.338799619169863953e-01,3.665416284316742185e-02,-3.110626891754448287e-01,1.196883881821618062e-01,6.092853383224569597e-02,2.898734479910154982e-01,-5.792988222999952141e-02,-2.948129581306755537e-02,1.081667892444165696e-01,0.000000000000000000e+00,0.000000000000000000e+00,0.000000000000000000e+00,0.000000000000000000e+00,0.000000000000000000e+00,0.000000000000000000e+00,0.000000000000000000e+00,0.000000000000000000e+00,0.000000000000000000e+00,0.000000000000000000e+00,0.000000000000000000e+00,0.000000000000000000e+00,0.000000000000000000e+00,0.000000000000000000e+00,0.000000000000000000e+00,0.000000000000000000e+00
2.468939495712920262e+00,2.289164356586682825e+00,9.529002992909009206e-01,8.468645010887194263e-03,-9.711665924462977925e-03,-5.191161039073283190e-01,8.546065973655522230e-01,-6.075684670228316264e-01,1.796856273139687543e-01,1.861316611601838145e-01,7.148681813412757213e-01,1.180563125295882587e-01,2.731351743611053207e-02,-2.789447344898876024e-01,1.392803793258306500e-01,1.171214632107949877e-01,2.908852114578343584e-01,-7.948745038860344225e-02,-2.459404012189386757e-02,1.478638871035273250e-01,0.000000000000000000e+00,0.000000000000000000e+00,0.000000000000000000e+00,0.000000000000000000e+00,0.000000000000000000e+00,0.000000000000000000e+00,0.000000000000000000e+00,0.000000000000000000e+00,0.000000000000000000e+00,0.000000000000000000e+00,0.000000000000000000e+00,0.000000000000000000e+00,0.000000000000000000e+00,0.000000000000000000e+00,0.000000000000000000e+00,0.000000000000000000e+00
2.485475070942657183e+00,2.267893665835196249e+00,9.518787066153385767e-01,4.515881017052664204e-03,-6.477258760258837282e-03,-5.435945460209423707e-01,8.393108014757574287e-01,-6.427142423404920146e-01,1.883750506763226251e-01,1.515714666899735108e-01,5.870336866351690830e-01,1.043396804106117709e-01,2.438404432613203859e-03,-2.452506502742809458e-01,1.583193290862923708e-01,1.680728944124370849e-01,2.859138385632106760e-01,-1.029502963447851416e-01,-1.832214229536101302e-02,1.822746667904764084e-01,0.000000000000000000e+00,0.000000000000000000e+00,0.000000000000000000e+00,0.000000000000000000e+00,0.000000000000000000e+00,0.000000000000000000e+00,0.000000000000000000e+00,0.000000000000000000e+00,0.000000000000000000e+00,0.000000000000000000e+00,0.000000000000000000e+00,0.000000000000000000e+00,0.000000000000000000e+00,0.000000000000000000e+00,0.000000000000000000e+00,0.000000000000000000e+00
2.502187944242729056e+00,2.244974187732280857e+00,9.503964677594799459e-01,2.817335990076155414e-03,-1.417895687714425517e-03,-5.605638440174887105e-01,8.281052040472121067e-01,-6.746843357164207244e-01,1.842987978557157347e-01,1.123560625773687011e-01,4.579383230603816801e-01,7.812771813724594949e-02,-2.245533547763096244e-02,-2.172670278656146647e-01,1.715056566708356989e-01,2.119065493218135199e-01,2.865920389180579564e-01,-1.312917586711227769e-01,-1.591075177806568555e-02,2.015862464861955250e-01,0.000000000000000000e+00,0.000000000000000000e+00,0.000000000000000000e+00,0.000000000000000000e+00,0.000000000000000000e+00,0.000000000000000000e+00,0.000000000000000000e+00,0.000000000000000000e+00,0.000000000000000000e+00,0.000000000000000000e+00,0.000000000000000000e+00,0.000000000000000000e+00,0.000000000000000000e+00,0.000000000000000000e+00,0.000000000000000000e+00,0.000000000000000000e+00
2.518979778688196003e+00,2.221379424926342772e+00,9.488810761941267602e-01,5.857458487830712740e-03,3.572674000306656251e-03,-5.679944264359845230e-01,8.230038017641281289e-01,-7.126646706393814368e-01,1.636706113446593225e-01,6.965053433603872468e-02,3.272691496263887556e-01,4.141234992351552902e-02,-4.189469177797915805e-02,-1.970540824123563350e-01,1.688203240119690585e-01,2.294930740081938814e-01,2.953912016398567708e-01,-1.701963423163120881e-01,-1.552292910250626518e-02,2.028259746246958151e-01,0.000000000000000000e+00,0.000000000000000000e+00,0.000000000000000000e+00,0.000000000000000000e+00,0.000000000000000000e+00,0.000000000000000000e+00,0.000000000000000000e+00,0.000000000000000000e+00,0.000000000000000000e+00,0.000000000000000000e+00,0.000000000000000000e+00,0.000000000000000000e+00,0.000000000000000000e+00,0.000000000000000000e+00,0.000000000000000000e+00,0.000000000000000000e+00
2.536419779244233119e+00,2.197778597617959129e+00,9.468921690617808640e-01,9.914776998997367613e-03,5.992045297696894576e-03,-5.717377555794863619e-01,8.203546376020206532e-01,-7.383469097718093899e-01,1.367023181144299826e-01,2.876853289811268088e-02,2.114646942759482173e-01,2.150482815248093427e-02,-4.322716449587690746e-02,-1.777705481187255854e-01,1.550410732905264655e-01,2.268532370325932190e-01,3.133196798246752346e-01,-2.106981298926353108e-01,-1.315748645352921714e-02,1.967326536419785887e-01,0.000000000000000000e+00,0.000000000000000000e+00,0.000000000000000000e+00,0.000000000000000000e+00,0.000000000000000000e+00,0.000000000000000000e+00,0.000000000000000000e+00,0.000000000000000000e+00,0.000000000000000000e+00,0.000000000000000000e+00,0.000000000000000000e+00,0.000000000000000000e+00,0.000000000000000000e+00,0.000000000000000000e+00,0.000000000000000000e+00,0.000000000000000000e+00
2.555307905068327834e+00,2.173076417795384963e+00,9.427110537351194308e-01,8.473074229507921926e-03,8.791349183847940729e-03,-5.802837665381870291e-01,8.143228287877507521e-01,-7.491037142682921424e-01,1.246153165223876508e-01,5.331859114055099991e-03,1.420858128212775240e-01,1.933665550377764233e-02,-3.962088013049348129e-02,-1.565242167220545211e-01,1.485285935615061059e-01,2.133240467705544985e-01,3.418901588969445737e-01,-2.545671435944817373e-01,-1.771620624441844205e-02,1.993199641553952683e-01,0.000000000000000000e+00,0.000000000000000000e+00,0.000000000000000000e+00,0.000000000000000000e+00,0.000000000000000000e+00,0.000000000000000000e+00,0.000000000000000000e+00,0.000000000000000000e+00,0.000000000000000000e+00,0.000000000000000000e+00,0.000000000000000000e+00,0.000000000000000000e+00,0.000000000000000000e+00,0.000000000000000000e+00,0.000000000000000000e+00,0.000000000000000000e+00
2.575508069148816137e+00,2.147052520144481225e+00,9.365577814611928398e-01,-2.236119923821455052e-04,8.743948354138936577e-03,-5.927828807812297596e-01,8.053148139811930895e-01,-7.388421582618251993e-01,1.298784751588613340e-01,-2.426036671647719550e-03,1.406031550076559944e-01,2.568454799263159352e-02,-3.816497885024370401e-02,-1.203020827667923565e-01,1.476868367066987431e-01,1.981408546535959880e-01,3.721783806598802369e-01,-2.910548302024603684e-01,-1.818803364886442675e-02,2.158157862458376652e-01,0.000000000000000000e+00,0.000000000000000000e+00,0.000000000000000000e+00,0.000000000000000000e+00,0.000000000000000000e+00,0.000000000000000000e+00,0.000000000000000000e+00,0.000000000000000000e+00,0.000000000000000000e+00,0.000000000000000000e+00,0.000000000000000000e+00,0.000000000000000000e+00,0.000000000000000000e+00,0.000000000000000000e+00,0.000000000000000000e+00,0.000000000000000000e+00
2.596717465953704007e+00,2.119940658991910976e+00,9.290611417502201430e-01,-1.083825650765817689e-02,7.449223990344535154e-03,-6.021017302187937625e-01,7.983110595033438006e-01,-7.169010898819753175e-01,1.358708320869960740e-01,7.438353173574527993e-03,1.993220461791891940e-01,3.284869235339767796e-02,-3.466911316562445999e-02,-7.848440557478979229e-02,1.565779921588260626e-01,2.241208547482024249e-01,4.097876258161839425e-01,-3.070875601945721178e-01,-8.792203852374258152e-03,2.315605777376006369e-01,0.000000000000000000e+00,0.000000000000000000e+00,0.000000000000000000e+00,0.000000000000000000e+00,0.000000000000000000e+00,0.000000000000000000e+00,0.000000000000000000e+00,0.000000000000000000e+00,0.000000000000000000e+00,0.000000000000000000e+00,0.000000000000000000e+00,0.000000000000000000e+00,0.000000000000000000e+00,0.000000000000000000e+00,0.000000000000000000e+00,0.000000000000000000e+00
2.617968117611467083e+00,2.093069880673287475e+00,9.226200237121412462e-01,-1.608118133712264225e-02,1.950167217658093852e-03,-6.119394287446727754e-01,7.907387229687629082e-01,-6.826342832502517721e-01,1.255575414296787595e-01,1.847481398659475693e-02,2.574068026859739344e-01,4.990678750573231126e-02,-1.784923881838172341e-02,-3.579778901364816940e-02,1.446813828396422141e-01,2.629734470390550638e-01,4.432578530195450672e-01,-2.770730357300941193e-01,2.525490147606909708e-02,2.415536102937974050e-01,0.000000000000000000e+00,0.000000000000000000e+00,0.000000000000000000e+00,0.000000000000000000e+00,0.000000000000000000e+00,0.000000000000000000e+00,0.000000000000000000e+00,0.000000000000000000e+00,0.000000000000000000e+00,0.000000000000000000e+00,0.000000000000000000e+00,0.000000000000000000e+00,0.000000000000000000e+00,0.000000000000000000e+00,0.000000000000000000e+00,0.000000000000000000e+00
2.638334537103864452e+00,2.066861282374149233e+00,9.177508588685941993e-01,-1.135545812042739085e-02,-3.989281701142400986e-03,-6.252094677062809414e-01,7.803641846553527328e-01,-6.477046712626666203e-01,1.049125250794574471e-01,4.127394301535330934e-02,3.014815053082553487e-01,8.279909528893178439e-02,4.996201297995937415e-03,-3.987208027474167804e-03,1.003616027691580093e-01,2.875278890015217081e-01,4.550359510139213581e-01,-1.747976165132718862e-01,8.220987700335694037e-02,2.501821909191824234e-01,0.000000000000000000e+00,0.000000000000000000e+00,0.000000000000000000e+00,0.000000000000000000e+00,0.000000000000000000e+00,0.000000000000000000e+00,0.000000000000000000e+00,0.000000000000000000e+00,0.000000000000000000e+00,0.000000000000000000e+00,0.000000000000000000e+00,0.000000000000000000e+00,0.000000000000000000e+00,0.000000000000000000e+00,0.000000000000000000e+00,0.000000000000000000e+00
2.656864643529056380e+00,2.042170564466098348e+00,9.137110728930282200e-01,6.222338381542328982e-03,-1.251309792931131967e-02,-6.300303817905587023e-01,7.764447326797448978e-01,-6.284398790252587741e-01,5.763394771502080433e-02,7.817944367056361976e-02,3.261707490463757741e-01,1.046734252522940195e-01,3.688339320537160904e-02,1.520332837763485254e-02,1.774557625734715649e-02,2.899183297010625160e-01,4.432112440987008850e-01,2.296569598116466465e-02,1.598025193686881673e-01,2.527098906516980770e-01,0.000000000000000000e+00,0.000000000000000000e+00,0.000000000000000000e+00,0.000000000000000000e+00,0.000000000000000000e+00,0.000000000000000000e+00,0.000000000000000000e+00,0.000000000000000000e+00,0.000000000000000000e+00,0.000000000000000000e+00,0.000000000000000000e+00,0.000000000000000000e+00,0.000000000000000000e+00,0.000000000000000000e+00,0.000000000000000000e+00,0.000000000000000000e+00
2.673666885213313638e+00,2.018442396485646828e+00,9.126684195172938274e-01,2.710412584958405563e-02,-2.049391722677905425e-02,-6.317324434267761468e-01,7.744414023285863813e-01,-6.207968696575617562e-01,2.363136200855250890e-03,1.107072996118020625e-01,3.481797889762290321e-01,9.571459996004860749e-02,7.211671898862634378e-02,7.833058285167995502e-03,-6.560245848636089838e-02,2.691753276631888014e-01,4.657614512430454656e-01,2.449515911057923434e-01,2.350240748475266039e-01,2.412509095067487397e-01,0.000000000000000000e+00,0.000000000000000000e+00,0.000000000000000000e+00,0.000000000000000000e+00,0.000000000000000000e+00,0.000000000000000000e+00,0.000000000000000000e+00,0.000000000000000000e+00,0.000000000000000000e+00,0.000000000000000000e+00,0.000000000000000000e+00,0.000000000000000000e+00,0.000000000000000000e+00,0.000000000000000000e+00,0.000000000000000000e+00,0.000000000000000000e+00
2.689272915919613371e+00,1.993754665030957218e+00,9.159749242599839469e-01,3.263699791442523090e-02,-1.915444732049090965e-02,-6.260131879648972442e-01,7.788937167605133327e-01,-6.084799827310292120e-01,-3.010940741218006908e-02,1.080148511757885871e-01,3.635526541034831971e-01,8.117266987315960303e-02,9.443730965152422052e-02,-3.101921535182811801e-02,-9.062283935288195647e-02,2.371300743498442054e-01,5.406078967143015390e-01,4.099719518261711881e-01,2.591571724243001418e-01,2.013683023874951461e-01,0.000000000000000000e+00,0.000000000000000000e+00,0.000000000000000000e+00,0.000000000000000000e+00,0.000000000000000000e+00,0.000000000000000000e+00,0.000000000000000000e+00,0.000000000000000000e+00,0.000000000000000000e+00,0.000000000000000000e+00,0.000000000000000000e+00,0.000000000000000000e+00,0.000000000000000000e+00,0.000000000000000000e+00,0.000000000000000000e+00,0.000000000000000000e+00
2.706697194821300556e+00,1.968754691080970565e+00,9.239272269910282498e-01,3.401182252941144929e-02,-1.558597326345044498e-02,-6.200155900837929224e-01,7.836969704029134176e-01,-5.788687797417526593e-01,-5.198030575318118851e-02,1.013117691275589594e-01,3.593600739620156359e-01,5.864987241847516991e-02,1.021110853825667047e-01,-1.188376518899457307e-01,-1.100076713504342663e-01,1.735140156116940224e-01,6.696018841626859563e-01,4.679354636695467473e-01,2.252785830953252799e-01,1.450033670594725876e-01,0.000000000000000000e+00,0.000000000000000000e+00,0.000000000000000000e+00,0.000000000000000000e+00,0.000000000000000000e+00,0.000000000000000000e+00,0.000000000000000000e+00,0.000000000000000000e+00,0.000000000000000000e+00,0.000000000000000000e+00,0.000000000000000000e+00,0.000000000000000000e+00,0.000000000000000000e+00,0.000000000000000000e+00,0.000000000000000000e+00,0.000000000000000000e+00
2.723111382555320148e+00,1.943906916457366574e+00,9.331206652201471385e-01,2.925350725341627212e-02,-1.365393393564608843e-02,-6.135885319534721827e-01,7.889657254004375231e-01,-5.320203862218285673e-01,-6.515865865025821657e-02,8.609789910724539863e-02,3.465209140090189655e-01,2.619344454202847047e-02,1.051632443686164736e-01,-2.343202990715975431e-01,-1.358273326335649178e-01,8.365208568979076720e-02,8.181247802246035539e-01,4.071269720805795189e-01,1.407794650234507894e-01,8.154965706195496655e-02,0.000000000000000000e+00,0.000000000000000000e+00,0.000000000000000000e+00,0.000000000000000000e+00,0.000000000000000000e+00,0.000000000000000000e+00,0.000000000000000000e+00,0.000000000000000000e+00,0.000000000000000000e+00,0.000000000000000000e+00,0.000000000000000000e+00,0.000000000000000000e+00,0.000000000000000000e+00,0.000000000000000000e+00,0.000000000000000000e+00,0.000000000000000000e+00
2.738010798367453535e+00,1.919159943326712359e+00,9.395649543616049204e-01,2.709153402850455333e-02,-1.614697225599496383e-02,-6.092435369869145800e-01,7.923557513583283640e-01,-4.843489907032462738e-01,-8.541870148415814379e-02,6.917763083350643438e-02,3.369413643324398189e-01,-6.974505940196527171e-03,1.116204312113008301e-01,-3.433385728119818792e-01,-1.578278383159028297e-01,2.686256126444065695e-02,9.207990327894135518e-01,3.093961326622380326e-01,8.618717060442954159e-02,1.615727084325392984e-02,0.000000000000000000e+00,0.000000000000000000e+00,0.000000000000000000e+00,0.000000000000000000e+00,0.000000000000000000e+00,0.000000000000000000e+00,0.000000000000000000e+00,0.000000000000000000e+00,0.000000000000000000e+00,0.000000000000000000e+00,0.000000000000000000e+00,0.000000000000000000e+00,0.000000000000000000e+00,0.000000000000000000e+00,0.000000000000000000e+00,0.000000000000000000e+00
2.751424018567042662e+00,1.894123319126164606e+00,9.451255121344603882e-01,2.826395391823967665e-02,-1.726127164894558641e-02,-6.065179362928240225e-01,7.943797519858266654e-01,-4.359611423989692147e-01,-1.039492145573765874e-01,5.798343662725138903e-02,3.136164814987092431e-01,-2.959359213429410551e-02,1.105234256216706262e-01,-4.367795087124548559e-01,-1.791029832661177601e-01,-2.150096868731031508e-02,9.608778591820764658e-01,2.278307280896851028e-01,5.783907043652039559e-02,-4.318817395595859338e-02,0.000000000000000000e+00,0.000000000000000000e+00,0.000000000000000000e+00,0.000000000000000000e+00,0.000000000000000000e+00,0.000000000000000000e+00,0.000000000000000000e+00,0.000000000000000000e+00,0.000000000000000000e+00,0.000000000000000000e+00,0.000000000000000000e+00,0.000000000000000000e+00,0.000000000000000000e+00,0.000000000000000000e+00,0.000000000000000000e+00,0.000000000000000000e+00
2.763367252667748630e+00,1.869281292158413210e+00,9.493650480849410433e-01,3.066353235096657900e-02,-1.876900147867817392e-02,-6.055949351516348722e-01,7.949605316529512189e-01,-3.825122459181662937e-01,-1.202888568716448670e-01,5.084549201923851264e-02,2.770871429660078378e-01,-4.316030297454560155e-02,1.018791697702958604e-01,-5.131688931551668942e-01,-1.951357362310350563e-01,-6.166260172019276398e-02,9.403913032024031615e-01,1.733918819865086780e-01,5.903060546032240508e-02,-1.025765682507680382e-01,0.000000000000000000e+00,0.000000000000000000e+00,0.000000000000000000e+00,0.000000000000000000e+00,0.000000000000000000e+00,0.000000000000000000e+00,0.000000000000000000e+00,0.000000000000000000e+00,0.000000000000000000e+00,0.000000000000000000e+00,0.000000000000000000e+00,0.000000000000000000e+00,0.000000000000000000e+00,0.000000000000000000e+00,0.000000000000000000e+00,0.000000000000000000e+00
2.773736625424407798e+00,1.844566428909394151e+00,9.513563702491740770e-01,3.493564140218029246e-02,-2.127120688467090334e-02,-6.021640809261369354e-01,7.973239343954690028e-01,-3.300693727502431174e-01,-1.405967809068261742e-01,3.960771608077086336e-02,2.377004583205951371e-01,-5.563588488029404949e-02,9.312437626224961962e-02,-5.762690281663419567e-01,-2.086648710764332226e-01,-9.714665196264321567e-02,8.741945808343972724e-01,1.380231050484079791e-01,7.363006070193411912e-02,-1.585496050336671903e-01,0.000000000000000000e+00,0.000000000000000000e+00,0.000000000000000000e+00,0.000000000000000000e+00,0.000000000000000000e+00,0.000000000000000000e+00,0.000000000000000000e+00,0.000000000000000000e+00,0.000000000000000000e+00,0.000000000000000000e+00,0.000000000000000000e+00,0.000000000000000000e+00,0.000000000000000000e+00,0.000000000000000000e+00,0.000000000000000000e+00,0.000000000000000000e+00
2.782558101637049752e+00,1.819731676697905476e+00,9.511486014632012376e-01,4.119187948531759930e-02,-2.628353095188561139e-02,-6.009745109355639769e-01,7.977731772069863725e-01,-2.770489189142191222e-01,-1.624159229677891170e-01,3.752442708924589448e-02,2.019225387814443662e-01,-7.243508092942295418e-02,8.128899587184366948e-02,-6.284085410843620600e-01,-2.318190048772447998e-01,-1.421412757136874538e-01,7.578290096669763054e-01,1.169362493482478116e-01,8.890582047107137287e-02,-2.083188543176373309e-01,0.000000000000000000e+00,0.000000000000000000e+00,0.000000000000000000e+00,0.000000000000000000e+00,0.000000000000000000e+00,0.000000000000000000e+00,0.000000000000000000e+00,0.000000000000000000e+00,0.000000000000000000e+00,0.000000000000000000e+00,0.000000000000000000e+00,0.000000000000000000e+00,0.000000000000000000e+00,0.000000000000000000e+00,0.000000000000000000e+00,0.000000000000000000e+00
2.789911881831069973e+00,1.795013868801093482e+00,9.499138274083170908e-01,4.615741885460888233e-02,-3.223836776296414020e-02,-5.988409466603995535e-01,7.988865382089862521e-01,-2.232900981473411317e-01,-1.811038364702415582e-01,3.507769826655079970e-02,1.700948120228407690e-01,-8.806842704935730071e-02,7.344122615175888158e-02,-6.670475234319438451e-01,-2.460135734316313549e-01,-1.770854738326684552e-01,6.213123612839244192e-01,9.770974053600155196e-02,1.107451231875250519e-01,-2.497899921930763489e-01,0.000000000000000000e+00,0.000000000000000000e+00,0.000000000000000000e+00,0.000000000000000000e+00,0.000000000000000000e+00,0.000000000000000000e+00,0.000000000000000000e+00,0.000000000000000000e+00,0.000000000000000000e+00,0.000000000000000000e+00,0.000000000000000000e+00,0.000000000000000000e+00,0.000000000000000000e+00,0.000000000000000000e+00,0.000000000000000000e+00,0.000000000000000000e+00
2.795888399380920042e+00,1.770528799529913488e+00,9.483878413645158156e-01,5.007442370612329163e-02,-3.772078315203736265e-02,-5.977452252820140144e-01,7.992310931523198825e-01,-1.688159813761654360e-01,-1.956874255131564322e-01,2.797607041472523204e-02,1.369690584388734145e-01,-1.019301040118989615e-01,7.064046720649382050e-02,-7.035784581738345755e-01,-2.500933129889004736e-01,-2.004952205884804051e-01,4.943708086036089355e-01,8.006368394313476133e-02,1.343582439961516217e-01,-2.854873478343668558e-01,0.000000000000000000e+00,0.000000000000000000e+00,0.000000000000000000e+00,0.000000000000000000e+00,0.000000000000000000e+00,0.000000000000000000e+00,0.000000000000000000e+00,0.000000000000000000e+00,0.000000000000000000e+00,0.000000000000000000e+00,0.000000000000000000e+00,0.000000000000000000e+00,0.000000000000000000e+00,0.000000000000000000e+00,0.000000000000000000e+00,0.000000000000000000e+00
2.800760367167868026e+00,1.746586564738952685e+00,9.474761719809776661e-01,5.082800883433706562e-02,-4.117268255382691006e-02,-5.982569299670555951e-01,7.986300579590359661e-01,-1.179245082720935534e-01,-1.990460877061433209e-01,2.631016407866709761e-02,1.104519783710617570e-01,-1.156451118048225785e-01,7.174545345346346192e-02,-7.420952311448614225e-01,-2.470852637211619074e-01,-2.203001453241974494e-01,3.842050711595719759e-01,6.242995594361049061e-02,1.550661828812397447e-01,-3.093687039714612119e-01,0.000000000000000000e+00,0.000000000000000000e+00,0.000000000000000000e+00,0.000000000000000000e+00,0.000000000000000000e+00,0.000000000000000000e+00,0.000000000000000000e+00,0.000000000000000000e+00,0.000000000000000000e+00,0.000000000000000000e+00,0.000000000000000000e+00,0.000000000000000000e+00,0.000000000000000000e+00,0.000000000000000000e+00,0.000000000000000000e+00,0.000000000000000000e+00
2.804912823720007609e+00,1.722697940291754826e+00,9.467685583463676391e-01,5.172560210759701016e-02,-3.935488423780904993e-02,-6.020131696044397351e-01,7.958365402493482454e-01,-7.982997960680492111e-02,-1.937204547753995920e-01,3.331407698545964247e-02,9.075673255034945319e-02,-1.346401304603009608e-01,7.164510939841474413e-02,-7.684422709847253952e-01,-2.367135738259578681e-01,-2.573603730207499329e-01,2.716329779607030703e-01,4.705950242389685123e-02,1.776840269444514842e-01,-3.129925474115681228e-01,0.000000000000000000e+00,0.000000000000000000e+00,0.000000000000000000e+00,0.000000000000000000e+00,0.000000000000000000e+00,0.000000000000000000e+00,0.000000000000000000e+00,0.000000000000000000e+00,0.000000000000000000e+00,0.000000000000000000e+00,0.000000000000000000e+00,0.000000000000000000e+00,0.000000000000000000e+00,0.000000000000000000e+00,0.000000000000000000e+00,0.000000000000000000e+00
2.808538177504108280e+00,1.697169130948121385e+00,9.429876709717561756e-01,5.928360174290589479e-02,-3.941286857320439735e-02,-6.044839408795144031e-01,7.934300508387570616e-01,-4.571946221602898874e-02,-2.031188021864089865e-01,3.512642259559310004e-02,7.318397207267818283e-02,-1.679018515931893218e-01,6.836758317201852009e-02,-7.914356149481690528e-01,-2.405442305808814518e-01,-2.894798573359627092e-01,1.962104655320765501e-01,4.459106507294328947e-02,1.948300473874871042e-01,-3.188682058004470576e-01,0.000000000000000000e+00,0.000000000000000000e+00,0.000000000000000000e+00,0.000000000000000000e+00,0.000000000000000000e+00,0.000000000000000000e+00,0.000000000000000000e+00,0.000000000000000000e+00,0.000000000000000000e+00,0.000000000000000000e+00,0.000000000000000000e+00,0.000000000000000000e+00,0.000000000000000000e+00,0.000000000000000000e+00,0.000000000000000000e+00,0.000000000000000000e+00
2.811801534945357783e+00,1.669629589618754295e+00,9.375768859847061210e-01,6.564860232720640121e-02,-4.444232620514086685e-02,-6.042543769488928351e-01,7.928378072418512668e-01,-1.712373465148440271e-02,-2.146976358662342210e-01,3.341420661517209567e-02,8.660743295864428704e-02,-2.063103731746588620e-01,6.645045643290904691e-02,-8.065286642516334981e-01,-2.527746317865954273e-01,-3.141455427714391901e-01,1.546135769447698483e-01,5.519551047038329106e-02,2.010470405016556439e-01,-3.221535459102287113e-01,0.000000000000000000e+00,0.000000000000000000e+00,0.000000000000000000e+00,0.000000000000000000e+00,0.000000000000000000e+00,0.000000000000000000e+00,0.000000000000000000e+00,0.000000000000000000e+00,0.000000000000000000e+00,0.000000000000000000e+00,0.000000000000000000e+00,0.000000000000000000e+00,0.000000000000000000e+00,0.000000000000000000e+00,0.000000000000000000e+00,0.000000000000000000e+00
2.815275355753902975e+00,1.639510036980220908e+00,9.320974455452741836e-01,7.080002289080264410e-02,-4.814628948048191998e-02,-6.036635112658554903e-01,7.926283219353842391e-01,7.328956200843284030e-03,-2.205243686845366757e-01,3.604317179082169864e-02,1.143644775371284589e-01,-2.338482420308522491e-01,5.873606147997952748e-02,-8.012407428613771421e-01,-2.638972244462644001e-01,-3.301176504509522047e-01,1.469498672889745783e-01,6.880551354204057779e-02,1.960014311114924301e-01,-3.260019971421492802e-01,0.000000000000000000e+00,0.000000000000000000e+00,0.000000000000000000e+00,0.000000000000000000e+00,0.000000000000000000e+00,0.000000000000000000e+00,0.000000000000000000e+00,0.000000000000000000e+00,0.000000000000000000e+00,0.000000000000000000e+00,0.000000000000000000e+00,0.000000000000000000e+00,0.000000000000000000e+00,0.000000000000000000e+00,0.000000000000000000e+00,0.000000000000000000e+00
2.818900468211370303e+00,1.607394016746977128e+00,9.278010705937800306e-01,6.851560034209103200e-02,-5.111230392776718728e-02,-6.044283071628292481e-01,7.920603300236898070e-01,2.359909245109840722e-02,-2.103858871314278345e-01,4.017209043946402824e-02,1.801542113346150942e-01,-2.503592144786557228e-01,4.232985379630178902e-02,-7.787703534279409867e-01,-2.640612937200027543e-01,-3.409479215880917846e-01,1.676279791721447254e-01,8.697225717845739890e-02,1.761350660079847030e-01,-3.265202285062546173e-01,0.000000000000000000e+00,0.000000000000000000e+00,0.000000000000000000e+00,0.000000000000000000e+00,0.000000000000000000e+00,0.000000000000000000e+00,0.000000000000000000e+00,0.000000000000000000e+00,0.000000000000000000e+00,0.000000000000000000e+00,0.000000000000000000e+00,0.000000000000000000e+00,0.000000000000000000e+00,0.000000000000000000e+00,0.000000000000000000e+00,0.000000000000000000e+00
2.822595105757022882e+00,1.573610247302083209e+00,9.235900228843894055e-01,6.460434357605918110e-02,-4.905025821044322470e-02,-6.050970941353169819e-01,7.920087484552128521e-01,2.516083101268025424e-02,-1.886709686369252570e-01,5.318009008548527788e-02,2.690441010682713685e-01,-2.567390979957585584e-01,2.798152743229947309e-02,-7.440274515430460589e-01,-2.574942366062815124e-01,-3.585344221385008412e-01,2.038627928773901199e-01,1.024251736690409698e-01,1.472567790660624099e-01,-3.256899147109219017e-01,0.000000000000000000e+00,0.000000000000000000e+00,0.000000000000000000e+00,0.000000000000000000e+00,0.000000000000000000e+00,0.000000000000000000e+00,0.000000000000000000e+00,0.000000000000000000e+00,0.000000000000000000e+00,0.000000000000000000e+00,0.000000000000000000e+00,0.000000000000000000e+00,0.000000000000000000e+00,0.000000000000000000e+00,0.000000000000000000e+00,0.000000000000000000e+00
2.825858652018499839e+00,1.539220918080256961e+00,9.210119310401407855e-01,5.390320326066606882e-02,-3.976270091635308868e-02,-6.069885614622017034e-01,7.918827303004687401e-01,1.112972891944481041e-02,-1.453483845526580276e-01,5.389760512202020071e-02,3.750235737239235312e-01,-1.985879839202058517e-01,1.113063330831888000e-03,-7.080775320490594327e-01,-2.318009073379402318e-01,-3.883175985968616573e-01,2.429458030876228691e-01,1.269265094373489555e-01,1.025339719365502972e-01,-3.217811009806076372e-01,0.000000000000000000e+00,0.000000000000000000e+00,0.000000000000000000e+00,0.000000000000000000e+00,0.000000000000000000e+00,0.000000000000000000e+00,0.000000000000000000e+00,0.000000000000000000e+00,0.000000000000000000e+00,0.000000000000000000e+00,0.000000000000000000e+00,0.000000000000000000e+00,0.000000000000000000e+00,0.000000000000000000e+00,0.000000000000000000e+00,0.000000000000000000e+00
2.828802170462189292e+00,1.505127636805153379e+00,9.189574827382406275e-01,3.959433238149537293e-02,-2.072727379714764742e-02,-6.095654401783460186e-01,7.914749794556886764e-01,-1.682217801710983798e-03,-7.597189266462833768e-02,5.537959786372531612e-02,4.561875346132267528e-01,-3.593387340470620417e-02,-4.928751362395795976e-02,-6.826589426702304175e-01,-1.898108332693355937e-01,-4.333994506571467453e-01,2.786297000164039694e-01,1.455811535857852723e-01,4.126765796153372690e-02,-3.157938792273675133e-01,0.000000000000000000e+00,0.000000000000000000e+00,0.000000000000000000e+00,0.000000000000000000e+00,0.000000000000000000e+00,0.000000000000000000e+00,0.000000000000000000e+00,0.000000000000000000e+00,0.000000000000000000e+00,0.000000000000000000e+00,0.000000000000000000e+00,0.000000000000000000e+00,0.000000000000000000e+00,0.000000000000000000e+00,0.000000000000000000e+00,0.000000000000000000e+00
2.831380135057307346e+00,1.470961555251719011e+00,9.291723193696248551e-01,3.188771766666496921e-02,1.623278127212712287e-03,-6.139065870113342704e-01,7.887326802245674395e-01,-2.449368979396903886e-02,-2.187807476783894603e-02,4.220616372280296125e-02,5.251504385844835143e-01,1.904081668736571920e-01,-1.099245605535878745e-01,-6.620830622268086829e-01,-1.353965678998648725e-01,-4.428806801325052001e-01,2.880008216212501804e-01,1.513730297243632283e-01,-6.642820548916485851e-03,-2.999832614995213698e-01,0.000000000000000000e+00,0.000000000000000000e+00,0.000000000000000000e+00,0.000000000000000000e+00,0.000000000000000000e+00,0.000000000000000000e+00,0.000000000000000000e+00,0.000000000000000000e+00,0.000000000000000000e+00,0.000000000000000000e+00,0.000000000000000000e+00,0.000000000000000000e+00,0.000000000000000000e+00,0.000000000000000000e+00,0.000000000000000000e+00,0.000000000000000000e+00
2.833430365882100066e+00,1.436015439686914918e+00,9.402599148751721314e-01,3.222999385823048513e-02,1.232358240235335856e-02,-6.239633328812476121e-01,7.806914345837271396e-01,-7.728462022530922793e-02,4.240917847814610481e-03,5.428416301772306940e-02,6.020504583679902044e-01,3.379566232983892138e-01,-1.504326019849709650e-01,-6.398721415055149686e-01,-9.334426106854748495e-02,-4.115376894966219501e-01,2.906877799088598557e-01,1.325177752087068617e-01,-4.102038785506925689e-02,-2.678008259139624814e-01,0.000000000000000000e+00,0.000000000000000000e+00,0.000000000000000000e+00,0.000000000000000000e+00,0.000000000000000000e+00,0.000000000000000000e+00,0.000000000000000000e+00,0.000000000000000000e+00,0.000000000000000000e+00,0.000000000000000000e+00,0.000000000000000000e+00,0.000000000000000000e+00,0.000000000000000000e+00,0.000000000000000000e+00,0.000000000000000000e+00,0.000000000000000000e+00
2.834660005970414787e+00,1.400322184689949623e+00,9.505253196284669803e-01,3.527074819137562822e-02,1.570899936735118546e-02,-6.407511369780469757e-01,7.667771398015453821e-01,-1.752354304041852662e-01,3.825663465083986581e-02,1.083761980213703430e-01,7.231829356097428940e-01,3.802226583511513769e-01,-1.451748253046774573e-01,-6.079702808780604872e-01,-5.460565321858013715e-02,-3.577411874748454013e-01,2.829862168636897435e-01,9.795080258389549099e-02,-6.478656710447261435e-02,-2.182446790079107246e-01,0.000000000000000000e+00,0.000000000000000000e+00,0.000000000000000000e+00,0.000000000000000000e+00,0.000000000000000000e+00,0.000000000000000000e+00,0.000000000000000000e+00,0.000000000000000000e+00,0.000000000000000000e+00,0.000000000000000000e+00,0.000000000000000000e+00,0.000000000000000000e+00,0.000000000000000000e+00,0.000000000000000000e+00,0.000000000000000000e+00,0.000000000000000000e+00
2.834494793644663169e+00,1.365201867638013766e+00,9.598820918569728189e-01,3.856731621600198445e-02,1.615128435358462872e-02,-6.578456063405043741e-01,7.519912608216402505e-01,-2.829280079004638515e-01,9.007237244104771001e-02,1.688785329238868815e-01,8.389958655926159636e-01,3.386023724527587597e-01,-1.110363072546114160e-01,-5.668940990152538939e-01,-2.269333414075370980e-02,-3.085920635108392318e-01,2.679275474439683502e-01,6.004899047111682264e-02,-7.523351897765374885e-02,-1.612809381908156814e-01,0.000000000000000000e+00,0.000000000000000000e+00,0.000000000000000000e+00,0.000000000000000000e+00,0.000000000000000000e+00,0.000000000000000000e+00,0.000000000000000000e+00,0.000000000000000000e+00,0.000000000000000000e+00,0.000000000000000000e+00,0.000000000000000000e+00,0.000000000000000000e+00,0.000000000000000000e+00,0.000000000000000000e+00,0.000000000000000000e+00,0.000000000000000000e+00
2.833285041912489532e+00,1.331056690880576987e+00,9.666140433404311061e-01,3.931378930324051779e-02,1.734745536098390717e-02,-6.744227783043307278e-01,7.370938935219775168e-01,-3.857556153688742051e-01,1.489036712649395300e-01,2.133701990809643845e-01,9.147984085270965959e-01,2.683712441764778966e-01,-7.505718590696142112e-02,-5.270952880813282171e-01,1.147801653687699486e-02,-2.605142147556335774e-01,2.587855177189989364e-01,2.055159542892921742e-02,-8.700634025641675040e-02,-1.080041946439874723e-01,0.000000000000000000e+00,0.000000000000000000e+00,0.000000000000000000e+00,0.000000000000000000e+00,0.000000000000000000e+00,0.000000000000000000e+00,0.000000000000000000e+00,0.000000000000000000e+00,0.000000000000000000e+00,0.000000000000000000e+00,0.000000000000000000e+00,0.000000000000000000e+00,0.000000000000000000e+00,0.000000000000000000e+00,0.000000000000000000e+00,0.000000000000000000e+00
2.831207048362936352e+00,1.297897574023260114e+00,9.717897912305312191e-01,3.939823781466436636e-02,1.739840941578029571e-02,-6.917576813516425061e-01,7.208442165252496592e-01,-4.791500642689148770e-01,1.926013314625282524e-01,2.358196576523772792e-01,9.315135356056689631e-01,1.974207756759712162e-01,-4.232947701986898570e-02,-4.865128880054141458e-01,4.271038960351439956e-02,-2.093497855743546299e-01,2.529181481994564051e-01,-1.396012137499774361e-02,-9.105595478620216732e-02,-4.912066923065923352e-02,0.000000000000000000e+00,0.000000000000000000e+00,0.000000000000000000e+00,0.000000000000000000e+00,0.000000000000000000e+00,0.000000000000000000e+00,0.000000000000000000e+00,0.000000000000000000e+00,0.000000000000000000e+00,0.000000000000000000e+00,0.000000000000000000e+00,0.000000000000000000e+00,0.000000000000000000e+00,0.000000000000000000e+00,0.000000000000000000e+00,0.000000000000000000e+00
2.828870044370847214e+00,1.265649388526455699e+00,9.749751957251006074e-01,3.787400459039989148e-02,1.866015388240423525e-02,-7.107253388258399918e-01,7.022014320579726965e-01,-5.548796544547539566e-01,2.214444319884883994e-01,2.449341522068109178e-01,8.971201834075031023e-01,1.478572571461951313e-01,-2.547296363261239427e-02,-4.462571223876899973e-01,7.517548563129736183e-02,-1.575656237578544339e-01,2.482309919753851735e-01,-4.333411237496384572e-02,-8.701139043882474833e-02,7.037658332646226991e-03,0.000000000000000000e+00,0.000000000000000000e+00,0.000000000000000000e+00,0.000000000000000000e+00,0.000000000000000000e+00,0.000000000000000000e+00,0.000000000000000000e+00,0.000000000000000000e+00,0.000000000000000000e+00,0.000000000000000000e+00,0.000000000000000000e+00,0.000000000000000000e+00,0.000000000000000000e+00,0.000000000000000000e+00,0.000000000000000000e+00,0.000000000000000000e+00
2.826125013655762519e+00,1.234306126357759048e+00,9.768033262197284294e-01,3.686166303560479973e-02,2.055377016744299595e-02,-7.288546764006859080e-01,6.833663885640016700e-01,-6.194608284832164857e-01,2.420218464987059503e-01,2.429511386521019944e-01,8.266393426056457550e-01,1.180513137210531527e-01,-2.082697918632500644e-02,-4.051872979873598069e-01,1.021108670914077643e-01,-1.130371150569843275e-01,2.399516727483285150e-01,-7.164723186682341038e-02,-8.094436774128939416e-02,6.462556413306365377e-02,0.000000000000000000e+00,0.000000000000000000e+00,0.000000000000000000e+00,0.000000000000000000e+00,0.000000000000000000e+00,0.000000000000000000e+00,0.000000000000000000e+00,0.000000000000000000e+00,0.000000000000000000e+00,0.000000000000000000e+00,0.000000000000000000e+00,0.000000000000000000e+00,0.000000000000000000e+00,0.000000000000000000e+00,0.000000000000000000e+00,0.000000000000000000e+00
2.823499897078492360e+00,1.203540477811766873e+00,9.770341380651346164e-01,3.464540442754762695e-02,2.457190530137087769e-02,-7.460269114321763650e-01,6.645598278867609343e-01,-6.729112764852858142e-01,2.565729366417367485e-01,2.282113673314224156e-01,7.355365425516838807e-01,1.026841640157060975e-01,-2.091983479496804105e-02,-3.629697591806424484e-01,1.297771681025695900e-01,-6.790984908707625722e-02,2.270914252940836042e-01,-9.492653512319500220e-02,-7.103146609941543566e-02,1.179829042781895820e-01,0.000000000000000000e+00,0.000000000000000000e+00,0.000000000000000000e+00,0.000000000000000000e+00,0.000000000000000000e+00,0.000000000000000000e+00,0.000000000000000000e+00,0.000000000000000000e+00,0.000000000000000000e+00,0.000000000000000000e+00,0.000000000000000000e+00,0.000000000000000000e+00,0.000000000000000000e+00,0.000000000000000000e+00,0.000000000000000000e+00,0.000000000000000000e+00
2.821110181460825928e+00,1.173363525225686210e+00,9.760870587134714560e-01,3.192479023510290392e-02,2.895550979210793213e-02,-7.642791203924631516e-01,6.434437134305126538e-01,-7.167936176737902398e-01,2.565529092847262937e-01,1.924591888812555163e-01,6.230587520140115076e-01,9.822777154198326921e-02,-2.805177275040141374e-02,-3.204603886093167486e-01,1.560982350310204103e-01,-1.463027857152734285e-02,2.137489755678065873e-01,-1.131364368064132347e-01,-6.349010889565748217e-02,1.670221482694463355e-01,0.000000000000000000e+00,0.000000000000000000e+00,0.000000000000000000e+00,0.000000000000000000e+00,0.000000000000000000e+00,0.000000000000000000e+00,0.000000000000000000e+00,0.000000000000000000e+00,0.000000000000000000e+00,0.000000000000000000e+00,0.000000000000000000e+00,0.000000000000000000e+00,0.000000000000000000e+00,0.000000000000000000e+00,0.000000000000000000e+00,0.000000000000000000e+00
2.819181333557211122e+00,1.143679665943155621e+00,9.742228796429496240e-01,2.698834593942573204e-02,3.264565157718315319e-02,-7.773974234492750934e-01,6.275819760246340584e-01,-7.448087783639590898e-01,2.470785155818809309e-01,1.486772342494176447e-01,5.036778259738193819e-01,1.007936499405907571e-01,-4.321783189204642106e-02,-2.812318018657323782e-01,1.773202052652676775e-01,3.178066838415734979e-02,2.164413327802316989e-01,-1.307088326136309486e-01,-5.693825428684069073e-02,1.974804116601040493e-01,0.000000000000000000e+00,0.000000000000000000e+00,0.000000000000000000e+00,0.000000000000000000e+00,0.000000000000000000e+00,0.000000000000000000e+00,0.000000000000000000e+00,0.000000000000000000e+00,0.000000000000000000e+00,0.000000000000000000e+00,0.000000000000000000e+00,0.000000000000000000e+00,0.000000000000000000e+00,0.000000000000000000e+00,0.000000000000000000e+00,0.000000000000000000e+00
2.817282182143778790e+00,1.114267552181685383e+00,9.718059597533454941e-01,2.508899719357607014e-02,3.786668554022464689e-02,-7.878789182756230636e-01,6.141526410289656068e-01,-7.718343887298662054e-01,2.353333837463685296e-01,1.111726363723094246e-01,3.921399892341521642e-01,1.027335094258721160e-01,-6.454175710959254852e-02,-2.505224087973431102e-01,1.920522699641738218e-01,6.898123958762292229e-02,2.233447147586369586e-01,-1.556422936337221452e-01,-5.262184973332432320e-02,2.195840683285315564e-01,0.000000000000000000e+00,0.000000000000000000e+00,0.000000000000000000e+00,0.000000000000000000e+00,0.000000000000000000e+00,0.000000000000000000e+00,0.000000000000000000e+00,0.000000000000000000e+00,0.000000000000000000e+00,0.000000000000000000e+00,0.000000000000000000e+00,0.000000000000000000e+00,0.000000000000000000e+00,0.000000000000000000e+00,0.000000000000000000e+00,0.000000000000000000e+00
2.815450550601226620e+00,1.085133505863099979e+00,9.689359027674969704e-01,2.629046121452860429e-02,4.377300451164693740e-02,-7.939194715232932298e-01,6.058750766134269883e-01,-8.030314813641599159e-01,2.193130101888169925e-01,8.222175130123891840e-02,2.955782885820544825e-01,8.886952919234428205e-02,-8.070183832418274805e-02,-2.235979429181308709e-01,1.988809674645059811e-01,9.327106114746801235e-02,2.264385192779918565e-01,-1.866038690849478321e-01,-5.204961555158875430e-02,2.245963291858761868e-01,0.000000000000000000e+00,0.000000000000000000e+00,0.000000000000000000e+00,0.000000000000000000e+00,0.000000000000000000e+00,0.000000000000000000e+00,0.000000000000000000e+00,0.000000000000000000e+00,0.000000000000000000e+00,0.000000000000000000e+00,0.000000000000000000e+00,0.000000000000000000e+00,0.000000000000000000e+00,0.000000000000000000e+00,0.000000000000000000e+00,0.000000000000000000e+00
2.813884391765313353e+00,1.056274081959293953e+00,9.663163580625823146e-01,3.203364069595038277e-02,4.809723509841948297e-02,-7.945184998871924753e-01,6.044839577496293748e-01,-8.383150562358587798e-01,1.897249310100676267e-01,5.695593903722089707e-02,2.016561843312762448e-01,5.630292705423646515e-02,-8.398395895208424222e-02,-1.994982530170755219e-01,1.909811681295953412e-01,9.649504806080402841e-02,2.227602622112724862e-01,-2.144221496698778817e-01,-5.280918253247701699e-02,2.146680368201572819e-01,0.000000000000000000e+00,0.000000000000000000e+00,0.000000000000000000e+00,0.000000000000000000e+00,0.000000000000000000e+00,0.000000000000000000e+00,0.000000000000000000e+00,0.000000000000000000e+00,0.000000000000000000e+00,0.000000000000000000e+00,0.000000000000000000e+00,0.000000000000000000e+00,0.000000000000000000e+00,0.000000000000000000e+00,0.000000000000000000e+00,0.000000000000000000e+00
2.812648523880604490e+00,1.025915730651714375e+00,9.632474571205325020e-01,3.452445737496552536e-02,4.863991502672430911e-02,-8.008790373472252089e-01,5.958481249839923111e-01,-8.437326698446085960e-01,1.623473958880070067e-01,3.869070058641337073e-02,1.654547498523472049e-01,3.865026706565098669e-02,-7.722468516781653969e-02,-1.804462019387069738e-01,1.807915668101618412e-01,1.049269018082934907e-01,2.497214164854757446e-01,-2.305022626064502367e-01,-4.877497760946472583e-02,2.149219845513653249e-01,0.000000000000000000e+00,0.000000000000000000e+00,0.000000000000000000e+00,0.000000000000000000e+00,0.000000000000000000e+00,0.000000000000000000e+00,0.000000000000000000e+00,0.000000000000000000e+00,0.000000000000000000e+00,0.000000000000000000e+00,0.000000000000000000e+00,0.000000000000000000e+00,0.000000000000000000e+00,0.000000000000000000e+00,0.000000000000000000e+00,0.000000000000000000e+00
2.811410724969267694e+00,9.939200189680402753e-01,9.597591400973644049e-01,3.434160067621907370e-02,4.498211985304426119e-02,-8.093008371277957691e-01,5.846617982909189104e-01,-8.376300008190852298e-01,1.449885679655049664e-01,3.581703567421901102e-02,1.837286167736890685e-01,3.776390106456779805e-02,-6.786953425229948211e-02,-1.623052273730105077e-01,1.651023947068928632e-01,1.160267897716860258e-01,2.976934496601221225e-01,-2.269486585881265728e-01,-3.369603619327812133e-02,2.266088904102206147e-01,0.000000000000000000e+00,0.000000000000000000e+00,0.000000000000000000e+00,0.000000000000000000e+00,0.000000000000000000e+00,0.000000000000000000e+00,0.000000000000000000e+00,0.000000000000000000e+00,0.000000000000000000e+00,0.000000000000000000e+00,0.000000000000000000e+00,0.000000000000000000e+00,0.000000000000000000e+00,0.000000000000000000e+00,0.000000000000000000e+00,0.000000000000000000e+00
2.810230746808696001e+00,9.610252642774052001e-01,9.558681151212267135e-01,3.311087376079113048e-02,3.803238548872582558e-02,-8.192955513404854839e-01,5.711497240186013125e-01,-8.091754025480030199e-01,1.327589872092821977e-01,5.136166174821612390e-02,2.193705704994199923e-01,4.772975760119556321e-02,-5.236720450294668483e-02,-1.404371523018573542e-01,1.452092981650728587e-01,1.410141799684588582e-01,3.530685450985159290e-01,-2.066288657614908930e-01,-8.293659091920188575e-03,2.334040794720140533e-01,0.000000000000000000e+00,0.000000000000000000e+00,0.000000000000000000e+00,0.000000000000000000e+00,0.000000000000000000e+00,0.000000000000000000e+00,0.000000000000000000e+00,0.000000000000000000e+00,0.000000000000000000e+00,0.000000000000000000e+00,0.000000000000000000e+00,0.000000000000000000e+00,0.000000000000000000e+00,0.000000000000000000e+00,0.000000000000000000e+00,0.000000000000000000e+00
2.809027200483943609e+00,9.277355897705166221e-01,9.510498961613529367e-01,3.330252058169649865e-02,3.159126636044117670e-02,-8.271258318776200102e-01,5.601390829547649997e-01,-7.735681736005139975e-01,1.191634933937947977e-01,7.231979735552822308e-02,2.576701082050627534e-01,7.666120764029851764e-02,-3.441351272861684768e-02,-1.143246339632671416e-01,1.256966275682352419e-01,1.810698225438164555e-01,3.898930258467192544e-01,-1.451689319552304791e-01,3.166365632653103668e-02,2.430632853679408623e-01,0.000000000000000000e+00,0.000000000000000000e+00,0.000000000000000000e+00,0.000000000000000000e+00,0.000000000000000000e+00,0.000000000000000000e+00,0.000000000000000000e+00,0.000000000000000000e+00,0.000000000000000000e+00,0.000000000000000000e+00,0.000000000000000000e+00,0.000000000000000000e+00,0.000000000000000000e+00,0.000000000000000000e+00,0.000000000000000000e+00,0.000000000000000000e+00
2.807580571923290691e+00,8.950585608132811677e-01,9.442407664229732767e-01,3.859842323366355354e-02,2.146928967159157306e-02,-8.317779655234726066e-01,5.533485767529415789e-01,-7.365228207302019214e-01,9.409252087513428342e-02,9.888074019683756877e-02,2.852566560726438882e-01,1.122327071196844023e-01,-1.224996402446267181e-02,-9.015626945428295569e-02,8.648513432609694629e-02,2.072449494977823825e-01,4.176224933428090980e-01,-3.145355986226807538e-02,8.944182120607198361e-02,2.426125369129830123e-01,0.000000000000000000e+00,0.000000000000000000e+00,0.000000000000000000e+00,0.000000000000000000e+00,0.000000000000000000e+00,0.000000000000000000e+00,0.000000000000000000e+00,0.000000000000000000e+00,0.000000000000000000e+00,0.000000000000000000e+00,0.000000000000000000e+00,0.000000000000000000e+00,0.000000000000000000e+00,0.000000000000000000e+00,0.000000000000000000e+00,0.000000000000000000e+00
2.805866376016284303e+00,8.640387566916200024e-01,9.452559133820738202e-01,4.890995388958759016e-02,9.376732526081971858e-03,-8.317742937356010779e-01,5.528755896024852845e-01,-7.073713972492463586e-01,5.035335463469391148e-02,1.242410737057855763e-01,3.007664615960837229e-01,1.300272665090219104e-01,1.632716925972182639e-02,-8.348367124684982765e-02,1.820665236860909489e-02,1.911204682955439105e-01,4.456988024946425542e-01,1.563209014359107085e-01,1.446660194923544140e-01,2.297312840032801895e-01,0.000000000000000000e+00,0.000000000000000000e+00,0.000000000000000000e+00,0.000000000000000000e+00,0.000000000000000000e+00,0.000000000000000000e+00,0.000000000000000000e+00,0.000000000000000000e+00,0.000000000000000000e+00,0.000000000000000000e+00,0.000000000000000000e+00,0.000000000000000000e+00,0.000000000000000000e+00,0.000000000000000000e+00,0.000000000000000000e+00,0.000000000000000000e+00
2.803317670265935480e+00,8.336879951311869652e-01,9.493796799973390765e-01,5.623320553059594357e-02,3.531178712560545559e-03,-8.267446480951948784e-01,5.597487331103189190e-01,-6.813036041820311750e-01,1.334638317514875300e-02,1.325679392608754559e-01,3.115576070914215512e-01,1.233615257133568316e-01,4.191219443636946818e-02,-1.117669351237436243e-01,-2.749585169853450625e-02,1.622118078878357628e-01,5.251597839803956447e-01,3.145542003179376822e-01,1.807524446172164290e-01,2.029118303580841332e-01,0.000000000000000000e+00,0.000000000000000000e+00,0.000000000000000000e+00,0.000000000000000000e+00,0.000000000000000000e+00,0.000000000000000000e+00,0.000000000000000000e+00,0.000000000000000000e+00,0.000000000000000000e+00,0.000000000000000000e+00,0.000000000000000000e+00,0.000000000000000000e+00,0.000000000000000000e+00,0.000000000000000000e+00,0.000000000000000000e+00,0.000000000000000000e+00
2.800325610892016481e+00,8.029412705529871408e-01,9.573588243138531073e-01,5.716498769851695305e-02,3.624834683846515394e-03,-8.181279556103601136e-01,5.721762604335804969e-01,-6.449513791213745684e-01,-1.451267181960983615e-02,1.209810886897290660e-01,3.090964561849651182e-01,1.008813013099238848e-01,5.593294066566759093e-02,-1.840270593725126247e-01,-4.860105448809928785e-02,1.068055331418912846e-01,6.450283585844378553e-01,3.960342837279915984e-01,1.673613519640866631e-01,1.471740912871061513e-01,0.000000000000000000e+00,0.000000000000000000e+00,0.000000000000000000e+00,0.000000000000000000e+00,0.000000000000000000e+00,0.000000000000000000e+00,0.000000000000000000e+00,0.000000000000000000e+00,0.000000000000000000e+00,0.000000000000000000e+00,0.000000000000000000e+00,0.000000000000000000e+00,0.000000000000000000e+00,0.000000000000000000e+00,0.000000000000000000e+00,0.000000000000000000e+00
2.797469687023415030e+00,7.728571978519341856e-01,9.654150764926963113e-01,5.350964778109393305e-02,3.046552961924871468e-03,-8.088049161939324661e-01,5.856296130233852315e-01,-5.978909262098950350e-01,-3.772647901874211923e-02,1.024152436323598481e-01,3.005482620332896593e-01,6.667444847988143741e-02,6.663053179188639652e-02,-2.858392940535056659e-01,-7.522515832545248471e-02,3.825595838591252379e-02,7.832477779957813802e-01,3.996834101838634412e-01,1.169046893908671919e-01,8.370045051512284284e-02,0.000000000000000000e+00,0.000000000000000000e+00,0.000000000000000000e+00,0.000000000000000000e+00,0.000000000000000000e+00,0.000000000000000000e+00,0.000000000000000000e+00,0.000000000000000000e+00,0.000000000000000000e+00,0.000000000000000000e+00,0.000000000000000000e+00,0.000000000000000000e+00,0.000000000000000000e+00,0.000000000000000000e+00,0.000000000000000000e+00,0.000000000000000000e+00
2.794184913009210902e+00,7.433489393853954796e-01,9.716630918207856960e-01,5.003845509822333476e-02,-1.910342013528907798e-03,-7.963915309996661973e-01,6.027047643388780962e-01,-5.409963672985954597e-01,-6.772546010346439105e-02,8.591592529653641064e-02,2.805127719387767726e-01,3.248965277629300291e-02,7.097194444244311895e-02,-3.957993299559119382e-01,-1.095554580752835794e-01,-2.874847006782903919e-02,8.863197211613023097e-01,3.382438182634726620e-01,7.058601727517832547e-02,1.245523901749546677e-02,0.000000000000000000e+00,0.000000000000000000e+00,0.000000000000000000e+00,0.000000000000000000e+00,0.000000000000000000e+00,0.000000000000000000e+00,0.000000000000000000e+00,0.000000000000000000e+00,0.000000000000000000e+00,0.000000000000000000e+00,0.000000000000000000e+00,0.000000000000000000e+00,0.000000000000000000e+00,0.000000000000000000e+00,0.000000000000000000e+00,0.000000000000000000e+00
2.790259491781748480e+00,7.146733391624328080e-01,9.766777173086085284e-01,4.710266601261747788e-02,-8.368201715614429284e-03,-7.853742918707932175e-01,6.171697770654375192e-01,-4.827821488688877616e-01,-9.492126184811731926e-02,6.725805174733053005e-02,2.609365358439659222e-01,3.834684522961911285e-03,7.079379011470082750e-02,-4.810895374279760550e-01,-1.410760310983771859e-01,-8.215138593282644841e-02,9.195051122640567343e-01,2.741978219679157003e-01,4.541878025809205355e-02,-4.952706938490571142e-02,0.000000000000000000e+00,0.000000000000000000e+00,0.000000000000000000e+00,0.000000000000000000e+00,0.000000000000000000e+00,0.000000000000000000e+00,0.000000000000000000e+00,0.000000000000000000e+00,0.000000000000000000e+00,0.000000000000000000e+00,0.000000000000000000e+00,0.000000000000000000e+00,0.000000000000000000e+00,0.000000000000000000e+00,0.000000000000000000e+00,0.000000000000000000e+00
2.785173715646735992e+00,6.864491277699446004e-01,9.801604007080010339e-01,4.757515443517846415e-02,-1.557494604273115292e-02,-7.762821414054797975e-01,6.283948302390454099e-01,-4.232339648159568202e-01,-1.229320038406753191e-01,4.473342113310323220e-02,2.307942943899199129e-01,-2.097496424265835394e-02,6.884921758348297449e-02,-5.622531827767405233e-01,-1.685366590058101077e-01,-1.149441093643521206e-01,9.080122955480337543e-01,2.053433453134034803e-01,4.549995139659954169e-02,-1.082460051537654233e-01,0.000000000000000000e+00,0.000000000000000000e+00,0.000000000000000000e+00,0.000000000000000000e+00,0.000000000000000000e+00,0.000000000000000000e+00,0.000000000000000000e+00,0.000000000000000000e+00,0.000000000000000000e+00,0.000000000000000000e+00,0.000000000000000000e+00,0.000000000000000000e+00,0.000000000000000000e+00,0.000000000000000000e+00,0.000000000000000000e+00,0.000000000000000000e+00
2.779040433032182289e+00,6.589672730937441436e-01,9.821049891875504034e-01,5.038030609327562304e-02,-2.253662585123056977e-02,-7.663771626091946398e-01,6.400156012819301354e-01,-3.697950268125840823e-01,-1.505164760546156832e-01,1.894055923862913993e-02,2.051831052252898469e-01,-4.851722994501988379e-02,6.941199436548210755e-02,-6.267462987443002120e-01,-2.043394633157192830e-01,-1.481982391160540091e-01,8.540192411423893626e-01,1.540424880457783030e-01,4.740526477012989293e-02,-1.594804659180752149e-01,0.000000000000000000e+00,0.000000000000000000e+00,0.000000000000000000e+00,0.000000000000000000e+00,0.000000000000000000e+00,0.000000000000000000e+00,0.000000000000000000e+00,0.000000000000000000e+00,0.000000000000000000e+00,0.000000000000000000e+00,0.000000000000000000e+00,0.000000000000000000e+00,0.000000000000000000e+00,0.000000000000000000e+00,0.000000000000000000e+00,0.000000000000000000e+00
2.771774361111902785e+00,6.324205290128839252e-01,9.819953804426008181e-01,5.220165082108904619e-02,-3.331082195310488409e-02,-7.569253966700562053e-01,6.505607740005854289e-01,-3.069003077982404570e-01,-1.777755826494424596e-01,-8.414364229104104309e-03,1.733682025797398385e-01,-7.034526009824040860e-02,6.282628370457572775e-02,-6.738742448150621955e-01,-2.413689109640554942e-01,-1.853789908070835879e-01,7.549566063596639953e-01,1.217993576686963730e-01,6.716970155438153900e-02,-2.081025005080517631e-01,0.000000000000000000e+00,0.000000000000000000e+00,0.000000000000000000e+00,0.000000000000000000e+00,0.000000000000000000e+00,0.000000000000000000e+00,0.000000000000000000e+00,0.000000000000000000e+00,0.000000000000000000e+00,0.000000000000000000e+00,0.000000000000000000e+00,0.000000000000000000e+00,0.000000000000000000e+00,0.000000000000000000e+00,0.000000000000000000e+00,0.000000000000000000e+00
2.763292654282175853e+00,6.062664559515948959e-01,9.810727424398000274e-01,5.531245477371740660e-02,-4.228074613180382579e-02,-7.493597868727900346e-01,6.584928098858870982e-01,-2.537071896413983785e-01,-1.989699426123833770e-01,-3.592374317255321581e-02,1.524806157340432566e-01,-9.306607071735802095e-02,6.290200020977680662e-02,-7.162712902783155977e-01,-2.659148260981886169e-01,-2.097558390080033752e-01,6.446704790497670423e-01,9.303691062691775426e-02,8.744238995613966281e-02,-2.507251162461200944e-01,0.000000000000000000e+00,0.000000000000000000e+00,0.000000000000000000e+00,0.000000000000000000e+00,0.000000000000000000e+00,0.000000000000000000e+00,0.000000000000000000e+00,0.000000000000000000e+00,0.000000000000000000e+00,0.000000000000000000e+00,0.000000000000000000e+00,0.000000000000000000e+00,0.000000000000000000e+00,0.000000000000000000e+00,0.000000000000000000e+00,0.000000000000000000e+00
2.753749739776536032e+00,5.809562885495825890e-01,9.795210248798733588e-01,5.594376898628294903e-02,-5.233970874464485834e-02,-7.440967372401995350e-01,6.636647461095288580e-01,-1.969331007059250127e-01,-2.121512366639785874e-01,-5.561044887891643945e-02,1.346116143000064269e-01,-1.099584636348537592e-01,5.790942972645730241e-02,-7.442664187789366226e-01,-2.753077859175629416e-01,-2.246321644304183351e-01,5.061481383391741584e-01,7.410403420337059732e-02,1.190906990123871967e-01,-2.853191132405279440e-01,0.000000000000000000e+00,0.000000000000000000e+00,0.000000000000000000e+00,0.000000000000000000e+00,0.000000000000000000e+00,0.000000000000000000e+00,0.000000000000000000e+00,0.000000000000000000e+00,0.000000000000000000e+00,0.000000000000000000e+00,0.000000000000000000e+00,0.000000000000000000e+00,0.000000000000000000e+00,0.000000000000000000e+00,0.000000000000000000e+00,0.000000000000000000e+00
2.743359035317141092e+00,5.562838978615819441e-01,9.778475832110050669e-01,5.763334853967343185e-02,-5.959371431984195056e-02,-7.434490934982956878e-01,6.636342605126959171e-01,-1.475635414144122748e-01,-2.167980450032654660e-01,-6.141636090597384079e-02,1.202047858503191013e-01,-1.291005529320978784e-01,5.379733747549814843e-02,-7.717115254263475776e-01,-2.700094990856794497e-01,-2.377847770987616127e-01,3.680048465483141129e-01,5.667888215995896956e-02,1.539609054388180465e-01,-3.026085277536906259e-01,0.000000000000000000e+00,0.000000000000000000e+00,0.000000000000000000e+00,0.000000000000000000e+00,0.000000000000000000e+00,0.000000000000000000e+00,0.000000000000000000e+00,0.000000000000000000e+00,0.000000000000000000e+00,0.000000000000000000e+00,0.000000000000000000e+00,0.000000000000000000e+00,0.000000000000000000e+00,0.000000000000000000e+00,0.000000000000000000e+00,0.000000000000000000e+00
2.732875642813576977e+00,5.322900550438792733e-01,9.767192201375043403e-01,5.708383203255222582e-02,-6.297061877702284094e-02,-7.439198616480329207e-01,6.628418942228160304e-01,-1.040173106381878931e-01,-2.102624870472548646e-01,-6.159146780821055100e-02,1.121111603417206809e-01,-1.517654031863200359e-01,5.186970066242950483e-02,-7.927870000240768711e-01,-2.590132354659153702e-01,-2.626172879563355989e-01,2.470727956686105120e-01,4.868111779681880136e-02,1.806434301139638876e-01,-3.063253772153750609e-01,0.000000000000000000e+00,0.000000000000000000e+00,0.000000000000000000e+00,0.000000000000000000e+00,0.000000000000000000e+00,0.000000000000000000e+00,0.000000000000000000e+00,0.000000000000000000e+00,0.000000000000000000e+00,0.000000000000000000e+00,0.000000000000000000e+00,0.000000000000000000e+00,0.000000000000000000e+00,0.000000000000000000e+00,0.000000000000000000e+00,0.000000000000000000e+00
2.721807414524405111e+00,5.067134757463956918e-01,9.726434808102265572e-01,6.411108156365644128e-02,-6.694335786846661307e-02,-7.451514526954016171e-01,6.604223410848292231e-01,-7.055879406295190170e-02,-2.162376988139174672e-01,-6.184184487254064388e-02,1.054559065576668730e-01,-1.876291027657057409e-01,5.253441060750233677e-02,-8.040262635734677366e-01,-2.558432824881372580e-01,-2.893720763612181446e-01,1.640798186484351828e-01,5.262421791643598357e-02,1.958751826244863881e-01,-3.065769080999493079e-01,0.000000000000000000e+00,0.000000000000000000e+00,0.000000000000000000e+00,0.000000000000000000e+00,0.000000000000000000e+00,0.000000000000000000e+00,0.000000000000000000e+00,0.000000000000000000e+00,0.000000000000000000e+00,0.000000000000000000e+00,0.000000000000000000e+00,0.000000000000000000e+00,0.000000000000000000e+00,0.000000000000000000e+00,0.000000000000000000e+00,0.000000000000000000e+00
2.710781987775628732e+00,4.788484964597194971e-01,9.675547685501426631e-01,6.927663294052023579e-02,-7.229988176611315542e-02,-7.446625016071484193e-01,6.598872888040924201e-01,-3.759756686513871654e-02,-2.212893544532534285e-01,-5.950312382714306736e-02,1.118251503666328472e-01,-2.175793596525029405e-01,5.120464733253666384e-02,-7.966073121364796172e-01,-2.638038378202177681e-01,-3.225515381863942599e-01,1.357913419262987142e-01,6.395954817585708385e-02,1.943029784512037839e-01,-3.103696134033053777e-01,0.000000000000000000e+00,0.000000000000000000e+00,0.000000000000000000e+00,0.000000000000000000e+00,0.000000000000000000e+00,0.000000000000000000e+00,0.000000000000000000e+00,0.000000000000000000e+00,0.000000000000000000e+00,0.000000000000000000e+00,0.000000000000000000e+00,0.000000000000000000e+00,0.000000000000000000e+00,0.000000000000000000e+00,0.000000000000000000e+00,0.000000000000000000e+00
2.700115004293518250e+00,4.488049872969828713e-01,9.628583034420832298e-01,6.934618756647660531e-02,-7.841967473302330349e-02,-7.442538975715924376e-01,6.596420217316787404e-01,-4.560747756544764747e-03,-2.231158582096745002e-01,-6.148067903612242785e-02,1.518410303631887726e-01,-2.495423666380810757e-01,4.614412344043059694e-02,-7.733379488242037025e-01,-2.763115676324324199e-01,-3.359417555033226144e-01,1.652334603793721157e-01,7.302821111049810632e-02,1.751563913736754741e-01,-3.160366594669742901e-01,0.000000000000000000e+00,0.000000000000000000e+00,0.000000000000000000e+00,0.000000000000000000e+00,0.000000000000000000e+00,0.000000000000000000e+00,0.000000000000000000e+00,0.000000000000000000e+00,0.000000000000000000e+00,0.000000000000000000e+00,0.000000000000000000e+00,0.000000000000000000e+00,0.000000000000000000e+00,0.000000000000000000e+00,0.000000000000000000e+00,0.000000000000000000e+00
2.689892908595029386e+00,4.175762749901106852e-01,9.590472994270474727e-01,6.329805611848599023e-02,-7.864471607620769633e-02,-7.474765860411184404e-01,6.565722489149453667e-01,9.621564879635294276e-03,-2.051080677211136738e-01,-5.534527738336465774e-02,2.249161594805003384e-01,-2.572037519219733670e-01,2.585836799371250480e-02,-7.396276442938907181e-01,-2.682766043012038137e-01,-3.515221224912061238e-01,2.124096048634634970e-01,8.007980101214683122e-02,1.394242394612778824e-01,-3.132757497326371099e-01,0.000000000000000000e+00,0.000000000000000000e+00,0.000000000000000000e+00,0.000000000000000000e+00,0.000000000000000000e+00,0.000000000000000000e+00,0.000000000000000000e+00,0.000000000000000000e+00,0.000000000000000000e+00,0.000000000000000000e+00,0.000000000000000000e+00,0.000000000000000000e+00,0.000000000000000000e+00,0.000000000000000000e+00,0.000000000000000000e+00,0.000000000000000000e+00
2.680580995898977914e+00,3.858376430200411988e-01,9.573626192445396921e-01,5.110512637343168213e-02,-7.004515258913208975e-02,-7.518996234483703578e-01,6.535509918249077232e-01,9.666956255846997220e-03,-1.613898558308667630e-01,-4.141551508453047981e-02,3.135426835438294146e-01,-2.320557830749420125e-01,-3.084839001746015469e-05,-7.089585250252981030e-01,-2.411282925999189697e-01,-3.598949435254586438e-01,2.588510822360672869e-01,8.511896550275191431e-02,1.003560735509028273e-01,-3.082021008337759160e-01,0.000000000000000000e+00,0.000000000000000000e+00,0.000000000000000000e+00,0.000000000000000000e+00,0.000000000000000000e+00,0.000000000000000000e+00,0.000000000000000000e+00,0.000000000000000000e+00,0.000000000000000000e+00,0.000000000000000000e+00,0.000000000000000000e+00,0.000000000000000000e+00,0.000000000000000000e+00,0.000000000000000000e+00,0.000000000000000000e+00,0.000000000000000000e+00
2.671302636222603777e+00,3.536903663309945434e-01,9.562808937034298351e-01,4.318362147848658905e-02,-5.344131471345499318e-02,-7.579940795120273522e-01,6.486325432341607522e-01,-4.931980984483122499e-03,-1.059526377685640619e-01,-3.505416495751608602e-02,4.071100525777100465e-01,-1.445646694634127871e-01,-3.004127097464909593e-02,-6.761006262105987430e-01,-2.003279714921350763e-01,-3.901073439570488244e-01,2.989436803011072397e-01,9.871518974581686146e-02,4.780499744774511367e-02,-2.952949349380289967e-01,0.000000000000000000e+00,0.000000000000000000e+00,0.000000000000000000e+00,0.000000000000000000e+00,0.000000000000000000e+00,0.000000000000000000e+00,0.000000000000000000e+00,0.000000000000000000e+00,0.000000000000000000e+00,0.000000000000000000e+00,0.000000000000000000e+00,0.000000000000000000e+00,0.000000000000000000e+00,0.000000000000000000e+00,0.000000000000000000e+00,0.000000000000000000e+00
2.663112543355182549e+00,3.222358001256070414e-01,9.602110248960238348e-01,3.286584576757400206e-02,-1.932431763833755006e-02,-7.663387930523878344e-01,6.413043436565863953e-01,-1.695536002769898812e-02,-3.261679958034425370e-02,-4.853882290113666065e-02,4.640910043131049600e-01,7.443680152440376729e-02,-9.015392723190956970e-02,-6.652331955940861130e-01,-1.229104799797766934e-01,-4.091196707979871117e-01,3.186844312140064139e-01,9.714794661362512185e-02,-9.937825711713983712e-03,-2.784131088842977664e-01,0.000000000000000000e+00,0.000000000000000000e+00,0.000000000000000000e+00,0.000000000000000000e+00,0.000000000000000000e+00,0.000000000000000000e+00,0.000000000000000000e+00,0.000000000000000000e+00,0.000000000000000000e+00,0.000000000000000000e+00,0.000000000000000000e+00,0.000000000000000000e+00,0.000000000000000000e+00,0.000000000000000000e+00,0.000000000000000000e+00,0.000000000000000000e+00
2.654681952957614222e+00,2.908945508175028172e-01,9.668101449390179569e-01,3.014482282922179013e-02,5.339425550136932611e-03,-7.772093681281027067e-01,6.284969198693859394e-01,-3.845662779279630794e-02,1.052278479137208449e-02,-6.249851411643268795e-02,5.195535916111981845e-01,3.116073498948477849e-01,-1.594658886547645205e-01,-6.523921715213911732e-01,-5.269365889301980133e-02,-3.940813871090815268e-01,3.124726828352158425e-01,9.431096849326695009e-02,-4.717492468006360962e-02,-2.517599068732849776e-01,0.000000000000000000e+00,0.000000000000000000e+00,0.000000000000000000e+00,0.000000000000000000e+00,0.000000000000000000e+00,0.000000000000000000e+00,0.000000000000000000e+00,0.000000000000000000e+00,0.000000000000000000e+00,0.000000000000000000e+00,0.000000000000000000e+00,0.000000000000000000e+00,0.000000000000000000e+00,0.000000000000000000e+00,0.000000000000000000e+00,0.000000000000000000e+00
2.644960813805917521e+00,2.592455738501059370e-01,9.763087262384000375e-01,3.366627071523237147e-02,1.177421670916500851e-02,-7.930062161796921361e-01,6.081686370879235692e-01,-9.267315871645860625e-02,2.523674326225365874e-02,-3.932664991487264811e-02,6.054981327375962286e-01,4.220086661197847144e-01,-1.856813781587098033e-01,-6.237058421170612599e-01,-9.323511122265551454e-03,-3.470312281825796985e-01,2.986828456981454050e-01,7.815015685573120652e-02,-6.796518066156111149e-02,-2.055275470276816396e-01,0.000000000000000000e+00,0.000000000000000000e+00,0.000000000000000000e+00,0.000000000000000000e+00,0.000000000000000000e+00,0.000000000000000000e+00,0.000000000000000000e+00,0.000000000000000000e+00,0.000000000000000000e+00,0.000000000000000000e+00,0.000000000000000000e+00,0.000000000000000000e+00,0.000000000000000000e+00,0.000000000000000000e+00,0.000000000000000000e+00,0.000000000000000000e+00
2.634089738761940414e+00,2.287938658399477077e-01,9.850322292162796423e-01,3.564130640506618652e-02,1.048334033147555779e-02,-8.124461733652053042e-01,5.818513661043254181e-01,-1.751833993348474172e-01,4.514329674109655854e-02,1.423276670642251857e-02,7.097552787289937992e-01,4.187738336251305982e-01,-1.646479600072576488e-01,-5.803288289200263517e-01,2.687158696720069045e-02,-2.893791828254861920e-01,2.790577428419721562e-01,5.280116470391646444e-02,-7.996082979030356974e-02,-1.506565369366418272e-01,0.000000000000000000e+00,0.000000000000000000e+00,0.000000000000000000e+00,0.000000000000000000e+00,0.000000000000000000e+00,0.000000000000000000e+00,0.000000000000000000e+00,0.000000000000000000e+00,0.000000000000000000e+00,0.000000000000000000e+00,0.000000000000000000e+00,0.000000000000000000e+00,0.000000000000000000e+00,0.000000000000000000e+00,0.000000000000000000e+00,0.000000000000000000e+00
2.622226354608032661e+00,2.000085067091966762e-01,9.919721453503265174e-01,3.692641341202165112e-02,1.064442769979303226e-02,-8.295222638420016725e-01,5.571498451421387221e-01,-2.714026228397847240e-01,7.821109589405594864e-02,5.727401991205147147e-02,8.111616453956961292e-01,3.522857516122845922e-01,-1.222452811132360428e-01,-5.393971986476875369e-01,6.014911036400553968e-02,-2.332631543018750253e-01,2.643635453023943094e-01,2.279440766423711934e-02,-8.598787422004218473e-02,-9.214448905559932679e-02,0.000000000000000000e+00,0.000000000000000000e+00,0.000000000000000000e+00,0.000000000000000000e+00,0.000000000000000000e+00,0.000000000000000000e+00,0.000000000000000000e+00,0.000000000000000000e+00,0.000000000000000000e+00,0.000000000000000000e+00,0.000000000000000000e+00,0.000000000000000000e+00,0.000000000000000000e+00,0.000000000000000000e+00,0.000000000000000000e+00,0.000000000000000000e+00
2.609886901960104755e+00,1.735912808043628408e-01,9.968629296834933262e-01,3.421380783716687635e-02,9.448684924432675103e-03,-8.487910916109685511e-01,5.275356106542390400e-01,-3.521171462573197131e-01,1.123472318456887331e-01,8.060822026627870174e-02,8.639680734458348166e-01,2.801730231309116914e-01,-8.732216779060411604e-02,-4.865649495097899013e-01,9.510186843480256114e-02,-1.773002184514590462e-01,2.395641317760978106e-01,2.401724680702009562e-03,-8.423808216245202984e-02,-3.736136778553061227e-02,0.000000000000000000e+00,0.000000000000000000e+00,0.000000000000000000e+00,0.000000000000000000e+00,0.000000000000000000e+00,0.000000000000000000e+00,0.000000000000000000e+00,0.000000000000000000e+00,0.000000000000000000e+00,0.000000000000000000e+00,0.000000000000000000e+00,0.000000000000000000e+00,0.000000000000000000e+00,0.000000000000000000e+00,0.000000000000000000e+00,0.000000000000000000e+00
2.596777187035404832e+00,1.486641495046545913e-01,9.998712376190586060e-01,3.012171977728692052e-02,9.298304798755055445e-03,-8.684943803980466059e-01,4.946955980626280835e-01,-4.273297751652701537e-01,1.426580165111347998e-01,9.267128506385333142e-02,8.673109953082928092e-01,2.201160721816296517e-01,-5.761332586642313458e-02,-4.367568246292503620e-01,1.296913645947904703e-01,-1.197496292570610077e-01,2.237155279672299601e-01,-1.662509673134530963e-02,-7.983013689911415411e-02,2.277048720563580597e-02,0.000000000000000000e+00,0.000000000000000000e+00,0.000000000000000000e+00,0.000000000000000000e+00,0.000000000000000000e+00,0.000000000000000000e+00,0.000000000000000000e+00,0.000000000000000000e+00,0.000000000000000000e+00,0.000000000000000000e+00,0.000000000000000000e+00,0.000000000000000000e+00,0.000000000000000000e+00,0.000000000000000000e+00,0.000000000000000000e+00,0.000000000000000000e+00
2.582883538974643844e+00,1.247957771065052873e-01,1.001683931881629297e+00,2.393870693801892352e-02,8.235765229280853778e-03,-8.865133641508321505e-01,4.620099194424270306e-01,-4.958060157224558062e-01,1.726247796558980918e-01,1.081595204260272225e-01,8.365071351375047426e-01,1.495597028845012666e-01,-2.902244714597123493e-02,-3.875119011199882890e-01,1.595668028098842783e-01,-5.614654720693595946e-02,2.200521194162172733e-01,-3.575781086178989043e-02,-7.151514958295517033e-02,7.711952032702169835e-02,0.000000000000000000e+00,0.000000000000000000e+00,0.000000000000000000e+00,0.000000000000000000e+00,0.000000000000000000e+00,0.000000000000000000e+00,0.000000000000000000e+00,0.000000000000000000e+00,0.000000000000000000e+00,0.000000000000000000e+00,0.000000000000000000e+00,0.000000000000000000e+00,0.000000000000000000e+00,0.000000000000000000e+00,0.000000000000000000e+00,0.000000000000000000e+00
2.568456370659068178e+00,1.017094314327143534e-01,1.003034838266402717e+00,1.949904245326551308e-02,7.803720790180789825e-03,-9.039742795939502695e-01,4.270707097400069374e-01,-5.603004553716670610e-01,1.950670462649472525e-01,1.180904554606751478e-01,7.864554692369926103e-01,9.163328028060559183e-02,-1.082483491171355727e-02,-3.394144364212163811e-01,1.855561374561462973e-01,1.479636488507406200e-02,2.132798585389671375e-01,-5.141600733789150612e-02,-6.452957913117852995e-02,1.275570262727790671e-01,0.000000000000000000e+00,0.000000000000000000e+00,0.000000000000000000e+00,0.000000000000000000e+00,0.000000000000000000e+00,0.000000000000000000e+00,0.000000000000000000e+00,0.000000000000000000e+00,0.000000000000000000e+00,0.000000000000000000e+00,0.000000000000000000e+00,0.000000000000000000e+00,0.000000000000000000e+00,0.000000000000000000e+00,0.000000000000000000e+00,0.000000000000000000e+00
2.553105504906229672e+00,7.885762476808282073e-02,1.003460434588026029e+00,1.756134179584925570e-02,1.014792008294544343e-02,-9.161322765259399814e-01,4.003626742089205770e-01,-6.147357495788329240e-01,2.045906229057050385e-01,1.055171948900498619e-01,7.147544753398588080e-01,6.275451045435856412e-02,-9.431379264001771984e-03,-2.985339413986189960e-01,2.062536852002833099e-01,7.751778849680199257e-02,2.087629798525353908e-01,-7.246852146689262975e-02,-5.718026474008160165e-02,1.693418286527249295e-01,0.000000000000000000e+00,0.000000000000000000e+00,0.000000000000000000e+00,0.000000000000000000e+00,0.000000000000000000e+00,0.000000000000000000e+00,0.000000000000000000e+00,0.000000000000000000e+00,0.000000000000000000e+00,0.000000000000000000e+00,0.000000000000000000e+00,0.000000000000000000e+00,0.000000000000000000e+00,0.000000000000000000e+00,0.000000000000000000e+00,0.000000000000000000e+00
2.537309589921111552e+00,5.575785948004913922e-02,1.002561366476219629e+00,1.466006100863656222e-02,1.432147553626552869e-02,-9.282488971931190935e-01,3.713946187136338839e-01,-6.477014937441650799e-01,2.092324988612465630e-01,9.466179820657781574e-02,5.906901703357954059e-01,4.829519125383070766e-02,-2.216288905649061586e-02,-2.545024776990596482e-01,2.252120799835301557e-01,1.336491301040522994e-01,2.006832050728683814e-01,-8.889300131195666810e-02,-4.348094607812524881e-02,2.073989988064608991e-01,0.000000000000000000e+00,0.000000000000000000e+00,0.000000000000000000e+00,0.000000000000000000e+00,0.000000000000000000e+00,0.000000000000000000e+00,0.000000000000000000e+00,0.000000000000000000e+00,0.000000000000000000e+00,0.000000000000000000e+00,0.000000000000000000e+00,0.000000000000000000e+00,0.000000000000000000e+00,0.000000000000000000e+00,0.000000000000000000e+00,0.000000000000000000e+00
2.520502915823426893e+00,3.200540451072586556e-02,1.000680811443596996e+00,1.638767409644142220e-02,2.248755399641050312e-02,-9.387424548417980796e-01,3.434943340588924587e-01,-6.858956992472629022e-01,2.079626335432259721e-01,5.684268672204915995e-02,4.820779055079155717e-01,5.684379039137515272e-02,-4.153854050030798134e-02,-2.268381737524853836e-01,2.447215388968381200e-01,1.852769860955373604e-01,2.043600495896709113e-01,-1.130198030029458678e-01,-3.519054943062382979e-02,2.377311010863946417e-01,0.000000000000000000e+00,0.000000000000000000e+00,0.000000000000000000e+00,0.000000000000000000e+00,0.000000000000000000e+00,0.000000000000000000e+00,0.000000000000000000e+00,0.000000000000000000e+00,0.000000000000000000e+00,0.000000000000000000e+00,0.000000000000000000e+00,0.000000000000000000e+00,0.000000000000000000e+00,0.000000000000000000e+00,0.000000000000000000e+00,0.000000000000000000e+00
2.502977788609926701e+00,8.438400352356861117e-03,9.984408329349185873e-01,2.283830106554379791e-02,2.958484799141992277e-02,-9.453401628962853076e-01,3.239369154464936673e-01,-7.257085624736294704e-01,1.966607681177329203e-01,1.644132227892539100e-02,3.583368328435040939e-01,4.560110608480689998e-02,-6.636274047186163649e-02,-2.045962616240740162e-01,2.520350156748571990e-01,2.223918676391356541e-01,2.030058003496134078e-01,-1.462312503632703931e-01,-3.335964063100534116e-02,2.508576569738218964e-01,0.000000000000000000e+00,0.000000000000000000e+00,0.000000000000000000e+00,0.000000000000000000e+00,0.000000000000000000e+00,0.000000000000000000e+00,0.000000000000000000e+00,0.000000000000000000e+00,0.000000000000000000e+00,0.000000000000000000e+00,0.000000000000000000e+00,0.000000000000000000e+00,0.000000000000000000e+00,0.000000000000000000e+00,0.000000000000000000e+00,0.000000000000000000e+00
2.485004640419961497e+00,-1.524147368947007669e-02,9.955384764857684310e-01,3.173858072002194025e-02,3.636144434797058955e-02,-9.463689924107354656e-01,3.194624204226486630e-01,-7.582230251374886265e-01,1.808367278022233182e-01,-7.931442402268909508e-03,2.439189732211044237e-01,3.919847824478213394e-02,-8.048932350710658046e-02,-1.878822069386300309e-01,2.512682560765306938e-01,2.335044380028732103e-01,2.024251786420481480e-01,-1.836749379145050931e-01,-3.543013164021646677e-02,2.483225765371970817e-01,0.000000000000000000e+00,0.000000000000000000e+00,0.000000000000000000e+00,0.000000000000000000e+00,0.000000000000000000e+00,0.000000000000000000e+00,0.000000000000000000e+00,0.000000000000000000e+00,0.000000000000000000e+00,0.000000000000000000e+00,0.000000000000000000e+00,0.000000000000000000e+00,0.000000000000000000e+00,0.000000000000000000e+00,0.000000000000000000e+00,0.000000000000000000e+00
2.466738297063113095e+00,-3.930438742954566606e-02,9.915110383535064020e-01,3.745255329736331407e-02,4.262832308648613344e-02,-9.472281068071095600e-01,3.154980919070051737e-01,-7.760273940865711761e-01,1.694646057915398518e-01,-3.060609748953996290e-02,1.569272411350872976e-01,4.578539702045639204e-02,-8.785670022762451237e-02,-1.658598564819785404e-01,2.509205661631754847e-01,2.406083225314806784e-01,2.065630898373873314e-01,-2.176922881706733759e-01,-3.889605214200841238e-02,2.488678856306472120e-01,0.000000000000000000e+00,0.000000000000000000e+00,0.000000000000000000e+00,0.000000000000000000e+00,0.000000000000000000e+00,0.000000000000000000e+00,0.000000000000000000e+00,0.000000000000000000e+00,0.000000000000000000e+00,0.000000000000000000e+00,0.000000000000000000e+00,0.000000000000000000e+00,0.000000000000000000e+00,0.000000000000000000e+00,0.000000000000000000e+00,0.000000000000000000e+00
2.448260686826574162e+00,-6.373473775304348832e-02,9.870599491053250185e-01,3.787179114478725350e-02,4.613958938400235243e-02,-9.510543518817016206e-01,3.032037029685451524e-01,-7.803510083827076560e-01,1.625658816704096954e-01,-5.051197769620997813e-02,1.254914634940252904e-01,5.090491245567679846e-02,-8.804249978827574652e-02,-1.394778572018558760e-01,2.471674882806380591e-01,2.421772678943809320e-01,2.304823200266389871e-01,-2.457273740180516142e-01,-3.916378646733552349e-02,2.594280162567227377e-01,0.000000000000000000e+00,0.000000000000000000e+00,0.000000000000000000e+00,0.000000000000000000e+00,0.000000000000000000e+00,0.000000000000000000e+00,0.000000000000000000e+00,0.000000000000000000e+00,0.000000000000000000e+00,0.000000000000000000e+00,0.000000000000000000e+00,0.000000000000000000e+00,0.000000000000000000e+00,0.000000000000000000e+00,0.000000000000000000e+00,0.000000000000000000e+00
2.429587986090913532e+00,-8.864157116230812761e-02,9.820520841510755883e-01,3.256797613907437550e-02,4.650618630938452291e-02,-9.562636538875126657e-01,2.869430706932389330e-01,-7.767485113940943986e-01,1.570257575886359613e-01,-6.085889830826259062e-02,1.662810762478392768e-01,5.828437523252504027e-02,-8.237050169977024050e-02,-1.181690941566193170e-01,2.422097220498127812e-01,2.486148603496267651e-01,2.878410060411418225e-01,-2.621254650028092548e-01,-2.943031404420009406e-02,2.768023469320720631e-01,0.000000000000000000e+00,0.000000000000000000e+00,0.000000000000000000e+00,0.000000000000000000e+00,0.000000000000000000e+00,0.000000000000000000e+00,0.000000000000000000e+00,0.000000000000000000e+00,0.000000000000000000e+00,0.000000000000000000e+00,0.000000000000000000e+00,0.000000000000000000e+00,0.000000000000000000e+00,0.000000000000000000e+00,0.000000000000000000e+00,0.000000000000000000e+00
2.411007929054894916e+00,-1.134582442947789926e-01,9.775929454778606864e-01,2.769587118272683057e-02,4.077667024759296793e-02,-9.616243457894074753e-01,2.699052045960635970e-01,-7.617305367344864298e-01,1.488554028493323800e-01,-5.571614854318138188e-02,2.200136363757692615e-01,7.252082496571943260e-02,-6.813718290500477004e-02,-1.023362296516085457e-01,2.225629129020695318e-01,2.593330094084531079e-01,3.561001072940925272e-01,-2.551498194570973599e-01,-1.059420288905040496e-02,2.938633913541941478e-01,0.000000000000000000e+00,0.000000000000000000e+00,0.000000000000000000e+00,0.000000000000000000e+00,0.000000000000000000e+00,0.000000000000000000e+00,0.000000000000000000e+00,0.000000000000000000e+00,0.000000000000000000e+00,0.000000000000000000e+00,0.000000000000000000e+00,0.000000000000000000e+00,0.000000000000000000e+00,0.000000000000000000e+00,0.000000000000000000e+00,0.000000000000000000e+00
2.392352328310742848e+00,-1.381718511317226450e-01,9.734906278032603444e-01,2.582187026203274990e-02,3.209498993431766922e-02,-9.655475585551480666e-01,2.569456261653035312e-01,-7.412580674749486009e-01,1.292434077979976448e-01,-3.725702915779309510e-02,2.663306835162834174e-01,1.009937808056368402e-01,-4.769765607624807530e-02,-8.375368751948435164e-02,1.928574317741174604e-01,2.794794974750443584e-01,4.019509832878934708e-01,-2.043241258087525325e-01,2.311241738891604836e-02,3.075137465522047031e-01,0.000000000000000000e+00,0.000000000000000000e+00,0.000000000000000000e+00,0.000000000000000000e+00,0.000000000000000000e+00,0.000000000000000000e+00,0.000000000000000000e+00,0.000000000000000000e+00,0.000000000000000000e+00,0.000000000000000000e+00,0.000000000000000000e+00,0.000000000000000000e+00,0.000000000000000000e+00,0.000000000000000000e+00,0.000000000000000000e+00,0.000000000000000000e+00
2.374176806341397494e+00,-1.623445134688551172e-01,9.703428008262916515e-01,3.083995897569507746e-02,1.777981429140358671e-02,-9.682262169889058745e-01,2.475293272917233611e-01,-7.158236193072717857e-01,9.662476322732260758e-02,-8.239480243182439878e-03,2.992992088847154508e-01,1.170766808260522984e-01,-2.185818438655345516e-02,-7.405531446469591772e-02,1.364025179563218559e-01,2.748736841545170728e-01,4.328042477129055987e-01,-1.057413543016758051e-01,6.790658753552272775e-02,3.066816980248713853e-01,0.000000000000000000e+00,0.000000000000000000e+00,0.000000000000000000e+00,0.000000000000000000e+00,0.000000000000000000e+00,0.000000000000000000e+00,0.000000000000000000e+00,0.000000000000000000e+00,0.000000000000000000e+00,0.000000000000000000e+00,0.000000000000000000e+00,0.000000000000000000e+00,0.000000000000000000e+00,0.000000000000000000e+00,0.000000000000000000e+00,0.000000000000000000e+00
2.356563014313832749e+00,-1.857726004453560675e-01,9.707605740396334504e-01,4.168975360529796059e-02,-8.204117056392866425e-04,-9.674173196597984914e-01,2.497298960701627157e-01,-7.004113521013434207e-01,3.558502520557219051e-02,2.192421463301148093e-02,3.195764747310638754e-01,1.154509052745963660e-01,1.078831759993087794e-02,-7.044814113179709292e-02,5.933487647414629335e-02,2.700602115220596122e-01,4.481077564528527235e-01,8.109644245149298658e-02,1.360534876791859304e-01,2.909183656704812937e-01,0.000000000000000000e+00,0.000000000000000000e+00,0.000000000000000000e+00,0.000000000000000000e+00,0.000000000000000000e+00,0.000000000000000000e+00,0.000000000000000000e+00,0.000000000000000000e+00,0.000000000000000000e+00,0.000000000000000000e+00,0.000000000000000000e+00,0.000000000000000000e+00,0.000000000000000000e+00,0.000000000000000000e+00,0.000000000000000000e+00,0.000000000000000000e+00
2.338989070729116992e+00,-2.085635221811278084e-01,9.744181665622818622e-01,4.867204826386294786e-02,-1.147634168936108139e-02,-9.651925589981215081e-01,2.567151132167470040e-01,-6.804158860359877936e-01,-1.055131203603851264e-02,3.866813441926219425e-02,3.308052558037313240e-01,1.031454173441450073e-01,3.594014054652198975e-02,-8.425482149435659096e-02,-5.140065973568707508e-03,2.380048830561459772e-01,4.983177526558426051e-01,2.619757302319984382e-01,1.860295764240841587e-01,2.605916322896635884e-01,0.000000000000000000e+00,0.000000000000000000e+00,0.000000000000000000e+00,0.000000000000000000e+00,0.000000000000000000e+00,0.000000000000000000e+00,0.000000000000000000e+00,0.000000000000000000e+00,0.000000000000000000e+00,0.000000000000000000e+00,0.000000000000000000e+00,0.000000000000000000e+00,0.000000000000000000e+00,0.000000000000000000e+00,0.000000000000000000e+00,0.000000000000000000e+00
2.320693065493483420e+00,-2.315554057884814110e-01,9.811287383391875672e-01,5.253370399910528565e-02,-1.265345372095835752e-02,-9.618913562082548330e-01,2.680393980460906156e-01,-6.540378985429001757e-01,-4.077971769540134767e-02,3.891220863645010464e-02,3.326733094804326107e-01,8.252230744809072038e-02,5.477926829073440779e-02,-1.249564765944460726e-01,-3.249935918497955101e-02,2.008764697463349680e-01,5.899054940957064730e-01,3.928554071676861326e-01,2.124898109251618650e-01,2.117543501327231736e-01,0.000000000000000000e+00,0.000000000000000000e+00,0.000000000000000000e+00,0.000000000000000000e+00,0.000000000000000000e+00,0.000000000000000000e+00,0.000000000000000000e+00,0.000000000000000000e+00,0.000000000000000000e+00,0.000000000000000000e+00,0.000000000000000000e+00,0.000000000000000000e+00,0.000000000000000000e+00,0.000000000000000000e+00,0.000000000000000000e+00,0.000000000000000000e+00
2.302106526323618674e+00,-2.545913829239898618e-01,9.893590190469987444e-01,5.171702012643535074e-02,-9.099203224035831705e-03,-9.596302845112500979e-01,2.763191476875737629e-01,-6.117823121410637111e-01,-5.438739956596286285e-02,3.315912450244180160e-02,3.207632573577347546e-01,5.607053571691456018e-02,6.544013257046733811e-02,-2.103780292139033892e-01,-5.382004139367507767e-02,1.249148159923224172e-01,7.133220766626195974e-01,4.186292604341166346e-01,1.788897744729303629e-01,1.569616007130474333e-01,0.000000000000000000e+00,0.000000000000000000e+00,0.000000000000000000e+00,0.000000000000000000e+00,0.000000000000000000e+00,0.000000000000000000e+00,0.000000000000000000e+00,0.000000000000000000e+00,0.000000000000000000e+00,0.000000000000000000e+00,0.000000000000000000e+00,0.000000000000000000e+00,0.000000000000000000e+00,0.000000000000000000e+00,0.000000000000000000e+00,0.000000000000000000e+00
2.283548641975923665e+00,-2.769830449080338819e-01,9.948998701408188206e-01,4.908108154626360242e-02,-1.073676679207931015e-02,-9.563376806161627552e-01,2.879131985630393187e-01,-5.679782721767896447e-01,-7.726646877656129231e-02,3.140745944373955073e-02,3.175939943392712683e-01,1.472458765704728195e-02,7.963990392375953908e-02,-3.070608062344539202e-01,-9.059975417738820591e-02,5.832966889463447185e-02,8.195264299125769591e-01,3.799782895167113650e-01,1.363304729219016187e-01,9.061872079784323575e-02,0.000000000000000000e+00,0.000000000000000000e+00,0.000000000000000000e+00,0.000000000000000000e+00,0.000000000000000000e+00,0.000000000000000000e+00,0.000000000000000000e+00,0.000000000000000000e+00,0.000000000000000000e+00,0.000000000000000000e+00,0.000000000000000000e+00,0.000000000000000000e+00,0.000000000000000000e+00,0.000000000000000000e+00,0.000000000000000000e+00,0.000000000000000000e+00
2.264405777437564993e+00,-2.983530697006961940e-01,9.993195077317654773e-01,4.898155233238152273e-02,-1.506212822929211236e-02,-9.527470788800356249e-01,2.994109943036059041e-01,-5.173141526339876117e-01,-1.046858701169129935e-01,2.565032323721766483e-02,2.925938220902775666e-01,-1.416310622783849976e-02,8.303321362385804316e-02,-3.998114954117301112e-01,-1.252833777768025958e-01,8.914374681316873661e-03,8.925184896341700203e-01,3.249124538040432109e-01,1.035877845614917303e-01,2.967180756109552911e-02,0.000000000000000000e+00,0.000000000000000000e+00,0.000000000000000000e+00,0.000000000000000000e+00,0.000000000000000000e+00,0.000000000000000000e+00,0.000000000000000000e+00,0.000000000000000000e+00,0.000000000000000000e+00,0.000000000000000000e+00,0.000000000000000000e+00,0.000000000000000000e+00,0.000000000000000000e+00,0.000000000000000000e+00,0.000000000000000000e+00,0.000000000000000000e+00
2.244739232933047113e+00,-3.188667277824822621e-01,1.002784969472462651e+00,4.768307044926500815e-02,-1.873920670116177231e-02,-9.478076992968492709e-01,3.146994313282994171e-01,-4.664823622553541105e-01,-1.295616527570144227e-01,1.450877834250928478e-02,2.709771816918322695e-01,-3.938776908854858122e-02,8.884613827521616047e-02,-4.826823320801090222e-01,-1.664516590738099600e-01,-4.404725538738430562e-02,9.216298531745411582e-01,2.589225368318781029e-01,8.223819631164241972e-02,-2.895537917964409458e-02,0.000000000000000000e+00,0.000000000000000000e+00,0.000000000000000000e+00,0.000000000000000000e+00,0.000000000000000000e+00,0.000000000000000000e+00,0.000000000000000000e+00,0.000000000000000000e+00,0.000000000000000000e+00,0.000000000000000000e+00,0.000000000000000000e+00,0.000000000000000000e+00,0.000000000000000000e+00,0.000000000000000000e+00,0.000000000000000000e+00,0.000000000000000000e+00
2.224255536664741406e+00,-3.381100445931384813e-01,1.004868489003562404e+00,4.548758108545644663e-02,-2.522661447437242813e-02,-9.444632249069290220e-01,3.244745208603577735e-01,-4.108826312268724634e-01,-1.537186628737672311e-01,-1.622644556321481413e-03,2.495653024964960831e-01,-6.302233421312181116e-02,8.164945079259904037e-02,-5.475855025008010690e-01,-2.070406650754929856e-01,-9.909148489022429063e-02,8.964204755663072177e-01,1.982904120087515820e-01,6.932421922053431940e-02,-8.379221769929737218e-02,0.000000000000000000e+00,0.000000000000000000e+00,0.000000000000000000e+00,0.000000000000000000e+00,0.000000000000000000e+00,0.000000000000000000e+00,0.000000000000000000e+00,0.000000000000000000e+00,0.000000000000000000e+00,0.000000000000000000e+00,0.000000000000000000e+00,0.000000000000000000e+00,0.000000000000000000e+00,0.000000000000000000e+00,0.000000000000000000e+00,0.000000000000000000e+00
2.202567066816377928e+00,-3.560786857088216739e-01,1.005410355327354122e+00,4.395303081932284972e-02,-3.361894364296041243e-02,-9.412404725798935168e-01,3.331730338543407166e-01,-3.513121453447674014e-01,-1.785008389688645114e-01,-2.121345074468584946e-02,2.219354581960703565e-01,-8.431499783543625060e-02,7.436933586810845487e-02,-6.014275117704329654e-01,-2.344081157078639344e-01,-1.356241762634327608e-01,8.258102822394399745e-01,1.544950204607845046e-01,7.179857150789770159e-02,-1.350298096077464927e-01,0.000000000000000000e+00,0.000000000000000000e+00,0.000000000000000000e+00,0.000000000000000000e+00,0.000000000000000000e+00,0.000000000000000000e+00,0.000000000000000000e+00,0.000000000000000000e+00,0.000000000000000000e+00,0.000000000000000000e+00,0.000000000000000000e+00,0.000000000000000000e+00,0.000000000000000000e+00,0.000000000000000000e+00,0.000000000000000000e+00,0.000000000000000000e+00
2.179833041935219207e+00,-3.729148409723246349e-01,1.004620858734010191e+00,4.157955812112979627e-02,-4.348926154741024341e-02,-9.380596767563990079e-01,3.412094185689963366e-01,-2.897812003588933205e-01,-2.026736099310271488e-01,-4.333440850596302629e-02,1.978179202647092627e-01,-1.074866654544165412e-01,7.756592736622860973e-02,-6.488599760731511568e-01,-2.615240134196587518e-01,-1.650021025893018689e-01,7.405414992193515289e-01,1.267766263548312788e-01,7.870269224791109908e-02,-1.838514778743758349e-01,0.000000000000000000e+00,0.000000000000000000e+00,0.000000000000000000e+00,0.000000000000000000e+00,0.000000000000000000e+00,0.000000000000000000e+00,0.000000000000000000e+00,0.000000000000000000e+00,0.000000000000000000e+00,0.000000000000000000e+00,0.000000000000000000e+00,0.000000000000000000e+00,0.000000000000000000e+00,0.000000000000000000e+00,0.000000000000000000e+00,0.000000000000000000e+00
2.156005238237109989e+00,-3.886489064983341679e-01,1.002579271934829874e+00,3.976841274638129309e-02,-5.338828003334595423e-02,-9.354120686631702819e-01,3.472354053117319150e-01,-2.288901728731328189e-01,-2.226584714784343999e-01,-6.446612960884426369e-02,1.741597137091918102e-01,-1.280591095661257062e-01,8.102921181245115179e-02,-6.916065376318910607e-01,-2.805158366763483846e-01,-1.867942004281347157e-01,6.356344842954722019e-01,1.106141614006090484e-01,9.553135169392716619e-02,-2.307051257104147934e-01,0.000000000000000000e+00,0.000000000000000000e+00,0.000000000000000000e+00,0.000000000000000000e+00,0.000000000000000000e+00,0.000000000000000000e+00,0.000000000000000000e+00,0.000000000000000000e+00,0.000000000000000000e+00,0.000000000000000000e+00,0.000000000000000000e+00,0.000000000000000000e+00,0.000000000000000000e+00,0.000000000000000000e+00,0.000000000000000000e+00,0.000000000000000000e+00
2.131089617879975862e+00,-4.031713986567094787e-01,9.997951805910492151e-01,3.913540676794545481e-02,-6.179391194423519695e-02,-9.325455471974333221e-01,3.535657432302723446e-01,-1.740497351284293337e-01,-2.355006363427415983e-01,-8.164016857104933189e-02,1.558650065268284979e-01,-1.475611704612540820e-01,8.076605275787387961e-02,-7.302411792600916884e-01,-2.871726732858083109e-01,-2.030136712032444835e-01,5.305281183456967975e-01,8.930167175903259980e-02,1.185317848483841002e-01,-2.695025853169216168e-01,0.000000000000000000e+00,0.000000000000000000e+00,0.000000000000000000e+00,0.000000000000000000e+00,0.000000000000000000e+00,0.000000000000000000e+00,0.000000000000000000e+00,0.000000000000000000e+00,0.000000000000000000e+00,0.000000000000000000e+00,0.000000000000000000e+00,0.000000000000000000e+00,0.000000000000000000e+00,0.000000000000000000e+00,0.000000000000000000e+00,0.000000000000000000e+00
2.105860277409862036e+00,-4.163996249087951185e-01,9.968599028011377872e-01,4.011959518061238711e-02,-6.740914487615018436e-02,-9.318633539170614322e-01,3.542274903166819366e-01,-1.208366011377550453e-01,-2.385506984298965405e-01,-9.075372048183386053e-02,1.297465741609766798e-01,-1.657759823024323731e-01,7.435957766698617077e-02,-7.647617367251655640e-01,-2.757864255911443019e-01,-2.178187289904506274e-01,4.093320743202715772e-01,5.575200411410542733e-02,1.542744113881195089e-01,-3.015428923631955915e-01,0.000000000000000000e+00,0.000000000000000000e+00,0.000000000000000000e+00,0.000000000000000000e+00,0.000000000000000000e+00,0.000000000000000000e+00,0.000000000000000000e+00,0.000000000000000000e+00,0.000000000000000000e+00,0.000000000000000000e+00,0.000000000000000000e+00,0.000000000000000000e+00,0.000000000000000000e+00,0.000000000000000000e+00,0.000000000000000000e+00,0.000000000000000000e+00
2.080423711745409854e+00,-4.281549769114744164e-01,9.926612501503055963e-01,4.559105512682168349e-02,-7.215811731727983513e-02,-9.335806950944827154e-01,3.480542307522651591e-01,-6.963282992534483573e-02,-2.397069667651167968e-01,-9.469523402145800517e-02,8.572568283582368553e-02,-1.783256374582017634e-01,6.055650962557555111e-02,-7.899619631048744317e-01,-2.510662631764153385e-01,-2.326389356619176785e-01,2.822634169961607542e-01,2.777523683569995544e-02,1.911915073410463406e-01,-3.101935844648686658e-01,0.000000000000000000e+00,0.000000000000000000e+00,0.000000000000000000e+00,0.000000000000000000e+00,0.000000000000000000e+00,0.000000000000000000e+00,0.000000000000000000e+00,0.000000000000000000e+00,0.000000000000000000e+00,0.000000000000000000e+00,0.000000000000000000e+00,0.000000000000000000e+00,0.000000000000000000e+00,0.000000000000000000e+00,0.000000000000000000e+00,0.000000000000000000e+00
2.054700511271443819e+00,-4.398476709464516077e-01,9.878383532640391262e-01,4.834021004928475140e-02,-7.598083873652607123e-02,-9.362576616767084303e-01,3.395758047755276787e-01,-2.508303280144748987e-02,-2.370130145576259673e-01,-8.123626794090366143e-02,6.432803294635119906e-02,-1.916264270248960733e-01,5.298001580458562565e-02,-7.941434338393047465e-01,-2.340747398896780573e-01,-2.745152145563570234e-01,1.703936670716555968e-01,2.942717294988276416e-02,2.169813726291840716e-01,-3.050498349695912048e-01,0.000000000000000000e+00,0.000000000000000000e+00,0.000000000000000000e+00,0.000000000000000000e+00,0.000000000000000000e+00,0.000000000000000000e+00,0.000000000000000000e+00,0.000000000000000000e+00,0.000000000000000000e+00,0.000000000000000000e+00,0.000000000000000000e+00,0.000000000000000000e+00,0.000000000000000000e+00,0.000000000000000000e+00,0.000000000000000000e+00,0.000000000000000000e+00
2.027559277956651584e+00,-4.529543792658120571e-01,9.816545201337040227e-01,5.013205539351785894e-02,-8.085349294712779189e-02,-9.374900299314440355e-01,3.347565286583822908e-01,1.173703880413477091e-02,-2.379892434400715795e-01,-7.540877380930882667e-02,6.625271270450391881e-02,-2.093492795343899482e-01,4.668781921148104641e-02,-7.822726910303021697e-01,-2.264320333158628962e-01,-3.043420942418995079e-01,1.255008519889854179e-01,4.036605058022207926e-02,2.214576370291349294e-01,-3.045069863206163463e-01,0.000000000000000000e+00,0.000000000000000000e+00,0.000000000000000000e+00,0.000000000000000000e+00,0.000000000000000000e+00,0.000000000000000000e+00,0.000000000000000000e+00,0.000000000000000000e+00,0.000000000000000000e+00,0.000000000000000000e+00,0.000000000000000000e+00,0.000000000000000000e+00,0.000000000000000000e+00,0.000000000000000000e+00,0.000000000000000000e+00,0.000000000000000000e+00
1.999674106927247896e+00,-4.675778921673364175e-01,9.762783871050736417e-01,4.563701639927635056e-02,-8.364871871542403636e-02,-9.374373798584638706e-01,3.348601401115668397e-01,3.994872818739271525e-02,-2.305504968333121352e-01,-5.959849659969886776e-02,1.165097933438953154e-01,-2.318859460056376387e-01,3.923387517132945201e-02,-7.589704832656682942e-01,-2.297217150508769623e-01,-3.084144643188786450e-01,1.518008639058782139e-01,5.191339402522092417e-02,2.051793998266406571e-01,-3.123515558832107852e-01,0.000000000000000000e+00,0.000000000000000000e+00,0.000000000000000000e+00,0.000000000000000000e+00,0.000000000000000000e+00,0.000000000000000000e+00,0.000000000000000000e+00,0.000000000000000000e+00,0.000000000000000000e+00,0.000000000000000000e+00,0.000000000000000000e+00,0.000000000000000000e+00,0.000000000000000000e+00,0.000000000000000000e+00,0.000000000000000000e+00,0.000000000000000000e+00
1.971242235672824972e+00,-4.828637207699916778e-01,9.708413386589218597e-01,3.990066715187829544e-02,-8.184510085837146121e-02,-9.375377659334411806e-01,3.357562414533053485e-01,4.576020411435004209e-02,-2.149520904757276363e-01,-5.284169786974839134e-02,2.148415769674716924e-01,-2.541705074974822121e-01,2.648480236947271804e-02,-7.266298606764092227e-01,-2.274679714879851156e-01,-3.183274195166100884e-01,2.038191178261381520e-01,6.565510529688706187e-02,1.723167868361179245e-01,-3.213286715148800377e-01,0.000000000000000000e+00,0.000000000000000000e+00,0.000000000000000000e+00,0.000000000000000000e+00,0.000000000000000000e+00,0.000000000000000000e+00,0.000000000000000000e+00,0.000000000000000000e+00,0.000000000000000000e+00,0.000000000000000000e+00,0.000000000000000000e+00,0.000000000000000000e+00,0.000000000000000000e+00,0.000000000000000000e+00,0.000000000000000000e+00,0.000000000000000000e+00
1.943641688440649329e+00,-4.978170265695571195e-01,9.656014333964118013e-01,3.213372979304574689e-02,-7.128651892787589428e-02,-9.384655829893135959e-01,3.364045260891434519e-01,3.947403846928725785e-02,-1.757239649246097879e-01,-4.816294842896486766e-02,3.164709917150621554e-01,-2.141625930460833993e-01,-4.469238812082650635e-03,-6.886541376124923897e-01,-2.035482196290700763e-01,-3.492330082710585204e-01,2.490371433790374012e-01,8.877154758101644949e-02,1.306589366377249595e-01,-3.259846720337101766e-01,0.000000000000000000e+00,0.000000000000000000e+00,0.000000000000000000e+00,0.000000000000000000e+00,0.000000000000000000e+00,0.000000000000000000e+00,0.000000000000000000e+00,0.000000000000000000e+00,0.000000000000000000e+00,0.000000000000000000e+00,0.000000000000000000e+00,0.000000000000000000e+00,0.000000000000000000e+00,0.000000000000000000e+00,0.000000000000000000e+00,0.000000000000000000e+00
1.917945362238261398e+00,-5.127173455199732777e-01,9.625707334759682210e-01,2.291360017393821030e-02,-4.388624051253300212e-02,-9.434684354605294976e-01,3.277442236110438833e-01,2.487749673278091822e-02,-1.103875762747023592e-01,-3.454601056190630126e-02,3.996795415390264061e-01,-9.033854747508468508e-02,-4.340327640778685742e-02,-6.582230822633712286e-01,-1.539249850264339525e-01,-3.957592173209472097e-01,2.917707248867002501e-01,1.049709210730311315e-01,6.286845726053735817e-02,-3.135805866384483442e-01,0.000000000000000000e+00,0.000000000000000000e+00,0.000000000000000000e+00,0.000000000000000000e+00,0.000000000000000000e+00,0.000000000000000000e+00,0.000000000000000000e+00,0.000000000000000000e+00,0.000000000000000000e+00,0.000000000000000000e+00,0.000000000000000000e+00,0.000000000000000000e+00,0.000000000000000000e+00,0.000000000000000000e+00,0.000000000000000000e+00,0.000000000000000000e+00
1.893195226957573363e+00,-5.267722527572724633e-01,9.644345026311417213e-01,2.069684860023678075e-02,-1.661453652067539782e-02,-9.486344420135828237e-01,3.152590887822277477e-01,4.615252678102779033e-03,-4.824770613508937156e-02,-5.707716425088284196e-02,4.628456852785704512e-01,1.067813549391523897e-01,-1.034165413867478150e-01,-6.412102334920611879e-01,-8.288504572176422225e-02,-4.142937989789794995e-01,3.119214209116668579e-01,9.163095633837584075e-02,8.868869533987541395e-03,-2.948187603207723662e-01,0.000000000000000000e+00,0.000000000000000000e+00,0.000000000000000000e+00,0.000000000000000000e+00,0.000000000000000000e+00,0.000000000000000000e+00,0.000000000000000000e+00,0.000000000000000000e+00,0.000000000000000000e+00,0.000000000000000000e+00,0.000000000000000000e+00,0.000000000000000000e+00,0.000000000000000000e+00,0.000000000000000000e+00,0.000000000000000000e+00,0.000000000000000000e+00
1.868255383773461009e+00,-5.413493834732355792e-01,9.694094397476878955e-01,2.123015335168991491e-02,-1.452879705679907540e-03,-9.542789584421234039e-01,2.981590837184754372e-01,-2.709308797521401552e-02,-1.679008517182301735e-02,-7.188699377617989439e-02,5.307388927224776509e-01,2.850903728086240374e-01,-1.652954379615564906e-01,-6.240981919488256535e-01,-2.375053939097557590e-02,-3.897142778891641846e-01,3.184694631974540058e-01,6.852662357822783545e-02,-3.549424234376779425e-02,-2.681284958246498706e-01,0.000000000000000000e+00,0.000000000000000000e+00,0.000000000000000000e+00,0.000000000000000000e+00,0.000000000000000000e+00,0.000000000000000000e+00,0.000000000000000000e+00,0.000000000000000000e+00,0.000000000000000000e+00,0.000000000000000000e+00,0.000000000000000000e+00,0.000000000000000000e+00,0.000000000000000000e+00,0.000000000000000000e+00,0.000000000000000000e+00,0.000000000000000000e+00
1.842789325111495069e+00,-5.566818369012070944e-01,9.769020255783184004e-01,2.340794290393665919e-02,1.721735884139957706e-03,-9.608486311190232998e-01,2.760779091330025636e-01,-7.809150972591677453e-02,-2.400717601801986845e-03,-6.047599030161709965e-02,6.115228290236859321e-01,3.968163405053071191e-01,-2.068819417402680827e-01,-5.982189874980609057e-01,1.808726384844343282e-02,-3.353023318868451064e-01,3.143330009038837747e-01,4.581634527325549600e-02,-6.432528698309229742e-02,-2.293284172776212659e-01,0.000000000000000000e+00,0.000000000000000000e+00,0.000000000000000000e+00,0.000000000000000000e+00,0.000000000000000000e+00,0.000000000000000000e+00,0.000000000000000000e+00,0.000000000000000000e+00,0.000000000000000000e+00,0.000000000000000000e+00,0.000000000000000000e+00,0.000000000000000000e+00,0.000000000000000000e+00,0.000000000000000000e+00,0.000000000000000000e+00,0.000000000000000000e+00
1.817253060917432661e+00,-5.723816128172121154e-01,9.839326189784977084e-01,2.380119204619002629e-02,2.717131343965187296e-03,-9.669233578564343512e-01,2.539396394540985868e-01,-1.478293005601302168e-01,1.302975471848281247e-02,-2.874311493578273272e-02,6.992134672273527807e-01,4.253249528944507141e-01,-2.061297025542526140e-01,-5.644429381974532811e-01,5.265331286344372003e-02,-2.748961731242611228e-01,3.058107856634311728e-01,2.304704850326731377e-02,-7.973291519265642002e-02,-1.814145439646839830e-01,0.000000000000000000e+00,0.000000000000000000e+00,0.000000000000000000e+00,0.000000000000000000e+00,0.000000000000000000e+00,0.000000000000000000e+00,0.000000000000000000e+00,0.000000000000000000e+00,0.000000000000000000e+00,0.000000000000000000e+00,0.000000000000000000e+00,0.000000000000000000e+00,0.000000000000000000e+00,0.000000000000000000e+00,0.000000000000000000e+00,0.000000000000000000e+00
1.791847611279682173e+00,-5.877326785322953828e-01,9.918305117045652652e-01,2.590747223176863637e-02,1.016192016212055099e-03,-9.728425589716077626e-01,2.300111425342698523e-01,-2.386413345923640295e-01,4.350008562574318727e-02,1.807161592021100036e-02,7.909554289918906411e-01,3.977024823464237469e-01,-1.703951517702834983e-01,-5.223231716905837319e-01,7.828627275487251569e-02,-2.147651690052926055e-01,2.810184248359751114e-01,7.210427411847054879e-03,-8.401160456878531413e-02,-1.252594488137006856e-01,0.000000000000000000e+00,0.000000000000000000e+00,0.000000000000000000e+00,0.000000000000000000e+00,0.000000000000000000e+00,0.000000000000000000e+00,0.000000000000000000e+00,0.000000000000000000e+00,0.000000000000000000e+00,0.000000000000000000e+00,0.000000000000000000e+00,0.000000000000000000e+00,0.000000000000000000e+00,0.000000000000000000e+00,0.000000000000000000e+00,0.000000000000000000e+00
1.766819750587825588e+00,-6.028240218362832525e-01,9.979533612602434767e-01,2.512706133718656948e-02,7.204570486525462697e-04,-9.789581159677251954e-01,2.025070836072664082e-01,-3.338779186788393138e-01,7.450985341198934631e-02,5.250062847459320559e-02,8.595268349438991429e-01,3.215884112972081654e-01,-1.215277780883365771e-01,-4.749440305347020774e-01,1.048906769085959922e-01,-1.506390108490515134e-01,2.563479564493406637e-01,-6.183182396970507422e-03,-7.618116373811248399e-02,-6.355609059956981999e-02,0.000000000000000000e+00,0.000000000000000000e+00,0.000000000000000000e+00,0.000000000000000000e+00,0.000000000000000000e+00,0.000000000000000000e+00,0.000000000000000000e+00,0.000000000000000000e+00,0.000000000000000000e+00,0.000000000000000000e+00,0.000000000000000000e+00,0.000000000000000000e+00,0.000000000000000000e+00,0.000000000000000000e+00,0.000000000000000000e+00,0.000000000000000000e+00
1.742002785938206566e+00,-6.171908759748034878e-01,1.002118493934673893e+00,1.966107994381827845e-02,2.634010492765053585e-03,-9.838309861239363796e-01,1.779974569104008086e-01,-4.169027315674649348e-01,1.068021422509532331e-01,7.659481965488233735e-02,8.790958773650460190e-01,2.375252025997252603e-01,-6.798379848038418882e-02,-4.279307327336664968e-01,1.298321228231838487e-01,-9.443031349564548482e-02,2.528493386068436655e-01,-2.291213914435846766e-02,-7.111458700802042454e-02,1.003157196794520097e-04,0.000000000000000000e+00,0.000000000000000000e+00,0.000000000000000000e+00,0.000000000000000000e+00,0.000000000000000000e+00,0.000000000000000000e+00,0.000000000000000000e+00,0.000000000000000000e+00,0.000000000000000000e+00,0.000000000000000000e+00,0.000000000000000000e+00,0.000000000000000000e+00,0.000000000000000000e+00,0.000000000000000000e+00,0.000000000000000000e+00,0.000000000000000000e+00
1.717078243488159295e+00,-6.309738653872257741e-01,1.004949597435078834e+00,1.525152967141592958e-02,3.951130335599704023e-03,-9.891772751791693130e-01,1.458769950364597612e-01,-5.093560205502156712e-01,1.336096382595698961e-01,1.009009207135207059e-01,8.740820335880330472e-01,1.771347061399409228e-01,-3.098272757683715600e-02,-3.852469429270549139e-01,1.515418980215607614e-01,-3.567365395015459351e-02,2.534473658452126577e-01,-3.477047338561529977e-02,-5.958712013451319955e-02,6.417110032261014174e-02,0.000000000000000000e+00,0.000000000000000000e+00,0.000000000000000000e+00,0.000000000000000000e+00,0.000000000000000000e+00,0.000000000000000000e+00,0.000000000000000000e+00,0.000000000000000000e+00,0.000000000000000000e+00,0.000000000000000000e+00,0.000000000000000000e+00,0.000000000000000000e+00,0.000000000000000000e+00,0.000000000000000000e+00,0.000000000000000000e+00,0.000000000000000000e+00
1.691403241547078995e+00,-6.438433542823752687e-01,1.007150758361690990e+00,1.698440809472313850e-02,6.803531030240732476e-03,-9.924897407371158220e-01,1.209518762928679381e-01,-5.876134105210226721e-01,1.587257740451696042e-01,1.056903512987274474e-01,8.442899545224147317e-01,1.189331210262698085e-01,-2.353535659830060731e-02,-3.476134844540569868e-01,1.668609079824904251e-01,1.235267080046549559e-02,2.413225714812269884e-01,-5.489877389286816622e-02,-4.479596843830096348e-02,1.211184564448553880e-01,0.000000000000000000e+00,0.000000000000000000e+00,0.000000000000000000e+00,0.000000000000000000e+00,0.000000000000000000e+00,0.000000000000000000e+00,0.000000000000000000e+00,0.000000000000000000e+00,0.000000000000000000e+00,0.000000000000000000e+00,0.000000000000000000e+00,0.000000000000000000e+00,0.000000000000000000e+00,0.000000000000000000e+00,0.000000000000000000e+00,0.000000000000000000e+00
1.665505652362089029e+00,-6.561010904966906310e-01,1.007129688501848586e+00,1.486651442343017542e-02,1.214672484409583079e-02,-9.962008471516852204e-01,8.494301595024870977e-02,-6.409477442279390980e-01,1.828602579756649082e-01,1.018558693749011257e-01,7.796719196442275512e-01,8.234253162760118983e-02,-2.427448808887379406e-02,-3.033917047092913322e-01,1.904318945380791828e-01,7.200122261788173550e-02,2.328631437138505567e-01,-8.236342684633132794e-02,-3.316260673107476048e-02,1.690729068033175186e-01,0.000000000000000000e+00,0.000000000000000000e+00,0.000000000000000000e+00,0.000000000000000000e+00,0.000000000000000000e+00,0.000000000000000000e+00,0.000000000000000000e+00,0.000000000000000000e+00,0.000000000000000000e+00,0.000000000000000000e+00,0.000000000000000000e+00,0.000000000000000000e+00,0.000000000000000000e+00,0.000000000000000000e+00,0.000000000000000000e+00,0.000000000000000000e+00
1.638710905355433844e+00,-6.675486915237198726e-01,1.006212747405959895e+00,1.414242996142752590e-02,1.878103947298705861e-02,-9.978625671096309491e-01,6.097180817785691903e-02,-6.877422306977420963e-01,1.959141362446073231e-01,8.140059289653350794e-02,6.844919185261032490e-01,6.643424825775470777e-02,-3.441229815258339819e-02,-2.662190410442349942e-01,2.091314730466407867e-01,1.188332424509415952e-01,2.338318898596411233e-01,-1.060286012863829730e-01,-2.525769849433596656e-02,2.124313523487225408e-01,0.000000000000000000e+00,0.000000000000000000e+00,0.000000000000000000e+00,0.000000000000000000e+00,0.000000000000000000e+00,0.000000000000000000e+00,0.000000000000000000e+00,0.000000000000000000e+00,0.000000000000000000e+00,0.000000000000000000e+00,0.000000000000000000e+00,0.000000000000000000e+00,0.000000000000000000e+00,0.000000000000000000e+00,0.000000000000000000e+00,0.000000000000000000e+00
1.611100410249748371e+00,-6.784836957054960482e-01,1.003819295469931649e+00,1.269028701211544555e-02,2.714306033065597840e-02,-9.988016445496291640e-01,3.869736084531605336e-02,-7.252412773153704695e-01,2.065346134682811141e-01,5.633069558469598614e-02,5.550465371988310137e-01,6.414292751183270358e-02,-5.197787841011896476e-02,-2.273692721131574945e-01,2.292906960388803039e-01,1.641990613901169738e-01,2.377779185271909346e-01,-1.345574724571223513e-01,-2.265371228047899019e-02,2.449818066744959000e-01,0.000000000000000000e+00,0.000000000000000000e+00,0.000000000000000000e+00,0.000000000000000000e+00,0.000000000000000000e+00,0.000000000000000000e+00,0.000000000000000000e+00,0.000000000000000000e+00,0.000000000000000000e+00,0.000000000000000000e+00,0.000000000000000000e+00,0.000000000000000000e+00,0.000000000000000000e+00,0.000000000000000000e+00,0.000000000000000000e+00,0.000000000000000000e+00
1.582817611528091639e+00,-6.888548716240384673e-01,1.000788137195452565e+00,1.373557495767947778e-02,3.446395850366985869e-02,-9.990164257488507449e-01,2.428478183616327932e-02,-7.577931748799370260e-01,2.062219011272330427e-01,2.441589379185999525e-02,4.217490671962065840e-01,5.245848176355034226e-02,-7.281675169282007809e-02,-1.918294765905877441e-01,2.408230524546467743e-01,1.934252351818466498e-01,2.401858924570334786e-01,-1.668845047663779779e-01,-2.112361516841582479e-02,2.646324658852742817e-01,0.000000000000000000e+00,0.000000000000000000e+00,0.000000000000000000e+00,0.000000000000000000e+00,0.000000000000000000e+00,0.000000000000000000e+00,0.000000000000000000e+00,0.000000000000000000e+00,0.000000000000000000e+00,0.000000000000000000e+00,0.000000000000000000e+00,0.000000000000000000e+00,0.000000000000000000e+00,0.000000000000000000e+00,0.000000000000000000e+00,0.000000000000000000e+00
1.554329590577515630e+00,-6.987297204241211812e-01,9.977885652404056005e-01,2.039553624204396357e-02,3.742339198018976298e-02,-9.988663509838053844e-01,2.120199769816784666e-02,-7.882927451995201951e-01,1.916190753280019865e-01,-2.160555520630526305e-03,2.777653579687245911e-01,3.256127236041178596e-02,-8.723574315853768746e-02,-1.673353469790143933e-01,2.368066819745183738e-01,2.002574206885510688e-01,2.412194345221612413e-01,-2.039501377565215434e-01,-2.225303122344751000e-02,2.624790649755891492e-01,0.000000000000000000e+00,0.000000000000000000e+00,0.000000000000000000e+00,0.000000000000000000e+00,0.000000000000000000e+00,0.000000000000000000e+00,0.000000000000000000e+00,0.000000000000000000e+00,0.000000000000000000e+00,0.000000000000000000e+00,0.000000000000000000e+00,0.000000000000000000e+00,0.000000000000000000e+00,0.000000000000000000e+00,0.000000000000000000e+00,0.000000000000000000e+00
1.524901244287242719e+00,-7.085157419020559066e-01,9.939039208771016654e-01,2.569353037331682105e-02,3.978568948323821935e-02,-9.986392018614054233e-01,2.183313799966894037e-02,-7.931670548325139292e-01,1.750890324508451446e-01,-1.641513395424643029e-02,1.634868254188757697e-01,3.267400053890073125e-02,-9.213169543929752847e-02,-1.379429176399506463e-01,2.289660146391994666e-01,1.954888750620123739e-01,2.397101902458927403e-01,-2.344673923188513309e-01,-2.224639825777631474e-02,2.579738847423829751e-01,0.000000000000000000e+00,0.000000000000000000e+00,0.000000000000000000e+00,0.000000000000000000e+00,0.000000000000000000e+00,0.000000000000000000e+00,0.000000000000000000e+00,0.000000000000000000e+00,0.000000000000000000e+00,0.000000000000000000e+00,0.000000000000000000e+00,0.000000000000000000e+00,0.000000000000000000e+00,0.000000000000000000e+00,0.000000000000000000e+00,0.000000000000000000e+00
1.493379865618056801e+00,-7.180797081042525898e-01,9.884949521813138906e-01,2.640088658013974715e-02,4.316747476367294861e-02,-9.986579070470179564e-01,1.104296168509921738e-02,-7.892886942322596688e-01,1.757470073851862546e-01,-2.618972155795195461e-02,1.392878772769856333e-01,4.355477348369471424e-02,-9.391998736499350409e-02,-1.146082849540905058e-01,2.251431185178311978e-01,1.884592462732024576e-01,2.730022147086667572e-01,-2.667710462149889827e-01,-2.833284933756784890e-02,2.688393180600567867e-01,0.000000000000000000e+00,0.000000000000000000e+00,0.000000000000000000e+00,0.000000000000000000e+00,0.000000000000000000e+00,0.000000000000000000e+00,0.000000000000000000e+00,0.000000000000000000e+00,0.000000000000000000e+00,0.000000000000000000e+00,0.000000000000000000e+00,0.000000000000000000e+00,0.000000000000000000e+00,0.000000000000000000e+00,0.000000000000000000e+00,0.000000000000000000e+00
1.460310126883047843e+00,-7.275777918247823273e-01,9.818892514192788523e-01,2.188632824333658355e-02,4.493842373558167708e-02,-9.987406641479190661e-01,-4.314218997471292935e-03,-7.762643551153026733e-01,1.792677007241686993e-01,-2.672630690083318411e-02,1.860677430622544870e-01,5.458292794739864895e-02,-8.600256004323554582e-02,-9.267497178848742301e-02,2.219697839182629695e-01,2.020549694227784798e-01,3.372001640444227677e-01,-2.971362492189456028e-01,-2.583593477939447741e-02,2.857772467496567104e-01,0.000000000000000000e+00,0.000000000000000000e+00,0.000000000000000000e+00,0.000000000000000000e+00,0.000000000000000000e+00,0.000000000000000000e+00,0.000000000000000000e+00,0.000000000000000000e+00,0.000000000000000000e+00,0.000000000000000000e+00,0.000000000000000000e+00,0.000000000000000000e+00,0.000000000000000000e+00,0.000000000000000000e+00,0.000000000000000000e+00,0.000000000000000000e+00
1.426870057394610480e+00,-7.369749522549658982e-01,9.759750129823002718e-01,1.752239921967937986e-02,4.052150926906653711e-02,-9.988387479805660440e-01,-1.929062841788369009e-02,-7.524218565016494997e-01,1.740598884854082928e-01,-1.454326457784382159e-02,2.462907239041923491e-01,6.698677631268291910e-02,-7.161103645951925889e-02,-7.277249261553067616e-02,2.050783500288909655e-01,2.274142920858704953e-01,3.996922313382872405e-01,-2.938217757125199947e-01,-1.120842316146542471e-02,2.995410547213060992e-01,0.000000000000000000e+00,0.000000000000000000e+00,0.000000000000000000e+00,0.000000000000000000e+00,0.000000000000000000e+00,0.000000000000000000e+00,0.000000000000000000e+00,0.000000000000000000e+00,0.000000000000000000e+00,0.000000000000000000e+00,0.000000000000000000e+00,0.000000000000000000e+00,0.000000000000000000e+00,0.000000000000000000e+00,0.000000000000000000e+00,0.000000000000000000e+00
1.393630852011608523e+00,-7.461908377010998406e-01,9.712733606208769910e-01,1.760566956665685079e-02,3.069608771260971120e-02,-9.988835802912268136e-01,-3.129510541327430034e-02,-7.233352342324584905e-01,1.566558031532898632e-01,1.839519432248602759e-03,2.873065522700928298e-01,9.087286583883882884e-02,-5.455974913204958421e-02,-5.615043764135232290e-02,1.724296560481410334e-01,2.508118036127480188e-01,4.406223203877827621e-01,-2.415987309357511270e-01,1.703408604372205759e-02,3.080163300269872506e-01,0.000000000000000000e+00,0.000000000000000000e+00,0.000000000000000000e+00,0.000000000000000000e+00,0.000000000000000000e+00,0.000000000000000000e+00,0.000000000000000000e+00,0.000000000000000000e+00,0.000000000000000000e+00,0.000000000000000000e+00,0.000000000000000000e+00,0.000000000000000000e+00,0.000000000000000000e+00,0.000000000000000000e+00,0.000000000000000000e+00,0.000000000000000000e+00
1.361725663073132697e+00,-7.555055989664489768e-01,9.693745577056360752e-01,1.846264667152597294e-02,1.392104623262231840e-02,-9.987588013915486007e-01,-4.411566380082237310e-02,-6.940431533441678846e-01,1.223533856823051658e-01,2.742036220711285485e-02,3.184632227267024662e-01,1.123369806547131616e-01,-2.936408528178541949e-02,-3.336036922036228480e-02,1.135770182402169592e-01,2.659320987767571642e-01,4.413060402736928012e-01,-1.082698157232454828e-01,6.491938240672051608e-02,3.141111353032823295e-01,0.000000000000000000e+00,0.000000000000000000e+00,0.000000000000000000e+00,0.000000000000000000e+00,0.000000000000000000e+00,0.000000000000000000e+00,0.000000000000000000e+00,0.000000000000000000e+00,0.000000000000000000e+00,0.000000000000000000e+00,0.000000000000000000e+00,0.000000000000000000e+00,0.000000000000000000e+00,0.000000000000000000e+00,0.000000000000000000e+00,0.000000000000000000e+00
1.330665854872720821e+00,-7.643367985160638423e-01,9.749910318346337590e-01,2.500497882609027667e-02,-1.173369137232721862e-02,-9.993153857331698031e-01,-2.461364169826369200e-02,-6.413493301607980923e-01,6.073871639584019211e-02,1.001682900825788258e-01,3.123818517942038575e-01,1.417930009887241050e-01,-3.828714086470987044e-04,-3.833512703384962805e-02,5.643143550075585546e-02,2.728096084991112891e-01,4.689869046765669514e-01,8.369146060968338241e-02,1.421623757064481020e-01,2.552737701684267835e-01,0.000000000000000000e+00,0.000000000000000000e+00,0.000000000000000000e+00,0.000000000000000000e+00,0.000000000000000000e+00,0.000000000000000000e+00,0.000000000000000000e+00,0.000000000000000000e+00,0.000000000000000000e+00,0.000000000000000000e+00,0.000000000000000000e+00,0.000000000000000000e+00,0.000000000000000000e+00,0.000000000000000000e+00,0.000000000000000000e+00,0.000000000000000000e+00
1.301609314225673275e+00,-7.737121068138931301e-01,9.772639161123383156e-01,2.813670487104117865e-02,-2.518150909317272076e-02,-9.990133400131299135e-01,-2.337870643555894218e-02,-6.293623592037721481e-01,1.333624210839679317e-02,1.083963485455183562e-01,3.509328798820853246e-01,1.049269265508974702e-01,4.532864942345916220e-02,-6.043935133411738880e-02,-1.372199584333235606e-03,2.411949229026649211e-01,5.309879318984543906e-01,2.374281640656736303e-01,2.014127042066918838e-01,2.239936467795343999e-01,0.000000000000000000e+00,0.000000000000000000e+00,0.000000000000000000e+00,0.000000000000000000e+00,0.000000000000000000e+00,0.000000000000000000e+00,0.000000000000000000e+00,0.000000000000000000e+00,0.000000000000000000e+00,0.000000000000000000e+00,0.000000000000000000e+00,0.000000000000000000e+00,0.000000000000000000e+00,0.000000000000000000e+00,0.000000000000000000e+00,0.000000000000000000e+00
1.273471730383548106e+00,-7.833459848415746940e-01,9.804398603302787452e-01,3.123355418803671485e-02,-2.961238242014881464e-02,-9.985555080825171403e-01,-3.216316492901390156e-02,-6.173572732339649427e-01,-5.766642774131920668e-03,1.243869129801087187e-01,3.828974596341067627e-01,5.440607266321137447e-02,7.696619259849898920e-02,-8.606895172474204880e-02,-4.463591701645681920e-02,1.883045706869764802e-01,6.080355583868896074e-01,3.601451657768636738e-01,2.135158950066577133e-01,1.934507785111075073e-01,0.000000000000000000e+00,0.000000000000000000e+00,0.000000000000000000e+00,0.000000000000000000e+00,0.000000000000000000e+00,0.000000000000000000e+00,0.000000000000000000e+00,0.000000000000000000e+00,0.000000000000000000e+00,0.000000000000000000e+00,0.000000000000000000e+00,0.000000000000000000e+00,0.000000000000000000e+00,0.000000000000000000e+00,0.000000000000000000e+00,0.000000000000000000e+00
1.244453273703052032e+00,-7.930334261361124959e-01,9.890960009823671628e-01,3.283810966741454451e-02,-2.334563842941331929e-02,-9.987126756667340510e-01,-3.081608642229409500e-02,-5.826850448078849665e-01,-1.694093907933374304e-02,1.111739126486596674e-01,3.792529323675581376e-01,1.805732744847822480e-02,9.515471387504807754e-02,-1.787895090383975483e-01,-6.879214444412339036e-02,1.110182416288600926e-01,7.430842396237199443e-01,3.819706002776120934e-01,1.650373476490772928e-01,1.356877008786765149e-01,0.000000000000000000e+00,0.000000000000000000e+00,0.000000000000000000e+00,0.000000000000000000e+00,0.000000000000000000e+00,0.000000000000000000e+00,0.000000000000000000e+00,0.000000000000000000e+00,0.000000000000000000e+00,0.000000000000000000e+00,0.000000000000000000e+00,0.000000000000000000e+00,0.000000000000000000e+00,0.000000000000000000e+00,0.000000000000000000e+00,0.000000000000000000e+00
1.216458382959980877e+00,-8.015669146299954084e-01,9.952314239543463836e-01,3.228621204787097965e-02,-2.427890336059732382e-02,-9.988306350800950639e-01,-2.656120834413199655e-02,-5.404341040938160923e-01,-3.886738639403447548e-02,1.085396512659043272e-01,3.685740371397955295e-01,-1.302647344156822318e-02,1.015934386395282163e-01,-2.595250619223102295e-01,-1.028103012148136874e-01,3.557056216675747590e-02,8.345840101783883469e-01,3.671434996549798879e-01,1.225306039831420696e-01,8.686420173690656554e-02,0.000000000000000000e+00,0.000000000000000000e+00,0.000000000000000000e+00,0.000000000000000000e+00,0.000000000000000000e+00,0.000000000000000000e+00,0.000000000000000000e+00,0.000000000000000000e+00,0.000000000000000000e+00,0.000000000000000000e+00,0.000000000000000000e+00,0.000000000000000000e+00,0.000000000000000000e+00,0.000000000000000000e+00,0.000000000000000000e+00,0.000000000000000000e+00
1.188892775021439085e+00,-8.091614801335182960e-01,9.999938483126328270e-01,2.936616518592548297e-02,-2.671856334816447714e-02,-9.989397404983497708e-01,-2.330539782908516711e-02,-4.891827004686562508e-01,-6.165751799389890958e-02,1.071055748085973924e-01,3.493307212298657483e-01,-4.531924228666519422e-02,1.059720673766460508e-01,-3.567714134762090539e-01,-1.511485139548091883e-01,-3.813447191329828734e-02,9.286856847547492189e-01,2.986209530710353111e-01,7.097643222367612525e-02,3.397153873489755505e-02,0.000000000000000000e+00,0.000000000000000000e+00,0.000000000000000000e+00,0.000000000000000000e+00,0.000000000000000000e+00,0.000000000000000000e+00,0.000000000000000000e+00,0.000000000000000000e+00,0.000000000000000000e+00,0.000000000000000000e+00,0.000000000000000000e+00,0.000000000000000000e+00,0.000000000000000000e+00,0.000000000000000000e+00,0.000000000000000000e+00,0.000000000000000000e+00
1.161463433849707405e+00,-8.153083633657434159e-01,1.003752125086166291e+00,2.688082854010035577e-02,-3.042975503883503172e-02,-9.989899833421831410e-01,-1.924744781152916417e-02,-4.322891930732950527e-01,-8.643014945148339012e-02,9.992836376653300989e-02,3.155354814638645644e-01,-6.610953320522673649e-02,1.019332800851758813e-01,-4.417503766544633725e-01,-1.935605593240693478e-01,-8.914722951298575948e-02,9.763086318757989712e-01,2.270825007131556938e-01,4.369321628404064517e-02,-1.909536449905415573e-02,0.000000000000000000e+00,0.000000000000000000e+00,0.000000000000000000e+00,0.000000000000000000e+00,0.000000000000000000e+00,0.000000000000000000e+00,0.000000000000000000e+00,0.000000000000000000e+00,0.000000000000000000e+00,0.000000000000000000e+00,0.000000000000000000e+00,0.000000000000000000e+00,0.000000000000000000e+00,0.000000000000000000e+00,0.000000000000000000e+00,0.000000000000000000e+00
1.133985891531748669e+00,-8.200807035221775454e-01,1.006291060797521508e+00,2.571086331596736038e-02,-3.315374987318377153e-02,-9.990887886475193769e-01,-7.834077847739453343e-03,-3.804159679387931758e-01,-1.104659046466649336e-01,8.116426581000342477e-02,2.846343859568548629e-01,-8.286047191732172357e-02,9.974841604271830753e-02,-5.159453688158102125e-01,-2.260001503552193092e-01,-1.278542254261185729e-01,9.637597613677990616e-01,1.751385257567593945e-01,4.047870874894987647e-02,-7.299766299793525315e-02,0.000000000000000000e+00,0.000000000000000000e+00,0.000000000000000000e+00,0.000000000000000000e+00,0.000000000000000000e+00,0.000000000000000000e+00,0.000000000000000000e+00,0.000000000000000000e+00,0.000000000000000000e+00,0.000000000000000000e+00,0.000000000000000000e+00,0.000000000000000000e+00,0.000000000000000000e+00,0.000000000000000000e+00,0.000000000000000000e+00,0.000000000000000000e+00
1.106428325174899863e+00,-8.236116766602075145e-01,1.007890982188223372e+00,2.272540009454642601e-02,-3.538677046566054973e-02,-9.991143832121479607e-01,1.334887696624810233e-03,-3.259682895164234817e-01,-1.298743298242377719e-01,5.655023193241432572e-02,2.573430624158096758e-01,-9.399195428150278198e-02,9.995696389644383173e-02,-5.796377129988511401e-01,-2.480084651500468751e-01,-1.612773867090403490e-01,9.052816450894645151e-01,1.320220312968086174e-01,5.908509419350293362e-02,-1.240253522851913620e-01,0.000000000000000000e+00,0.000000000000000000e+00,0.000000000000000000e+00,0.000000000000000000e+00,0.000000000000000000e+00,0.000000000000000000e+00,0.000000000000000000e+00,0.000000000000000000e+00,0.000000000000000000e+00,0.000000000000000000e+00,0.000000000000000000e+00,0.000000000000000000e+00,0.000000000000000000e+00,0.000000000000000000e+00,0.000000000000000000e+00,0.000000000000000000e+00
1.078672092789237924e+00,-8.254036974105785074e-01,1.006963522105491116e+00,1.727947846997571202e-02,-4.032620641709991349e-02,-9.989847677982802709e-01,1.022987814332553327e-02,-2.758601687039253791e-01,-1.518225858568044151e-01,2.459342820555945885e-02,2.496193836105821129e-01,-1.113345498675385320e-01,9.038678397048091617e-02,-6.328994687851212664e-01,-2.452142405210484266e-01,-1.691839515594388832e-01,8.061218887390317889e-01,9.424559084193681602e-02,7.868506548567871794e-02,-1.705087826617365798e-01,0.000000000000000000e+00,0.000000000000000000e+00,0.000000000000000000e+00,0.000000000000000000e+00,0.000000000000000000e+00,0.000000000000000000e+00,0.000000000000000000e+00,0.000000000000000000e+00,0.000000000000000000e+00,0.000000000000000000e+00,0.000000000000000000e+00,0.000000000000000000e+00,0.000000000000000000e+00,0.000000000000000000e+00,0.000000000000000000e+00,0.000000000000000000e+00
1.050203704337214550e+00,-8.262793589805376149e-01,1.005634265171515995e+00,1.606036316828865496e-02,-4.385570679423510948e-02,-9.987940241639811090e-01,1.514064103006887776e-02,-2.326022246463291809e-01,-1.639407737802983100e-01,9.642081641818150972e-03,2.411161683372025633e-01,-1.288725276868381842e-01,8.850841847139390151e-02,-6.591119770849240833e-01,-2.462418163503592439e-01,-1.787306920521832820e-01,6.955278301898577542e-01,6.716355780643694373e-02,9.970733951343339896e-02,-1.985410892682180628e-01,0.000000000000000000e+00,0.000000000000000000e+00,0.000000000000000000e+00,0.000000000000000000e+00,0.000000000000000000e+00,0.000000000000000000e+00,0.000000000000000000e+00,0.000000000000000000e+00,0.000000000000000000e+00,0.000000000000000000e+00,0.000000000000000000e+00,0.000000000000000000e+00,0.000000000000000000e+00,0.000000000000000000e+00,0.000000000000000000e+00,0.000000000000000000e+00
1.020855932537897193e+00,-8.257621261265436496e-01,1.003046169789429287e+00,1.143548443305952844e-02,-4.944571878416509358e-02,-9.984093767479279569e-01,2.455742273758745528e-02,-1.730353000397098495e-01,-1.783884997010707907e-01,-1.151776663916052879e-02,2.184757169064385496e-01,-1.469269770625255822e-01,8.384689811305245932e-02,-6.939688080592485431e-01,-2.556146197939412890e-01,-1.909896311068517982e-01,5.803337237484944566e-01,5.906748283664876864e-02,1.200874182162199183e-01,-2.333568501222635094e-01,0.000000000000000000e+00,0.000000000000000000e+00,0.000000000000000000e+00,0.000000000000000000e+00,0.000000000000000000e+00,0.000000000000000000e+00,0.000000000000000000e+00,0.000000000000000000e+00,0.000000000000000000e+00,0.000000000000000000e+00,0.000000000000000000e+00,0.000000000000000000e+00,0.000000000000000000e+00,0.000000000000000000e+00,0.000000000000000000e+00,0.000000000000000000e+00
9.910044550540696440e-01,-8.240901729261100872e-01,1.000292075148091930e+00,8.142044802576860196e-03,-5.195077142020840949e-02,-9.983159820078463254e-01,2.449539799610406937e-02,-1.120714224019788013e-01,-1.813133966014881804e-01,-2.185130639612235803e-02,1.904334199003323569e-01,-1.644208290992489052e-01,8.186132927467362763e-02,-7.169446942717396798e-01,-2.527952448193706014e-01,-2.029429335415328384e-01,4.612214759492519467e-01,2.692544375799569775e-02,1.471069594928140489e-01,-2.531274565269884258e-01,0.000000000000000000e+00,0.000000000000000000e+00,0.000000000000000000e+00,0.000000000000000000e+00,0.000000000000000000e+00,0.000000000000000000e+00,0.000000000000000000e+00,0.000000000000000000e+00,0.000000000000000000e+00,0.000000000000000000e+00,0.000000000000000000e+00,0.000000000000000000e+00,0.000000000000000000e+00,0.000000000000000000e+00,0.000000000000000000e+00,0.000000000000000000e+00
9.605099871109046283e-01,-8.208589500100245129e-01,9.963911680298751516e-01,1.267321884874303764e-02,-5.438575696913081764e-02,-9.982277709458612369e-01,2.056444201441239017e-02,-4.945947784141518228e-02,-1.807633455371442099e-01,-2.668583406377129930e-02,1.267683797581737326e-01,-1.747412708437134088e-01,7.639938029513564099e-02,-7.392431482725749792e-01,-2.348226524783470492e-01,-2.255944369264981653e-01,3.322520579490523263e-01,-9.257033074400226880e-03,1.814838757169799088e-01,-2.572014332234403566e-01,0.000000000000000000e+00,0.000000000000000000e+00,0.000000000000000000e+00,0.000000000000000000e+00,0.000000000000000000e+00,0.000000000000000000e+00,0.000000000000000000e+00,0.000000000000000000e+00,0.000000000000000000e+00,0.000000000000000000e+00,0.000000000000000000e+00,0.000000000000000000e+00,0.000000000000000000e+00,0.000000000000000000e+00,0.000000000000000000e+00,0.000000000000000000e+00
9.287787035479022624e-01,-8.165596261497806152e-01,9.902247602384364189e-01,2.406406779819318664e-02,-5.701861458676557581e-02,-9.980482033451285595e-01,8.341584452080762560e-03,-1.081242794361520626e-03,-1.810097876368866876e-01,-2.023743541626348008e-02,6.770078010851204864e-02,-1.922914878590399612e-01,7.408994778894208155e-02,-7.563159744681487995e-01,-2.112309469063755052e-01,-2.485056870879743252e-01,2.195521314696435022e-01,-2.541506964676022023e-02,2.064728488354070080e-01,-2.530343464365437667e-01,0.000000000000000000e+00,0.000000000000000000e+00,0.000000000000000000e+00,0.000000000000000000e+00,0.000000000000000000e+00,0.000000000000000000e+00,0.000000000000000000e+00,0.000000000000000000e+00,0.000000000000000000e+00,0.000000000000000000e+00,0.000000000000000000e+00,0.000000000000000000e+00,0.000000000000000000e+00,0.000000000000000000e+00,0.000000000000000000e+00,0.000000000000000000e+00
8.957643830214400138e-01,-8.108855458805083183e-01,9.821764816638882678e-01,2.956210372613388843e-02,-6.194260049451549843e-02,-9.976405226156804806e-01,1.607452137547418433e-03,3.971583795486167967e-02,-1.858370617325570684e-01,-2.023434957981116999e-02,5.393734641823149517e-02,-2.191312321067083180e-01,7.004600904279412177e-02,-7.551911809421112398e-01,-1.986476087768087040e-01,-2.704840573591196784e-01,1.518368782439819820e-01,-2.314575825074793522e-02,2.174044526031798374e-01,-2.503532457696098779e-01,0.000000000000000000e+00,0.000000000000000000e+00,0.000000000000000000e+00,0.000000000000000000e+00,0.000000000000000000e+00,0.000000000000000000e+00,0.000000000000000000e+00,0.000000000000000000e+00,0.000000000000000000e+00,0.000000000000000000e+00,0.000000000000000000e+00,0.000000000000000000e+00,0.000000000000000000e+00,0.000000000000000000e+00,0.000000000000000000e+00,0.000000000000000000e+00
8.613794711737842169e-01,-8.045205121978949991e-01,9.735295822663263543e-01,2.627281841695714923e-02,-6.585233961602343644e-02,-9.974800304358022451e-01,-2.607155790773633096e-03,7.879074752282591576e-02,-1.891249923236820452e-01,-2.130385701623013772e-02,9.035318954980686712e-02,-2.529573488637136824e-01,6.836146210585695993e-02,-7.360757651054297135e-01,-1.997356543276488927e-01,-2.673633406101951215e-01,1.551552019878003896e-01,-8.273908562357643048e-03,2.086468354506234857e-01,-2.539846736729718391e-01,0.000000000000000000e+00,0.000000000000000000e+00,0.000000000000000000e+00,0.000000000000000000e+00,0.000000000000000000e+00,0.000000000000000000e+00,0.000000000000000000e+00,0.000000000000000000e+00,0.000000000000000000e+00,0.000000000000000000e+00,0.000000000000000000e+00,0.000000000000000000e+00,0.000000000000000000e+00,0.000000000000000000e+00,0.000000000000000000e+00,0.000000000000000000e+00
8.272446898401464299e-01,-7.966508269321334046e-01,9.653581215581842345e-01,1.810929567202063800e-02,-6.506005492486358066e-02,-9.977167665131234653e-01,-7.046148132554370599e-04,9.344712704824793825e-02,-1.774528338206654010e-01,-2.642733031813264410e-02,1.863196151415062729e-01,-2.721599677107672255e-01,5.380320915889930111e-02,-7.016611241941549393e-01,-1.979124467673263887e-01,-2.709690041821388728e-01,1.957450247636171869e-01,7.632296735732423121e-03,1.832803997811654206e-01,-2.607479220023563027e-01,0.000000000000000000e+00,0.000000000000000000e+00,0.000000000000000000e+00,0.000000000000000000e+00,0.000000000000000000e+00,0.000000000000000000e+00,0.000000000000000000e+00,0.000000000000000000e+00,0.000000000000000000e+00,0.000000000000000000e+00,0.000000000000000000e+00,0.000000000000000000e+00,0.000000000000000000e+00,0.000000000000000000e+00,0.000000000000000000e+00,0.000000000000000000e+00
7.939934631876909288e-01,-7.877350318623105307e-01,9.567111862400792255e-01,1.379443114745669725e-02,-5.694238707026968993e-02,-9.982821290513671508e-01,-2.627560230829975932e-04,8.857310038218083048e-02,-1.522804690358003921e-01,-5.075845571687399860e-02,2.949421741466576319e-01,-2.521811135985362884e-01,1.931363089783452031e-02,-6.710629038489068776e-01,-1.833177539775914522e-01,-2.871639345634857676e-01,2.415920899589965587e-01,3.139004661849075645e-02,1.536186636191364807e-01,-2.697892739414944341e-01,0.000000000000000000e+00,0.000000000000000000e+00,0.000000000000000000e+00,0.000000000000000000e+00,0.000000000000000000e+00,0.000000000000000000e+00,0.000000000000000000e+00,0.000000000000000000e+00,0.000000000000000000e+00,0.000000000000000000e+00,0.000000000000000000e+00,0.000000000000000000e+00,0.000000000000000000e+00,0.000000000000000000e+00,0.000000000000000000e+00,0.000000000000000000e+00
7.629439930523855828e-01,-7.784361091217986139e-01,9.514522246354748525e-01,1.365771150645348625e-02,-3.965762606020576536e-02,-9.991106318792033480e-01,-4.322600792900410487e-03,8.545169754356057856e-02,-1.033335129559506127e-01,-6.991361908964374705e-02,3.661253916276883125e-01,-1.620425005005031172e-01,-2.704053662126254531e-02,-6.483082302759206605e-01,-1.501231110490825471e-01,-3.157427805556626832e-01,2.816171924676496574e-01,4.918313902547989669e-02,1.101528929258938500e-01,-2.755795949903096509e-01,0.000000000000000000e+00,0.000000000000000000e+00,0.000000000000000000e+00,0.000000000000000000e+00,0.000000000000000000e+00,0.000000000000000000e+00,0.000000000000000000e+00,0.000000000000000000e+00,0.000000000000000000e+00,0.000000000000000000e+00,0.000000000000000000e+00,0.000000000000000000e+00,0.000000000000000000e+00,0.000000000000000000e+00,0.000000000000000000e+00,0.000000000000000000e+00
7.338085416153629081e-01,-7.685944069699809367e-01,9.489805025162929564e-01,1.986378977505735138e-02,-2.091471061063194734e-02,-9.995369608055577615e-01,-9.688587071164496412e-03,7.889900279704525898e-02,-3.697041966962791998e-02,-6.986812391942470724e-02,4.212266729750248073e-01,-7.067495476796012421e-03,-7.695186247300671301e-02,-6.276823585364705860e-01,-1.003822886113644453e-01,-3.528532134270127574e-01,3.086104610285249072e-01,5.209777854893057891e-02,5.532505358941759016e-02,-2.785760039732589899e-01,0.000000000000000000e+00,0.000000000000000000e+00,0.000000000000000000e+00,0.000000000000000000e+00,0.000000000000000000e+00,0.000000000000000000e+00,0.000000000000000000e+00,0.000000000000000000e+00,0.000000000000000000e+00,0.000000000000000000e+00,0.000000000000000000e+00,0.000000000000000000e+00,0.000000000000000000e+00,0.000000000000000000e+00,0.000000000000000000e+00,0.000000000000000000e+00
7.065625025596523612e-01,-7.589116878829349488e-01,9.499886017521995685e-01,2.601468031615239429e-02,-4.274426821288133428e-03,-9.995067272123794311e-01,-1.706657378025479982e-02,6.628419389741763146e-02,2.355318720600451179e-02,-7.023140524286865249e-02,4.696331799071032931e-01,1.985741315000404406e-01,-1.375380892349611084e-01,-6.111367478474265535e-01,-4.332732747209838003e-02,-3.669800735299138528e-01,3.252411079213397560e-01,3.455002206736434989e-02,4.021683005615709142e-04,-2.712881025622355113e-01,0.000000000000000000e+00,0.000000000000000000e+00,0.000000000000000000e+00,0.000000000000000000e+00,0.000000000000000000e+00,0.000000000000000000e+00,0.000000000000000000e+00,0.000000000000000000e+00,0.000000000000000000e+00,0.000000000000000000e+00,0.000000000000000000e+00,0.000000000000000000e+00,0.000000000000000000e+00,0.000000000000000000e+00,0.000000000000000000e+00,0.000000000000000000e+00
6.793354958026943669e-01,-7.496850549932645436e-01,9.539800938464479962e-01,2.782561542054833026e-02,4.785188293294029803e-03,-9.991040530986935453e-01,-3.152662654376346685e-02,3.888816925264197005e-02,5.503808097723805054e-02,-6.157866212208338436e-02,5.301044835487518370e-01,3.793971927524812937e-01,-1.920879372687010200e-01,-5.858065300889129245e-01,5.692123824541553412e-03,-3.541966092013577039e-01,3.341371917140441017e-01,8.477921386453434599e-03,-4.829258735613028292e-02,-2.468114076488283903e-01,0.000000000000000000e+00,0.000000000000000000e+00,0.000000000000000000e+00,0.000000000000000000e+00,0.000000000000000000e+00,0.000000000000000000e+00,0.000000000000000000e+00,0.000000000000000000e+00,0.000000000000000000e+00,0.000000000000000000e+00,0.000000000000000000e+00,0.000000000000000000e+00,0.000000000000000000e+00,0.000000000000000000e+00,0.000000000000000000e+00,0.000000000000000000e+00
6.509184806186223415e-01,-7.405468137415242014e-01,9.595598049518232475e-01,2.627003889725334357e-02,3.363373588644514439e-03,-9.981710439404786195e-01,-5.434279909258094010e-02,-3.073429101477821029e-02,5.860964111659341946e-02,-2.742544612845877056e-02,6.417540397945402653e-01,4.366363214111598223e-01,-2.090673093911611657e-01,-5.555022710571647648e-01,3.890593850893168254e-02,-3.148481286241836541e-01,3.463940272706957368e-01,-2.965253237591847918e-02,-8.367835320337287108e-02,-1.991654963591466265e-01,0.000000000000000000e+00,0.000000000000000000e+00,0.000000000000000000e+00,0.000000000000000000e+00,0.000000000000000000e+00,0.000000000000000000e+00,0.000000000000000000e+00,0.000000000000000000e+00,0.000000000000000000e+00,0.000000000000000000e+00,0.000000000000000000e+00,0.000000000000000000e+00,0.000000000000000000e+00,0.000000000000000000e+00,0.000000000000000000e+00,0.000000000000000000e+00
6.228091308635029799e-01,-7.322516401934563435e-01,9.655145256265357245e-01,2.574966329446119750e-02,2.387871052803424571e-04,-9.968613136394551821e-01,-7.486266886747959537e-02,-1.178410823757086862e-01,6.726629062245415014e-02,1.503266418520296001e-02,7.582687675810627637e-01,4.249095364594772661e-01,-1.900864918011040683e-01,-5.200072969059772454e-01,6.593301798831611993e-02,-2.642012585477805375e-01,3.423489957163748931e-01,-5.636114989101261713e-02,-9.693105818097993986e-02,-1.546394677667151940e-01,0.000000000000000000e+00,0.000000000000000000e+00,0.000000000000000000e+00,0.000000000000000000e+00,0.000000000000000000e+00,0.000000000000000000e+00,0.000000000000000000e+00,0.000000000000000000e+00,0.000000000000000000e+00,0.000000000000000000e+00,0.000000000000000000e+00,0.000000000000000000e+00,0.000000000000000000e+00,0.000000000000000000e+00,0.000000000000000000e+00,0.000000000000000000e+00
5.955174820526615287e-01,-7.249668836562581653e-01,9.707039466559843621e-01,2.120704755596312940e-02,-2.223107775083964233e-03,-9.949191412119307021e-01,-9.839319781313980717e-02,-2.313586946831300006e-01,8.881405171517700592e-02,7.092480668462754212e-02,8.792820659773710190e-01,3.513759377163061526e-01,-1.335078314816679490e-01,-4.764677266622081020e-01,9.137726134576941439e-02,-2.021680693081046032e-01,3.363856153218269807e-01,-7.002500448111967368e-02,-1.001710721183865921e-01,-1.087034543426492889e-01,0.000000000000000000e+00,0.000000000000000000e+00,0.000000000000000000e+00,0.000000000000000000e+00,0.000000000000000000e+00,0.000000000000000000e+00,0.000000000000000000e+00,0.000000000000000000e+00,0.000000000000000000e+00,0.000000000000000000e+00,0.000000000000000000e+00,0.000000000000000000e+00,0.000000000000000000e+00,0.000000000000000000e+00,0.000000000000000000e+00,0.000000000000000000e+00
5.690490087325280610e-01,-7.185735108445941988e-01,9.747199041586814827e-01,1.867669235827590715e-02,-2.491302173143139509e-03,-9.918362138047140952e-01,-1.261185932428912637e-01,-3.462165251950929390e-01,1.238652615069056745e-01,1.128054262470283148e-01,9.739983483380780793e-01,2.575145987218097066e-01,-8.218422672533835793e-02,-4.293275257867729122e-01,1.174369751706230980e-01,-1.440898710829632834e-01,3.155579990985260541e-01,-8.725581792297368300e-02,-9.136219839343950877e-02,-4.844184950852381544e-02,0.000000000000000000e+00,0.000000000000000000e+00,0.000000000000000000e+00,0.000000000000000000e+00,0.000000000000000000e+00,0.000000000000000000e+00,0.000000000000000000e+00,0.000000000000000000e+00,0.000000000000000000e+00,0.000000000000000000e+00,0.000000000000000000e+00,0.000000000000000000e+00,0.000000000000000000e+00,0.000000000000000000e+00,0.000000000000000000e+00,0.000000000000000000e+00
5.427502117266395087e-01,-7.127262888626509918e-01,9.771595376835170432e-01,1.484248101686279353e-02,-5.156795324838476038e-04,-9.881841753853025656e-01,-1.525498946245234244e-01,-4.456756134700100569e-01,1.550201480303075308e-01,1.459722901708086773e-01,1.003474772883466537e+00,1.753855742741510237e-01,-4.316140179894497469e-02,-3.862969534234603208e-01,1.397981969823442749e-01,-9.124247714131589193e-02,3.112498123281675633e-01,-1.021982113004203108e-01,-8.227877551066745121e-02,-3.611953901671831162e-03,0.000000000000000000e+00,0.000000000000000000e+00,0.000000000000000000e+00,0.000000000000000000e+00,0.000000000000000000e+00,0.000000000000000000e+00,0.000000000000000000e+00,0.000000000000000000e+00,0.000000000000000000e+00,0.000000000000000000e+00,0.000000000000000000e+00,0.000000000000000000e+00,0.000000000000000000e+00,0.000000000000000000e+00,0.000000000000000000e+00,0.000000000000000000e+00
5.160134114120652482e-01,-7.067485391765929714e-01,9.786766374271275160e-01,1.499738938691220699e-02,1.857104976096816268e-03,-9.840290472061464788e-01,-1.773653397009915533e-01,-5.369591589551589994e-01,1.882753859904089666e-01,1.603277932399398420e-01,9.814583230389967161e-01,1.027286217659235668e-01,-1.883913071194156380e-02,-3.485116050955228140e-01,1.580412073767387127e-01,-4.602830875026359819e-02,3.055314059364056534e-01,-1.270733678534181343e-01,-7.194349663701019026e-02,4.844522219833803656e-02,0.000000000000000000e+00,0.000000000000000000e+00,0.000000000000000000e+00,0.000000000000000000e+00,0.000000000000000000e+00,0.000000000000000000e+00,0.000000000000000000e+00,0.000000000000000000e+00,0.000000000000000000e+00,0.000000000000000000e+00,0.000000000000000000e+00,0.000000000000000000e+00,0.000000000000000000e+00,0.000000000000000000e+00,0.000000000000000000e+00,0.000000000000000000e+00
4.888431467746828241e-01,-7.008083542221531514e-01,9.791212960829530632e-01,1.388991806626745616e-02,6.321636818278130419e-03,-9.795145648431533569e-01,-2.007942338419548278e-01,-6.048688989755457435e-01,2.173496209648516642e-01,1.610689140120156460e-01,9.102998288348975731e-01,6.208305043251408084e-02,-2.282541460520211285e-03,-3.014201295594885477e-01,1.753615121735381255e-01,-4.622886208675326680e-03,2.913559585239439143e-01,-1.472401350372304629e-01,-6.528648514347101806e-02,9.486426968400005211e-02,0.000000000000000000e+00,0.000000000000000000e+00,0.000000000000000000e+00,0.000000000000000000e+00,0.000000000000000000e+00,0.000000000000000000e+00,0.000000000000000000e+00,0.000000000000000000e+00,0.000000000000000000e+00,0.000000000000000000e+00,0.000000000000000000e+00,0.000000000000000000e+00,0.000000000000000000e+00,0.000000000000000000e+00,0.000000000000000000e+00,0.000000000000000000e+00
4.608901439797532529e-01,-6.947504134886496319e-01,9.782726782473403215e-01,1.341481788139052209e-02,1.094886724482164488e-02,-9.748478114708958309e-01,-2.221979060154896934e-01,-6.536436836021254360e-01,2.484256333117481619e-01,1.635975437466005711e-01,8.093037768165303181e-01,3.956438630767422637e-02,-2.955506281390185563e-03,-2.613933676127409567e-01,1.887079612079586299e-01,3.444873989447345269e-02,2.916397704908696431e-01,-1.737256446699234069e-01,-5.875148875025522355e-02,1.319344128626578627e-01,0.000000000000000000e+00,0.000000000000000000e+00,0.000000000000000000e+00,0.000000000000000000e+00,0.000000000000000000e+00,0.000000000000000000e+00,0.000000000000000000e+00,0.000000000000000000e+00,0.000000000000000000e+00,0.000000000000000000e+00,0.000000000000000000e+00,0.000000000000000000e+00,0.000000000000000000e+00,0.000000000000000000e+00,0.000000000000000000e+00,0.000000000000000000e+00
4.318961745969353561e-01,-6.887341783753136992e-01,9.763339847080440004e-01,1.432087591489308344e-02,1.629748165929408021e-02,-9.708107760798068142e-01,-2.388634372437897779e-01,-6.933012419086751477e-01,2.642951536749401642e-01,1.563206385897209505e-01,6.849603688544260160e-01,2.530978882600963542e-02,-8.180310791001319665e-03,-2.248725939322575862e-01,2.004063671227327703e-01,7.232361279555792055e-02,2.959774704534826606e-01,-1.992872984988838525e-01,-5.179519937621369224e-02,1.585493430025076700e-01,0.000000000000000000e+00,0.000000000000000000e+00,0.000000000000000000e+00,0.000000000000000000e+00,0.000000000000000000e+00,0.000000000000000000e+00,0.000000000000000000e+00,0.000000000000000000e+00,0.000000000000000000e+00,0.000000000000000000e+00,0.000000000000000000e+00,0.000000000000000000e+00,0.000000000000000000e+00,0.000000000000000000e+00,0.000000000000000000e+00,0.000000000000000000e+00
4.018741122757494288e-01,-6.825081342427655740e-01,9.737008859519195036e-01,1.747284887918500174e-02,2.038037576187244626e-02,-9.676550931826628510e-01,-2.508444946047278523e-01,-7.188722820946632508e-01,2.597299604813563256e-01,1.344773116631976795e-01,5.472554599451336932e-01,2.251834350730571449e-02,-2.662864539983631623e-02,-1.924074020179987743e-01,2.062766422569501101e-01,1.037919354848935855e-01,2.992347651513496687e-01,-2.212242092891362755e-01,-4.425763132192351429e-02,1.748313452934257828e-01,0.000000000000000000e+00,0.000000000000000000e+00,0.000000000000000000e+00,0.000000000000000000e+00,0.000000000000000000e+00,0.000000000000000000e+00,0.000000000000000000e+00,0.000000000000000000e+00,0.000000000000000000e+00,0.000000000000000000e+00,0.000000000000000000e+00,0.000000000000000000e+00,0.000000000000000000e+00,0.000000000000000000e+00,0.000000000000000000e+00,0.000000000000000000e+00
3.712897422034787120e-01,-6.761180045474300959e-01,9.710082168711603456e-01,2.254602903147241710e-02,1.976600304136431896e-02,-9.663660037071776232e-01,-2.554167742684473330e-01,-7.358906403169992450e-01,2.368540939894316910e-01,1.033031951744029370e-01,3.796810916947727099e-01,1.775477543650988074e-02,-5.096093233105750131e-02,-1.667049153921223992e-01,1.975570119747174225e-01,1.181479696758840348e-01,3.044819311620435287e-01,-2.440434433899099365e-01,-3.355904247164986226e-02,1.769249364638370292e-01,0.000000000000000000e+00,0.000000000000000000e+00,0.000000000000000000e+00,0.000000000000000000e+00,0.000000000000000000e+00,0.000000000000000000e+00,0.000000000000000000e+00,0.000000000000000000e+00,0.000000000000000000e+00,0.000000000000000000e+00,0.000000000000000000e+00,0.000000000000000000e+00,0.000000000000000000e+00,0.000000000000000000e+00,0.000000000000000000e+00,0.000000000000000000e+00
3.403731622234497656e-01,-6.699915920267658365e-01,9.674937081133326844e-01,2.900520347137486646e-02,1.692615970609249315e-02,-9.668817304569764515e-01,-2.530057758188726802e-01,-7.392166935601299782e-01,2.064370139935938486e-01,7.233505202570411630e-02,2.217689956122182449e-01,2.192125596599218962e-02,-6.589714675806172817e-02,-1.449039862036145265e-01,1.814044269038713741e-01,1.159242050828129533e-01,3.101234496131567431e-01,-2.701228684681348247e-01,-2.761426116041619527e-02,1.656836833826854094e-01,0.000000000000000000e+00,0.000000000000000000e+00,0.000000000000000000e+00,0.000000000000000000e+00,0.000000000000000000e+00,0.000000000000000000e+00,0.000000000000000000e+00,0.000000000000000000e+00,0.000000000000000000e+00,0.000000000000000000e+00,0.000000000000000000e+00,0.000000000000000000e+00,0.000000000000000000e+00,0.000000000000000000e+00,0.000000000000000000e+00,0.000000000000000000e+00
3.078795100126628936e-01,-6.636706040927977668e-01,9.601682152298076645e-01,3.593107991456999384e-02,2.141528348322808278e-02,-9.664468887258190755e-01,-2.534378708908534006e-01,-7.276870063748736017e-01,2.011610398256180876e-01,5.897050860117785537e-02,1.319784531064437938e-01,3.949779637654120268e-02,-7.157674867334366808e-02,-1.264376800365171749e-01,1.850957204572048209e-01,1.219381396109781718e-01,3.373378447764514565e-01,-3.180170736347637805e-01,-3.081953965056028616e-02,1.635072470821066215e-01,0.000000000000000000e+00,0.000000000000000000e+00,0.000000000000000000e+00,0.000000000000000000e+00,0.000000000000000000e+00,0.000000000000000000e+00,0.000000000000000000e+00,0.000000000000000000e+00,0.000000000000000000e+00,0.000000000000000000e+00,0.000000000000000000e+00,0.000000000000000000e+00,0.000000000000000000e+00,0.000000000000000000e+00,0.000000000000000000e+00,0.000000000000000000e+00
2.750257541383831494e-01,-6.571791488139069326e-01,9.519403391098215650e-01,3.241811797758037406e-02,2.572753011463932427e-02,-9.642824803474467910e-01,-2.616227396767472624e-01,-7.105305636005287973e-01,1.990652317444745190e-01,4.817182200148000665e-02,1.390071805101104063e-01,4.711057326544361434e-02,-6.624955150768642442e-02,-9.857213840239306690e-02,1.850180498865396927e-01,1.441940929634573931e-01,3.928628824307906497e-01,-3.553935142244936674e-01,-2.883440548310272841e-02,1.724710428408713914e-01,0.000000000000000000e+00,0.000000000000000000e+00,0.000000000000000000e+00,0.000000000000000000e+00,0.000000000000000000e+00,0.000000000000000000e+00,0.000000000000000000e+00,0.000000000000000000e+00,0.000000000000000000e+00,0.000000000000000000e+00,0.000000000000000000e+00,0.000000000000000000e+00,0.000000000000000000e+00,0.000000000000000000e+00,0.000000000000000000e+00,0.000000000000000000e+00
2.424313452148793291e-01,-6.503434446770275379e-01,9.425935377370737722e-01,2.540757615656248636e-02,2.769386793070105490e-02,-9.622163873941926848e-01,-2.696796777344434570e-01,-6.871565111387222258e-01,1.953349252630653121e-01,5.562966843212890922e-02,1.996536128763401752e-01,5.204091489456785791e-02,-5.443884553129019893e-02,-7.120863596885301794e-02,1.797580566379894385e-01,1.746928511305254617e-01,4.593871166664937333e-01,-3.736787601544276360e-01,-2.009205307988898292e-02,1.852542636693912670e-01,0.000000000000000000e+00,0.000000000000000000e+00,0.000000000000000000e+00,0.000000000000000000e+00,0.000000000000000000e+00,0.000000000000000000e+00,0.000000000000000000e+00,0.000000000000000000e+00,0.000000000000000000e+00,0.000000000000000000e+00,0.000000000000000000e+00,0.000000000000000000e+00,0.000000000000000000e+00,0.000000000000000000e+00,0.000000000000000000e+00,0.000000000000000000e+00
2.117337105573810774e-01,-6.435391969628528885e-01,9.369562085460935164e-01,1.821552068095923932e-02,2.183960177033886924e-02,-9.578197248561002297e-01,-2.859590902164471649e-01,-6.676969224454096796e-01,1.772386028775412570e-01,6.411246581204335659e-02,2.615441504131611472e-01,6.622896681169782029e-02,-3.640942513030070993e-02,-4.436055704766421470e-02,1.436935761189646055e-01,1.906717784310482944e-01,4.902011108540878515e-01,-3.091640383012591031e-01,1.220079526797362805e-02,2.005035907225490299e-01,0.000000000000000000e+00,0.000000000000000000e+00,0.000000000000000000e+00,0.000000000000000000e+00,0.000000000000000000e+00,0.000000000000000000e+00,0.000000000000000000e+00,0.000000000000000000e+00,0.000000000000000000e+00,0.000000000000000000e+00,0.000000000000000000e+00,0.000000000000000000e+00,0.000000000000000000e+00,0.000000000000000000e+00,0.000000000000000000e+00,0.000000000000000000e+00
1.825701816365239150e-01,-6.363142596066555523e-01,9.301411785817930156e-01,1.602817416927028449e-02,1.227727539526210498e-02,-9.557870215362498367e-01,-2.933658732786280088e-01,-6.281511544293394422e-01,1.488345933606252114e-01,1.044323915965925387e-01,3.066069417740181491e-01,9.421094587766026818e-02,-7.002398216639013108e-03,-2.663249548729190730e-02,1.023371452805512949e-01,1.969193386850644212e-01,5.141758436490502238e-01,-2.130608227750808159e-01,5.992632288016659647e-02,1.992504357870630571e-01,0.000000000000000000e+00,0.000000000000000000e+00,0.000000000000000000e+00,0.000000000000000000e+00,0.000000000000000000e+00,0.000000000000000000e+00,0.000000000000000000e+00,0.000000000000000000e+00,0.000000000000000000e+00,0.000000000000000000e+00,0.000000000000000000e+00,0.000000000000000000e+00,0.000000000000000000e+00,0.000000000000000000e+00,0.000000000000000000e+00,0.000000000000000000e+00
1.562448188330316234e-01,-6.292688737493844497e-01,9.255212613930473564e-01,1.254953683271839773e-02,-9.733438999715623291e-03,-9.551684573717481586e-01,-2.956365798283380752e-01,-5.865067699599493256e-01,9.163984654878278013e-02,1.306077925190450850e-01,3.247495870622661429e-01,1.069876027386510858e-01,2.067820136095563366e-02,-1.486062425893752183e-02,1.815359565174903128e-02,1.779089184071853402e-01,4.981372664434302044e-01,9.036089931310317680e-03,1.222198597524790237e-01,1.877496002556037769e-01,0.000000000000000000e+00,0.000000000000000000e+00,0.000000000000000000e+00,0.000000000000000000e+00,0.000000000000000000e+00,0.000000000000000000e+00,0.000000000000000000e+00,0.000000000000000000e+00,0.000000000000000000e+00,0.000000000000000000e+00,0.000000000000000000e+00,0.000000000000000000e+00,0.000000000000000000e+00,0.000000000000000000e+00,0.000000000000000000e+00,0.000000000000000000e+00
1.315174793938020392e-01,-6.226430381972665185e-01,9.223895962103296764e-01,4.818152888763947012e-03,-2.872558837038141286e-02,-9.504785249481511045e-01,-3.094223643951778957e-01,-5.891253770217818042e-01,4.620834601837056632e-02,1.449176843392324943e-01,4.000403998059394173e-01,4.996545726903860174e-02,6.929910246288349673e-02,-2.930000371376026598e-03,-5.563280917873126424e-02,1.868421853130197430e-01,5.479815300177891535e-01,1.813813626542910562e-01,1.641373454364306594e-01,1.903914841512112099e-01,0.000000000000000000e+00,0.000000000000000000e+00,0.000000000000000000e+00,0.000000000000000000e+00,0.000000000000000000e+00,0.000000000000000000e+00,0.000000000000000000e+00,0.000000000000000000e+00,0.000000000000000000e+00,0.000000000000000000e+00,0.000000000000000000e+00,0.000000000000000000e+00,0.000000000000000000e+00,0.000000000000000000e+00,0.000000000000000000e+00,0.000000000000000000e+00
1.061149624382599632e-01,-6.148835930204973321e-01,9.255813527899818816e-01,4.348485522173498041e-04,-3.875406673374363897e-02,-9.500056538490931901e-01,-3.098179963673667325e-01,-5.590231105041525428e-01,7.283903871616981274e-03,1.460051947353905866e-01,4.102918925931357541e-01,1.905817886167675973e-02,8.067670267836352105e-02,-3.300438715818028446e-02,-9.201516599398316953e-02,1.766624579743615309e-01,6.138089938865739503e-01,3.250246575461261944e-01,1.864216851347450243e-01,1.669832794554565181e-01,0.000000000000000000e+00,0.000000000000000000e+00,0.000000000000000000e+00,0.000000000000000000e+00,0.000000000000000000e+00,0.000000000000000000e+00,0.000000000000000000e+00,0.000000000000000000e+00,0.000000000000000000e+00,0.000000000000000000e+00,0.000000000000000000e+00,0.000000000000000000e+00,0.000000000000000000e+00,0.000000000000000000e+00,0.000000000000000000e+00,0.000000000000000000e+00
7.943257126310658556e-02,-6.067810438384033667e-01,9.316475283832944543e-01,-2.323388496398692132e-03,-4.071278395890835095e-02,-9.516147002222459239e-01,-3.045759895479857038e-01,-5.123714268688809303e-01,-1.837207991287388709e-02,1.423051753773254546e-01,3.932725458258187756e-01,-9.869476729642358975e-03,8.514831725079059777e-02,-1.000387858386428269e-01,-1.332411802770640807e-01,1.199822245059855852e-01,7.193385216921246439e-01,3.867442725885304466e-01,1.583737260320797757e-01,1.169124542254258575e-01,0.000000000000000000e+00,0.000000000000000000e+00,0.000000000000000000e+00,0.000000000000000000e+00,0.000000000000000000e+00,0.000000000000000000e+00,0.000000000000000000e+00,0.000000000000000000e+00,0.000000000000000000e+00,0.000000000000000000e+00,0.000000000000000000e+00,0.000000000000000000e+00,0.000000000000000000e+00,0.000000000000000000e+00,0.000000000000000000e+00,0.000000000000000000e+00
5.178006034638750477e-02,-5.986100252266467470e-01,9.381918197486007749e-01,-5.418692299835867199e-03,-4.034799238531043553e-02,-9.540026220125387146e-01,-2.970213367376752789e-01,-4.549031978323694325e-01,-4.164808341504152439e-02,1.326408024157566534e-01,3.616049972944949120e-01,-4.040913203380854662e-02,8.119437122180564459e-02,-2.003199247508403447e-01,-1.838068302591454040e-01,4.531964383878085006e-02,8.501026474067461258e-01,3.372030748359434726e-01,8.682068896508822464e-02,5.788983798045953255e-02,0.000000000000000000e+00,0.000000000000000000e+00,0.000000000000000000e+00,0.000000000000000000e+00,0.000000000000000000e+00,0.000000000000000000e+00,0.000000000000000000e+00,0.000000000000000000e+00,0.000000000000000000e+00,0.000000000000000000e+00,0.000000000000000000e+00,0.000000000000000000e+00,0.000000000000000000e+00,0.000000000000000000e+00,0.000000000000000000e+00,0.000000000000000000e+00
2.387702028794738002e-02,-5.900324274471256958e-01,9.433838012856025079e-01,-6.425579820228496941e-03,-4.165033657494288111e-02,-9.555647503222288730e-01,-2.917532678973516758e-01,-4.001098403458620556e-01,-6.612766394487659682e-02,1.185308202547911000e-01,3.241126354943698051e-01,-5.777366934070440191e-02,8.483259160271812427e-02,-2.980294262352323753e-01,-2.113626174210038178e-01,-1.411050556992560212e-03,9.362562819248106960e-01,2.493247278997136607e-01,4.757755416118109038e-02,-2.570446981077837995e-03,0.000000000000000000e+00,0.000000000000000000e+00,0.000000000000000000e+00,0.000000000000000000e+00,0.000000000000000000e+00,0.000000000000000000e+00,0.000000000000000000e+00,0.000000000000000000e+00,0.000000000000000000e+00,0.000000000000000000e+00,0.000000000000000000e+00,0.000000000000000000e+00,0.000000000000000000e+00,0.000000000000000000e+00,0.000000000000000000e+00,0.000000000000000000e+00
-3.842466824641647613e-03,-5.811331804740891283e-01,9.474975764708896131e-01,-6.425716862704607124e-03,-4.105361240720526578e-02,-9.575059868668540641e-01,-2.854042679870965604e-01,-3.520093027979315781e-01,-8.469607214227999059e-02,9.849513667606114853e-02,2.964640757120465264e-01,-6.689255873841931654e-02,9.195219709099290706e-02,-3.834330109232950701e-01,-2.270644472213159681e-01,-3.711127554259125577e-02,9.651006906648551542e-01,1.778748174903252433e-01,3.199292531634593401e-02,-5.931466735936297835e-02,0.000000000000000000e+00,0.000000000000000000e+00,0.000000000000000000e+00,0.000000000000000000e+00,0.000000000000000000e+00,0.000000000000000000e+00,0.000000000000000000e+00,0.000000000000000000e+00,0.000000000000000000e+00,0.000000000000000000e+00,0.000000000000000000e+00,0.000000000000000000e+00,0.000000000000000000e+00,0.000000000000000000e+00,0.000000000000000000e+00,0.000000000000000000e+00
-3.120187778749462792e-02,-5.717710681591524624e-01,9.510986163391814685e-01,-2.348595113087190850e-03,-3.968490416261160475e-02,-9.604451913694475040e-01,-2.756168116387380240e-01,-3.119517679641027330e-01,-9.497037876632068165e-02,8.186321956237266328e-02,2.695108513018149576e-01,-7.383542861552243319e-02,8.197087615597879739e-02,-4.643383243415186712e-01,-2.561657349802965999e-01,-9.411454699787352718e-02,9.395351729810507146e-01,1.225569204736872697e-01,3.320672180700984938e-02,-1.056847758851820474e-01,0.000000000000000000e+00,0.000000000000000000e+00,0.000000000000000000e+00,0.000000000000000000e+00,0.000000000000000000e+00,0.000000000000000000e+00,0.000000000000000000e+00,0.000000000000000000e+00,0.000000000000000000e+00,0.000000000000000000e+00,0.000000000000000000e+00,0.000000000000000000e+00,0.000000000000000000e+00,0.000000000000000000e+00,0.000000000000000000e+00,0.000000000000000000e+00
-5.772575391276266177e-02,-5.617116418752534646e-01,9.523056033769028428e-01,-1.548571758104161367e-04,-4.091672564075378438e-02,-9.624020546221156991e-01,-2.685294822570208906e-01,-2.760864306440593552e-01,-1.092998256268433166e-01,6.133290069180113990e-02,2.566737693816155685e-01,-8.967748344562090357e-02,6.901186060261330080e-02,-5.351866406120258102e-01,-2.705517457246277568e-01,-1.421832027446685576e-01,8.604654749228123345e-01,7.249361358706514491e-02,5.288068701638369562e-02,-1.466163480134680119e-01,0.000000000000000000e+00,0.000000000000000000e+00,0.000000000000000000e+00,0.000000000000000000e+00,0.000000000000000000e+00,0.000000000000000000e+00,0.000000000000000000e+00,0.000000000000000000e+00,0.000000000000000000e+00,0.000000000000000000e+00,0.000000000000000000e+00,0.000000000000000000e+00,0.000000000000000000e+00,0.000000000000000000e+00,0.000000000000000000e+00,0.000000000000000000e+00
-8.295872648357989487e-02,-5.511895018912013056e-01,9.518068920760710538e-01,-1.914667386659761605e-03,-4.366712837910494832e-02,-9.651358456739406178e-01,-2.580742438585600929e-01,-2.264024160232080696e-01,-1.265943349762325421e-01,4.402718738810128957e-02,2.278200846338472862e-01,-1.022864379468824553e-01,6.672883004926752348e-02,-5.919168941511647741e-01,-2.794543096067603760e-01,-1.580078894550309698e-01,7.808704340962457913e-01,4.459568102586670968e-02,7.323031187033914036e-02,-1.935355058788219562e-01,0.000000000000000000e+00,0.000000000000000000e+00,0.000000000000000000e+00,0.000000000000000000e+00,0.000000000000000000e+00,0.000000000000000000e+00,0.000000000000000000e+00,0.000000000000000000e+00,0.000000000000000000e+00,0.000000000000000000e+00,0.000000000000000000e+00,0.000000000000000000e+00,0.000000000000000000e+00,0.000000000000000000e+00,0.000000000000000000e+00,0.000000000000000000e+00
-1.071866997901252533e-01,-5.396956682547570106e-01,9.497770579268638436e-01,-2.390067137715640166e-03,-4.859965558881336467e-02,-9.654981893601641829e-01,-2.558233910297674218e-01,-1.831273333616837418e-01,-1.411659837264566952e-01,4.368225143565311608e-02,2.071191011380013325e-01,-1.209347159558324114e-01,6.586366727676477850e-02,-6.371416918760789416e-01,-2.870228160538514928e-01,-1.758452089339946622e-01,6.860573661185309646e-01,1.475791819591008164e-02,8.976055168612281920e-02,-2.259309436799821769e-01,0.000000000000000000e+00,0.000000000000000000e+00,0.000000000000000000e+00,0.000000000000000000e+00,0.000000000000000000e+00,0.000000000000000000e+00,0.000000000000000000e+00,0.000000000000000000e+00,0.000000000000000000e+00,0.000000000000000000e+00,0.000000000000000000e+00,0.000000000000000000e+00,0.000000000000000000e+00,0.000000000000000000e+00,0.000000000000000000e+00,0.000000000000000000e+00
-1.303715371628333952e-01,-5.270770533710480432e-01,9.467361065932510256e-01,-4.176297138053531102e-03,-5.359077203107744103e-02,-9.650976504594488414e-01,-2.563144802249351373e-01,-1.365131641124089357e-01,-1.539659535358661735e-01,4.578801046665033347e-02,1.860675944470444043e-01,-1.388947787065822059e-01,6.294927361840527147e-02,-6.758969021046500325e-01,-2.829503728507887783e-01,-1.931065820255026821e-01,5.621439245110375627e-01,-4.507495375102490986e-03,1.199691319350283530e-01,-2.463001793333572109e-01,0.000000000000000000e+00,0.000000000000000000e+00,0.000000000000000000e+00,0.000000000000000000e+00,0.000000000000000000e+00,0.000000000000000000e+00,0.000000000000000000e+00,0.000000000000000000e+00,0.000000000000000000e+00,0.000000000000000000e+00,0.000000000000000000e+00,0.000000000000000000e+00,0.000000000000000000e+00,0.000000000000000000e+00,0.000000000000000000e+00,0.000000000000000000e+00
-1.525045007213929049e-01,-5.134491029279207863e-01,9.441205928103181266e-01,-4.075096732400447855e-03,-5.493473565276443121e-02,-9.639890257743319868e-01,-2.601744157138362601e-01,-9.383604384042862345e-02,-1.559847839917965495e-01,4.649005711295581961e-02,1.681061324794548839e-01,-1.532748427296946880e-01,5.614032255720451808e-02,-7.071515366865165353e-01,-2.639370172781833612e-01,-2.056461982789384857e-01,4.389399247746920696e-01,-2.507931614423791061e-02,1.463070226752898328e-01,-2.581040866452343763e-01,0.000000000000000000e+00,0.000000000000000000e+00,0.000000000000000000e+00,0.000000000000000000e+00,0.000000000000000000e+00,0.000000000000000000e+00,0.000000000000000000e+00,0.000000000000000000e+00,0.000000000000000000e+00,0.000000000000000000e+00,0.000000000000000000e+00,0.000000000000000000e+00,0.000000000000000000e+00,0.000000000000000000e+00,0.000000000000000000e+00,0.000000000000000000e+00
-1.740142251244948812e-01,-4.986778134508341731e-01,9.409369713835076254e-01,-1.486270059831972315e-03,-5.542514834228546433e-02,-9.618728073420969027e-01,-2.678181219192929952e-01,-5.497209942106243835e-02,-1.528926040362975358e-01,5.612987636430694094e-02,1.499920554434134856e-01,-1.695451887193696328e-01,5.034929349015585670e-02,-7.327762632229998241e-01,-2.525748978314203974e-01,-2.328896369782206821e-01,3.263410219126189338e-01,-3.299413851199640979e-02,1.706507513922287944e-01,-2.576674786623229241e-01,0.000000000000000000e+00,0.000000000000000000e+00,0.000000000000000000e+00,0.000000000000000000e+00,0.000000000000000000e+00,0.000000000000000000e+00,0.000000000000000000e+00,0.000000000000000000e+00,0.000000000000000000e+00,0.000000000000000000e+00,0.000000000000000000e+00,0.000000000000000000e+00,0.000000000000000000e+00,0.000000000000000000e+00,0.000000000000000000e+00,0.000000000000000000e+00
-1.957209166642814580e-01,-4.821712132572362197e-01,9.358320460934925755e-01,4.780248084621905799e-03,-5.920424785929138956e-02,-9.585296905132340006e-01,-2.787343514320898552e-01,-1.959870815334981836e-02,-1.550352436596294514e-01,6.944567014439365082e-02,1.243472225861472213e-01,-1.908361920466373762e-01,4.543619316112959550e-02,-7.455497219822652122e-01,-2.411009826161119307e-01,-2.628250482267552868e-01,2.139587720236205137e-01,-2.859026658346638938e-02,1.993420457766135745e-01,-2.563710089792258229e-01,0.000000000000000000e+00,0.000000000000000000e+00,0.000000000000000000e+00,0.000000000000000000e+00,0.000000000000000000e+00,0.000000000000000000e+00,0.000000000000000000e+00,0.000000000000000000e+00,0.000000000000000000e+00,0.000000000000000000e+00,0.000000000000000000e+00,0.000000000000000000e+00,0.000000000000000000e+00,0.000000000000000000e+00,0.000000000000000000e+00,0.000000000000000000e+00
-2.181797311839580589e-01,-4.634584709101382538e-01,9.291400135436581609e-01,8.518996471538923393e-03,-6.363121173900569694e-02,-9.565591158823611995e-01,-2.843820553658377159e-01,1.384968498426967717e-02,-1.577467094493027189e-01,7.905599279420813530e-02,1.150410035620092752e-01,-2.118174026761633910e-01,3.927019903052003658e-02,-7.479460660969454722e-01,-2.366243897153634812e-01,-2.898905088007649455e-01,1.366916239944438727e-01,-1.212436382382283719e-02,2.189403345568479431e-01,-2.603852117390358933e-01,0.000000000000000000e+00,0.000000000000000000e+00,0.000000000000000000e+00,0.000000000000000000e+00,0.000000000000000000e+00,0.000000000000000000e+00,0.000000000000000000e+00,0.000000000000000000e+00,0.000000000000000000e+00,0.000000000000000000e+00,0.000000000000000000e+00,0.000000000000000000e+00,0.000000000000000000e+00,0.000000000000000000e+00,0.000000000000000000e+00,0.000000000000000000e+00
-2.411619867641898451e-01,-4.421860496681110364e-01,9.210831991140057129e-01,7.109388282850742299e-03,-6.833675151106786971e-02,-9.558294751152878188e-01,-2.857788646698535828e-01,4.369528233998121181e-02,-1.617627928541102433e-01,7.619617459442480645e-02,1.382153141934527596e-01,-2.316084239395867495e-01,3.283114826822890187e-02,-7.337680048003398792e-01,-2.427296044103122719e-01,-3.055257185777126017e-01,1.176287114250401666e-01,1.163589992801286610e-02,2.156728950985867810e-01,-2.675263004910435338e-01,0.000000000000000000e+00,0.000000000000000000e+00,0.000000000000000000e+00,0.000000000000000000e+00,0.000000000000000000e+00,0.000000000000000000e+00,0.000000000000000000e+00,0.000000000000000000e+00,0.000000000000000000e+00,0.000000000000000000e+00,0.000000000000000000e+00,0.000000000000000000e+00,0.000000000000000000e+00,0.000000000000000000e+00,0.000000000000000000e+00,0.000000000000000000e+00
-2.638151056911967607e-01,-4.192862408210669134e-01,9.139105530242437325e-01,2.115227792469096327e-03,-6.570907636497672066e-02,-9.562008641590308278e-01,-2.852328004914047033e-01,6.217686740991211491e-02,-1.497310836589062777e-01,6.218166225818876069e-02,2.077003914885876545e-01,-2.363641597489262447e-01,2.219564889598398677e-02,-7.091143291013195515e-01,-2.476919561095632105e-01,-3.084471638579373565e-01,1.561310357522085468e-01,3.099701726011715869e-02,1.927479444066855507e-01,-2.737364996905126691e-01,0.000000000000000000e+00,0.000000000000000000e+00,0.000000000000000000e+00,0.000000000000000000e+00,0.000000000000000000e+00,0.000000000000000000e+00,0.000000000000000000e+00,0.000000000000000000e+00,0.000000000000000000e+00,0.000000000000000000e+00,0.000000000000000000e+00,0.000000000000000000e+00,0.000000000000000000e+00,0.000000000000000000e+00,0.000000000000000000e+00,0.000000000000000000e+00
-2.856980671045075137e-01,-3.951877282548859061e-01,9.060398807854872505e-01,1.171110074120365607e-03,-5.841430016073179132e-02,-9.549612426645944785e-01,-2.909216785432443553e-01,7.522125774193851033e-02,-1.279690697709958414e-01,4.787353189466842657e-02,2.738415972826489519e-01,-2.085537232855845802e-01,-1.496100340910889136e-03,-6.840752389156030677e-01,-2.384054951442693138e-01,-3.231097661533931520e-01,2.003563649349705267e-01,5.215244035198306205e-02,1.645059972902358503e-01,-2.783347115756916179e-01,0.000000000000000000e+00,0.000000000000000000e+00,0.000000000000000000e+00,0.000000000000000000e+00,0.000000000000000000e+00,0.000000000000000000e+00,0.000000000000000000e+00,0.000000000000000000e+00,0.000000000000000000e+00,0.000000000000000000e+00,0.000000000000000000e+00,0.000000000000000000e+00,0.000000000000000000e+00,0.000000000000000000e+00,0.000000000000000000e+00,0.000000000000000000e+00
-3.052828622905480183e-01,-3.703972589802712045e-01,9.012947835441852407e-01,6.060221653280505397e-03,-4.663729235029498432e-02,-9.550106487429731450e-01,-2.928188816713679921e-01,8.135356715177970155e-02,-8.963710290777622547e-02,1.395663590166899143e-02,3.294642466217583832e-01,-1.150235361993456468e-01,-4.623486449932372871e-02,-6.592890650631330063e-01,-2.063225626734123130e-01,-3.494121921412952636e-01,2.359448794261389259e-01,7.075727016864083452e-02,1.252618408773466252e-01,-2.772687185466404802e-01,0.000000000000000000e+00,0.000000000000000000e+00,0.000000000000000000e+00,0.000000000000000000e+00,0.000000000000000000e+00,0.000000000000000000e+00,0.000000000000000000e+00,0.000000000000000000e+00,0.000000000000000000e+00,0.000000000000000000e+00,0.000000000000000000e+00,0.000000000000000000e+00,0.000000000000000000e+00,0.000000000000000000e+00,0.000000000000000000e+00,0.000000000000000000e+00
-3.227181939570016311e-01,-3.457810789835016885e-01,8.977938090415203964e-01,1.202190110146844973e-02,-3.442829991705532999e-02,-9.552040064322646629e-01,-2.936928193784728580e-01,8.653193825118730975e-02,-3.323032216884441031e-02,6.168110399189241644e-04,3.799681586945519718e-01,4.186207097793339521e-02,-9.282966417832279327e-02,-6.359802374917410406e-01,-1.663826165896071241e-01,-3.761930932489662704e-01,2.671813738299924079e-01,8.780463197510907092e-02,7.753507884199248301e-02,-2.828705148977833650e-01,0.000000000000000000e+00,0.000000000000000000e+00,0.000000000000000000e+00,0.000000000000000000e+00,0.000000000000000000e+00,0.000000000000000000e+00,0.000000000000000000e+00,0.000000000000000000e+00,0.000000000000000000e+00,0.000000000000000000e+00,0.000000000000000000e+00,0.000000000000000000e+00,0.000000000000000000e+00,0.000000000000000000e+00,0.000000000000000000e+00,0.000000000000000000e+00
-3.387886541688935327e-01,-3.216807267564341655e-01,8.995929512231469749e-01,2.216464199977855390e-02,-2.453782055988228475e-02,-9.544086466136536551e-01,-2.966660736860302072e-01,8.268277951807399828e-02,1.658561597796753828e-02,-1.107604029947424282e-02,4.128804256643722193e-01,2.490073702401996714e-01,-1.557483033257575922e-01,-6.160097855140372891e-01,-1.167429344166445310e-01,-3.928709475672043094e-01,2.815373376013246554e-01,9.408187742365116402e-02,3.100895485690886855e-02,-2.808232544051330604e-01,0.000000000000000000e+00,0.000000000000000000e+00,0.000000000000000000e+00,0.000000000000000000e+00,0.000000000000000000e+00,0.000000000000000000e+00,0.000000000000000000e+00,0.000000000000000000e+00,0.000000000000000000e+00,0.000000000000000000e+00,0.000000000000000000e+00,0.000000000000000000e+00,0.000000000000000000e+00,0.000000000000000000e+00,0.000000000000000000e+00,0.000000000000000000e+00
-3.544431512643355653e-01,-2.979393587228710838e-01,9.039298474034229702e-01,2.793531685826810412e-02,-1.919156092535819272e-02,-9.509427617434044189e-01,-3.075047413440991639e-01,6.773972426779008293e-02,4.902675634564208212e-02,-1.196081578031969739e-02,4.506553341423190640e-01,4.372758926127484069e-01,-2.172175414158412921e-01,-5.961001497042548447e-01,-7.170543544070927255e-02,-3.848018035013812677e-01,2.911895362549792310e-01,7.511211851648053051e-02,-7.998032634643300123e-03,-2.663188261605553553e-01,0.000000000000000000e+00,0.000000000000000000e+00,0.000000000000000000e+00,0.000000000000000000e+00,0.000000000000000000e+00,0.000000000000000000e+00,0.000000000000000000e+00,0.000000000000000000e+00,0.000000000000000000e+00,0.000000000000000000e+00,0.000000000000000000e+00,0.000000000000000000e+00,0.000000000000000000e+00,0.000000000000000000e+00,0.000000000000000000e+00,0.000000000000000000e+00
-3.711900497395946852e-01,-2.735849795078331148e-01,9.092629541206713739e-01,2.677955809891002792e-02,-1.734710283517066839e-02,-9.438305719622743784e-01,-3.288856711999164073e-01,1.908629137718334187e-02,7.682630993207506531e-02,2.480699570349448671e-02,5.594820029157659969e-01,4.950299016431307098e-01,-2.249233577940874251e-01,-5.655671432445004143e-01,-2.883240500202320644e-02,-3.462964765288676916e-01,2.974672909502511509e-01,4.940074492134499673e-02,-3.646739845543092717e-02,-2.279743871553829571e-01,0.000000000000000000e+00,0.000000000000000000e+00,0.000000000000000000e+00,0.000000000000000000e+00,0.000000000000000000e+00,0.000000000000000000e+00,0.000000000000000000e+00,0.000000000000000000e+00,0.000000000000000000e+00,0.000000000000000000e+00,0.000000000000000000e+00,0.000000000000000000e+00,0.000000000000000000e+00,0.000000000000000000e+00,0.000000000000000000e+00,0.000000000000000000e+00
-3.870933053347300756e-01,-2.495994521695681923e-01,9.171448218079590875e-01,2.119356192690734567e-02,-2.412992955204710036e-02,-9.359965512093191276e-01,-3.505410611567842394e-01,-4.204750062444496256e-02,9.335316128801758595e-02,8.987348502394960914e-02,6.433595147759024746e-01,4.943568007579554058e-01,-1.945394957528356061e-01,-5.268233362760743610e-01,-7.346833427220235413e-03,-2.950116597870992008e-01,2.929108933076186028e-01,1.436312983230357207e-02,-5.724740985753330735e-02,-1.821644109127632249e-01,0.000000000000000000e+00,0.000000000000000000e+00,0.000000000000000000e+00,0.000000000000000000e+00,0.000000000000000000e+00,0.000000000000000000e+00,0.000000000000000000e+00,0.000000000000000000e+00,0.000000000000000000e+00,0.000000000000000000e+00,0.000000000000000000e+00,0.000000000000000000e+00,0.000000000000000000e+00,0.000000000000000000e+00,0.000000000000000000e+00,0.000000000000000000e+00
-4.025295409166842475e-01,-2.270437093340467172e-01,9.230502081302052186e-01,1.132301716116649627e-02,-2.528671128065015927e-02,-9.255541007609480175e-01,-3.776002887705066091e-01,-1.205195128194170989e-01,1.095223117009028191e-01,1.440672323639377861e-01,7.447732245318248179e-01,4.365534466632914334e-01,-1.322502878282836303e-01,-4.729089058905064924e-01,2.034414293691783060e-02,-2.374470236972067716e-01,2.791133862536894772e-01,-1.000607734070968133e-02,-5.749153254481771669e-02,-1.321309693069327718e-01,0.000000000000000000e+00,0.000000000000000000e+00,0.000000000000000000e+00,0.000000000000000000e+00,0.000000000000000000e+00,0.000000000000000000e+00,0.000000000000000000e+00,0.000000000000000000e+00,0.000000000000000000e+00,0.000000000000000000e+00,0.000000000000000000e+00,0.000000000000000000e+00,0.000000000000000000e+00,0.000000000000000000e+00,0.000000000000000000e+00,0.000000000000000000e+00
-4.175269388873505405e-01,-2.055078679634333161e-01,9.266914405134709654e-01,5.298666103112088799e-03,-2.372441944665572983e-02,-9.134167672645776559e-01,-4.062990097691295821e-01,-2.323817823300230456e-01,1.281065069003170243e-01,1.799400942374676515e-01,8.622658402585329229e-01,3.296132323631009164e-01,-7.593426837914202254e-02,-4.306654417466604934e-01,5.283688617665064508e-02,-1.717450231305596708e-01,2.761083498072436360e-01,-3.471365760832131886e-02,-5.610146891822229837e-02,-7.573269309358721113e-02,0.000000000000000000e+00,0.000000000000000000e+00,0.000000000000000000e+00,0.000000000000000000e+00,0.000000000000000000e+00,0.000000000000000000e+00,0.000000000000000000e+00,0.000000000000000000e+00,0.000000000000000000e+00,0.000000000000000000e+00,0.000000000000000000e+00,0.000000000000000000e+00,0.000000000000000000e+00,0.000000000000000000e+00,0.000000000000000000e+00,0.000000000000000000e+00
-4.313909605740870457e-01,-1.851015689451292745e-01,9.287365021491156281e-01,-1.479777113239995334e-03,-1.941311822359877495e-02,-9.002118263673017928e-01,-4.350167913644005235e-01,-3.369901066317552152e-01,1.511743815974504468e-01,2.054373816720673207e-01,9.280386960638411509e-01,2.334718361794114183e-01,-3.805179044325706500e-02,-3.882944826252262005e-01,8.257404371509038943e-02,-1.179719383543567091e-01,2.830691293592897950e-01,-6.833665631142477048e-02,-5.773283172066771135e-02,-2.124582512524911954e-02,0.000000000000000000e+00,0.000000000000000000e+00,0.000000000000000000e+00,0.000000000000000000e+00,0.000000000000000000e+00,0.000000000000000000e+00,0.000000000000000000e+00,0.000000000000000000e+00,0.000000000000000000e+00,0.000000000000000000e+00,0.000000000000000000e+00,0.000000000000000000e+00,0.000000000000000000e+00,0.000000000000000000e+00,0.000000000000000000e+00,0.000000000000000000e+00
-4.449130686047244598e-01,-1.647687458165718044e-01,9.301339426276438171e-01,-5.165387092593426432e-03,-1.556611123933259941e-02,-8.845307129554549341e-01,-4.661935572223011581e-01,-4.286159623873456170e-01,1.722678959284900391e-01,2.109061506986636414e-01,9.440521709557960772e-01,1.567831015155167207e-01,-1.148501091172123706e-02,-3.473305459159833908e-01,1.115620704757162712e-01,-6.251272204192726001e-02,2.812963344677787969e-01,-9.217590593965285795e-02,-5.548566252048139913e-02,3.553240694461430593e-02,0.000000000000000000e+00,0.000000000000000000e+00,0.000000000000000000e+00,0.000000000000000000e+00,0.000000000000000000e+00,0.000000000000000000e+00,0.000000000000000000e+00,0.000000000000000000e+00,0.000000000000000000e+00,0.000000000000000000e+00,0.000000000000000000e+00,0.000000000000000000e+00,0.000000000000000000e+00,0.000000000000000000e+00,0.000000000000000000e+00,0.000000000000000000e+00
-4.580674161224448926e-01,-1.441633623053282798e-01,9.308368596666415362e-01,-6.643738837491138666e-03,-1.154337351719675331e-02,-8.717166629373970244e-01,-4.898292261792780433e-01,-4.980120102027085216e-01,1.882141405899764308e-01,2.140022815308852133e-01,8.908239337455257090e-01,1.011192807488088125e-01,1.569391939620273790e-03,-3.075630847976615345e-01,1.341893821696568401e-01,-1.843831726682659822e-02,2.764828312273004407e-01,-1.077194757224496785e-01,-4.624519219245940699e-02,8.410257267180255847e-02,0.000000000000000000e+00,0.000000000000000000e+00,0.000000000000000000e+00,0.000000000000000000e+00,0.000000000000000000e+00,0.000000000000000000e+00,0.000000000000000000e+00,0.000000000000000000e+00,0.000000000000000000e+00,0.000000000000000000e+00,0.000000000000000000e+00,0.000000000000000000e+00,0.000000000000000000e+00,0.000000000000000000e+00,0.000000000000000000e+00,0.000000000000000000e+00
-4.708579885143668320e-01,-1.232175672697879559e-01,9.308509798748602071e-01,-7.596258278258792573e-03,-7.432054616606549244e-03,-8.576324694464666498e-01,-5.141532930707541915e-01,-5.531033059707390898e-01,2.036472548863837717e-01,2.049839699344293553e-01,8.086838374235124638e-01,7.750351820868396635e-02,5.193120186312811387e-03,-2.678785068548013570e-01,1.557374419434396640e-01,3.192076563796306804e-02,2.721844039853157371e-01,-1.212802727706432382e-01,-3.600820398283723772e-02,1.289710048316523583e-01,0.000000000000000000e+00,0.000000000000000000e+00,0.000000000000000000e+00,0.000000000000000000e+00,0.000000000000000000e+00,0.000000000000000000e+00,0.000000000000000000e+00,0.000000000000000000e+00,0.000000000000000000e+00,0.000000000000000000e+00,0.000000000000000000e+00,0.000000000000000000e+00,0.000000000000000000e+00,0.000000000000000000e+00,0.000000000000000000e+00,0.000000000000000000e+00
-4.835180175766233823e-01,-1.017178716778827652e-01,9.298573512134989949e-01,-7.262111616202587133e-03,-3.095841925334168881e-03,-8.430834782975191732e-01,-5.377247679988375051e-01,-5.979667343379795330e-01,2.210218488483835786e-01,1.903847840059727514e-01,7.077312835354191423e-01,7.661227831863731685e-02,-7.235320941485212654e-04,-2.309657597843359222e-01,1.754095647573722661e-01,7.992750404876024228e-02,2.725168063499974758e-01,-1.400489608769917016e-01,-3.096015889249989494e-02,1.689503973413326865e-01,0.000000000000000000e+00,0.000000000000000000e+00,0.000000000000000000e+00,0.000000000000000000e+00,0.000000000000000000e+00,0.000000000000000000e+00,0.000000000000000000e+00,0.000000000000000000e+00,0.000000000000000000e+00,0.000000000000000000e+00,0.000000000000000000e+00,0.000000000000000000e+00,0.000000000000000000e+00,0.000000000000000000e+00,0.000000000000000000e+00,0.000000000000000000e+00
-4.965467267548941965e-01,-7.966375291206496956e-02,9.277341523388215050e-01,-5.967340359777740383e-03,1.967333756225721729e-03,-8.280063891840996337e-01,-5.606834578594516172e-01,-6.256666682682754388e-01,2.302643266065161898e-01,1.645945801756130700e-01,5.869296102969320250e-01,8.881966598266663460e-02,-2.052554868711420691e-02,-1.976297626438520416e-01,1.945996974534701662e-01,1.285196456413820187e-01,2.819300349725668009e-01,-1.636765659897822800e-01,-2.780528984461452108e-02,2.032500013950623297e-01,0.000000000000000000e+00,0.000000000000000000e+00,0.000000000000000000e+00,0.000000000000000000e+00,0.000000000000000000e+00,0.000000000000000000e+00,0.000000000000000000e+00,0.000000000000000000e+00,0.000000000000000000e+00,0.000000000000000000e+00,0.000000000000000000e+00,0.000000000000000000e+00,0.000000000000000000e+00,0.000000000000000000e+00,0.000000000000000000e+00,0.000000000000000000e+00
-5.099731434048321299e-01,-5.721301060584895598e-02,9.254961514671725675e-01,-6.237309723377344045e-03,4.857746296424782749e-03,-8.141411431158561696e-01,-5.806132080433076270e-01,-6.463599832381762278e-01,2.337605114965988495e-01,1.325353210826380190e-01,4.709889216583946769e-01,8.325922701740980092e-02,-4.324161416115814699e-02,-1.637954756968184877e-01,2.012519290267427152e-01,1.676129488526015843e-01,2.938515711409843689e-01,-1.938611085013311197e-01,-2.156017613671997943e-02,2.250858826035001259e-01,0.000000000000000000e+00,0.000000000000000000e+00,0.000000000000000000e+00,0.000000000000000000e+00,0.000000000000000000e+00,0.000000000000000000e+00,0.000000000000000000e+00,0.000000000000000000e+00,0.000000000000000000e+00,0.000000000000000000e+00,0.000000000000000000e+00,0.000000000000000000e+00,0.000000000000000000e+00,0.000000000000000000e+00,0.000000000000000000e+00,0.000000000000000000e+00
-5.243105686770911378e-01,-3.487015727392406284e-02,9.231275570240773387e-01,-7.323793843667981279e-03,6.850151746608220196e-03,-8.028509916794276391e-01,-5.960953972512651466e-01,-6.640068166383069626e-01,2.334757819247040289e-01,9.676559013436439316e-02,3.499262782316681641e-01,7.809217252555945843e-02,-7.017933178587772158e-02,-1.298853266824067931e-01,2.014974661426832958e-01,2.040517616671785328e-01,3.073913117552937724e-01,-2.238426393777044887e-01,-2.222690734084530398e-02,2.372884969217297635e-01,0.000000000000000000e+00,0.000000000000000000e+00,0.000000000000000000e+00,0.000000000000000000e+00,0.000000000000000000e+00,0.000000000000000000e+00,0.000000000000000000e+00,0.000000000000000000e+00,0.000000000000000000e+00,0.000000000000000000e+00,0.000000000000000000e+00,0.000000000000000000e+00,0.000000000000000000e+00,0.000000000000000000e+00,0.000000000000000000e+00,0.000000000000000000e+00
-5.401320645808999066e-01,-1.256680345703420701e-02,9.203403648126261549e-01,-5.062817251495994875e-03,6.806568377398557537e-03,-7.944790610567389333e-01,-6.072322949669300973e-01,-6.761586109089805507e-01,2.264685563359665477e-01,5.426740398478811789e-02,2.463534924794265613e-01,7.806874174660544119e-02,-8.536340263117642158e-02,-1.073076064310672650e-01,1.988906598080438792e-01,2.327735187641565562e-01,3.268926690996431517e-01,-2.549948200522137998e-01,-2.748475528168206269e-02,2.367363822583365696e-01,0.000000000000000000e+00,0.000000000000000000e+00,0.000000000000000000e+00,0.000000000000000000e+00,0.000000000000000000e+00,0.000000000000000000e+00,0.000000000000000000e+00,0.000000000000000000e+00,0.000000000000000000e+00,0.000000000000000000e+00,0.000000000000000000e+00,0.000000000000000000e+00,0.000000000000000000e+00,0.000000000000000000e+00,0.000000000000000000e+00,0.000000000000000000e+00
-5.581296032185854017e-01,9.586038502225046123e-03,9.161320845113712918e-01,-2.675307173214753337e-03,1.174036480714032299e-02,-7.853741254374094760e-01,-6.189042653425073093e-01,-6.726505430992812951e-01,2.193686958426661615e-01,1.698248469795607743e-02,1.679617469381464168e-01,9.236665175123981442e-02,-9.490802968231826231e-02,-7.832254053474335675e-02,1.986813187563998828e-01,2.527497612288716611e-01,3.449740992295664554e-01,-2.765278980947877829e-01,-2.695348592075506172e-02,2.335899776814451545e-01,0.000000000000000000e+00,0.000000000000000000e+00,0.000000000000000000e+00,0.000000000000000000e+00,0.000000000000000000e+00,0.000000000000000000e+00,0.000000000000000000e+00,0.000000000000000000e+00,0.000000000000000000e+00,0.000000000000000000e+00,0.000000000000000000e+00,0.000000000000000000e+00,0.000000000000000000e+00,0.000000000000000000e+00,0.000000000000000000e+00,0.000000000000000000e+00
-5.778791674027368153e-01,3.225111503086442594e-02,9.107080424093301207e-01,-7.608048453818933021e-04,2.056376676840149242e-02,-7.720019479059778700e-01,-6.352869785393515656e-01,-6.582550552084530660e-01,2.259543589419258647e-01,-6.331389204664514270e-04,1.366967574832399501e-01,1.153867572246104201e-01,-1.010065908412931951e-01,-4.630461991922282111e-02,1.963012605202272554e-01,2.598784135271368645e-01,3.690753018987767975e-01,-2.940729308604929648e-01,-2.883389709362924047e-02,2.382759895460498101e-01,0.000000000000000000e+00,0.000000000000000000e+00,0.000000000000000000e+00,0.000000000000000000e+00,0.000000000000000000e+00,0.000000000000000000e+00,0.000000000000000000e+00,0.000000000000000000e+00,0.000000000000000000e+00,0.000000000000000000e+00,0.000000000000000000e+00,0.000000000000000000e+00,0.000000000000000000e+00,0.000000000000000000e+00,0.000000000000000000e+00,0.000000000000000000e+00
-5.990193982424176777e-01,5.518315452759859491e-02,9.047114499980898339e-01,-1.936634710019324163e-03,3.172218544155726988e-02,-7.567756772828310163e-01,-6.529016209735768461e-01,-6.374389006412873870e-01,2.316767844051478287e-01,-3.219371107708438040e-03,1.459564793056128407e-01,1.409588850150642059e-01,-1.033652805248832657e-01,-9.453153392895638496e-03,1.881255263503181230e-01,2.716524127311736314e-01,3.937351412335324263e-01,-2.892351671046082262e-01,-1.956388231571455291e-02,2.441342060126029112e-01,0.000000000000000000e+00,0.000000000000000000e+00,0.000000000000000000e+00,0.000000000000000000e+00,0.000000000000000000e+00,0.000000000000000000e+00,0.000000000000000000e+00,0.000000000000000000e+00,0.000000000000000000e+00,0.000000000000000000e+00,0.000000000000000000e+00,0.000000000000000000e+00,0.000000000000000000e+00,0.000000000000000000e+00,0.000000000000000000e+00,0.000000000000000000e+00
-6.207908478830634902e-01,7.854879958694219177e-02,8.976000170020594915e-01,-4.913173525286387150e-03,4.342159837673893741e-02,-7.428896589819731222e-01,-6.679860628021871971e-01,-6.093606382724289228e-01,2.270047719802693043e-01,6.587073996955555150e-03,1.860098690390890319e-01,1.660407112587539147e-01,-9.232756208704018253e-02,2.929800693716991949e-02,1.842962201217041851e-01,3.166145446849564227e-01,4.217390286916522513e-01,-2.693752205314906556e-01,4.849655986540434005e-05,2.461736782674307233e-01,0.000000000000000000e+00,0.000000000000000000e+00,0.000000000000000000e+00,0.000000000000000000e+00,0.000000000000000000e+00,0.000000000000000000e+00,0.000000000000000000e+00,0.000000000000000000e+00,0.000000000000000000e+00,0.000000000000000000e+00,0.000000000000000000e+00,0.000000000000000000e+00,0.000000000000000000e+00,0.000000000000000000e+00,0.000000000000000000e+00,0.000000000000000000e+00
-6.418253091776133790e-01,1.021729550768950140e-01,8.912772659882653992e-01,-8.710289228695015581e-03,4.952439582938138879e-02,-7.310209445128275085e-01,-6.804997015156297735e-01,-5.801793657828181461e-01,2.075382147281860934e-01,2.238055946392928860e-02,2.247374856885148153e-01,1.849563186069730913e-01,-7.714316383845369607e-02,6.560931039100420525e-02,1.687935049688735201e-01,3.676731153913392891e-01,4.389460232730081901e-01,-2.269434318006468276e-01,3.998681665626985932e-02,2.426848974326399344e-01,0.000000000000000000e+00,0.000000000000000000e+00,0.000000000000000000e+00,0.000000000000000000e+00,0.000000000000000000e+00,0.000000000000000000e+00,0.000000000000000000e+00,0.000000000000000000e+00,0.000000000000000000e+00,0.000000000000000000e+00,0.000000000000000000e+00,0.000000000000000000e+00,0.000000000000000000e+00,0.000000000000000000e+00,0.000000000000000000e+00,0.000000000000000000e+00
-6.612404398116781268e-01,1.258732855495930114e-01,8.860398038213280758e-01,-1.271802300543281583e-02,4.738870922612583442e-02,-7.223814888301948178e-01,-6.897518008125724798e-01,-5.534306723781746706e-01,1.721171337739747231e-01,3.776854059011206660e-02,2.580869627922233733e-01,1.988033436111108776e-01,-5.820046844044884926e-02,8.918100349275256966e-02,1.380774819582359925e-01,4.113391252513844409e-01,4.499661617291239035e-01,-1.512324038420373717e-01,1.005948042615256999e-01,2.406160082695054103e-01,0.000000000000000000e+00,0.000000000000000000e+00,0.000000000000000000e+00,0.000000000000000000e+00,0.000000000000000000e+00,0.000000000000000000e+00,0.000000000000000000e+00,0.000000000000000000e+00,0.000000000000000000e+00,0.000000000000000000e+00,0.000000000000000000e+00,0.000000000000000000e+00,0.000000000000000000e+00,0.000000000000000000e+00,0.000000000000000000e+00,0.000000000000000000e+00
-6.781595154481487864e-01,1.494290239536009979e-01,8.811718396228804817e-01,-1.665255315068175229e-02,3.817620719820025155e-02,-7.164332961135030375e-01,-6.964112304504183060e-01,-5.391300541157119097e-01,1.338652199555744604e-01,5.157488277343526273e-02,2.874860165377419730e-01,2.020473185094129320e-01,-4.352674755779638305e-02,1.013906293715200885e-01,9.052398738506217679e-02,4.392729293392516055e-01,4.578649641888161703e-01,-5.683888929156186848e-02,1.717192858243371256e-01,2.392157708975713726e-01,0.000000000000000000e+00,0.000000000000000000e+00,0.000000000000000000e+00,0.000000000000000000e+00,0.000000000000000000e+00,0.000000000000000000e+00,0.000000000000000000e+00,0.000000000000000000e+00,0.000000000000000000e+00,0.000000000000000000e+00,0.000000000000000000e+00,0.000000000000000000e+00,0.000000000000000000e+00,0.000000000000000000e+00,0.000000000000000000e+00,0.000000000000000000e+00
-6.917347768919781537e-01,1.721855380197631902e-01,8.836508020007228792e-01,-2.036462822312432724e-02,1.775982584822840063e-02,-7.106158717751965836e-01,-7.030611305458096538e-01,-5.381509962250836665e-01,8.853589711292447761e-02,8.252740962833481075e-02,3.131167984797142978e-01,1.948068367455504935e-01,-2.158575569775664227e-02,1.005308224669057560e-01,6.603789632766723233e-03,4.399171013371995786e-01,4.445656332552013201e-01,1.149998425779775457e-01,2.484987588525247593e-01,2.314933895055309443e-01,0.000000000000000000e+00,0.000000000000000000e+00,0.000000000000000000e+00,0.000000000000000000e+00,0.000000000000000000e+00,0.000000000000000000e+00,0.000000000000000000e+00,0.000000000000000000e+00,0.000000000000000000e+00,0.000000000000000000e+00,0.000000000000000000e+00,0.000000000000000000e+00,0.000000000000000000e+00,0.000000000000000000e+00,0.000000000000000000e+00,0.000000000000000000e+00
-6.943856740504358305e-01,1.962953817935610135e-01,8.874964831961570377e-01,-1.787919630921277342e-02,9.935180506555261332e-03,-7.131063447080625561e-01,-7.007574242665896014e-01,-5.340289005673114486e-01,7.138246010947628395e-02,7.367768846407229955e-02,3.393182599493725915e-01,1.779495344807273671e-01,-2.278875124319971329e-02,1.033157639592430510e-01,-9.527824427804462704e-03,3.922474033086147949e-01,4.624477989598156369e-01,2.725164732250937583e-01,2.599999281172428733e-01,2.055954558845846103e-01,0.000000000000000000e+00,0.000000000000000000e+00,0.000000000000000000e+00,0.000000000000000000e+00,0.000000000000000000e+00,0.000000000000000000e+00,0.000000000000000000e+00,0.000000000000000000e+00,0.000000000000000000e+00,0.000000000000000000e+00,0.000000000000000000e+00,0.000000000000000000e+00,0.000000000000000000e+00,0.000000000000000000e+00,0.000000000000000000e+00,0.000000000000000000e+00
-6.984402242631535529e-01,2.190108717174089614e-01,8.921492190587896332e-01,-1.667330131342409025e-02,4.412762948444916115e-03,-7.159680570407319644e-01,-6.979199594823120023e-01,-5.164149036305243357e-01,5.308150838745342992e-02,6.349173675683125739e-02,3.438541157243183433e-01,1.547446154930993967e-01,-2.173249359833025543e-02,7.138455843078841956e-02,-1.591003667506321606e-02,3.441295847673226938e-01,5.241067301661808120e-01,3.714791015049959122e-01,2.599999999995507571e-01,1.693468866160036668e-01,0.000000000000000000e+00,0.000000000000000000e+00,0.000000000000000000e+00,0.000000000000000000e+00,0.000000000000000000e+00,0.000000000000000000e+00,0.000000000000000000e+00,0.000000000000000000e+00,0.000000000000000000e+00,0.000000000000000000e+00,0.000000000000000000e+00,0.000000000000000000e+00,0.000000000000000000e+00,0.000000000000000000e+00,0.000000000000000000e+00,0.000000000000000000e+00
-7.084978473038181512e-01,2.394550433639683618e-01,8.993451736282276343e-01,-1.314489946741271599e-02,1.977693500098416657e-03,-7.188815787436400040e-01,-6.950054504027023405e-01,-4.861012067131310621e-01,3.696271022314943228e-02,5.901501659245314557e-02,3.175448611399422916e-01,1.432220739581053504e-01,-1.268546985048831649e-02,4.984237484427594261e-03,-3.144254077684767446e-02,2.953254837608140781e-01,6.035317509331979968e-01,4.141694039749514444e-01,2.600000000000000089e-01,1.255777047164707561e-01,0.000000000000000000e+00,0.000000000000000000e+00,0.000000000000000000e+00,0.000000000000000000e+00,0.000000000000000000e+00,0.000000000000000000e+00,0.000000000000000000e+00,0.000000000000000000e+00,0.000000000000000000e+00,0.000000000000000000e+00,0.000000000000000000e+00,0.000000000000000000e+00,0.000000000000000000e+00,0.000000000000000000e+00,0.000000000000000000e+00,0.000000000000000000e+00
-7.209734822757783990e-01,2.580497778337797476e-01,9.048999781712010471e-01,-1.369264201326330158e-02,-2.055423956624606585e-03,-7.235898686710137140e-01,-6.900912901520492859e-01,-4.515804251612540732e-01,8.577504186142892451e-03,5.936450480172554556e-02,2.833590857841986055e-01,1.278142152000821818e-01,3.451073005280702773e-03,-8.083697469002833202e-02,-6.549117907445790865e-02,2.560297514077670145e-01,6.935071574734595901e-01,4.015244851752961530e-01,2.600000000000000089e-01,7.763214790438201229e-02,0.000000000000000000e+00,0.000000000000000000e+00,0.000000000000000000e+00,0.000000000000000000e+00,0.000000000000000000e+00,0.000000000000000000e+00,0.000000000000000000e+00,0.000000000000000000e+00,0.000000000000000000e+00,0.000000000000000000e+00,0.000000000000000000e+00,0.000000000000000000e+00,0.000000000000000000e+00,0.000000000000000000e+00,0.000000000000000000e+00,0.000000000000000000e+00
-7.327007630614238431e-01,2.752411634295129361e-01,9.081089365548562498e-01,-2.017824232934939052e-02,-8.561587719955715547e-03,-7.300390314003047942e-01,-6.830538414973710282e-01,-4.115126749038771625e-01,-3.425814339085175159e-02,5.505539066419327943e-02,2.440347095443862746e-01,1.146136729214485561e-01,1.588134759642267219e-02,-1.852835363118800760e-01,-1.150906923792449771e-01,2.204551757740964846e-01,7.913824721439073340e-01,3.669929152077829881e-01,2.536903279547311207e-01,2.936709299685612978e-02,0.000000000000000000e+00,0.000000000000000000e+00,0.000000000000000000e+00,0.000000000000000000e+00,0.000000000000000000e+00,0.000000000000000000e+00,0.000000000000000000e+00,0.000000000000000000e+00,0.000000000000000000e+00,0.000000000000000000e+00,0.000000000000000000e+00,0.000000000000000000e+00,0.000000000000000000e+00,0.000000000000000000e+00,0.000000000000000000e+00,0.000000000000000000e+00
-7.382108800379452163e-01,2.917102030334824403e-01,9.113042967822226892e-01,-2.095282157850763063e-02,-7.371616407583297080e-03,-7.354222971388718610e-01,-6.772449212880250480e-01,-3.783295661058975745e-01,-4.509038352278652018e-02,4.525651174418798828e-02,2.235261821059490173e-01,9.774907517132422341e-02,2.104456932784633250e-02,-2.789785197684284124e-01,-1.488476261446198823e-01,1.478279522898593157e-01,8.567033335948832651e-01,3.215781831608557351e-01,2.039190342990746529e-01,-1.312208325551818267e-02,0.000000000000000000e+00,0.000000000000000000e+00,0.000000000000000000e+00,0.000000000000000000e+00,0.000000000000000000e+00,0.000000000000000000e+00,0.000000000000000000e+00,0.000000000000000000e+00,0.000000000000000000e+00,0.000000000000000000e+00,0.000000000000000000e+00,0.000000000000000000e+00,0.000000000000000000e+00,0.000000000000000000e+00,0.000000000000000000e+00,0.000000000000000000e+00
-7.431927048672518632e-01,3.069183875031431530e-01,9.140726654312847366e-01,-2.148571958277211216e-02,-6.897734663024604820e-03,-7.391488464570368233e-01,-6.731639977685678344e-01,-3.495144043133173728e-01,-5.358229420213243138e-02,3.945427353910013757e-02,2.073993513106225928e-01,8.634143901536153742e-02,2.325617975833797757e-02,-3.661587752615705904e-01,-1.750189756856750656e-01,8.832067907413809760e-02,9.107935811726663999e-01,2.781322761963738732e-01,1.644265836836432126e-01,-5.076891201929899233e-02,0.000000000000000000e+00,0.000000000000000000e+00,0.000000000000000000e+00,0.000000000000000000e+00,0.000000000000000000e+00,0.000000000000000000e+00,0.000000000000000000e+00,0.000000000000000000e+00,0.000000000000000000e+00,0.000000000000000000e+00,0.000000000000000000e+00,0.000000000000000000e+00,0.000000000000000000e+00,0.000000000000000000e+00,0.000000000000000000e+00,0.000000000000000000e+00
-7.477827655512616634e-01,3.212534376006594417e-01,9.160172049081426460e-01,-2.315817610319453879e-02,-7.733126105897795630e-03,-7.418540383778553515e-01,-6.701167684685040982e-01,-3.248217587347516089e-01,-6.506415102829612995e-02,3.310282469531043020e-02,1.979001382286312838e-01,7.381886763076006552e-02,2.665775749884040369e-02,-4.372226101808661669e-01,-1.976110788997585133e-01,3.851628326691217130e-02,9.358790890765228410e-01,2.297365090803006327e-01,1.320297551984729867e-01,-8.260166251150583006e-02,0.000000000000000000e+00,0.000000000000000000e+00,0.000000000000000000e+00,0.000000000000000000e+00,0.000000000000000000e+00,0.000000000000000000e+00,0.000000000000000000e+00,0.000000000000000000e+00,0.000000000000000000e+00,0.000000000000000000e+00,0.000000000000000000e+00,0.000000000000000000e+00,0.000000000000000000e+00,0.000000000000000000e+00,0.000000000000000000e+00,0.000000000000000000e+00
-7.520727134285484228e-01,3.347239470120806915e-01,9.173708626851512227e-01,-2.485563800701403800e-02,-9.063685683688493117e-03,-7.454680890451604869e-01,-6.660160471613634225e-01,-3.024798018426510526e-01,-7.770059227473680163e-02,2.423052589113863092e-02,1.887717256232255558e-01,6.252779612721801050e-02,3.046392539917876230e-02,-4.971186104217534818e-01,-2.098934590754312768e-01,4.728979380106551611e-05,9.315610110844468883e-01,1.871399011104105392e-01,1.156628646459893495e-01,-1.105036939565125775e-01,0.000000000000000000e+00,0.000000000000000000e+00,0.000000000000000000e+00,0.000000000000000000e+00,0.000000000000000000e+00,0.000000000000000000e+00,0.000000000000000000e+00,0.000000000000000000e+00,0.000000000000000000e+00,0.000000000000000000e+00,0.000000000000000000e+00,0.000000000000000000e+00,0.000000000000000000e+00,0.000000000000000000e+00,0.000000000000000000e+00,0.000000000000000000e+00
-7.562530382685613839e-01,3.475188636395789010e-01,9.183547136598186889e-01,-2.557389279931301246e-02,-1.151612603572385249e-02,-7.488327199542720303e-01,-6.621653210295028735e-01,-2.857420408370529019e-01,-9.051304222804978927e-02,1.387693643795174375e-02,1.825924843328333713e-01,5.213324459059873184e-02,3.482490266912002114e-02,-5.439329175898462987e-01,-2.162499813810025984e-01,-2.621168451614586808e-02,8.969384631896234472e-01,1.515942775795609543e-01,1.060645648424777265e-01,-1.340766092351013961e-01,0.000000000000000000e+00,0.000000000000000000e+00,0.000000000000000000e+00,0.000000000000000000e+00,0.000000000000000000e+00,0.000000000000000000e+00,0.000000000000000000e+00,0.000000000000000000e+00,0.000000000000000000e+00,0.000000000000000000e+00,0.000000000000000000e+00,0.000000000000000000e+00,0.000000000000000000e+00,0.000000000000000000e+00,0.000000000000000000e+00,0.000000000000000000e+00
-7.602027053255487887e-01,3.596799423420630748e-01,9.185699456617189007e-01,-2.732294353360576258e-02,-1.475132745588906419e-02,-7.531945741988064214e-01,-6.570645238425419921e-01,-2.683037783996323755e-01,-1.058284277517481387e-01,3.444726678388951302e-03,1.741576498839650100e-01,4.151690473782440605e-02,3.593722974199581310e-02,-5.821153277597530540e-01,-2.209865882994617725e-01,-4.571710362775783382e-02,8.337587213056375512e-01,1.259169135730046074e-01,1.057715378167997794e-01,-1.549939521719460589e-01,0.000000000000000000e+00,0.000000000000000000e+00,0.000000000000000000e+00,0.000000000000000000e+00,0.000000000000000000e+00,0.000000000000000000e+00,0.000000000000000000e+00,0.000000000000000000e+00,0.000000000000000000e+00,0.000000000000000000e+00,0.000000000000000000e+00,0.000000000000000000e+00,0.000000000000000000e+00,0.000000000000000000e+00,0.000000000000000000e+00,0.000000000000000000e+00
-7.640912375737157758e-01,3.714469784656830864e-01,9.180989795644785012e-01,-2.841826643152490367e-02,-1.980636402141151484e-02,-7.581195359256176491e-01,-6.511949626073622044e-01,-2.539279223357559512e-01,-1.224016789145156020e-01,-4.426923956438524876e-03,1.632875339596819853e-01,2.973987034547551436e-02,3.664106380899713467e-02,-6.079066481806276734e-01,-2.187551342307619828e-01,-5.439396660495907088e-02,7.476414723596965795e-01,1.154901064391650745e-01,1.158285614755776710e-01,-1.727494985177422393e-01,0.000000000000000000e+00,0.000000000000000000e+00,0.000000000000000000e+00,0.000000000000000000e+00,0.000000000000000000e+00,0.000000000000000000e+00,0.000000000000000000e+00,0.000000000000000000e+00,0.000000000000000000e+00,0.000000000000000000e+00,0.000000000000000000e+00,0.000000000000000000e+00,0.000000000000000000e+00,0.000000000000000000e+00,0.000000000000000000e+00,0.000000000000000000e+00
-7.676972089184881387e-01,3.829191372941115890e-01,9.167368669648884305e-01,-3.177362572635428206e-02,-2.550740698143583174e-02,-7.612400636524312425e-01,-6.471888243686902964e-01,-2.381484950115666521e-01,-1.412490532414547861e-01,-5.000017036870751941e-03,1.558887656261161714e-01,1.487533376113399711e-02,4.077810426649645242e-02,-6.214579617992225247e-01,-2.228053005983640089e-01,-6.513061181551840773e-02,6.483439393319460065e-01,1.135518524713248212e-01,1.318917108485938572e-01,-1.823268698150601885e-01,0.000000000000000000e+00,0.000000000000000000e+00,0.000000000000000000e+00,0.000000000000000000e+00,0.000000000000000000e+00,0.000000000000000000e+00,0.000000000000000000e+00,0.000000000000000000e+00,0.000000000000000000e+00,0.000000000000000000e+00,0.000000000000000000e+00,0.000000000000000000e+00,0.000000000000000000e+00,0.000000000000000000e+00,0.000000000000000000e+00,0.000000000000000000e+00
-7.709774708921934838e-01,3.943971407134660989e-01,9.148261923724499978e-01,-3.615547384171673151e-02,-3.130322328614786737e-02,-7.652478137084604004e-01,-6.419569094087235195e-01,-2.247133122481332901e-01,-1.625104635731866309e-01,-1.118486218760744721e-02,1.569561861510334611e-01,-7.934534625764981530e-03,4.605124087661184584e-02,-6.273413144599784275e-01,-2.262802761182623190e-01,-6.805037698545619851e-02,5.438818077894296277e-01,1.129659886271326408e-01,1.524636157623674992e-01,-1.863822334519676105e-01,0.000000000000000000e+00,0.000000000000000000e+00,0.000000000000000000e+00,0.000000000000000000e+00,0.000000000000000000e+00,0.000000000000000000e+00,0.000000000000000000e+00,0.000000000000000000e+00,0.000000000000000000e+00,0.000000000000000000e+00,0.000000000000000000e+00,0.000000000000000000e+00,0.000000000000000000e+00,0.000000000000000000e+00,0.000000000000000000e+00,0.000000000000000000e+00
-7.741118758616863937e-01,4.061372947562657543e-01,9.134595932131766016e-01,-3.998078506625998840e-02,-3.454106026838178051e-02,-7.682834479341833500e-01,-6.379255408050262810e-01,-2.093599399487839630e-01,-1.779044851966282703e-01,-1.882359682256330019e-02,1.613000643545894897e-01,-3.021673242273861804e-02,5.281643207694250441e-02,-6.316770513297672585e-01,-2.288516516071091300e-01,-7.116370938540414470e-02,4.687754065865917252e-01,1.061445552795073077e-01,1.650299769509693260e-01,-1.867372842062129668e-01,0.000000000000000000e+00,0.000000000000000000e+00,0.000000000000000000e+00,0.000000000000000000e+00,0.000000000000000000e+00,0.000000000000000000e+00,0.000000000000000000e+00,0.000000000000000000e+00,0.000000000000000000e+00,0.000000000000000000e+00,0.000000000000000000e+00,0.000000000000000000e+00,0.000000000000000000e+00,0.000000000000000000e+00,0.000000000000000000e+00,0.000000000000000000e+00
-7.770019437852794253e-01,4.188339241632313970e-01,9.126888842664481194e-01,-4.222277578986601693e-02,-3.639561219090011596e-02,-7.714307702809057865e-01,-6.338668340287709757e-01,-1.913410438591290619e-01,-1.870918667241284750e-01,-2.607814249845946675e-02,1.614701330874760421e-01,-4.669514975728931983e-02,5.561790992082173840e-02,-6.377707383745065961e-01,-2.320868044573465849e-01,-7.517345375058558099e-02,4.111793514891889378e-01,1.008196714034041014e-01,1.732592155002078971e-01,-1.902579236764435633e-01,0.000000000000000000e+00,0.000000000000000000e+00,0.000000000000000000e+00,0.000000000000000000e+00,0.000000000000000000e+00,0.000000000000000000e+00,0.000000000000000000e+00,0.000000000000000000e+00,0.000000000000000000e+00,0.000000000000000000e+00,0.000000000000000000e+00,0.000000000000000000e+00,0.000000000000000000e+00,0.000000000000000000e+00,0.000000000000000000e+00,0.000000000000000000e+00
-7.794636432434914886e-01,4.328420575566869211e-01,9.120480312266066036e-01,-4.268234031688034058e-02,-3.896511840023210438e-02,-7.733147597976522958e-01,-6.313827837787706621e-01,-1.732874967383803422e-01,-1.928202125622273111e-01,-3.080864486491805693e-02,1.575060194436878336e-01,-6.262054350654519541e-02,5.445927664048751810e-02,-6.391516245050330447e-01,-2.375347880113914956e-01,-8.567229718811054939e-02,3.714411559838839416e-01,9.170002680525365935e-02,1.774564031354533278e-01,-1.914671696887371433e-01,0.000000000000000000e+00,0.000000000000000000e+00,0.000000000000000000e+00,0.000000000000000000e+00,0.000000000000000000e+00,0.000000000000000000e+00,0.000000000000000000e+00,0.000000000000000000e+00,0.000000000000000000e+00,0.000000000000000000e+00,0.000000000000000000e+00,0.000000000000000000e+00,0.000000000000000000e+00,0.000000000000000000e+00,0.000000000000000000e+00,0.000000000000000000e+00
-7.813371657878606102e-01,4.483956165820243700e-01,9.116400707560990968e-01,-4.188992641447651655e-02,-4.140813449892802312e-02,-7.764211244402460244e-01,-6.274558454467157320e-01,-1.558755402903450604e-01,-1.949704198642860653e-01,-3.602831737568661097e-02,1.541937358884908904e-01,-7.585617425819791981e-02,5.211929634628899299e-02,-6.319207085108295985e-01,-2.412822630552459990e-01,-9.654900517308825925e-02,3.405860656459774316e-01,8.361376882060968241e-02,1.773757835684146300e-01,-1.918603558453484126e-01,0.000000000000000000e+00,0.000000000000000000e+00,0.000000000000000000e+00,0.000000000000000000e+00,0.000000000000000000e+00,0.000000000000000000e+00,0.000000000000000000e+00,0.000000000000000000e+00,0.000000000000000000e+00,0.000000000000000000e+00,0.000000000000000000e+00,0.000000000000000000e+00,0.000000000000000000e+00,0.000000000000000000e+00,0.000000000000000000e+00,0.000000000000000000e+00
-7.828920246752474332e-01,4.654805440994592702e-01,9.113358910312705508e-01,-3.843897830721514086e-02,-4.542662201000503830e-02,-7.773898542749050344e-01,-6.261979570630196168e-01,-1.409996183110840962e-01,-1.944163558524031610e-01,-3.765399299372908931e-02,1.469766488429707363e-01,-8.840384397452183407e-02,5.100893248174908495e-02,-6.217928012270335092e-01,-2.411198895215858340e-01,-1.046235332603411006e-01,3.232869803472607773e-01,7.367073461432155357e-02,1.735893201995069857e-01,-1.951115889730966058e-01,0.000000000000000000e+00,0.000000000000000000e+00,0.000000000000000000e+00,0.000000000000000000e+00,0.000000000000000000e+00,0.000000000000000000e+00,0.000000000000000000e+00,0.000000000000000000e+00,0.000000000000000000e+00,0.000000000000000000e+00,0.000000000000000000e+00,0.000000000000000000e+00,0.000000000000000000e+00,0.000000000000000000e+00,0.000000000000000000e+00,0.000000000000000000e+00
-7.835981695318595674e-01,4.835066600891056998e-01,9.108545150139971680e-01,-3.628262173416597208e-02,-4.822499587638584551e-02,-7.783922792055411044e-01,-6.248706912682182590e-01,-1.281266665879705058e-01,-1.922165241268215807e-01,-3.844936132161369535e-02,1.534088823093852083e-01,-1.026787120284779198e-01,4.831611278220779987e-02,-6.030945725978468230e-01,-2.388732108286630851e-01,-1.162343531183996359e-01,3.252612746880846895e-01,5.917615761968014060e-02,1.621572989343575133e-01,-1.933598760371433023e-01,0.000000000000000000e+00,0.000000000000000000e+00,0.000000000000000000e+00,0.000000000000000000e+00,0.000000000000000000e+00,0.000000000000000000e+00,0.000000000000000000e+00,0.000000000000000000e+00,0.000000000000000000e+00,0.000000000000000000e+00,0.000000000000000000e+00,0.000000000000000000e+00,0.000000000000000000e+00,0.000000000000000000e+00,0.000000000000000000e+00,0.000000000000000000e+00
-7.835082705623782617e-01,5.020028395732860638e-01,9.101482449624360704e-01,-3.403683618317339399e-02,-5.034397456657953990e-02,-7.785246949705244557e-01,-6.246649320463982802e-01,-1.201913667565414068e-01,-1.869541122546309331e-01,-3.489899846616294210e-02,1.724221646382574635e-01,-1.199658100892851270e-01,4.290555767361326628e-02,-5.788766695766397463e-01,-2.315408636984611912e-01,-1.229220908346948388e-01,3.276580016440281407e-01,4.539069532414535119e-02,1.467696887849441467e-01,-1.885106327005389160e-01,0.000000000000000000e+00,0.000000000000000000e+00,0.000000000000000000e+00,0.000000000000000000e+00,0.000000000000000000e+00,0.000000000000000000e+00,0.000000000000000000e+00,0.000000000000000000e+00,0.000000000000000000e+00,0.000000000000000000e+00,0.000000000000000000e+00,0.000000000000000000e+00,0.000000000000000000e+00,0.000000000000000000e+00,0.000000000000000000e+00,0.000000000000000000e+00
-7.827154476811991612e-01,5.202870951809078770e-01,9.101990679315038468e-01,-2.969796181193199922e-02,-4.912095877311623005e-02,-7.791571992855517159e-01,-6.241948584175637249e-01,-1.214227241576782967e-01,-1.708831991036123821e-01,-2.734893053351280731e-02,2.098305521648543837e-01,-1.345631404119303209e-01,3.426185732217541108e-02,-5.561858418226245382e-01,-2.152302926622246815e-01,-1.259551523502591419e-01,3.357099208428587223e-01,2.561456955223919557e-02,1.253851226838245403e-01,-1.807616815921351816e-01,0.000000000000000000e+00,0.000000000000000000e+00,0.000000000000000000e+00,0.000000000000000000e+00,0.000000000000000000e+00,0.000000000000000000e+00,0.000000000000000000e+00,0.000000000000000000e+00,0.000000000000000000e+00,0.000000000000000000e+00,0.000000000000000000e+00,0.000000000000000000e+00,0.000000000000000000e+00,0.000000000000000000e+00,0.000000000000000000e+00,0.000000000000000000e+00
-7.813013235092901576e-01,5.378550382912922201e-01,9.108852967446680049e-01,-2.207270547243144268e-02,-4.454320802992138562e-02,-7.795053561312362822e-01,-6.244198091462550559e-01,-1.321541004637211969e-01,-1.391914189470896124e-01,-3.295449598559117843e-03,2.615664676162689495e-01,-1.452255260160694450e-01,2.084669662740808865e-02,-5.382570466960382438e-01,-1.880903391307594541e-01,-1.321617876944351511e-01,3.417645763922549929e-01,-4.610041931473567167e-03,1.018425200484960463e-01,-1.680329502381960327e-01,0.000000000000000000e+00,0.000000000000000000e+00,0.000000000000000000e+00,0.000000000000000000e+00,0.000000000000000000e+00,0.000000000000000000e+00,0.000000000000000000e+00,0.000000000000000000e+00,0.000000000000000000e+00,0.000000000000000000e+00,0.000000000000000000e+00,0.000000000000000000e+00,0.000000000000000000e+00,0.000000000000000000e+00,0.000000000000000000e+00,0.000000000000000000e+00
-7.791650637189163620e-01,5.544487317955015815e-01,9.117402371979045350e-01,-1.262232788986111104e-02,-3.746313569005083055e-02,-7.797228450117622556e-01,-6.248755678290468518e-01,-1.454673656180119068e-01,-9.320377981492529440e-02,3.578848733439248669e-02,3.119950792552116381e-01,-1.300048849617536639e-01,-1.975520257456496800e-04,-5.188409208505402326e-01,-1.531835130775408838e-01,-1.420333801533012752e-01,3.387259706393320191e-01,-2.762719726338976750e-02,8.103109903957803062e-02,-1.536829288162369356e-01,0.000000000000000000e+00,0.000000000000000000e+00,0.000000000000000000e+00,0.000000000000000000e+00,0.000000000000000000e+00,0.000000000000000000e+00,0.000000000000000000e+00,0.000000000000000000e+00,0.000000000000000000e+00,0.000000000000000000e+00,0.000000000000000000e+00,0.000000000000000000e+00,0.000000000000000000e+00,0.000000000000000000e+00,0.000000000000000000e+00,0.000000000000000000e+00
-7.764725958075683332e-01,5.698556508900427531e-01,9.123164393325319255e-01,-1.363843465285268647e-03,-2.963979194764809061e-02,-7.802161518174117738e-01,-6.248058731378353103e-01,-1.620121259725111063e-01,-3.830670539120416968e-02,7.654420034704888243e-02,3.580887710273889524e-01,-8.478689959499695339e-02,-2.556205767229196429e-02,-4.980081744339321936e-01,-1.147125364346603810e-01,-1.573182647047109695e-01,3.229842497880462959e-01,-3.467406440140279045e-02,6.511547229261102632e-02,-1.382827802930709504e-01,0.000000000000000000e+00,0.000000000000000000e+00,0.000000000000000000e+00,0.000000000000000000e+00,0.000000000000000000e+00,0.000000000000000000e+00,0.000000000000000000e+00,0.000000000000000000e+00,0.000000000000000000e+00,0.000000000000000000e+00,0.000000000000000000e+00,0.000000000000000000e+00,0.000000000000000000e+00,0.000000000000000000e+00,0.000000000000000000e+00,0.000000000000000000e+00
-7.733538001324604672e-01,5.839407078606290158e-01,9.117472202128366066e-01,1.124282859347533123e-02,-2.197804963984049606e-02,-7.790263330905593531e-01,-6.265050171313267802e-01,-1.808874828009830460e-01,2.146653484702882447e-02,1.131057712093721523e-01,3.983743192743476880e-01,-5.481716483102451465e-03,-5.822028580759306543e-02,-4.835068405523106905e-01,-7.313016618776070621e-02,-1.721224597123474920e-01,3.069573194297599561e-01,-3.865334398989213327e-02,4.986469508130409595e-02,-1.171239647077942786e-01,0.000000000000000000e+00,0.000000000000000000e+00,0.000000000000000000e+00,0.000000000000000000e+00,0.000000000000000000e+00,0.000000000000000000e+00,0.000000000000000000e+00,0.000000000000000000e+00,0.000000000000000000e+00,0.000000000000000000e+00,0.000000000000000000e+00,0.000000000000000000e+00,0.000000000000000000e+00,0.000000000000000000e+00,0.000000000000000000e+00,0.000000000000000000e+00
-7.700256782566500258e-01,5.967467300427723442e-01,9.108556219296572998e-01,2.312987566432159886e-02,-1.595170851314579169e-02,-7.785985902360861299e-01,-6.268929630564096245e-01,-2.070792326590365773e-01,8.521120178037946968e-02,1.517662648762295174e-01,4.464612117036795835e-01,9.583495131076411044e-02,-8.771843339943603823e-02,-4.734905016117835208e-01,-3.603908192229268032e-02,-1.844262321322622522e-01,2.938128665532355743e-01,-4.389142041392002369e-02,3.311581165005311744e-02,-9.704005914519217568e-02,0.000000000000000000e+00,0.000000000000000000e+00,0.000000000000000000e+00,0.000000000000000000e+00,0.000000000000000000e+00,0.000000000000000000e+00,0.000000000000000000e+00,0.000000000000000000e+00,0.000000000000000000e+00,0.000000000000000000e+00,0.000000000000000000e+00,0.000000000000000000e+00,0.000000000000000000e+00,0.000000000000000000e+00,0.000000000000000000e+00,0.000000000000000000e+00
-7.665968688720353752e-01,6.087325802925982465e-01,9.120393869845273560e-01,2.737257963577937464e-02,-1.577261361961650177e-02,-7.789685072680970768e-01,-6.262667412757946250e-01,-2.436288745290413060e-01,1.330231025968766079e-01,1.954573155413291130e-01,5.115740711637443150e-01,1.431499799159208219e-01,-8.738243446015180049e-02,-4.614681620989237176e-01,-2.045546912916031135e-02,-1.878641848986469243e-01,2.843168736615001024e-01,-4.812919271416931516e-02,2.074530635409970597e-02,-8.099974431372154726e-02,0.000000000000000000e+00,0.000000000000000000e+00,0.000000000000000000e+00,0.000000000000000000e+00,0.000000000000000000e+00,0.000000000000000000e+00,0.000000000000000000e+00,0.000000000000000000e+00,0.000000000000000000e+00,0.000000000000000000e+00,0.000000000000000000e+00,0.000000000000000000e+00,0.000000000000000000e+00,0.000000000000000000e+00,0.000000000000000000e+00,0.000000000000000000e+00
-7.631613764228353247e-01,6.198167929608561222e-01,9.140405135209450638e-01,2.826819359921851904e-02,-1.923557046164759213e-02,-7.780598261392931425e-01,-6.272589648683756236e-01,-2.913004051431372088e-01,1.589115514774334659e-01,2.237758571057940349e-01,5.792677143767959169e-01,1.484013906768092972e-01,-8.318652453834982086e-02,-4.531291196882006878e-01,-1.462659324773338612e-02,-1.819426103610831125e-01,2.792035157627811293e-01,-5.350855713873148983e-02,1.077049300033362800e-02,-6.366751447145917175e-02,0.000000000000000000e+00,0.000000000000000000e+00,0.000000000000000000e+00,0.000000000000000000e+00,0.000000000000000000e+00,0.000000000000000000e+00,0.000000000000000000e+00,0.000000000000000000e+00,0.000000000000000000e+00,0.000000000000000000e+00,0.000000000000000000e+00,0.000000000000000000e+00,0.000000000000000000e+00,0.000000000000000000e+00,0.000000000000000000e+00,0.000000000000000000e+00
-7.600208877801686302e-01,6.298556565607150715e-01,9.155275113588967617e-01,2.943469643851932827e-02,-2.157033821952055938e-02,-7.767158250205434822e-01,-6.287931665637956913e-01,-3.396863562304781037e-01,1.800495665057564865e-01,2.446113281639829828e-01,6.433283731654723114e-01,1.517870158854077167e-01,-8.131790537320586487e-02,-4.446465911457480047e-01,-6.432111235222510645e-03,-1.739425608285694314e-01,2.732272776732686537e-01,-5.885058087864636356e-02,4.721178540523450137e-03,-4.608246901276817631e-02,0.000000000000000000e+00,0.000000000000000000e+00,0.000000000000000000e+00,0.000000000000000000e+00,0.000000000000000000e+00,0.000000000000000000e+00,0.000000000000000000e+00,0.000000000000000000e+00,0.000000000000000000e+00,0.000000000000000000e+00,0.000000000000000000e+00,0.000000000000000000e+00,0.000000000000000000e+00,0.000000000000000000e+00,0.000000000000000000e+00,0.000000000000000000e+00
-7.570788042529592587e-01,6.389557409678260358e-01,9.166556206655170902e-01,2.991236673222266718e-02,-2.335664123351735913e-02,-7.740053614642901092e-01,-6.320406775289865164e-01,-3.770759426327807695e-01,1.951418890196220390e-01,2.564092939273212579e-01,6.901651314484861244e-01,1.548121125677515142e-01,-8.186456420148871538e-02,-4.362581813459137647e-01,1.985551358988001114e-03,-1.647300562154459802e-01,2.683834129062392382e-01,-6.525579601109976480e-02,-5.820226540127645910e-04,-2.952618697510186671e-02,0.000000000000000000e+00,0.000000000000000000e+00,0.000000000000000000e+00,0.000000000000000000e+00,0.000000000000000000e+00,0.000000000000000000e+00,0.000000000000000000e+00,0.000000000000000000e+00,0.000000000000000000e+00,0.000000000000000000e+00,0.000000000000000000e+00,0.000000000000000000e+00,0.000000000000000000e+00,0.000000000000000000e+00,0.000000000000000000e+00,0.000000000000000000e+00
-7.544989352065608612e-01,6.472052103157833747e-01,9.175542686106761270e-01,3.011956276787110948e-02,-2.430671712089547271e-02,-7.721536277603541221e-01,-6.342560765006531875e-01,-4.125121501767970988e-01,2.096768700087919268e-01,2.665174711736548185e-01,7.357224339767842736e-01,1.523923804873308363e-01,-8.090612309797096113e-02,-4.275549633207080813e-01,9.909536659306187809e-03,-1.562796319272557466e-01,2.652796259972485804e-01,-7.240978838727124556e-02,-6.654169299687792520e-03,-1.564841633394217779e-02,0.000000000000000000e+00,0.000000000000000000e+00,0.000000000000000000e+00,0.000000000000000000e+00,0.000000000000000000e+00,0.000000000000000000e+00,0.000000000000000000e+00,0.000000000000000000e+00,0.000000000000000000e+00,0.000000000000000000e+00,0.000000000000000000e+00,0.000000000000000000e+00,0.000000000000000000e+00,0.000000000000000000e+00,0.000000000000000000e+00,0.000000000000000000e+00
-7.523605655638644363e-01,6.546570216612123128e-01,9.181134255238995179e-01,3.054522266868188451e-02,-2.507087575627674897e-02,-7.686504827554382357e-01,-6.384472381651961070e-01,-4.374283158178240427e-01,2.224247431701724675e-01,2.736605490050774137e-01,7.711258767484830967e-01,1.497681428266410819e-01,-7.805804988691404656e-02,-4.208736694897620145e-01,1.842771757566996280e-02,-1.477106828968779428e-01,2.638651652292599570e-01,-8.139444597982545271e-02,-1.313962974539537899e-02,-1.595320286141880487e-03,0.000000000000000000e+00,0.000000000000000000e+00,0.000000000000000000e+00,0.000000000000000000e+00,0.000000000000000000e+00,0.000000000000000000e+00,0.000000000000000000e+00,0.000000000000000000e+00,0.000000000000000000e+00,0.000000000000000000e+00,0.000000000000000000e+00,0.000000000000000000e+00,0.000000000000000000e+00,0.000000000000000000e+00,0.000000000000000000e+00,0.000000000000000000e+00
-7.507962701988000198e-01,6.611842052943116554e-01,9.185368849713734241e-01,2.929141618787649629e-02,-2.484096383648562445e-02,-7.652103164125809709e-01,-6.426337301364918320e-01,-4.675973127122242112e-01,2.327920934302376843e-01,2.754180988270914510e-01,8.085586474477903796e-01,1.376325538001426096e-01,-6.856841382760563153e-02,-4.132695349768202298e-01,2.476219619928375984e-02,-1.381599578504294767e-01,2.677488202422620422e-01,-9.358834598369122904e-02,-1.824754693796058411e-02,1.368302491001111877e-02,0.000000000000000000e+00,0.000000000000000000e+00,0.000000000000000000e+00,0.000000000000000000e+00,0.000000000000000000e+00,0.000000000000000000e+00,0.000000000000000000e+00,0.000000000000000000e+00,0.000000000000000000e+00,0.000000000000000000e+00,0.000000000000000000e+00,0.000000000000000000e+00,0.000000000000000000e+00,0.000000000000000000e+00,0.000000000000000000e+00,0.000000000000000000e+00
-7.499229959786101185e-01,6.668751350490551566e-01,9.188232106793613463e-01,2.778755635833460302e-02,-2.464708885900891017e-02,-7.613070254782005053e-01,-6.473267997541454211e-01,-4.918481454664326846e-01,2.421442623142806005e-01,2.746971494226541632e-01,8.351058006107555665e-01,1.219423445840177311e-01,-5.964168410730770475e-02,-4.070832709364258228e-01,2.880928270861176504e-02,-1.312052465104759646e-01,2.736658908356978115e-01,-1.060487907370893657e-01,-2.345806954036016093e-02,2.730427861502148987e-02,0.000000000000000000e+00,0.000000000000000000e+00,0.000000000000000000e+00,0.000000000000000000e+00,0.000000000000000000e+00,0.000000000000000000e+00,0.000000000000000000e+00,0.000000000000000000e+00,0.000000000000000000e+00,0.000000000000000000e+00,0.000000000000000000e+00,0.000000000000000000e+00,0.000000000000000000e+00,0.000000000000000000e+00,0.000000000000000000e+00,0.000000000000000000e+00
-7.499120744052231169e-01,6.718923963465219806e-01,9.189794479818205186e-01,2.668838299418868631e-02,-2.407653078789636497e-02,-7.581560036358160337e-01,-6.510818113181657818e-01,-5.082412239573729229e-01,2.450841448512800502e-01,2.713709345457775979e-01,8.407804560960494555e-01,1.068593021324755338e-01,-5.282999399978832722e-02,-4.022549603712215482e-01,3.286282714909344316e-02,-1.214668425892413695e-01,2.805816405260500579e-01,-1.161571835642066092e-01,-2.591962056982016413e-02,3.711881353971704239e-02,0.000000000000000000e+00,0.000000000000000000e+00,0.000000000000000000e+00,0.000000000000000000e+00,0.000000000000000000e+00,0.000000000000000000e+00,0.000000000000000000e+00,0.000000000000000000e+00,0.000000000000000000e+00,0.000000000000000000e+00,0.000000000000000000e+00,0.000000000000000000e+00,0.000000000000000000e+00,0.000000000000000000e+00,0.000000000000000000e+00,0.000000000000000000e+00
-7.509122667104118909e-01,6.761930202432064885e-01,9.188489344746252341e-01,2.643068387904564526e-02,-2.254271064600312999e-02,-7.540570577923481066e-01,-6.558896239002139916e-01,-5.165455585563055729e-01,2.470865007260273361e-01,2.689067033869486645e-01,8.219704662498781289e-01,8.624526547972090340e-02,-4.926687451534243756e-02,-3.959750768444182945e-01,3.747845654563360107e-02,-1.164094258658455033e-01,2.836533058043626543e-01,-1.265110255187864297e-01,-2.151614051131927122e-02,4.690975518036505365e-02,0.000000000000000000e+00,0.000000000000000000e+00,0.000000000000000000e+00,0.000000000000000000e+00,0.000000000000000000e+00,0.000000000000000000e+00,0.000000000000000000e+00,0.000000000000000000e+00,0.000000000000000000e+00,0.000000000000000000e+00,0.000000000000000000e+00,0.000000000000000000e+00,0.000000000000000000e+00,0.000000000000000000e+00,0.000000000000000000e+00,0.000000000000000000e+00
-7.527359891846350237e-01,6.798244324515219095e-01,9.186858251983319734e-01,2.659739688441731600e-02,-2.144598609205518314e-02,-7.497749462990980218e-01,-6.608102436113538758e-01,-5.203415367370608502e-01,2.407131826213324555e-01,2.626469094400809556e-01,7.836512128733496008e-01,6.670392007391801048e-02,-4.826366391383123816e-02,-3.909916730737187374e-01,4.026799209506604083e-02,-1.119916435942269750e-01,2.846235433217488842e-01,-1.331566298561926986e-01,-1.258812370542478250e-02,5.456255661189027967e-02,0.000000000000000000e+00,0.000000000000000000e+00,0.000000000000000000e+00,0.000000000000000000e+00,0.000000000000000000e+00,0.000000000000000000e+00,0.000000000000000000e+00,0.000000000000000000e+00,0.000000000000000000e+00,0.000000000000000000e+00,0.000000000000000000e+00,0.000000000000000000e+00,0.000000000000000000e+00,0.000000000000000000e+00,0.000000000000000000e+00,0.000000000000000000e+00
-7.552061176456951186e-01,6.828808889096457113e-01,9.187236916504479822e-01,2.628563459561592680e-02,-2.077491194953752160e-02,-7.452661386810495170e-01,-6.659248088056436421e-01,-5.140556741911316285e-01,2.279548757773747214e-01,2.530892331474050017e-01,7.222544085022735150e-01,4.783344594822773466e-02,-4.618453028468692823e-02,-3.866274576729364920e-01,4.090028761005486124e-02,-1.056401612848093113e-01,2.850325851829577095e-01,-1.348278856278056215e-01,-3.270468565221760354e-03,6.020351336875280623e-02,0.000000000000000000e+00,0.000000000000000000e+00,0.000000000000000000e+00,0.000000000000000000e+00,0.000000000000000000e+00,0.000000000000000000e+00,0.000000000000000000e+00,0.000000000000000000e+00,0.000000000000000000e+00,0.000000000000000000e+00,0.000000000000000000e+00,0.000000000000000000e+00,0.000000000000000000e+00,0.000000000000000000e+00,0.000000000000000000e+00,0.000000000000000000e+00
-7.581017834277598011e-01,6.853905892390916854e-01,9.190539759991475099e-01,2.386291836517934889e-02,-2.061166823823025115e-02,-7.402845357443276209e-01,-6.715538149674515900e-01,-5.018227118776649176e-01,2.060689042538330351e-01,2.341122741855713452e-01,6.480107426637919943e-01,2.159038024530005040e-02,-4.251709059670901597e-02,-3.824693455760946326e-01,3.654145627971299576e-02,-9.810468400241426079e-02,2.892715376538484984e-01,-1.343707842117790319e-01,6.838436445492593156e-03,6.655338168926897002e-02,0.000000000000000000e+00,0.000000000000000000e+00,0.000000000000000000e+00,0.000000000000000000e+00,0.000000000000000000e+00,0.000000000000000000e+00,0.000000000000000000e+00,0.000000000000000000e+00,0.000000000000000000e+00,0.000000000000000000e+00,0.000000000000000000e+00,0.000000000000000000e+00,0.000000000000000000e+00,0.000000000000000000e+00,0.000000000000000000e+00,0.000000000000000000e+00
-7.614442208330041151e-01,6.875368733972087032e-01,9.195375240001125716e-01,2.092977993112469029e-02,-2.145280073249419828e-02,-7.354387538701967486e-01,-6.769280323332886873e-01,-4.869384263003694313e-01,1.746933014641191551e-01,2.087754401504964274e-01,5.706807896253811574e-01,-1.266083107931029184e-02,-3.754840073805142120e-02,-3.811790384908583240e-01,2.931884643661494122e-02,-8.750916324207180796e-02,2.964451833230999922e-01,-1.341405426389672972e-01,1.685586174679118421e-02,6.861711881833365556e-02,0.000000000000000000e+00,0.000000000000000000e+00,0.000000000000000000e+00,0.000000000000000000e+00,0.000000000000000000e+00,0.000000000000000000e+00,0.000000000000000000e+00,0.000000000000000000e+00,0.000000000000000000e+00,0.000000000000000000e+00,0.000000000000000000e+00,0.000000000000000000e+00,0.000000000000000000e+00,0.000000000000000000e+00,0.000000000000000000e+00,0.000000000000000000e+00
-7.650430961782325179e-01,6.895156165655013103e-01,9.200824234666403756e-01,1.964177752518674047e-02,-2.337333120427902144e-02,-7.314978938281821996e-01,-6.811598338782158812e-01,-4.684857787948401020e-01,1.408799970574370619e-01,1.795437189522463006e-01,5.000400796942143788e-01,-4.424150758639789488e-02,-3.305266114622491813e-02,-3.814707602897813854e-01,2.285229562449634169e-02,-7.627810519846892068e-02,2.984019362787098117e-01,-1.365748108514408532e-01,2.252395624881546252e-02,6.752743537552126363e-02,0.000000000000000000e+00,0.000000000000000000e+00,0.000000000000000000e+00,0.000000000000000000e+00,0.000000000000000000e+00,0.000000000000000000e+00,0.000000000000000000e+00,0.000000000000000000e+00,0.000000000000000000e+00,0.000000000000000000e+00,0.000000000000000000e+00,0.000000000000000000e+00,0.000000000000000000e+00,0.000000000000000000e+00,0.000000000000000000e+00,0.000000000000000000e+00
-7.690112631033311219e-01,6.914397449625865333e-01,9.204631358681409914e-01,1.770382932913031060e-02,-2.427376951268838887e-02,-7.282073633562661241e-01,-6.846980316128008504e-01,-4.459198771370956327e-01,1.106674524626959505e-01,1.480236601274753927e-01,4.459203759883721419e-01,-6.348855418178786514e-02,-2.570129700265308750e-02,-3.813562533010262934e-01,1.648520405856189128e-02,-6.444969237209219326e-02,3.053850533619973939e-01,-1.433205531474655015e-01,2.692193295657630339e-02,6.229966729457313279e-02,0.000000000000000000e+00,0.000000000000000000e+00,0.000000000000000000e+00,0.000000000000000000e+00,0.000000000000000000e+00,0.000000000000000000e+00,0.000000000000000000e+00,0.000000000000000000e+00,0.000000000000000000e+00,0.000000000000000000e+00,0.000000000000000000e+00,0.000000000000000000e+00,0.000000000000000000e+00,0.000000000000000000e+00,0.000000000000000000e+00,0.000000000000000000e+00
-7.732740647857209160e-01,6.933523000574074446e-01,9.209157270539041207e-01,1.595436447652834669e-02,-2.460609297805553888e-02,-7.267837581625292698e-01,-6.862400216496079564e-01,-4.187736835902036714e-01,8.460291300932562542e-02,1.264826121328158914e-01,3.960754424665328122e-01,-7.503313226521307611e-02,-1.666016965514671017e-02,-3.788461277289203455e-01,1.008837016571274142e-02,-5.462789942040582880e-02,3.098716464956468020e-01,-1.487608407354659712e-01,3.049787617879677268e-02,5.224856139055333165e-02,0.000000000000000000e+00,0.000000000000000000e+00,0.000000000000000000e+00,0.000000000000000000e+00,0.000000000000000000e+00,0.000000000000000000e+00,0.000000000000000000e+00,0.000000000000000000e+00,0.000000000000000000e+00,0.000000000000000000e+00,0.000000000000000000e+00,0.000000000000000000e+00,0.000000000000000000e+00,0.000000000000000000e+00,0.000000000000000000e+00,0.000000000000000000e+00
-7.776874931865997986e-01,6.953225178215752811e-01,9.215702722433578575e-01,1.334665156883933085e-02,-2.514986890643257714e-02,-7.266933557951430478e-01,-6.863717051489536258e-01,-3.913924688057401902e-01,6.410116906035071005e-02,1.150275906134789056e-01,3.527588449443754826e-01,-8.394397853145857402e-02,-3.901230847864800393e-03,-3.752209450147178105e-01,6.361051502629744628e-04,-4.709675748995985345e-02,3.156838802468161509e-01,-1.552319529267290610e-01,3.439427343265478304e-02,4.251595734222829437e-02,0.000000000000000000e+00,0.000000000000000000e+00,0.000000000000000000e+00,0.000000000000000000e+00,0.000000000000000000e+00,0.000000000000000000e+00,0.000000000000000000e+00,0.000000000000000000e+00,0.000000000000000000e+00,0.000000000000000000e+00,0.000000000000000000e+00,0.000000000000000000e+00,0.000000000000000000e+00,0.000000000000000000e+00,0.000000000000000000e+00,0.000000000000000000e+00
-7.822560198173509338e-01,6.973389298137738779e-01,9.222030384304092943e-01,1.087055150010566955e-02,-2.560886742366339300e-02,-7.266210154469542326e-01,-6.864749936670651032e-01,-3.663455461150379455e-01,4.856370798481596252e-02,1.123410275109580636e-01,3.159076926591208312e-01,-9.027497978400668421e-02,8.633604911509138585e-03,-3.713628656709387355e-01,-8.710890071628108605e-03,-3.980411294328267680e-02,3.206626200832842777e-01,-1.599226116899339356e-01,3.829614420012055626e-02,3.251032163973774369e-02,0.000000000000000000e+00,0.000000000000000000e+00,0.000000000000000000e+00,0.000000000000000000e+00,0.000000000000000000e+00,0.000000000000000000e+00,0.000000000000000000e+00,0.000000000000000000e+00,0.000000000000000000e+00,0.000000000000000000e+00,0.000000000000000000e+00,0.000000000000000000e+00,0.000000000000000000e+00,0.000000000000000000e+00,0.000000000000000000e+00,0.000000000000000000e+00
-7.867686741856066979e-01,6.993273560173570713e-01,9.227317592084185449e-01,9.061812642224706393e-03,-2.568387313820823942e-02,-7.258996115636676683e-01,-6.872612139092187933e-01,-3.447872406703327286e-01,3.676504717880331452e-02,1.119482326197930033e-01,2.847931898496089409e-01,-9.113519959466831466e-02,1.987108222766706053e-02,-3.666923686604323662e-01,-1.592530838340332211e-02,-3.215148512853968632e-02,3.218658973368268561e-01,-1.610834257259857738e-01,4.328044136568363898e-02,2.547157111721100320e-02,0.000000000000000000e+00,0.000000000000000000e+00,0.000000000000000000e+00,0.000000000000000000e+00,0.000000000000000000e+00,0.000000000000000000e+00,0.000000000000000000e+00,0.000000000000000000e+00,0.000000000000000000e+00,0.000000000000000000e+00,0.000000000000000000e+00,0.000000000000000000e+00,0.000000000000000000e+00,0.000000000000000000e+00,0.000000000000000000e+00,0.000000000000000000e+00
-7.911104493566929463e-01,7.013108083093040346e-01,9.232532227654614010e-01,7.659091794790500590e-03,-2.569389241027366169e-02,-7.256358611315103513e-01,-6.875563680496447061e-01,-3.229576197124970904e-01,2.633566589452473669e-02,1.127306273096843198e-01,2.512767206781955642e-01,-8.700805855416207657e-02,2.813596049928162104e-02,-3.617238336803286769e-01,-2.307724685766012265e-02,-2.742238927061663167e-02,3.215774474370862168e-01,-1.599060538020517785e-01,4.915929180605559806e-02,1.881855918019494783e-02,0.000000000000000000e+00,0.000000000000000000e+00,0.000000000000000000e+00,0.000000000000000000e+00,0.000000000000000000e+00,0.000000000000000000e+00,0.000000000000000000e+00,0.000000000000000000e+00,0.000000000000000000e+00,0.000000000000000000e+00,0.000000000000000000e+00,0.000000000000000000e+00,0.000000000000000000e+00,0.000000000000000000e+00,0.000000000000000000e+00,0.000000000000000000e+00
-7.950762052305551109e-01,7.031665843132044458e-01,9.236185547837535426e-01,6.258617112958083165e-03,-2.518161763673443243e-02,-7.247779645068980203e-01,-6.884937312788456110e-01,-3.026526639012583342e-01,1.809190262124251922e-02,1.138868101838201308e-01,2.219405323442481814e-01,-7.945160491936667513e-02,3.437392122669689215e-02,-3.567193655757341375e-01,-2.923594040619657830e-02,-2.512094705124134908e-02,3.219088073589191357e-01,-1.580185974718468778e-01,5.266391787637401956e-02,1.246148438124524555e-02,0.000000000000000000e+00,0.000000000000000000e+00,0.000000000000000000e+00,0.000000000000000000e+00,0.000000000000000000e+00,0.000000000000000000e+00,0.000000000000000000e+00,0.000000000000000000e+00,0.000000000000000000e+00,0.000000000000000000e+00,0.000000000000000000e+00,0.000000000000000000e+00,0.000000000000000000e+00,0.000000000000000000e+00,0.000000000000000000e+00,0.000000000000000000e+00
-7.985958069817593596e-01,7.048898393710674171e-01,9.238266370381321702e-01,4.541380748390819178e-03,-2.407876390227698879e-02,-7.224445772593974802e-01,-6.909945164603882306e-01,-2.837662693350030962e-01,1.253317034561626624e-02,1.183696954740509344e-01,1.997961400669342746e-01,-7.519617425827068713e-02,3.799380088941636119e-02,-3.504235683631365950e-01,-3.409648841856426082e-02,-2.361813856118337440e-02,3.212463637852806531e-01,-1.590975610870671020e-01,5.484665776736061954e-02,8.210790051552481830e-03,0.000000000000000000e+00,0.000000000000000000e+00,0.000000000000000000e+00,0.000000000000000000e+00,0.000000000000000000e+00,0.000000000000000000e+00,0.000000000000000000e+00,0.000000000000000000e+00,0.000000000000000000e+00,0.000000000000000000e+00,0.000000000000000000e+00,0.000000000000000000e+00,0.000000000000000000e+00,0.000000000000000000e+00,0.000000000000000000e+00,0.000000000000000000e+00
-8.017113161590273540e-01,7.066252245444404334e-01,9.240082517157972575e-01,3.834086229349453062e-03,-2.383969237374846881e-02,-7.203637323366139933e-01,-6.931760685312016168e-01,-2.679866486980121976e-01,7.450263884855035101e-03,1.225466895484364771e-01,1.774321376992729626e-01,-6.929911570807253951e-02,4.061102272911546601e-02,-3.467965162152122360e-01,-3.871219407849035149e-02,-2.341771059873247463e-02,3.198379190307565900e-01,-1.582844123101951050e-01,5.765238423065596751e-02,3.915109177403695850e-03,0.000000000000000000e+00,0.000000000000000000e+00,0.000000000000000000e+00,0.000000000000000000e+00,0.000000000000000000e+00,0.000000000000000000e+00,0.000000000000000000e+00,0.000000000000000000e+00,0.000000000000000000e+00,0.000000000000000000e+00,0.000000000000000000e+00,0.000000000000000000e+00,0.000000000000000000e+00,0.000000000000000000e+00,0.000000000000000000e+00,0.000000000000000000e+00
-8.044568955728301773e-01,7.082730517305064755e-01,9.241180688335829396e-01,3.073069063148354055e-03,-2.323864057571923755e-02,-7.184272295555679255e-01,-6.952070466154928186e-01,-2.550671813385309572e-01,3.772889911990131608e-03,1.271882204025483465e-01,1.618098236515173038e-01,-6.460106976033992698e-02,4.294908044650623535e-02,-3.433302196892611402e-01,-4.226070233986350261e-02,-2.289584665410970832e-02,3.197746692566082460e-01,-1.571341315480868361e-01,6.002767171800080237e-02,2.622111312297770863e-04,0.000000000000000000e+00,0.000000000000000000e+00,0.000000000000000000e+00,0.000000000000000000e+00,0.000000000000000000e+00,0.000000000000000000e+00,0.000000000000000000e+00,0.000000000000000000e+00,0.000000000000000000e+00,0.000000000000000000e+00,0.000000000000000000e+00,0.000000000000000000e+00,0.000000000000000000e+00,0.000000000000000000e+00,0.000000000000000000e+00,0.000000000000000000e+00
-8.069221135781214915e-01,7.098110551354479547e-01,9.242368123250066514e-01,2.562534187675694422e-03,-2.273791590936523679e-02,-7.171707690775481758e-01,-6.965217215416565910e-01,-2.450554289986430767e-01,6.668835386201589499e-04,1.314680362836788963e-01,1.501817354558050710e-01,-6.122328175866359468e-02,4.528747752489368367e-02,-3.404589196467771028e-01,-4.570488654233400422e-02,-2.362162700026225470e-02,3.199049801173591834e-01,-1.543821478312853435e-01,6.250032361605104003e-02,-3.348639180115619077e-03,0.000000000000000000e+00,0.000000000000000000e+00,0.000000000000000000e+00,0.000000000000000000e+00,0.000000000000000000e+00,0.000000000000000000e+00,0.000000000000000000e+00,0.000000000000000000e+00,0.000000000000000000e+00,0.000000000000000000e+00,0.000000000000000000e+00,0.000000000000000000e+00,0.000000000000000000e+00,0.000000000000000000e+00,0.000000000000000000e+00,0.000000000000000000e+00
-8.090979270860968464e-01,7.111757931232036700e-01,9.243125088028203429e-01,2.208139958198967676e-03,-2.225602931115468891e-02,-7.160743413880596986e-01,-6.976656297130322537e-01,-2.380942116092439054e-01,-1.558276368212265298e-03,1.356087073261193487e-01,1.436513168510760718e-01,-5.966876644952977954e-02,4.664006143607451332e-02,-3.385714342328236537e-01,-4.845542458137896275e-02,-2.408766682507732654e-02,3.213515316830291013e-01,-1.530304223980060441e-01,6.411569983349924007e-02,-6.025207092988542519e-03,0.000000000000000000e+00,0.000000000000000000e+00,0.000000000000000000e+00,0.000000000000000000e+00,0.000000000000000000e+00,0.000000000000000000e+00,0.000000000000000000e+00,0.000000000000000000e+00,0.000000000000000000e+00,0.000000000000000000e+00,0.000000000000000000e+00,0.000000000000000000e+00,0.000000000000000000e+00,0.000000000000000000e+00,0.000000000000000000e+00,0.000000000000000000e+00
-8.110478896015432815e-01,7.123269846585704723e-01,9.244034738544614216e-01,2.051698126012704848e-03,-2.189749559071679091e-02,-7.152005411143892433e-01,-6.985731716945179359e-01,-2.329483460547575324e-01,-3.236552960237702031e-03,1.400472841408134661e-01,1.390550927400056591e-01,-5.800939863963553572e-02,4.745140295324099672e-02,-3.365518828341276802e-01,-5.067127225188280265e-02,-2.393650025744977275e-02,3.208181522587525425e-01,-1.498710175148100787e-01,6.622339369117233310e-02,-8.188270399575118749e-03,0.000000000000000000e+00,0.000000000000000000e+00,0.000000000000000000e+00,0.000000000000000000e+00,0.000000000000000000e+00,0.000000000000000000e+00,0.000000000000000000e+00,0.000000000000000000e+00,0.000000000000000000e+00,0.000000000000000000e+00,0.000000000000000000e+00,0.000000000000000000e+00,0.000000000000000000e+00,0.000000000000000000e+00,0.000000000000000000e+00,0.000000000000000000e+00
-8.127832521720089742e-01,7.132677879838402735e-01,9.244578674399845930e-01,2.406896566803699844e-03,-2.197487082995266613e-02,-7.147783788463040189e-01,-6.990015601089687447e-01,-2.318631717463608688e-01,-4.396054851398344121e-03,1.436798450256067117e-01,1.385766892324169219e-01,-5.753234587301062769e-02,4.750085925031642675e-02,-3.363415529638003054e-01,-5.274781568528481845e-02,-2.451468783555270023e-02,3.207453350716078511e-01,-1.466561988037688447e-01,6.796706208682516681e-02,-9.067968319042454817e-03,0.000000000000000000e+00,0.000000000000000000e+00,0.000000000000000000e+00,0.000000000000000000e+00,0.000000000000000000e+00,0.000000000000000000e+00,0.000000000000000000e+00,0.000000000000000000e+00,0.000000000000000000e+00,0.000000000000000000e+00,0.000000000000000000e+00,0.000000000000000000e+00,0.000000000000000000e+00,0.000000000000000000e+00,0.000000000000000000e+00,0.000000000000000000e+00
-8.143055687675656573e-01,7.139318942723230643e-01,9.244727624439947888e-01,2.214445219068612858e-03,-2.167475049151957114e-02,-7.144383658267796644e-01,-6.993590800570632648e-01,-2.300542043170253625e-01,-5.747825165358481925e-03,1.459718971423739353e-01,1.387430769045361334e-01,-5.769022662165111670e-02,4.779069410858775846e-02,-3.351913479132835327e-01,-5.464185440481147960e-02,-2.437514017450894896e-02,3.210463309612576754e-01,-1.443403953374430837e-01,6.912345187854686268e-02,-9.219351039265235789e-03,0.000000000000000000e+00,0.000000000000000000e+00,0.000000000000000000e+00,0.000000000000000000e+00,0.000000000000000000e+00,0.000000000000000000e+00,0.000000000000000000e+00,0.000000000000000000e+00,0.000000000000000000e+00,0.000000000000000000e+00,0.000000000000000000e+00,0.000000000000000000e+00,0.000000000000000000e+00,0.000000000000000000e+00,0.000000000000000000e+00,0.000000000000000000e+00
-8.156374316002005243e-01,7.144388979332702005e-01,9.244905683816864173e-01,2.118611343459727084e-03,-2.144080098140857538e-02,-7.140373505192463277e-01,-6.997760110226022290e-01,-2.300167105226902375e-01,-6.524503927445145929e-03,1.486890781413444107e-01,1.418416629680386842e-01,-5.933349592589727550e-02,4.789919152607863273e-02,-3.341364845104529135e-01,-5.615683673329747300e-02,-2.395219298773430469e-02,3.205861095886044509e-01,-1.421195544130292310e-01,7.116248274434067156e-02,-9.119806173395979265e-03,0.000000000000000000e+00,0.000000000000000000e+00,0.000000000000000000e+00,0.000000000000000000e+00,0.000000000000000000e+00,0.000000000000000000e+00,0.000000000000000000e+00,0.000000000000000000e+00,0.000000000000000000e+00,0.000000000000000000e+00,0.000000000000000000e+00,0.000000000000000000e+00,0.000000000000000000e+00,0.000000000000000000e+00,0.000000000000000000e+00,0.000000000000000000e+00
-8.167701414860107922e-01,7.148119393916436692e-01,9.244469209796886133e-01,1.733701907013872681e-03,-2.122735052356316404e-02,-7.134646855327900772e-01,-7.003674295432672503e-01,-2.291119347856413468e-01,-7.719616344617378362e-03,1.507325243938019144e-01,1.436535782139065076e-01,-6.058131193261661468e-02,4.797599581963958582e-02,-3.338667807238053231e-01,-5.785514392910605375e-02,-2.326295330981032611e-02,3.220452680237209653e-01,-1.410973577953394675e-01,7.246187347803628720e-02,-9.531769515511059887e-03,0.000000000000000000e+00,0.000000000000000000e+00,0.000000000000000000e+00,0.000000000000000000e+00,0.000000000000000000e+00,0.000000000000000000e+00,0.000000000000000000e+00,0.000000000000000000e+00,0.000000000000000000e+00,0.000000000000000000e+00,0.000000000000000000e+00,0.000000000000000000e+00,0.000000000000000000e+00,0.000000000000000000e+00,0.000000000000000000e+00,0.000000000000000000e+00
-8.177144157667054492e-01,7.151801553459888883e-01,9.244832705655734451e-01,1.429662524036730623e-03,-2.073988769710432417e-02,-7.135861767167440695e-01,-7.002589389091419259e-01,-2.271511633212734971e-01,-8.761716766418315219e-03,1.504797968854253432e-01,1.431787956542889817e-01,-6.090335977402485529e-02,4.827683872748752408e-02,-3.313509274143629502e-01,-5.906933653074732116e-02,-2.389217415718296322e-02,3.204711333797632400e-01,-1.393660595661491419e-01,7.385349401975675743e-02,-9.693437037970559916e-03,0.000000000000000000e+00,0.000000000000000000e+00,0.000000000000000000e+00,0.000000000000000000e+00,0.000000000000000000e+00,0.000000000000000000e+00,0.000000000000000000e+00,0.000000000000000000e+00,0.000000000000000000e+00,0.000000000000000000e+00,0.000000000000000000e+00,0.000000000000000000e+00,0.000000000000000000e+00,0.000000000000000000e+00,0.000000000000000000e+00,0.000000000000000000e+00
-8.184707395785959516e-01,7.155672667746226789e-01,9.244795170097234172e-01,1.218675935911878172e-03,-2.066733903853010951e-02,-7.135024605195311453e-01,-7.003467817864256206e-01,-2.258885432076114530e-01,-1.006562343941187244e-02,1.505893448203867724e-01,1.426337584601267139e-01,-6.092249442963957456e-02,4.931595915758218290e-02,-3.309011554695869828e-01,-6.044899972393846799e-02,-2.402053268478726578e-02,3.213142995446869321e-01,-1.389540728390159519e-01,7.477443385500999462e-02,-9.849694565109406302e-03,0.000000000000000000e+00,0.000000000000000000e+00,0.000000000000000000e+00,0.000000000000000000e+00,0.000000000000000000e+00,0.000000000000000000e+00,0.000000000000000000e+00,0.000000000000000000e+00,0.000000000000000000e+00,0.000000000000000000e+00,0.000000000000000000e+00,0.000000000000000000e+00,0.000000000000000000e+00,0.000000000000000000e+00,0.000000000000000000e+00,0.000000000000000000e+00
-8.190590707974484408e-01,7.159555397232014728e-01,9.244504586503470289e-01,6.503975348120943911e-04,-2.019436669227465259e-02,-7.136646260559994515e-01,-7.001960911439691904e-01,-2.236098975165488056e-01,-1.116129468162341959e-02,1.502165457975165042e-01,1.423344396046286875e-01,-6.188122776398714137e-02,5.058714726154310559e-02,-3.292317988733959866e-01,-6.180114720608342188e-02,-2.498170007293736006e-02,3.224670072925621134e-01,-1.393378249126126234e-01,7.559745640593451554e-02,-1.032387683344155281e-02,0.000000000000000000e+00,0.000000000000000000e+00,0.000000000000000000e+00,0.000000000000000000e+00,0.000000000000000000e+00,0.000000000000000000e+00,0.000000000000000000e+00,0.000000000000000000e+00,0.000000000000000000e+00,0.000000000000000000e+00,0.000000000000000000e+00,0.000000000000000000e+00,0.000000000000000000e+00,0.000000000000000000e+00,0.000000000000000000e+00,0.000000000000000000e+00
-8.194495799305474559e-01,7.164825033054579295e-01,9.244310159274277128e-01,7.448272818377094096e-04,-2.047044651609470495e-02,-7.140501796454474803e-01,-6.997947892061320285e-01,-2.223099266576180066e-01,-1.234574579503907796e-02,1.496360346728474733e-01,1.395668640066511923e-01,-6.174902512270857846e-02,5.053039128173065359e-02,-3.292732072243679253e-01,-6.305367989953875041e-02,-2.610423347935646177e-02,3.232264099970166282e-01,-1.403909028823170368e-01,7.536621978487909046e-02,-1.030292316548307198e-02,0.000000000000000000e+00,0.000000000000000000e+00,0.000000000000000000e+00,0.000000000000000000e+00,0.000000000000000000e+00,0.000000000000000000e+00,0.000000000000000000e+00,0.000000000000000000e+00,0.000000000000000000e+00,0.000000000000000000e+00,0.000000000000000000e+00,0.000000000000000000e+00,0.000000000000000000e+00,0.000000000000000000e+00,0.000000000000000000e+00,0.000000000000000000e+00
-8.197211622957969457e-01,7.170355897174947035e-01,9.244463639986916226e-01,1.091456599409951558e-03,-2.082046388443090784e-02,-7.150118606493163220e-01,-6.988013710182099381e-01,-2.214864432064187483e-01,-1.321572587342226615e-02,1.486443602822645205e-01,1.364213637419515734e-01,-6.137963467641469051e-02,4.968586061612282473e-02,-3.288548269649150813e-01,-6.437761379893293390e-02,-2.868978642835508241e-02,3.226786813617252281e-01,-1.404378372589976665e-01,7.657258076339081010e-02,-1.090420272516726997e-02,0.000000000000000000e+00,0.000000000000000000e+00,0.000000000000000000e+00,0.000000000000000000e+00,0.000000000000000000e+00,0.000000000000000000e+00,0.000000000000000000e+00,0.000000000000000000e+00,0.000000000000000000e+00,0.000000000000000000e+00,0.000000000000000000e+00,0.000000000000000000e+00,0.000000000000000000e+00,0.000000000000000000e+00,0.000000000000000000e+00,0.000000000000000000e+00
-8.197517682516490822e-01,7.174517852340929203e-01,9.243561600596238437e-01,9.064113338826153277e-04,-2.098160690983711524e-02,-7.178174483325495681e-01,-6.959145504006370997e-01,-2.302781437556752908e-01,-1.317491863252211876e-02,1.468549626136754771e-01,1.541039465589739699e-01,-6.711924690841530872e-02,4.660409836136229084e-02,-3.325891746423722539e-01,-6.761589209132977396e-02,-3.537578785740125992e-02,3.353685202694290379e-01,-1.453383629066549720e-01,7.630342590813067594e-02,-1.002105125019688188e-02,0.000000000000000000e+00,0.000000000000000000e+00,0.000000000000000000e+00,0.000000000000000000e+00,0.000000000000000000e+00,0.000000000000000000e+00,0.000000000000000000e+00,0.000000000000000000e+00,0.000000000000000000e+00,0.000000000000000000e+00,0.000000000000000000e+00,0.000000000000000000e+00,0.000000000000000000e+00,0.000000000000000000e+00,0.000000000000000000e+00,0.000000000000000000e+00
