7.227408220716170870e-04,-1.129361407423236895e-02,1.990396700718900735e+00,-8.830892995890541816e-03,4.058702743070943114e-02,6.271812238619156599e-01,7.777650165495382240e-01,-3.565694037735699373e-01,-9.704191045355385625e-02,-1.272823376463592948e-02,3.348358441475182135e-01,-1.893702017434984175e-01,1.225698562054737262e-01,-4.197875436913599545e-01,-9.581936606580399030e-02,-3.069781060404966691e-02,4.217622376598494927e-01,-1.588177698307466357e-01,5.072349705410582332e-02,3.128420008685581233e-02,0.000000000000000000e+00,0.000000000000000000e+00,0.000000000000000000e+00,0.000000000000000000e+00,0.000000000000000000e+00,0.000000000000000000e+00,0.000000000000000000e+00,0.000000000000000000e+00,0.000000000000000000e+00,0.000000000000000000e+00,0.000000000000000000e+00,0.000000000000000000e+00,0.000000000000000000e+00,0.000000000000000000e+00,0.000000000000000000e+00,0.000000000000000000e+00
3.335400873642460542e-04,-1.113309674878368988e-02,1.990118773607200575e+00,-1.048241851985058475e-02,4.116677368902240536e-02,6.270217632374258665e-01,7.778426088050467424e-01,-3.687238098435917655e-01,-9.541177951550115777e-02,-1.195040776053242493e-02,3.536149839636740788e-01,-1.986448222479622605e-01,1.219768894301659495e-01,-4.233923208136364247e-01,-9.418624277804953093e-02,-3.100809625164103675e-02,4.226394840600826153e-01,-1.605765535770901364e-01,5.070697159568144513e-02,3.166984561355811606e-02,0.000000000000000000e+00,0.000000000000000000e+00,0.000000000000000000e+00,0.000000000000000000e+00,0.000000000000000000e+00,0.000000000000000000e+00,0.000000000000000000e+00,0.000000000000000000e+00,0.000000000000000000e+00,0.000000000000000000e+00,0.000000000000000000e+00,0.000000000000000000e+00,0.000000000000000000e+00,0.000000000000000000e+00,0.000000000000000000e+00,0.000000000000000000e+00
-2.404591555627125015e-04,-1.092820487968674571e-02,1.990056051882760357e+00,-1.127537996838352645e-02,4.135136049085893356e-02,6.264543193105560626e-01,7.782788167548131408e-01,-3.722040800526473237e-01,-9.456565628322675943e-02,-1.043498992023572658e-02,3.584850305644824431e-01,-2.017527174452176941e-01,1.215987771449981159e-01,-4.239641121346338637e-01,-9.312331227297118708e-02,-2.957063929788093445e-02,4.205445462845938120e-01,-1.609498096078671170e-01,5.146109765431491900e-02,3.196842993725364929e-02,0.000000000000000000e+00,0.000000000000000000e+00,0.000000000000000000e+00,0.000000000000000000e+00,0.000000000000000000e+00,0.000000000000000000e+00,0.000000000000000000e+00,0.000000000000000000e+00,0.000000000000000000e+00,0.000000000000000000e+00,0.000000000000000000e+00,0.000000000000000000e+00,0.000000000000000000e+00,0.000000000000000000e+00,0.000000000000000000e+00,0.000000000000000000e+00
-9.983707947843537250e-04,-1.071962391211407108e-02,1.990005380604509932e+00,-1.189761228348623114e-02,4.156204804073065223e-02,6.267241829689286226e-01,7.780410281383244309e-01,-3.743779932406651190e-01,-9.465745683149663636e-02,-9.716792425113363052e-03,3.603702437997089447e-01,-2.028181433608578499e-01,1.218684915430555821e-01,-4.245192998330279965e-01,-9.353116341212501517e-02,-2.991193307262552878e-02,4.194251982327434347e-01,-1.599077562170422573e-01,5.268703347636222167e-02,3.261579395748424870e-02,0.000000000000000000e+00,0.000000000000000000e+00,0.000000000000000000e+00,0.000000000000000000e+00,0.000000000000000000e+00,0.000000000000000000e+00,0.000000000000000000e+00,0.000000000000000000e+00,0.000000000000000000e+00,0.000000000000000000e+00,0.000000000000000000e+00,0.000000000000000000e+00,0.000000000000000000e+00,0.000000000000000000e+00,0.000000000000000000e+00,0.000000000000000000e+00
-1.965134582803498061e-03,-1.052436260455951247e-02,1.990001594391718642e+00,-1.246355555593446802e-02,4.166147735085871939e-02,6.268017521591032759e-01,7.779643594523634187e-01,-3.754950176374909354e-01,-9.495349483755803621e-02,-9.212527217026797444e-03,3.606695558229346399e-01,-2.038442032020206240e-01,1.219890914737298826e-01,-4.245031461141541840e-01,-9.398672010021977274e-02,-3.005041582366845682e-02,4.173327472792884851e-01,-1.583697220277802131e-01,5.353533129067817448e-02,3.300447407967051217e-02,0.000000000000000000e+00,0.000000000000000000e+00,0.000000000000000000e+00,0.000000000000000000e+00,0.000000000000000000e+00,0.000000000000000000e+00,0.000000000000000000e+00,0.000000000000000000e+00,0.000000000000000000e+00,0.000000000000000000e+00,0.000000000000000000e+00,0.000000000000000000e+00,0.000000000000000000e+00,0.000000000000000000e+00,0.000000000000000000e+00,0.000000000000000000e+00
-3.076442223358719953e-03,-1.031127159537992451e-02,1.989922411159863236e+00,-1.314073282696668135e-02,4.215461717768518440e-02,6.273846884681821834e-01,7.774565981886416566e-01,-3.777256048037287983e-01,-9.617819431600144187e-02,-9.438079711788144310e-03,3.610773000035570890e-01,-2.042297612406216434e-01,1.228029404757163129e-01,-4.262996213734808748e-01,-9.524801005484419270e-02,-3.008745979126595596e-02,4.175266798063967943e-01,-1.568662118874984968e-01,5.491601026266879765e-02,3.336320775398139704e-02,0.000000000000000000e+00,0.000000000000000000e+00,0.000000000000000000e+00,0.000000000000000000e+00,0.000000000000000000e+00,0.000000000000000000e+00,0.000000000000000000e+00,0.000000000000000000e+00,0.000000000000000000e+00,0.000000000000000000e+00,0.000000000000000000e+00,0.000000000000000000e+00,0.000000000000000000e+00,0.000000000000000000e+00,0.000000000000000000e+00,0.000000000000000000e+00
-4.350684618247462401e-03,-1.007804182929369387e-02,1.989794334294290978e+00,-1.385418341278863222e-02,4.269382088271627546e-02,6.276586701483295450e-01,7.771936007508226663e-01,-3.802015354919164869e-01,-9.735569088101876656e-02,-8.885068042470745109e-03,3.619698722885597020e-01,-2.057812965458796217e-01,1.232715438090597471e-01,-4.286579258808985715e-01,-9.636319499293576063e-02,-2.914720957194730233e-02,4.181918405694404761e-01,-1.561385760164743230e-01,5.613926058795004614e-02,3.303190348134456278e-02,0.000000000000000000e+00,0.000000000000000000e+00,0.000000000000000000e+00,0.000000000000000000e+00,0.000000000000000000e+00,0.000000000000000000e+00,0.000000000000000000e+00,0.000000000000000000e+00,0.000000000000000000e+00,0.000000000000000000e+00,0.000000000000000000e+00,0.000000000000000000e+00,0.000000000000000000e+00,0.000000000000000000e+00,0.000000000000000000e+00,0.000000000000000000e+00
-5.746533690154720549e-03,-9.807045145298391720e-03,1.989644259044781149e+00,-1.490823907602900449e-02,4.344079290073363936e-02,6.280481014201279022e-01,7.768180122926988673e-01,-3.839291012644977519e-01,-9.865074488735998959e-02,-9.096930828730837026e-03,3.635493069500001506e-01,-2.072263084156048818e-01,1.240318940540321574e-01,-4.317723841085842063e-01,-9.734143195749551947e-02,-2.822477237751502832e-02,4.189011761108794585e-01,-1.556009296351467952e-01,5.734323523095795350e-02,3.247649625822714159e-02,0.000000000000000000e+00,0.000000000000000000e+00,0.000000000000000000e+00,0.000000000000000000e+00,0.000000000000000000e+00,0.000000000000000000e+00,0.000000000000000000e+00,0.000000000000000000e+00,0.000000000000000000e+00,0.000000000000000000e+00,0.000000000000000000e+00,0.000000000000000000e+00,0.000000000000000000e+00,0.000000000000000000e+00,0.000000000000000000e+00,0.000000000000000000e+00
-7.235213117399389576e-03,-9.497258421940973222e-03,1.989452866617499760e+00,-1.571430538651831868e-02,4.392838543404267021e-02,6.288167923987357799e-01,7.761525617794107212e-01,-3.871738542177490250e-01,-1.002613622853442965e-01,-9.488403406098480652e-03,3.657145493885175513e-01,-2.091144932208096607e-01,1.244047635417919462e-01,-4.344159389173626318e-01,-9.886102737895366421e-02,-2.787057029077506798e-02,4.207037533428043541e-01,-1.551886224629179800e-01,5.870574789688902395e-02,3.242995204671452608e-02,0.000000000000000000e+00,0.000000000000000000e+00,0.000000000000000000e+00,0.000000000000000000e+00,0.000000000000000000e+00,0.000000000000000000e+00,0.000000000000000000e+00,0.000000000000000000e+00,0.000000000000000000e+00,0.000000000000000000e+00,0.000000000000000000e+00,0.000000000000000000e+00,0.000000000000000000e+00,0.000000000000000000e+00,0.000000000000000000e+00,0.000000000000000000e+00
-8.762476117480873933e-03,-9.062004027382232138e-03,1.989160303808387154e+00,-1.664289664110307071e-02,4.463276907802725402e-02,6.296958291521679296e-01,7.753799666384114664e-01,-3.920420443587167569e-01,-1.020398581861956949e-01,-9.355505263585653375e-03,3.704231543808970684e-01,-2.124778772166363849e-01,1.254840549382459092e-01,-4.385863812111245319e-01,-1.004347200784689309e-01,-2.685026267149572682e-02,4.248429133724724860e-01,-1.555425588565292616e-01,5.961202920783536391e-02,3.240699103304368195e-02,0.000000000000000000e+00,0.000000000000000000e+00,0.000000000000000000e+00,0.000000000000000000e+00,0.000000000000000000e+00,0.000000000000000000e+00,0.000000000000000000e+00,0.000000000000000000e+00,0.000000000000000000e+00,0.000000000000000000e+00,0.000000000000000000e+00,0.000000000000000000e+00,0.000000000000000000e+00,0.000000000000000000e+00,0.000000000000000000e+00,0.000000000000000000e+00
-1.031356305768345825e-02,-8.488602817085159555e-03,1.988887258416240700e+00,-1.753020465031726940e-02,4.535094140369544391e-02,6.298152827290166567e-01,7.752217061458513969e-01,-3.964274272572492208e-01,-1.040646807696987974e-01,-9.907002703587061698e-03,3.747338911170270959e-01,-2.152381041027971731e-01,1.267772421728613763e-01,-4.424258982354032921e-01,-1.018707515671352787e-01,-2.540199060649572099e-02,4.279554293466920067e-01,-1.559559371552487472e-01,6.096454194272465238e-02,3.305380342055844189e-02,0.000000000000000000e+00,0.000000000000000000e+00,0.000000000000000000e+00,0.000000000000000000e+00,0.000000000000000000e+00,0.000000000000000000e+00,0.000000000000000000e+00,0.000000000000000000e+00,0.000000000000000000e+00,0.000000000000000000e+00,0.000000000000000000e+00,0.000000000000000000e+00,0.000000000000000000e+00,0.000000000000000000e+00,0.000000000000000000e+00,0.000000000000000000e+00
-1.187521421841472059e-02,-7.713394222618224355e-03,1.988545153152039280e+00,-1.840035506462532611e-02,4.607971558076268126e-02,6.306332295104251084e-01,7.744932643882338485e-01,-4.011801654291098362e-01,-1.063027544304356448e-01,-9.907790077911371451e-03,3.803595852610892059e-01,-2.198252029413989561e-01,1.292377542667057233e-01,-4.464126480478458059e-01,-1.039087503973188525e-01,-2.473140909384841102e-02,4.326390618725960979e-01,-1.570919238736964152e-01,6.220460970152964786e-02,3.319563101590319171e-02,0.000000000000000000e+00,0.000000000000000000e+00,0.000000000000000000e+00,0.000000000000000000e+00,0.000000000000000000e+00,0.000000000000000000e+00,0.000000000000000000e+00,0.000000000000000000e+00,0.000000000000000000e+00,0.000000000000000000e+00,0.000000000000000000e+00,0.000000000000000000e+00,0.000000000000000000e+00,0.000000000000000000e+00,0.000000000000000000e+00,0.000000000000000000e+00
-1.346535582652354755e-02,-6.718141885083600551e-03,1.988250748475186125e+00,-1.903180117442130823e-02,4.679001972383199648e-02,6.310971351424705666e-01,7.740574207468503554e-01,-4.040042224474570398e-01,-1.090260506194990486e-01,-1.039916503491161714e-02,3.834451330979299355e-01,-2.237174447954533851e-01,1.307296515480704246e-01,-4.497999504382829694e-01,-1.061355152297975835e-01,-2.309899717026323018e-02,4.367843949083570765e-01,-1.569020447693049158e-01,6.451218489187691973e-02,3.300873172909474240e-02,0.000000000000000000e+00,0.000000000000000000e+00,0.000000000000000000e+00,0.000000000000000000e+00,0.000000000000000000e+00,0.000000000000000000e+00,0.000000000000000000e+00,0.000000000000000000e+00,0.000000000000000000e+00,0.000000000000000000e+00,0.000000000000000000e+00,0.000000000000000000e+00,0.000000000000000000e+00,0.000000000000000000e+00,0.000000000000000000e+00,0.000000000000000000e+00
-1.497766883681600492e-02,-5.407234869168282831e-03,1.987854010665028648e+00,-1.979275763977064034e-02,4.793995406285520705e-02,6.318411097247303987e-01,7.733607305852074898e-01,-4.076269962697254834e-01,-1.118588858001063197e-01,-9.756519657318538097e-03,3.870984746297003176e-01,-2.286260958040773339e-01,1.315406985219693126e-01,-4.549396620799671109e-01,-1.094160351314208551e-01,-2.291983805230109889e-02,4.439518730929420398e-01,-1.587617930248843290e-01,6.621876764642015134e-02,3.255459211671405534e-02,0.000000000000000000e+00,0.000000000000000000e+00,0.000000000000000000e+00,0.000000000000000000e+00,0.000000000000000000e+00,0.000000000000000000e+00,0.000000000000000000e+00,0.000000000000000000e+00,0.000000000000000000e+00,0.000000000000000000e+00,0.000000000000000000e+00,0.000000000000000000e+00,0.000000000000000000e+00,0.000000000000000000e+00,0.000000000000000000e+00,0.000000000000000000e+00
-1.643491684023363000e-02,-3.760113446711427221e-03,1.987327461345659962e+00,-2.038152891467298611e-02,4.927627599620461318e-02,6.320192943040896516e-01,7.731158086149880759e-01,-4.116874234892438089e-01,-1.151147775854050870e-01,-8.367694800580555148e-03,3.927761590014708371e-01,-2.353301011297040946e-01,1.329716840655814081e-01,-4.617788335625473417e-01,-1.129821401224724575e-01,-2.175251214643195846e-02,4.547241074125398796e-01,-1.623377851161967311e-01,6.772776678763867131e-02,3.205543924788673699e-02,0.000000000000000000e+00,0.000000000000000000e+00,0.000000000000000000e+00,0.000000000000000000e+00,0.000000000000000000e+00,0.000000000000000000e+00,0.000000000000000000e+00,0.000000000000000000e+00,0.000000000000000000e+00,0.000000000000000000e+00,0.000000000000000000e+00,0.000000000000000000e+00,0.000000000000000000e+00,0.000000000000000000e+00,0.000000000000000000e+00,0.000000000000000000e+00
-1.788810928294216895e-02,-1.782842943750045320e-03,1.986733011281536898e+00,-2.045115965720121706e-02,5.022268614951472254e-02,6.329562768082444002e-01,7.722860762137617741e-01,-4.138295785921520809e-01,-1.190737204128395343e-01,-7.213726947810000789e-03,3.980586434111307859e-01,-2.423898478432044146e-01,1.350491452512427859e-01,-4.672188395350408974e-01,-1.180241275759701114e-01,-2.218170240680809868e-02,4.669148104120355858e-01,-1.643726943520734118e-01,7.144574770268266595e-02,3.067758609217877477e-02,0.000000000000000000e+00,0.000000000000000000e+00,0.000000000000000000e+00,0.000000000000000000e+00,0.000000000000000000e+00,0.000000000000000000e+00,0.000000000000000000e+00,0.000000000000000000e+00,0.000000000000000000e+00,0.000000000000000000e+00,0.000000000000000000e+00,0.000000000000000000e+00,0.000000000000000000e+00,0.000000000000000000e+00,0.000000000000000000e+00,0.000000000000000000e+00
-1.921433116227186030e-02,5.916735646786372080e-04,1.985942899149939933e+00,-2.034696676327968357e-02,5.170366337837892234e-02,6.332877873948934422e-01,7.719192383101157739e-01,-4.171199087788500237e-01,-1.240456106524381319e-01,-5.850259173051597372e-03,4.055251183874038490e-01,-2.504032017342763816e-01,1.376223400617727077e-01,-4.761629123367640548e-01,-1.240311304168223022e-01,-2.219254689816330811e-02,4.853427143402953003e-01,-1.676932570763107477e-01,7.303132164099997159e-02,3.041164888143293304e-02,0.000000000000000000e+00,0.000000000000000000e+00,0.000000000000000000e+00,0.000000000000000000e+00,0.000000000000000000e+00,0.000000000000000000e+00,0.000000000000000000e+00,0.000000000000000000e+00,0.000000000000000000e+00,0.000000000000000000e+00,0.000000000000000000e+00,0.000000000000000000e+00,0.000000000000000000e+00,0.000000000000000000e+00,0.000000000000000000e+00,0.000000000000000000e+00
-2.050686579643044155e-02,3.507594137222679997e-03,1.985179018041618004e+00,-2.006875093855261041e-02,5.376590819758080009e-02,6.347904814025241427e-01,7.705501392331370880e-01,-4.181305726848473237e-01,-1.310185860034858707e-01,-6.609189430646575381e-03,4.076039746436572742e-01,-2.564823006602065525e-01,1.394124202316334993e-01,-4.850029180049948430e-01,-1.326501434085615716e-01,-2.394148912734436752e-02,5.039746971093431727e-01,-1.659932912281839590e-01,7.720487006934194374e-02,2.709705004557743518e-02,0.000000000000000000e+00,0.000000000000000000e+00,0.000000000000000000e+00,0.000000000000000000e+00,0.000000000000000000e+00,0.000000000000000000e+00,0.000000000000000000e+00,0.000000000000000000e+00,0.000000000000000000e+00,0.000000000000000000e+00,0.000000000000000000e+00,0.000000000000000000e+00,0.000000000000000000e+00,0.000000000000000000e+00,0.000000000000000000e+00,0.000000000000000000e+00
-2.170915180093767674e-02,6.964614526186121632e-03,1.984199196695090706e+00,-1.907014367302397456e-02,5.587045295790402100e-02,6.360690012348323430e-01,7.693705529682635103e-01,-4.178665773496121894e-01,-1.393616872905720783e-01,-7.184691482962329845e-03,4.103419628442703804e-01,-2.625907455462488382e-01,1.411314263222826493e-01,-4.949097947196317016e-01,-1.429789543212311442e-01,-2.490655958480197246e-02,5.265539911575194409e-01,-1.590396065163878214e-01,8.251969704869309419e-02,2.308695215464286882e-02,0.000000000000000000e+00,0.000000000000000000e+00,0.000000000000000000e+00,0.000000000000000000e+00,0.000000000000000000e+00,0.000000000000000000e+00,0.000000000000000000e+00,0.000000000000000000e+00,0.000000000000000000e+00,0.000000000000000000e+00,0.000000000000000000e+00,0.000000000000000000e+00,0.000000000000000000e+00,0.000000000000000000e+00,0.000000000000000000e+00,0.000000000000000000e+00
-2.275405785706934372e-02,1.097927989452805383e-02,1.982849288379779473e+00,-1.625923609315851892e-02,5.883474750235679479e-02,6.387394284510602427e-01,7.669980784004697405e-01,-4.135808107177868509e-01,-1.529684576809736407e-01,-9.379886518121285932e-03,4.080765919363749106e-01,-2.671016359875213464e-01,1.428790379242398934e-01,-5.038225779474948540e-01,-1.610171755988541731e-01,-2.800073014882330930e-02,5.450743774061230784e-01,-1.332227280568555050e-01,9.189993261008269632e-02,1.550395302183996821e-02,0.000000000000000000e+00,0.000000000000000000e+00,0.000000000000000000e+00,0.000000000000000000e+00,0.000000000000000000e+00,0.000000000000000000e+00,0.000000000000000000e+00,0.000000000000000000e+00,0.000000000000000000e+00,0.000000000000000000e+00,0.000000000000000000e+00,0.000000000000000000e+00,0.000000000000000000e+00,0.000000000000000000e+00,0.000000000000000000e+00,0.000000000000000000e+00
-2.358660204596961865e-02,1.565796764974004135e-02,1.980706088862988379e+00,-1.037815063806873592e-02,6.145717895855244695e-02,6.418074942197571353e-01,7.643287574775309290e-01,-4.052068919964615379e-01,-1.718245955402323832e-01,-1.120623850781216069e-02,4.090479508468800596e-01,-2.726340362080194590e-01,1.469762944880071698e-01,-5.103694735204316046e-01,-1.905650088162678946e-01,-3.950431335261019722e-02,5.589662127973129557e-01,-7.218341397408020721e-02,1.045280874054195924e-01,4.549796384473609248e-03,0.000000000000000000e+00,0.000000000000000000e+00,0.000000000000000000e+00,0.000000000000000000e+00,0.000000000000000000e+00,0.000000000000000000e+00,0.000000000000000000e+00,0.000000000000000000e+00,0.000000000000000000e+00,0.000000000000000000e+00,0.000000000000000000e+00,0.000000000000000000e+00,0.000000000000000000e+00,0.000000000000000000e+00,0.000000000000000000e+00,0.000000000000000000e+00
-2.446156997561257929e-02,2.098907147187205335e-02,1.980693804577984052e+00,-9.906908881424458455e-03,5.990856472413448597e-02,6.425089183531351722e-01,7.638685141212415708e-01,-3.931957341085203783e-01,-1.731296748639343797e-01,-1.266919702892882471e-02,4.054427027754787249e-01,-2.773079711183920049e-01,1.461005360809119191e-01,-5.381096741048839727e-01,-2.073847592406856954e-01,-6.222726750807419660e-02,6.128851408772195697e-01,-8.318878532454196395e-02,9.179803387214541255e-02,-1.145070212959626264e-04,0.000000000000000000e+00,0.000000000000000000e+00,0.000000000000000000e+00,0.000000000000000000e+00,0.000000000000000000e+00,0.000000000000000000e+00,0.000000000000000000e+00,0.000000000000000000e+00,0.000000000000000000e+00,0.000000000000000000e+00,0.000000000000000000e+00,0.000000000000000000e+00,0.000000000000000000e+00,0.000000000000000000e+00,0.000000000000000000e+00,0.000000000000000000e+00
-2.534618070011234597e-02,2.710393123796469433e-02,1.981859090277571900e+00,-1.353623759875718924e-02,5.616210822527929747e-02,6.436620345336050431e-01,7.631263153445974057e-01,-3.837704986634078996e-01,-1.645385536760095579e-01,-1.741260532837740627e-02,4.059121224013007012e-01,-2.847600053948945997e-01,1.448946910261529886e-01,-5.929508326766226300e-01,-2.014430872407209916e-01,-6.129564896693427689e-02,6.971152429876774637e-01,-1.498238851756845125e-01,7.285965590390257318e-02,-7.588601142609133210e-03,0.000000000000000000e+00,0.000000000000000000e+00,0.000000000000000000e+00,0.000000000000000000e+00,0.000000000000000000e+00,0.000000000000000000e+00,0.000000000000000000e+00,0.000000000000000000e+00,0.000000000000000000e+00,0.000000000000000000e+00,0.000000000000000000e+00,0.000000000000000000e+00,0.000000000000000000e+00,0.000000000000000000e+00,0.000000000000000000e+00,0.000000000000000000e+00
-2.572201565875037801e-02,3.419830679492149444e-02,1.981214420889748862e+00,-1.296592986670819410e-02,5.584423966347672880e-02,6.468040785918421909e-01,7.604983822968049978e-01,-3.768598527071668758e-01,-1.696491365730269096e-01,-2.323494898258478270e-02,4.127642289944934983e-01,-2.928817777899632713e-01,1.468277454823754546e-01,-6.252571257429520024e-01,-2.053412095703623375e-01,-6.593222693749099805e-02,7.395412263029949029e-01,-1.405315322196587502e-01,7.107020007635372894e-02,-2.171274652888896539e-02,0.000000000000000000e+00,0.000000000000000000e+00,0.000000000000000000e+00,0.000000000000000000e+00,0.000000000000000000e+00,0.000000000000000000e+00,0.000000000000000000e+00,0.000000000000000000e+00,0.000000000000000000e+00,0.000000000000000000e+00,0.000000000000000000e+00,0.000000000000000000e+00,0.000000000000000000e+00,0.000000000000000000e+00,0.000000000000000000e+00,0.000000000000000000e+00
-2.578916440382539657e-02,4.232435657796616152e-02,1.980471164617600754e+00,-1.115567672832316198e-02,5.477841277006914589e-02,6.491821593545695768e-01,7.585759028250653735e-01,-3.643862013573008207e-01,-1.749799876711754520e-01,-2.815940067245116529e-02,4.175996056291175762e-01,-3.003245371135195851e-01,1.462400112417925890e-01,-6.499531751471003815e-01,-2.090083065126213113e-01,-7.265093606628314493e-02,7.641220681662885816e-01,-1.242337714481346472e-01,7.207762415789900623e-02,-3.464834678671397522e-02,0.000000000000000000e+00,0.000000000000000000e+00,0.000000000000000000e+00,0.000000000000000000e+00,0.000000000000000000e+00,0.000000000000000000e+00,0.000000000000000000e+00,0.000000000000000000e+00,0.000000000000000000e+00,0.000000000000000000e+00,0.000000000000000000e+00,0.000000000000000000e+00,0.000000000000000000e+00,0.000000000000000000e+00,0.000000000000000000e+00,0.000000000000000000e+00
-2.558942229753788725e-02,5.131608175531578858e-02,1.979747467102572989e+00,-1.004998812604026431e-02,5.364320787120127609e-02,6.523684401969187530e-01,7.559344033862941403e-01,-3.519823494159704524e-01,-1.784819916045499721e-01,-3.312216186859683054e-02,4.236421174167088743e-01,-3.099285693905246553e-01,1.436685523101593476e-01,-6.763154911755554499e-01,-2.120707801377319790e-01,-8.173133578079473660e-02,7.696989072967820311e-01,-1.143969521367124431e-01,7.407659876597334769e-02,-5.218187285029442235e-02,0.000000000000000000e+00,0.000000000000000000e+00,0.000000000000000000e+00,0.000000000000000000e+00,0.000000000000000000e+00,0.000000000000000000e+00,0.000000000000000000e+00,0.000000000000000000e+00,0.000000000000000000e+00,0.000000000000000000e+00,0.000000000000000000e+00,0.000000000000000000e+00,0.000000000000000000e+00,0.000000000000000000e+00,0.000000000000000000e+00,0.000000000000000000e+00
-2.516754586269944610e-02,6.121987469673189491e-02,1.978890035240295164e+00,-9.574209994929713460e-03,5.329748416530859928e-02,6.560765016629885871e-01,7.527491857519849061e-01,-3.394540942095366498e-01,-1.822404438973954655e-01,-3.995189920540671846e-02,4.280534037197247232e-01,-3.230794566501467568e-01,1.408560230916988398e-01,-7.027057537269341125e-01,-2.147264394831942813e-01,-9.075175282024759704e-02,7.563197042862481734e-01,-1.081724398408017151e-01,7.856076468407886815e-02,-7.079122832715813163e-02,0.000000000000000000e+00,0.000000000000000000e+00,0.000000000000000000e+00,0.000000000000000000e+00,0.000000000000000000e+00,0.000000000000000000e+00,0.000000000000000000e+00,0.000000000000000000e+00,0.000000000000000000e+00,0.000000000000000000e+00,0.000000000000000000e+00,0.000000000000000000e+00,0.000000000000000000e+00,0.000000000000000000e+00,0.000000000000000000e+00,0.000000000000000000e+00
-2.452146123846230333e-02,7.166246195970454869e-02,1.977759959532719991e+00,-8.994742752258444787e-03,5.258730707710454477e-02,6.602056229259896103e-01,7.491876969051917134e-01,-3.267446863200157980e-01,-1.853065604245731635e-01,-4.654579665104455199e-02,4.358401956763917062e-01,-3.397959691877367461e-01,1.396747077205821308e-01,-7.283856793077870817e-01,-2.196877709714336324e-01,-1.018596950522898670e-01,7.247958535991236850e-01,-1.044079732462885601e-01,8.536775300370906538e-02,-8.891938748356170708e-02,0.000000000000000000e+00,0.000000000000000000e+00,0.000000000000000000e+00,0.000000000000000000e+00,0.000000000000000000e+00,0.000000000000000000e+00,0.000000000000000000e+00,0.000000000000000000e+00,0.000000000000000000e+00,0.000000000000000000e+00,0.000000000000000000e+00,0.000000000000000000e+00,0.000000000000000000e+00,0.000000000000000000e+00,0.000000000000000000e+00,0.000000000000000000e+00
-2.355603066770424123e-02,8.247617592011559362e-02,1.976125444600934422e+00,-7.855529180016033314e-03,5.340614548176437354e-02,6.648892482932687864e-01,7.449888333324834466e-01,-3.135040074387420161e-01,-1.921196094445689895e-01,-5.633803956724860174e-02,4.406877546632042009e-01,-3.595586558062952576e-01,1.403433707750992854e-01,-7.516879117964053725e-01,-2.238954815002075216e-01,-1.062186582584947053e-01,6.820922595182801196e-01,-9.981123851733661456e-02,9.481709812003889792e-02,-1.076002547056413711e-01,0.000000000000000000e+00,0.000000000000000000e+00,0.000000000000000000e+00,0.000000000000000000e+00,0.000000000000000000e+00,0.000000000000000000e+00,0.000000000000000000e+00,0.000000000000000000e+00,0.000000000000000000e+00,0.000000000000000000e+00,0.000000000000000000e+00,0.000000000000000000e+00,0.000000000000000000e+00,0.000000000000000000e+00,0.000000000000000000e+00,0.000000000000000000e+00
-2.229873176587333222e-02,9.335497419219256077e-02,1.974124163485768024e+00,-5.390022241292462095e-03,5.281073667853306008e-02,6.698126761221798731e-01,7.406301051521959611e-01,-2.982646197956087541e-01,-1.995830189253854636e-01,-6.899708364851188380e-02,4.508434591327567520e-01,-3.805773140090762396e-01,1.422426627399761834e-01,-7.774814442558858341e-01,-2.271152495084916012e-01,-1.031916003314591879e-01,6.335784993465219950e-01,-8.851109406258403367e-02,1.072957773013573091e-01,-1.289161568782436762e-01,0.000000000000000000e+00,0.000000000000000000e+00,0.000000000000000000e+00,0.000000000000000000e+00,0.000000000000000000e+00,0.000000000000000000e+00,0.000000000000000000e+00,0.000000000000000000e+00,0.000000000000000000e+00,0.000000000000000000e+00,0.000000000000000000e+00,0.000000000000000000e+00,0.000000000000000000e+00,0.000000000000000000e+00,0.000000000000000000e+00,0.000000000000000000e+00
-2.055925983784943553e-02,1.042205725576055841e-01,1.971806718078074727e+00,-2.866868959909176298e-03,5.259655786380307285e-02,6.759986241426791942e-01,7.350178523821382370e-01,-2.850640298646145432e-01,-2.065441965138931635e-01,-8.157853418093263809e-02,4.642337120523806759e-01,-4.018854512466747408e-01,1.426343157292357666e-01,-8.019123642018610720e-01,-2.324126497229479227e-01,-1.001941172212602177e-01,5.850859486038236801e-01,-7.618092682732199861e-02,1.203985419010396851e-01,-1.495575981933517096e-01,0.000000000000000000e+00,0.000000000000000000e+00,0.000000000000000000e+00,0.000000000000000000e+00,0.000000000000000000e+00,0.000000000000000000e+00,0.000000000000000000e+00,0.000000000000000000e+00,0.000000000000000000e+00,0.000000000000000000e+00,0.000000000000000000e+00,0.000000000000000000e+00,0.000000000000000000e+00,0.000000000000000000e+00,0.000000000000000000e+00,0.000000000000000000e+00
-1.823271357011573349e-02,1.150653887821002225e-01,1.969292650108042997e+00,5.040192613865075721e-04,5.100277036423978005e-02,6.828046835117428381e-01,7.288183776183098095e-01,-2.706249031031321417e-01,-2.115253725370713489e-01,-9.440901146113953035e-02,4.822844919056586410e-01,-4.229715668207180701e-01,1.404000620270090816e-01,-8.253632705672588887e-01,-2.412223143720902963e-01,-1.011800857534331799e-01,5.364702565257792877e-01,-6.326087520121639884e-02,1.317559875494561383e-01,-1.686868105021234465e-01,0.000000000000000000e+00,0.000000000000000000e+00,0.000000000000000000e+00,0.000000000000000000e+00,0.000000000000000000e+00,0.000000000000000000e+00,0.000000000000000000e+00,0.000000000000000000e+00,0.000000000000000000e+00,0.000000000000000000e+00,0.000000000000000000e+00,0.000000000000000000e+00,0.000000000000000000e+00,0.000000000000000000e+00,0.000000000000000000e+00,0.000000000000000000e+00
-1.542149941097340458e-02,1.264419691003320634e-01,1.966924203967869378e+00,2.490789297838091193e-03,4.821302191970836676e-02,6.872706762921622081e-01,7.247953628404071313e-01,-2.571324091756581054e-01,-2.113235320495538694e-01,-1.048421436107903892e-01,5.037383212126287368e-01,-4.439344139132442857e-01,1.409040174185810512e-01,-8.526487797756409082e-01,-2.427763324919164634e-01,-9.085473356945256151e-02,4.917750568390899524e-01,-5.703217414413768588e-02,1.445077154130904595e-01,-1.856052067925015592e-01,0.000000000000000000e+00,0.000000000000000000e+00,0.000000000000000000e+00,0.000000000000000000e+00,0.000000000000000000e+00,0.000000000000000000e+00,0.000000000000000000e+00,0.000000000000000000e+00,0.000000000000000000e+00,0.000000000000000000e+00,0.000000000000000000e+00,0.000000000000000000e+00,0.000000000000000000e+00,0.000000000000000000e+00,0.000000000000000000e+00,0.000000000000000000e+00
-1.182987238607177000e-02,1.386536143886245298e-01,1.964530585985815092e+00,5.030894584205913844e-03,4.599850350920123288e-02,6.915138704380271450e-01,7.208795979679381016e-01,-2.395517468714534193e-01,-2.109312922155341941e-01,-1.161567222285418560e-01,5.181021205005159613e-01,-4.607861322476120014e-01,1.349880909909232374e-01,-8.794327801242481923e-01,-2.470919960529146808e-01,-8.822235061161440295e-02,4.478191984785382385e-01,-5.061359409840608670e-02,1.579852733365191830e-01,-2.001704483259077738e-01,0.000000000000000000e+00,0.000000000000000000e+00,0.000000000000000000e+00,0.000000000000000000e+00,0.000000000000000000e+00,0.000000000000000000e+00,0.000000000000000000e+00,0.000000000000000000e+00,0.000000000000000000e+00,0.000000000000000000e+00,0.000000000000000000e+00,0.000000000000000000e+00,0.000000000000000000e+00,0.000000000000000000e+00,0.000000000000000000e+00,0.000000000000000000e+00
-7.403416640123190035e-03,1.524760809067065292e-01,1.961396235964371293e+00,7.117913455139606577e-03,4.583368318864824986e-02,6.946511226620852852e-01,7.178498635353444124e-01,-2.238610932695633271e-01,-2.107703261856396504e-01,-1.236125410493365273e-01,5.325032448594521073e-01,-4.796657736931184135e-01,1.284790326253371084e-01,-9.082778560031382620e-01,-2.523501250132997864e-01,-8.856166699935286157e-02,4.142886096890661674e-01,-4.716790093042255022e-02,1.697965127207408387e-01,-2.127100633069722302e-01,0.000000000000000000e+00,0.000000000000000000e+00,0.000000000000000000e+00,0.000000000000000000e+00,0.000000000000000000e+00,0.000000000000000000e+00,0.000000000000000000e+00,0.000000000000000000e+00,0.000000000000000000e+00,0.000000000000000000e+00,0.000000000000000000e+00,0.000000000000000000e+00,0.000000000000000000e+00,0.000000000000000000e+00,0.000000000000000000e+00,0.000000000000000000e+00
-2.135507014656910264e-03,1.685951695884774226e-01,1.956817528729732247e+00,9.616912755414945904e-03,4.871518559541353904e-02,6.975899889811929544e-01,7.147744769888461080e-01,-2.088602967614042183e-01,-2.172017979101550922e-01,-1.363489906827388964e-01,5.472473558654809001e-01,-5.051980180208397453e-01,1.242928893080504915e-01,-9.356135378637431277e-01,-2.580407941530930560e-01,-8.408443887590076604e-02,3.923208061565031657e-01,-4.441706738587757053e-02,1.778924069882926451e-01,-2.267263804508954372e-01,0.000000000000000000e+00,0.000000000000000000e+00,0.000000000000000000e+00,0.000000000000000000e+00,0.000000000000000000e+00,0.000000000000000000e+00,0.000000000000000000e+00,0.000000000000000000e+00,0.000000000000000000e+00,0.000000000000000000e+00,0.000000000000000000e+00,0.000000000000000000e+00,0.000000000000000000e+00,0.000000000000000000e+00,0.000000000000000000e+00,0.000000000000000000e+00
3.803647185358216033e-03,1.874902933921540893e-01,1.952379711437979948e+00,1.100305155587496739e-02,5.137327645779950214e-02,7.007031840418121993e-01,7.115158235739493797e-01,-1.890134765251666737e-01,-2.174548622475483972e-01,-1.452822469173863651e-01,5.532654427699428279e-01,-5.171808397953328029e-01,1.182611451477285913e-01,-9.561917481631159177e-01,-2.652054255831211016e-01,-8.562563817572160785e-02,3.783943200336356560e-01,-3.855729081891567933e-02,1.832129578314088680e-01,-2.378457584215604714e-01,0.000000000000000000e+00,0.000000000000000000e+00,0.000000000000000000e+00,0.000000000000000000e+00,0.000000000000000000e+00,0.000000000000000000e+00,0.000000000000000000e+00,0.000000000000000000e+00,0.000000000000000000e+00,0.000000000000000000e+00,0.000000000000000000e+00,0.000000000000000000e+00,0.000000000000000000e+00,0.000000000000000000e+00,0.000000000000000000e+00,0.000000000000000000e+00
1.047786780477606185e-02,2.095320692922852945e-01,1.946850128252486600e+00,1.290527338142056363e-02,5.648960761731885993e-02,7.052064099719034251e-01,7.066302409922264882e-01,-1.662040105770968001e-01,-2.186096491609796633e-01,-1.525202886439024075e-01,5.510196731798466807e-01,-5.214953238867746643e-01,1.101798293492123187e-01,-9.685259332840935320e-01,-2.745269212465194508e-01,-8.281417014967791534e-02,3.763497167561860590e-01,-2.834570177239440630e-02,1.859777973227071390e-01,-2.523194391532426750e-01,0.000000000000000000e+00,0.000000000000000000e+00,0.000000000000000000e+00,0.000000000000000000e+00,0.000000000000000000e+00,0.000000000000000000e+00,0.000000000000000000e+00,0.000000000000000000e+00,0.000000000000000000e+00,0.000000000000000000e+00,0.000000000000000000e+00,0.000000000000000000e+00,0.000000000000000000e+00,0.000000000000000000e+00,0.000000000000000000e+00,0.000000000000000000e+00
1.774409617478667212e-02,2.346368535237479125e-01,1.940565323282825716e+00,1.564295083750211895e-02,6.213373572417126012e-02,7.112802746706101686e-01,6.999821910867135566e-01,-1.356233172385513108e-01,-2.186767789210204427e-01,-1.626079188861359881e-01,5.382170984923767554e-01,-5.128327445623188652e-01,9.855765479402567308e-02,-9.717824345219618909e-01,-2.851148144279902485e-01,-7.834105024434712128e-02,3.833241906468751181e-01,-1.277089020682058845e-02,1.855039588546641138e-01,-2.681824108629998205e-01,0.000000000000000000e+00,0.000000000000000000e+00,0.000000000000000000e+00,0.000000000000000000e+00,0.000000000000000000e+00,0.000000000000000000e+00,0.000000000000000000e+00,0.000000000000000000e+00,0.000000000000000000e+00,0.000000000000000000e+00,0.000000000000000000e+00,0.000000000000000000e+00,0.000000000000000000e+00,0.000000000000000000e+00,0.000000000000000000e+00,0.000000000000000000e+00
2.567645798286435216e-02,2.628130907363902535e-01,1.932649703245012507e+00,1.735864504130266855e-02,6.961603933136305267e-02,7.170281612934267246e-01,6.933418351883238184e-01,-1.050459884228058527e-01,-2.237430994004237506e-01,-1.856468729615579349e-01,5.328092239540951347e-01,-5.002572010804684499e-01,8.957580742186588285e-02,-9.666673956589323380e-01,-2.936413532046350250e-01,-7.417255841235781411e-02,3.989082227616987941e-01,8.209339195183892879e-03,1.834383973737317153e-01,-2.824710973608841602e-01,0.000000000000000000e+00,0.000000000000000000e+00,0.000000000000000000e+00,0.000000000000000000e+00,0.000000000000000000e+00,0.000000000000000000e+00,0.000000000000000000e+00,0.000000000000000000e+00,0.000000000000000000e+00,0.000000000000000000e+00,0.000000000000000000e+00,0.000000000000000000e+00,0.000000000000000000e+00,0.000000000000000000e+00,0.000000000000000000e+00,0.000000000000000000e+00
3.401761600000503816e-02,2.933843092915975337e-01,1.923952799330118202e+00,1.743304918928923961e-02,7.698714468871009631e-02,7.213794453501745085e-01,6.880267176316041677e-01,-7.279249295905368400e-02,-2.226379538594117358e-01,-2.055323082279985336e-01,5.219341457489601321e-01,-4.726060770418996637e-01,7.634509491024711603e-02,-9.528521241370878636e-01,-2.993357335262347152e-01,-7.792898116482370463e-02,4.176990652190448738e-01,3.270050229867355052e-02,1.765727059327805992e-01,-2.908439409403746900e-01,0.000000000000000000e+00,0.000000000000000000e+00,0.000000000000000000e+00,0.000000000000000000e+00,0.000000000000000000e+00,0.000000000000000000e+00,0.000000000000000000e+00,0.000000000000000000e+00,0.000000000000000000e+00,0.000000000000000000e+00,0.000000000000000000e+00,0.000000000000000000e+00,0.000000000000000000e+00,0.000000000000000000e+00,0.000000000000000000e+00,0.000000000000000000e+00
4.271522310090966612e-02,3.256818166670522041e-01,1.915184265120609464e+00,1.416046958158894732e-02,8.436856875980330850e-02,7.238374249065974153e-01,6.846464839690906690e-01,-4.031283088195068698e-02,-2.149237070753520773e-01,-2.259730739038211811e-01,5.022471029552159072e-01,-4.220651646608463148e-01,5.876589527984258515e-02,-9.366296336424243529e-01,-2.969323125227241178e-01,-8.598864128655242522e-02,4.424474475247603400e-01,5.263019749489709909e-02,1.647481982328173056e-01,-2.954931875029374599e-01,0.000000000000000000e+00,0.000000000000000000e+00,0.000000000000000000e+00,0.000000000000000000e+00,0.000000000000000000e+00,0.000000000000000000e+00,0.000000000000000000e+00,0.000000000000000000e+00,0.000000000000000000e+00,0.000000000000000000e+00,0.000000000000000000e+00,0.000000000000000000e+00,0.000000000000000000e+00,0.000000000000000000e+00,0.000000000000000000e+00,0.000000000000000000e+00
5.155254532870491568e-02,3.584266740418760033e-01,1.907595632069165825e+00,5.034671009414445897e-03,8.904562415778646822e-02,7.263200938950403751e-01,6.815457799080539836e-01,-1.872469693254271914e-02,-1.908072241252312118e-01,-2.393270196147644635e-01,4.840087457574260843e-01,-3.422029467176902484e-01,3.405520575066830341e-02,-9.228181627942602105e-01,-2.841372666864502849e-01,-1.002629653444117586e-01,4.689777241715474831e-01,5.660646804512818597e-02,1.460208427139324250e-01,-2.950927398385534972e-01,0.000000000000000000e+00,0.000000000000000000e+00,0.000000000000000000e+00,0.000000000000000000e+00,0.000000000000000000e+00,0.000000000000000000e+00,0.000000000000000000e+00,0.000000000000000000e+00,0.000000000000000000e+00,0.000000000000000000e+00,0.000000000000000000e+00,0.000000000000000000e+00,0.000000000000000000e+00,0.000000000000000000e+00,0.000000000000000000e+00,0.000000000000000000e+00
6.050438684146286494e-02,3.914260488183576858e-01,1.912972691675590031e+00,-1.015615515587882725e-02,9.216824348798625943e-02,7.271295239598859483e-01,6.802091757618823342e-01,4.394232755891354369e-03,-1.541074367584546190e-01,-2.593709384466051926e-01,4.473265885613160187e-01,-2.109297744413378417e-01,-5.737499736190401246e-03,-9.113171491012068692e-01,-2.620130656891227483e-01,-1.270107278397088202e-01,5.028004378106066818e-01,6.014633047980728897e-02,1.205876563871721152e-01,-2.921837402534070427e-01,0.000000000000000000e+00,0.000000000000000000e+00,0.000000000000000000e+00,0.000000000000000000e+00,0.000000000000000000e+00,0.000000000000000000e+00,0.000000000000000000e+00,0.000000000000000000e+00,0.000000000000000000e+00,0.000000000000000000e+00,0.000000000000000000e+00,0.000000000000000000e+00,0.000000000000000000e+00,0.000000000000000000e+00,0.000000000000000000e+00,0.000000000000000000e+00
6.909575340469770177e-02,4.237822695072590018e-01,1.916168379267721988e+00,-2.883081422724716181e-02,9.096466993739742157e-02,7.263970982026974887e-01,6.806184457512709507e-01,1.816764803717923343e-02,-1.097754611792343821e-01,-2.683149134812243819e-01,4.314348417214627918e-01,-7.843936531556239267e-02,-4.399220081494766010e-02,-9.034697030805026730e-01,-2.290568757467669747e-01,-1.583578675231387956e-01,5.389868156145611877e-01,4.275183931092382816e-02,8.648099778427252582e-02,-2.847938850820155299e-01,0.000000000000000000e+00,0.000000000000000000e+00,0.000000000000000000e+00,0.000000000000000000e+00,0.000000000000000000e+00,0.000000000000000000e+00,0.000000000000000000e+00,0.000000000000000000e+00,0.000000000000000000e+00,0.000000000000000000e+00,0.000000000000000000e+00,0.000000000000000000e+00,0.000000000000000000e+00,0.000000000000000000e+00,0.000000000000000000e+00,0.000000000000000000e+00
7.740582661931504072e-02,4.547105428481228451e-01,1.918129603839956676e+00,-4.997498170179226484e-02,8.624281734396535559e-02,7.248503629970708406e-01,6.816572664642376322e-01,2.618738681022095977e-02,-5.793136628120515441e-02,-2.792418190460407845e-01,4.199471174205043900e-01,9.371347813915374692e-02,-9.230989463828155606e-02,-8.958420685120075388e-01,-1.877759743803883996e-01,-1.958439734167140567e-01,5.727904024837614516e-01,1.383226242831221697e-02,4.806730022059802626e-02,-2.710130554982128070e-01,0.000000000000000000e+00,0.000000000000000000e+00,0.000000000000000000e+00,0.000000000000000000e+00,0.000000000000000000e+00,0.000000000000000000e+00,0.000000000000000000e+00,0.000000000000000000e+00,0.000000000000000000e+00,0.000000000000000000e+00,0.000000000000000000e+00,0.000000000000000000e+00,0.000000000000000000e+00,0.000000000000000000e+00,0.000000000000000000e+00,0.000000000000000000e+00
8.526656059269191457e-02,4.848792757868845005e-01,1.920324870505226267e+00,-6.809120120497608175e-02,8.093466362061381425e-02,7.205658062350620563e-01,6.852722724785363928e-01,1.995987555468650351e-02,-1.421674681563275464e-02,-2.784076905195543850e-01,4.302171135685110559e-01,2.686890975156792649e-01,-1.359466083585225138e-01,-8.806863403439206817e-01,-1.407808465706691381e-01,-2.210000956826801422e-01,5.941388722299983938e-01,-1.064186362563265820e-02,8.095160543093822200e-03,-2.504272493115177189e-01,0.000000000000000000e+00,0.000000000000000000e+00,0.000000000000000000e+00,0.000000000000000000e+00,0.000000000000000000e+00,0.000000000000000000e+00,0.000000000000000000e+00,0.000000000000000000e+00,0.000000000000000000e+00,0.000000000000000000e+00,0.000000000000000000e+00,0.000000000000000000e+00,0.000000000000000000e+00,0.000000000000000000e+00,0.000000000000000000e+00,0.000000000000000000e+00
9.308564782682347827e-02,5.152707696272240678e-01,1.925210706658354587e+00,-7.379109885615914299e-02,7.774900756483747732e-02,7.098384845950815869e-01,6.961603919644108185e-01,-1.122895021841406778e-02,4.342170068620133244e-03,-2.459728902186071875e-01,4.793709085887399857e-01,3.831958044956411125e-01,-1.552716340593519873e-01,-8.493321643409048605e-01,-9.708197375413793462e-02,-2.165971697935733797e-01,6.027672759689695070e-01,-3.823497319575513975e-02,-2.576402890925474573e-02,-2.136251827145823068e-01,0.000000000000000000e+00,0.000000000000000000e+00,0.000000000000000000e+00,0.000000000000000000e+00,0.000000000000000000e+00,0.000000000000000000e+00,0.000000000000000000e+00,0.000000000000000000e+00,0.000000000000000000e+00,0.000000000000000000e+00,0.000000000000000000e+00,0.000000000000000000e+00,0.000000000000000000e+00,0.000000000000000000e+00,0.000000000000000000e+00,0.000000000000000000e+00
1.010581283377126605e-01,5.458942259946877318e-01,1.933076280939194147e+00,-7.009556045976557404e-02,7.633932864901518678e-02,6.927008868953726806e-01,7.137397288925521055e-01,-7.785335559349787493e-02,4.050968863362529315e-03,-1.824136919293238013e-01,5.713498363823625859e-01,4.190027253162998400e-01,-1.403477127640473943e-01,-7.989257558732215658e-01,-5.613562286365451903e-02,-1.855649933407140795e-01,5.882529062504561201e-01,-6.572652931165826051e-02,-4.451785245677783442e-02,-1.600138889667140352e-01,0.000000000000000000e+00,0.000000000000000000e+00,0.000000000000000000e+00,0.000000000000000000e+00,0.000000000000000000e+00,0.000000000000000000e+00,0.000000000000000000e+00,0.000000000000000000e+00,0.000000000000000000e+00,0.000000000000000000e+00,0.000000000000000000e+00,0.000000000000000000e+00,0.000000000000000000e+00,0.000000000000000000e+00,0.000000000000000000e+00,0.000000000000000000e+00
1.092051674171210796e-01,5.755658397205120069e-01,1.941375475255259664e+00,-6.161002864081807640e-02,7.428610769492403898e-02,6.745760595026681905e-01,7.318694682252220307e-01,-1.807763960180975571e-01,5.223683271083483584e-03,-1.034535694139331052e-01,6.962244415992464575e-01,3.834906997973843712e-01,-9.714716633561594483e-02,-7.385616219416530903e-01,-2.342722314371181377e-02,-1.443862604840771280e-01,5.665122920416658658e-01,-9.813259323261783185e-02,-5.627084730947146812e-02,-9.664304978279504577e-02,0.000000000000000000e+00,0.000000000000000000e+00,0.000000000000000000e+00,0.000000000000000000e+00,0.000000000000000000e+00,0.000000000000000000e+00,0.000000000000000000e+00,0.000000000000000000e+00,0.000000000000000000e+00,0.000000000000000000e+00,0.000000000000000000e+00,0.000000000000000000e+00,0.000000000000000000e+00,0.000000000000000000e+00,0.000000000000000000e+00,0.000000000000000000e+00
1.173502076920818621e-01,6.037910170348741445e-01,1.948622118390956226e+00,-5.389941482507466797e-02,7.167758553105031682e-02,6.548172797106277532e-01,7.504475378108238504e-01,-3.044297072414164362e-01,1.357541690682384158e-02,-3.530348955437119518e-02,8.218568103208402365e-01,3.057591177778486990e-01,-5.327382513857627233e-02,-6.773553542344388223e-01,6.687062373597806031e-03,-1.006439415752308220e-01,5.389482327404466755e-01,-1.277162885926449720e-01,-6.106409190289611294e-02,-2.483001002922310269e-02,0.000000000000000000e+00,0.000000000000000000e+00,0.000000000000000000e+00,0.000000000000000000e+00,0.000000000000000000e+00,0.000000000000000000e+00,0.000000000000000000e+00,0.000000000000000000e+00,0.000000000000000000e+00,0.000000000000000000e+00,0.000000000000000000e+00,0.000000000000000000e+00,0.000000000000000000e+00,0.000000000000000000e+00,0.000000000000000000e+00,0.000000000000000000e+00
1.256302954311185327e-01,6.308957160620599636e-01,1.953801949676355010e+00,-4.684353054235082525e-02,6.756225430627585404e-02,6.378201068458247969e-01,7.657849154577044404e-01,-4.285174366739227247e-01,3.518230136478457670e-02,2.047054849114920624e-02,9.055835294351892717e-01,2.095730211518261055e-01,-1.126078028851229887e-02,-6.186025661370854190e-01,2.723311330080801368e-02,-6.941485826903563694e-02,5.202587832461739170e-01,-1.567798601424421623e-01,-6.138836177868062932e-02,4.072529692994241585e-02,0.000000000000000000e+00,0.000000000000000000e+00,0.000000000000000000e+00,0.000000000000000000e+00,0.000000000000000000e+00,0.000000000000000000e+00,0.000000000000000000e+00,0.000000000000000000e+00,0.000000000000000000e+00,0.000000000000000000e+00,0.000000000000000000e+00,0.000000000000000000e+00,0.000000000000000000e+00,0.000000000000000000e+00,0.000000000000000000e+00,0.000000000000000000e+00
1.338047284961685068e-01,6.577057843571761930e-01,1.958457376254336468e+00,-4.219247855836346511e-02,6.192177297703246180e-02,6.205883973356505212e-01,7.805482239278064283e-01,-5.423822701350132780e-01,6.404192257784765974e-02,5.903041290696500049e-02,9.422607137674716693e-01,1.193793177595181554e-01,1.663138557110101917e-02,-5.515381938723447064e-01,4.699246271910903494e-02,-4.309656788177722297e-02,4.821191385431036203e-01,-1.703830895359091380e-01,-5.191460858154635372e-02,1.048708305610342451e-01,0.000000000000000000e+00,0.000000000000000000e+00,0.000000000000000000e+00,0.000000000000000000e+00,0.000000000000000000e+00,0.000000000000000000e+00,0.000000000000000000e+00,0.000000000000000000e+00,0.000000000000000000e+00,0.000000000000000000e+00,0.000000000000000000e+00,0.000000000000000000e+00,0.000000000000000000e+00,0.000000000000000000e+00,0.000000000000000000e+00,0.000000000000000000e+00
1.421481560062634597e-01,6.845735789792508630e-01,1.961386378916731177e+00,-3.696775725245816935e-02,5.477362191096112054e-02,6.036481132411326556e-01,7.945075145314238751e-01,-6.351843984978153834e-01,9.341303609474303771e-02,8.024921576404193957e-02,9.223759541527946082e-01,4.057352337114822349e-02,3.627038627030651496e-02,-4.850708467783186317e-01,6.382146904184071712e-02,-1.328044552028114292e-02,4.498656360733356840e-01,-1.782882397137307007e-01,-4.271448363424947686e-02,1.620560968479932973e-01,0.000000000000000000e+00,0.000000000000000000e+00,0.000000000000000000e+00,0.000000000000000000e+00,0.000000000000000000e+00,0.000000000000000000e+00,0.000000000000000000e+00,0.000000000000000000e+00,0.000000000000000000e+00,0.000000000000000000e+00,0.000000000000000000e+00,0.000000000000000000e+00,0.000000000000000000e+00,0.000000000000000000e+00,0.000000000000000000e+00,0.000000000000000000e+00
1.509439359719795815e-01,7.121102946235257081e-01,1.962292751815490011e+00,-3.187693359841449470e-02,4.802552368281901712e-02,5.889966249324009029e-01,8.060771588362960482e-01,-6.967271985835149506e-01,1.258936366000878715e-01,1.002150253557655413e-01,8.306860533742558284e-01,-1.078155532956567852e-02,4.378388553850412479e-02,-4.259304841355636695e-01,7.608539237568619218e-02,1.359325408684818742e-02,4.348960807747587753e-01,-1.933061533072601978e-01,-3.598967042618927969e-02,2.048173528611345051e-01,0.000000000000000000e+00,0.000000000000000000e+00,0.000000000000000000e+00,0.000000000000000000e+00,0.000000000000000000e+00,0.000000000000000000e+00,0.000000000000000000e+00,0.000000000000000000e+00,0.000000000000000000e+00,0.000000000000000000e+00,0.000000000000000000e+00,0.000000000000000000e+00,0.000000000000000000e+00,0.000000000000000000e+00,0.000000000000000000e+00,0.000000000000000000e+00
1.595690126225689787e-01,7.406691554061032301e-01,1.960132823146145897e+00,-3.422297993783734310e-02,4.102603491839600797e-02,5.738482299597668090e-01,8.172171443839713056e-01,-7.484352362222913557e-01,1.607235631961167754e-01,1.085190387512271065e-01,7.441499915049835101e-01,-3.771798497832492408e-02,4.102898601735503747e-02,-3.735550262728932203e-01,1.025699203107591356e-01,4.810872594109859984e-02,4.245870041005727624e-01,-2.318075415652101623e-01,-3.346149867590559462e-02,2.427688907415805897e-01,0.000000000000000000e+00,0.000000000000000000e+00,0.000000000000000000e+00,0.000000000000000000e+00,0.000000000000000000e+00,0.000000000000000000e+00,0.000000000000000000e+00,0.000000000000000000e+00,0.000000000000000000e+00,0.000000000000000000e+00,0.000000000000000000e+00,0.000000000000000000e+00,0.000000000000000000e+00,0.000000000000000000e+00,0.000000000000000000e+00,0.000000000000000000e+00
1.679315150071460372e-01,7.699055520934430241e-01,1.956265836564445859e+00,-3.689164396172900373e-02,3.453834539626564337e-02,5.628306545168139108e-01,8.250259169500465672e-01,-7.853720572604658834e-01,1.788570422022445483e-01,1.075978830302279921e-01,6.420675619723450467e-01,-5.421635088047549456e-02,2.899324179982942784e-02,-3.244731201975838975e-01,1.226985462008378797e-01,7.766474245031984580e-02,4.228329641387841842e-01,-2.652685578684276790e-01,-2.688069176657194997e-02,2.705743503723420651e-01,0.000000000000000000e+00,0.000000000000000000e+00,0.000000000000000000e+00,0.000000000000000000e+00,0.000000000000000000e+00,0.000000000000000000e+00,0.000000000000000000e+00,0.000000000000000000e+00,0.000000000000000000e+00,0.000000000000000000e+00,0.000000000000000000e+00,0.000000000000000000e+00,0.000000000000000000e+00,0.000000000000000000e+00,0.000000000000000000e+00,0.000000000000000000e+00
1.760600059451970234e-01,7.995051659171026337e-01,1.951352778282634315e+00,-3.789501443441324613e-02,3.003930580247507823e-02,5.526930187324227139e-01,8.319807900621045693e-01,-8.166655508279051512e-01,1.846125948821584206e-01,1.023283599352637491e-01,5.229352415679282551e-01,-5.933823143857742261e-02,3.647802177856408323e-03,-2.806711804214069295e-01,1.308488246416322498e-01,9.640505687876728402e-02,4.307157886546304493e-01,-2.969002014966228287e-01,-1.905404930686123779e-02,2.916647518602423772e-01,0.000000000000000000e+00,0.000000000000000000e+00,0.000000000000000000e+00,0.000000000000000000e+00,0.000000000000000000e+00,0.000000000000000000e+00,0.000000000000000000e+00,0.000000000000000000e+00,0.000000000000000000e+00,0.000000000000000000e+00,0.000000000000000000e+00,0.000000000000000000e+00,0.000000000000000000e+00,0.000000000000000000e+00,0.000000000000000000e+00,0.000000000000000000e+00
1.839674202781675927e-01,8.299336160028074616e-01,1.944319956707334596e+00,-4.172341105170283837e-02,2.632628798537134038e-02,5.414991822920776077e-01,8.392524763789109832e-01,-8.411273685151988699e-01,1.914792388943425960e-01,8.975804038810096530e-02,4.157529180146335990e-01,-4.104759892458076376e-02,-2.026098386330968046e-02,-2.404246904378365413e-01,1.413861349065127782e-01,1.190308729548100602e-01,4.417288183148920244e-01,-3.314632716070856633e-01,-1.431867036140483870e-02,3.112176484874723537e-01,0.000000000000000000e+00,0.000000000000000000e+00,0.000000000000000000e+00,0.000000000000000000e+00,0.000000000000000000e+00,0.000000000000000000e+00,0.000000000000000000e+00,0.000000000000000000e+00,0.000000000000000000e+00,0.000000000000000000e+00,0.000000000000000000e+00,0.000000000000000000e+00,0.000000000000000000e+00,0.000000000000000000e+00,0.000000000000000000e+00,0.000000000000000000e+00
1.914917304397310560e-01,8.605875190102554306e-01,1.937177088436748296e+00,-4.251638813313955712e-02,2.352646325718131537e-02,5.327782232728727196e-01,8.448587024307216975e-01,-8.570396947489173911e-01,1.845873534603770516e-01,7.086208357098083832e-02,3.266877556459549248e-01,-3.741550463043673280e-02,-3.018154201558604852e-02,-2.025787740916666357e-01,1.414392272004234841e-01,1.321560060295024763e-01,4.576284926133253883e-01,-3.624494371875720544e-01,-1.562711183051103750e-02,3.177501154175549347e-01,0.000000000000000000e+00,0.000000000000000000e+00,0.000000000000000000e+00,0.000000000000000000e+00,0.000000000000000000e+00,0.000000000000000000e+00,0.000000000000000000e+00,0.000000000000000000e+00,0.000000000000000000e+00,0.000000000000000000e+00,0.000000000000000000e+00,0.000000000000000000e+00,0.000000000000000000e+00,0.000000000000000000e+00,0.000000000000000000e+00,0.000000000000000000e+00
1.987648941086681553e-01,8.924208880645814190e-01,1.928656789722441589e+00,-4.541579024124771380e-02,1.962568327071482349e-02,5.239314415506911571e-01,8.503223407082378671e-01,-8.731914549033010786e-01,1.800900105426825326e-01,5.530115280862994698e-02,2.811958908343314412e-01,-3.228163692130994744e-02,-3.312279469501110130e-02,-1.681577046234985218e-01,1.419782661471082619e-01,1.411298543052148247e-01,4.754464200875109792e-01,-3.879761908897514378e-01,-1.599969664731381441e-02,3.271427254457275335e-01,0.000000000000000000e+00,0.000000000000000000e+00,0.000000000000000000e+00,0.000000000000000000e+00,0.000000000000000000e+00,0.000000000000000000e+00,0.000000000000000000e+00,0.000000000000000000e+00,0.000000000000000000e+00,0.000000000000000000e+00,0.000000000000000000e+00,0.000000000000000000e+00,0.000000000000000000e+00,0.000000000000000000e+00,0.000000000000000000e+00,0.000000000000000000e+00
2.062284749212576762e-01,9.257391567514344777e-01,1.918718595153405149e+00,-4.796325726103965736e-02,1.209830829344084660e-02,5.124082570514075785e-01,8.573161231394684778e-01,-8.779204161432488940e-01,1.904845629377069638e-01,6.086293519207841562e-02,2.793193788388545484e-01,-2.601686618481863916e-02,-3.105887714477211306e-02,-1.264995529825234666e-01,1.431450198767155457e-01,1.487376182574365602e-01,4.947014168684898405e-01,-4.108347419808506817e-01,-1.848613159841585446e-02,3.405854628957747932e-01,0.000000000000000000e+00,0.000000000000000000e+00,0.000000000000000000e+00,0.000000000000000000e+00,0.000000000000000000e+00,0.000000000000000000e+00,0.000000000000000000e+00,0.000000000000000000e+00,0.000000000000000000e+00,0.000000000000000000e+00,0.000000000000000000e+00,0.000000000000000000e+00,0.000000000000000000e+00,0.000000000000000000e+00,0.000000000000000000e+00,0.000000000000000000e+00
2.139725203864729364e-01,9.608865762505068853e-01,1.909501777741025696e+00,-4.991662269279849296e-02,6.483826242980383903e-03,5.012579134739167941e-01,8.638326197568441112e-01,-8.711456834148469941e-01,1.980661995503127937e-01,7.273821047318025645e-02,3.217361971656274022e-01,-1.947228852127887849e-02,-2.032477714723885179e-02,-7.779959637090783087e-02,1.427453836734550174e-01,1.826386674543097610e-01,4.939272329813623186e-01,-3.842858363448609094e-01,-6.947649886065733124e-03,3.562693112669214068e-01,0.000000000000000000e+00,0.000000000000000000e+00,0.000000000000000000e+00,0.000000000000000000e+00,0.000000000000000000e+00,0.000000000000000000e+00,0.000000000000000000e+00,0.000000000000000000e+00,0.000000000000000000e+00,0.000000000000000000e+00,0.000000000000000000e+00,0.000000000000000000e+00,0.000000000000000000e+00,0.000000000000000000e+00,0.000000000000000000e+00,0.000000000000000000e+00
2.222146699332074038e-01,9.972197531837118101e-01,1.899690542705756879e+00,-5.298116488757793202e-02,4.854307673777884594e-03,4.894287115690557077e-01,8.704188463929415365e-01,-8.667704596686338636e-01,2.032327840172440669e-01,7.289594776316647706e-02,3.749576412260948732e-01,-9.634662439015995866e-03,-1.161080712639547818e-02,-3.052423062309158122e-02,1.341243988680236865e-01,2.129351135989140664e-01,4.812866602071339539e-01,-3.393182072352075584e-01,1.392186037302246826e-02,3.799377716759164691e-01,0.000000000000000000e+00,0.000000000000000000e+00,0.000000000000000000e+00,0.000000000000000000e+00,0.000000000000000000e+00,0.000000000000000000e+00,0.000000000000000000e+00,0.000000000000000000e+00,0.000000000000000000e+00,0.000000000000000000e+00,0.000000000000000000e+00,0.000000000000000000e+00,0.000000000000000000e+00,0.000000000000000000e+00,0.000000000000000000e+00,0.000000000000000000e+00
2.307465933825065263e-01,1.034061112616616152e+00,1.889568749032594752e+00,-5.526270325573048176e-02,9.431266803542084215e-03,4.810802762383416531e-01,8.748821935836800234e-01,-8.542498439472628879e-01,2.032072987783288542e-01,8.989981388604639800e-02,4.258641911519346901e-01,7.300079275616801200e-03,3.990441338063212794e-03,9.318324535024818944e-03,1.155462633891214258e-01,2.449986933985418280e-01,4.625575691919425747e-01,-2.627593362683691702e-01,4.764287710532559561e-02,4.032290364349024880e-01,0.000000000000000000e+00,0.000000000000000000e+00,0.000000000000000000e+00,0.000000000000000000e+00,0.000000000000000000e+00,0.000000000000000000e+00,0.000000000000000000e+00,0.000000000000000000e+00,0.000000000000000000e+00,0.000000000000000000e+00,0.000000000000000000e+00,0.000000000000000000e+00,0.000000000000000000e+00,0.000000000000000000e+00,0.000000000000000000e+00,0.000000000000000000e+00
2.395419376771227848e-01,1.070315349533152105e+00,1.878932895691250327e+00,-5.582824173168677434e-02,2.186205927778900673e-02,4.729690799343631014e-01,8.790366927582295986e-01,-8.465225532913526196e-01,1.928745462983062209e-01,1.116720297006451451e-01,4.735985731260918818e-01,3.087918031365211730e-02,2.471051651156764770e-02,3.406191181728154826e-02,7.814860092894654331e-02,2.641610354285323092e-01,4.401128129812721390e-01,-1.472389330734481527e-01,9.361273690534623049e-02,4.319857614154402059e-01,0.000000000000000000e+00,0.000000000000000000e+00,0.000000000000000000e+00,0.000000000000000000e+00,0.000000000000000000e+00,0.000000000000000000e+00,0.000000000000000000e+00,0.000000000000000000e+00,0.000000000000000000e+00,0.000000000000000000e+00,0.000000000000000000e+00,0.000000000000000000e+00,0.000000000000000000e+00,0.000000000000000000e+00,0.000000000000000000e+00,0.000000000000000000e+00
2.482606098001770012e-01,1.104207296511497072e+00,1.875406969040989580e+00,-4.917054397275687910e-02,4.428982903972624591e-02,4.660279134427921521e-01,8.822917049033239811e-01,-8.485911569053082859e-01,1.659669586639114514e-01,1.564439425161175123e-01,5.215963430772986298e-01,3.734125834150110734e-02,5.472203973560511164e-02,5.132646129606317775e-02,-1.868636446213729069e-03,2.492561973479192894e-01,3.971601754709782606e-01,5.961362438541238651e-02,1.507612916609250009e-01,4.521509936239957450e-01,0.000000000000000000e+00,0.000000000000000000e+00,0.000000000000000000e+00,0.000000000000000000e+00,0.000000000000000000e+00,0.000000000000000000e+00,0.000000000000000000e+00,0.000000000000000000e+00,0.000000000000000000e+00,0.000000000000000000e+00,0.000000000000000000e+00,0.000000000000000000e+00,0.000000000000000000e+00,0.000000000000000000e+00,0.000000000000000000e+00,0.000000000000000000e+00
2.571688245965587649e-01,1.137187944176929255e+00,1.874845382341742361e+00,-4.419148969235500712e-02,6.272025244072347572e-02,4.656562547616115988e-01,8.816334468326012530e-01,-8.458102283757829021e-01,1.365939947557210377e-01,1.917749447216356984e-01,5.651380725743438971e-01,3.053293157256322526e-02,8.466689491909810961e-02,4.557911674032221611e-02,-6.939375358635636870e-02,2.086497113114021695e-01,3.924127707692642297e-01,2.270185042976148315e-01,1.841193662507660811e-01,4.562886501171768971e-01,0.000000000000000000e+00,0.000000000000000000e+00,0.000000000000000000e+00,0.000000000000000000e+00,0.000000000000000000e+00,0.000000000000000000e+00,0.000000000000000000e+00,0.000000000000000000e+00,0.000000000000000000e+00,0.000000000000000000e+00,0.000000000000000000e+00,0.000000000000000000e+00,0.000000000000000000e+00,0.000000000000000000e+00,0.000000000000000000e+00,0.000000000000000000e+00
2.660573205211942405e-01,1.169534724766329692e+00,1.877244831946684123e+00,-3.803388899880858626e-02,7.542407174099002853e-02,4.725367435880239442e-01,8.772534745721238814e-01,-8.297589722020034531e-01,9.447938273684741706e-02,2.091876914498635442e-01,5.910354161580656518e-01,-1.335998258793883592e-03,1.136049614126896090e-01,2.353387853827338186e-02,-1.149625437937616401e-01,1.619638319964362971e-01,4.269788668211745852e-01,3.688607740839233151e-01,1.984487232189202366e-01,4.367943339168671724e-01,0.000000000000000000e+00,0.000000000000000000e+00,0.000000000000000000e+00,0.000000000000000000e+00,0.000000000000000000e+00,0.000000000000000000e+00,0.000000000000000000e+00,0.000000000000000000e+00,0.000000000000000000e+00,0.000000000000000000e+00,0.000000000000000000e+00,0.000000000000000000e+00,0.000000000000000000e+00,0.000000000000000000e+00,0.000000000000000000e+00,0.000000000000000000e+00
2.749699288973400657e-01,1.202684464299357270e+00,1.882789036976327379e+00,-3.356842416801084777e-02,8.279634718069291133e-02,4.868840236973751012e-01,8.688854200990292487e-01,-8.002055624259708511e-01,4.971615249779670620e-02,2.085650050224104324e-01,6.029198990031570116e-01,-4.549028277879070548e-02,1.381339931430189127e-01,-2.664167855422428302e-02,-1.404156511951502040e-01,9.106414025297789039e-02,4.996498631346694697e-01,4.506225011571612371e-01,1.812831744839291381e-01,3.859927526448582724e-01,0.000000000000000000e+00,0.000000000000000000e+00,0.000000000000000000e+00,0.000000000000000000e+00,0.000000000000000000e+00,0.000000000000000000e+00,0.000000000000000000e+00,0.000000000000000000e+00,0.000000000000000000e+00,0.000000000000000000e+00,0.000000000000000000e+00,0.000000000000000000e+00,0.000000000000000000e+00,0.000000000000000000e+00,0.000000000000000000e+00,0.000000000000000000e+00
2.832953698788672758e-01,1.235929894324327316e+00,1.891025694208163133e+00,-2.912453697765720814e-02,7.897979677788025121e-02,5.068619102151148414e-01,8.579073126042500164e-01,-7.473953155601932297e-01,7.501863684315789038e-03,1.874040687543416794e-01,5.962979007012272348e-01,-8.970476407786577566e-02,1.580173706629924013e-01,-9.864662271759784551e-02,-1.465388579845597894e-01,3.476317100649827657e-02,6.138323454439168492e-01,4.548803348684842263e-01,1.362135172981112918e-01,3.232574827832893072e-01,0.000000000000000000e+00,0.000000000000000000e+00,0.000000000000000000e+00,0.000000000000000000e+00,0.000000000000000000e+00,0.000000000000000000e+00,0.000000000000000000e+00,0.000000000000000000e+00,0.000000000000000000e+00,0.000000000000000000e+00,0.000000000000000000e+00,0.000000000000000000e+00,0.000000000000000000e+00,0.000000000000000000e+00,0.000000000000000000e+00,0.000000000000000000e+00
2.909133370421902454e-01,1.268215532387256372e+00,1.897750966074111867e+00,-2.030993691849783400e-02,7.195052878195178081e-02,5.252452935494495989e-01,8.476603149107057034e-01,-6.832465342207137970e-01,-3.298070451079746640e-02,1.665403331274145915e-01,5.885445333876682117e-01,-1.386108987920136593e-01,1.762349920899579647e-01,-1.969492955795641709e-01,-1.752560385390067865e-01,-4.618605859333335673e-02,7.439402457537762636e-01,3.919862599762510835e-01,8.015925809678098313e-02,2.560587884293511474e-01,0.000000000000000000e+00,0.000000000000000000e+00,0.000000000000000000e+00,0.000000000000000000e+00,0.000000000000000000e+00,0.000000000000000000e+00,0.000000000000000000e+00,0.000000000000000000e+00,0.000000000000000000e+00,0.000000000000000000e+00,0.000000000000000000e+00,0.000000000000000000e+00,0.000000000000000000e+00,0.000000000000000000e+00,0.000000000000000000e+00,0.000000000000000000e+00
2.977782894919644430e-01,1.299389854268715672e+00,1.903262061429397578e+00,-1.149922456882216878e-02,6.426930883878824441e-02,5.460372520693188569e-01,8.352128729421546272e-01,-6.140369256738155146e-01,-7.252780849240328398e-02,1.385917978143978158e-01,5.732241979750986038e-01,-1.807296577069383292e-01,1.867004744564251528e-01,-3.019229481777247481e-01,-2.057230590025469485e-01,-1.124881442073131510e-01,8.397058493865672268e-01,3.005188026374063792e-01,4.329505731028646803e-02,1.857683582068862249e-01,0.000000000000000000e+00,0.000000000000000000e+00,0.000000000000000000e+00,0.000000000000000000e+00,0.000000000000000000e+00,0.000000000000000000e+00,0.000000000000000000e+00,0.000000000000000000e+00,0.000000000000000000e+00,0.000000000000000000e+00,0.000000000000000000e+00,0.000000000000000000e+00,0.000000000000000000e+00,0.000000000000000000e+00,0.000000000000000000e+00,0.000000000000000000e+00
3.039480836353852244e-01,1.329657161593899017e+00,1.907773084928220175e+00,-1.999296157468378847e-03,5.608409911930004044e-02,5.672441201288005441e-01,8.216353721816962441e-01,-5.376000217299399253e-01,-1.105831502212056006e-01,1.036200994913559770e-01,5.456977990740943252e-01,-2.135699795570506487e-01,1.860066809411897726e-01,-4.084533670948681250e-01,-2.346392298535782961e-01,-1.627048273036294790e-01,8.904820294011500659e-01,2.100221005621950021e-01,2.457993716564673553e-02,1.151971320764580420e-01,0.000000000000000000e+00,0.000000000000000000e+00,0.000000000000000000e+00,0.000000000000000000e+00,0.000000000000000000e+00,0.000000000000000000e+00,0.000000000000000000e+00,0.000000000000000000e+00,0.000000000000000000e+00,0.000000000000000000e+00,0.000000000000000000e+00,0.000000000000000000e+00,0.000000000000000000e+00,0.000000000000000000e+00,0.000000000000000000e+00,0.000000000000000000e+00
3.094299026313837575e-01,1.359473186860475691e+00,1.910924529775258618e+00,5.486687714927001788e-03,4.843109046202420664e-02,5.910390500712403572e-01,8.051690300958332935e-01,-4.635197465150268648e-01,-1.455486170855808392e-01,5.475180787478767935e-02,5.178267779106896507e-01,-2.393649193840295120e-01,1.784417232485230043e-01,-5.094566268967302136e-01,-2.545967075976697247e-01,-1.956759560703376088e-01,8.940791470516803452e-01,1.384954618499870116e-01,2.369650021127067685e-02,4.354126551112812854e-02,0.000000000000000000e+00,0.000000000000000000e+00,0.000000000000000000e+00,0.000000000000000000e+00,0.000000000000000000e+00,0.000000000000000000e+00,0.000000000000000000e+00,0.000000000000000000e+00,0.000000000000000000e+00,0.000000000000000000e+00,0.000000000000000000e+00,0.000000000000000000e+00,0.000000000000000000e+00,0.000000000000000000e+00,0.000000000000000000e+00,0.000000000000000000e+00
3.144952836831600984e-01,1.389418448210542278e+00,1.911644500746983999e+00,1.170050822024573493e-02,4.412955286843650571e-02,6.099035571987128090e-01,7.911594855573542695e-01,-3.995995874448817209e-01,-1.729702079550226868e-01,1.439609127102704778e-02,5.003686258887339866e-01,-2.681018843245401295e-01,1.688138840470489455e-01,-5.842006568836815017e-01,-2.799852027270445243e-01,-2.334627619932432840e-01,8.368863980888271437e-01,9.154201175260635870e-02,3.385117780171834762e-02,-1.477454001991075974e-02,0.000000000000000000e+00,0.000000000000000000e+00,0.000000000000000000e+00,0.000000000000000000e+00,0.000000000000000000e+00,0.000000000000000000e+00,0.000000000000000000e+00,0.000000000000000000e+00,0.000000000000000000e+00,0.000000000000000000e+00,0.000000000000000000e+00,0.000000000000000000e+00,0.000000000000000000e+00,0.000000000000000000e+00,0.000000000000000000e+00,0.000000000000000000e+00
3.194350988786123779e-01,1.419158474005316695e+00,1.910058736034500049e+00,1.802227004571986535e-02,3.941682521691307339e-02,6.257403602126799802e-01,7.788263691434216263e-01,-3.431610605713373841e-01,-1.931283706332459493e-01,-1.784496945583044503e-02,5.007275730479515685e-01,-3.000407835142717694e-01,1.611332795858110845e-01,-6.414760022814287588e-01,-2.960220133166072132e-01,-2.596663469894378573e-01,7.570721257583461483e-01,6.022861448472355966e-02,5.534775962064632238e-02,-6.236755549619091288e-02,0.000000000000000000e+00,0.000000000000000000e+00,0.000000000000000000e+00,0.000000000000000000e+00,0.000000000000000000e+00,0.000000000000000000e+00,0.000000000000000000e+00,0.000000000000000000e+00,0.000000000000000000e+00,0.000000000000000000e+00,0.000000000000000000e+00,0.000000000000000000e+00,0.000000000000000000e+00,0.000000000000000000e+00,0.000000000000000000e+00,0.000000000000000000e+00
3.245796081385837195e-01,1.448991071408814113e+00,1.907536200777662616e+00,2.366297605269889609e-02,3.610172493309057179e-02,6.413651878171175991e-01,7.660205120474907758e-01,-2.890739891565626829e-01,-2.105828805358175571e-01,-5.206906477160509750e-02,4.985990115712058413e-01,-3.253771902955075457e-01,1.499854480147452540e-01,-6.898416380901585265e-01,-3.001189799126698921e-01,-2.672293353304839858e-01,6.632558847953894388e-01,4.059326276572738229e-02,8.382017100680214106e-02,-1.089186728281319877e-01,0.000000000000000000e+00,0.000000000000000000e+00,0.000000000000000000e+00,0.000000000000000000e+00,0.000000000000000000e+00,0.000000000000000000e+00,0.000000000000000000e+00,0.000000000000000000e+00,0.000000000000000000e+00,0.000000000000000000e+00,0.000000000000000000e+00,0.000000000000000000e+00,0.000000000000000000e+00,0.000000000000000000e+00,0.000000000000000000e+00,0.000000000000000000e+00
3.302570550435901531e-01,1.479365607485647383e+00,1.903247506854648607e+00,2.975274114524086369e-02,3.474623846163471530e-02,6.564481632570374758e-01,7.529829229561419979e-01,-2.386046669700641887e-01,-2.314442099445175316e-01,-9.390344834659895834e-02,5.017633069856887174e-01,-3.598182202998878587e-01,1.395415381023600854e-01,-7.358428846065075968e-01,-2.989818226716041694e-01,-2.568269193085360169e-01,5.530590411428057962e-01,2.823406868836835643e-02,1.222440660153319425e-01,-1.563428801654642430e-01,0.000000000000000000e+00,0.000000000000000000e+00,0.000000000000000000e+00,0.000000000000000000e+00,0.000000000000000000e+00,0.000000000000000000e+00,0.000000000000000000e+00,0.000000000000000000e+00,0.000000000000000000e+00,0.000000000000000000e+00,0.000000000000000000e+00,0.000000000000000000e+00,0.000000000000000000e+00,0.000000000000000000e+00,0.000000000000000000e+00,0.000000000000000000e+00
3.367960566888333895e-01,1.510128343572999965e+00,1.897941188392296530e+00,3.691708718872606376e-02,3.618138592149074129e-02,6.691773373021332461e-01,7.413027230676607626e-01,-1.885400116012408700e-01,-2.498880783980856612e-01,-1.263439395850398661e-01,4.996308604096727501e-01,-3.952014624693502842e-01,1.303735281003877700e-01,-7.732146456262708467e-01,-2.970941203460872870e-01,-2.382807035452151889e-01,4.437770734754843405e-01,2.021558242697855945e-02,1.626003301747517560e-01,-1.952986752894105005e-01,0.000000000000000000e+00,0.000000000000000000e+00,0.000000000000000000e+00,0.000000000000000000e+00,0.000000000000000000e+00,0.000000000000000000e+00,0.000000000000000000e+00,0.000000000000000000e+00,0.000000000000000000e+00,0.000000000000000000e+00,0.000000000000000000e+00,0.000000000000000000e+00,0.000000000000000000e+00,0.000000000000000000e+00,0.000000000000000000e+00,0.000000000000000000e+00
3.441032094522319396e-01,1.541538084990232704e+00,1.891301829272733936e+00,4.293711213171532565e-02,3.957439756963329613e-02,6.763513147020103755e-01,7.342609689746917301e-01,-1.436288522733056849e-01,-2.612131062433425410e-01,-1.449856053032099745e-01,4.965596176023923669e-01,-4.329172716215058392e-01,1.210414066051979376e-01,-8.054710467946351038e-01,-2.935950734811362262e-01,-2.194469534496391039e-01,3.472336055068075966e-01,1.767740136087402048e-02,1.981598674978967689e-01,-2.211599412938267673e-01,0.000000000000000000e+00,0.000000000000000000e+00,0.000000000000000000e+00,0.000000000000000000e+00,0.000000000000000000e+00,0.000000000000000000e+00,0.000000000000000000e+00,0.000000000000000000e+00,0.000000000000000000e+00,0.000000000000000000e+00,0.000000000000000000e+00,0.000000000000000000e+00,0.000000000000000000e+00,0.000000000000000000e+00,0.000000000000000000e+00,0.000000000000000000e+00
3.524921452562861934e-01,1.574400930296247170e+00,1.883103498632214823e+00,4.656431448161661019e-02,4.587889628085355803e-02,6.816637389302374617e-01,7.287396232678422514e-01,-1.051367408184637753e-01,-2.743318135238375644e-01,-1.743982421251786818e-01,4.999073864279657275e-01,-4.635923507050586090e-01,1.163182356907274811e-01,-8.366985733507509293e-01,-2.878171274651995515e-01,-1.899948050536257316e-01,2.899034611188652799e-01,2.019288294418021198e-02,2.183803930315033892e-01,-2.389997559503619085e-01,0.000000000000000000e+00,0.000000000000000000e+00,0.000000000000000000e+00,0.000000000000000000e+00,0.000000000000000000e+00,0.000000000000000000e+00,0.000000000000000000e+00,0.000000000000000000e+00,0.000000000000000000e+00,0.000000000000000000e+00,0.000000000000000000e+00,0.000000000000000000e+00,0.000000000000000000e+00,0.000000000000000000e+00,0.000000000000000000e+00,0.000000000000000000e+00
3.615635211904136836e-01,1.609297276161592238e+00,1.873745081577151472e+00,4.691304983246583071e-02,5.217735597303502226e-02,6.862811369909874726e-01,7.239439828394437226e-01,-6.902299645119841509e-02,-2.815940925964197095e-01,-2.020880206879315244e-01,5.137246880291034268e-01,-4.831165621701380974e-01,1.103264627413970828e-01,-8.527459170728967086e-01,-2.831819386865322974e-01,-1.739210945410761822e-01,2.709248112743407044e-01,2.718449929088693345e-02,2.256465180564980189e-01,-2.546219366082888014e-01,0.000000000000000000e+00,0.000000000000000000e+00,0.000000000000000000e+00,0.000000000000000000e+00,0.000000000000000000e+00,0.000000000000000000e+00,0.000000000000000000e+00,0.000000000000000000e+00,0.000000000000000000e+00,0.000000000000000000e+00,0.000000000000000000e+00,0.000000000000000000e+00,0.000000000000000000e+00,0.000000000000000000e+00,0.000000000000000000e+00,0.000000000000000000e+00
3.712667854567587300e-01,1.646079011089976341e+00,1.861717260042681454e+00,4.675362835201565120e-02,5.873800212913077995e-02,6.930997043347689734e-01,7.169217148286519681e-01,-2.895026715841695492e-02,-2.874273149863608157e-01,-2.366870363298173019e-01,5.324920716495852302e-01,-4.864133162028891899e-01,9.948331620764275240e-02,-8.500347110251578187e-01,-2.831456258360093292e-01,-1.486334403524715020e-01,2.942712771977274433e-01,4.644958240914554004e-02,2.184529782914724771e-01,-2.759835343570933852e-01,0.000000000000000000e+00,0.000000000000000000e+00,0.000000000000000000e+00,0.000000000000000000e+00,0.000000000000000000e+00,0.000000000000000000e+00,0.000000000000000000e+00,0.000000000000000000e+00,0.000000000000000000e+00,0.000000000000000000e+00,0.000000000000000000e+00,0.000000000000000000e+00,0.000000000000000000e+00,0.000000000000000000e+00,0.000000000000000000e+00,0.000000000000000000e+00
3.811554410248024216e-01,1.682954712145876996e+00,1.857077310679149829e+00,4.065094529519211464e-02,6.065159312938672026e-02,7.013896121567469999e-01,7.090285585616999953e-01,2.948589290487802633e-02,-2.639261521152219125e-01,-2.648636788246466200e-01,5.004646015556420968e-01,-3.958755655137926044e-01,6.200099658179406004e-02,-8.336089515453636301e-01,-2.762707496988582312e-01,-1.547280745827655235e-01,3.358411080655004377e-01,6.727950866079786263e-02,1.971534580638383827e-01,-2.956971698330330689e-01,0.000000000000000000e+00,0.000000000000000000e+00,0.000000000000000000e+00,0.000000000000000000e+00,0.000000000000000000e+00,0.000000000000000000e+00,0.000000000000000000e+00,0.000000000000000000e+00,0.000000000000000000e+00,0.000000000000000000e+00,0.000000000000000000e+00,0.000000000000000000e+00,0.000000000000000000e+00,0.000000000000000000e+00,0.000000000000000000e+00,0.000000000000000000e+00
3.908564706655124898e-01,1.718933525215011748e+00,1.853727388666305487e+00,2.569629798366055567e-02,6.038237907770040852e-02,7.076680426640612476e-01,7.034910162602415751e-01,6.808779833674635795e-02,-2.316856004233654731e-01,-2.988981735076861601e-01,4.877959483421230313e-01,-2.735622001581481944e-01,1.591566488068409460e-02,-8.198397134611973280e-01,-2.555829774441404911e-01,-1.698039188723436677e-01,3.845423035068316064e-01,8.213117077915446651e-02,1.615841995175216483e-01,-3.099117452821836260e-01,0.000000000000000000e+00,0.000000000000000000e+00,0.000000000000000000e+00,0.000000000000000000e+00,0.000000000000000000e+00,0.000000000000000000e+00,0.000000000000000000e+00,0.000000000000000000e+00,0.000000000000000000e+00,0.000000000000000000e+00,0.000000000000000000e+00,0.000000000000000000e+00,0.000000000000000000e+00,0.000000000000000000e+00,0.000000000000000000e+00,0.000000000000000000e+00
4.002476419952699649e-01,1.753857087755111177e+00,1.852152776071219753e+00,2.650462321126607207e-03,5.959082070376066353e-02,7.121793131461002790e-01,6.994587443617277245e-01,9.464762872589749243e-02,-1.842006738340790650e-01,-3.284170874493205217e-01,4.697558008993078515e-01,-1.060054793007625396e-01,-4.130167800557936475e-02,-8.107010372948640908e-01,-2.259277882855532105e-01,-2.008756399477694687e-01,4.345078172925269655e-01,9.062021679550974484e-02,1.162568330760135743e-01,-3.202567729539579355e-01,0.000000000000000000e+00,0.000000000000000000e+00,0.000000000000000000e+00,0.000000000000000000e+00,0.000000000000000000e+00,0.000000000000000000e+00,0.000000000000000000e+00,0.000000000000000000e+00,0.000000000000000000e+00,0.000000000000000000e+00,0.000000000000000000e+00,0.000000000000000000e+00,0.000000000000000000e+00,0.000000000000000000e+00,0.000000000000000000e+00,0.000000000000000000e+00
4.091490443413110523e-01,1.787103158377321588e+00,1.852128301472375727e+00,-2.220158202912222989e-02,5.583138261787036483e-02,7.139388000386914790e-01,6.976254985805017128e-01,1.012026505903327045e-01,-1.281289715893317305e-01,-3.472767179804535087e-01,4.688465066230954048e-01,9.490539102209884226e-02,-1.036664387515310037e-01,-8.065126913425879618e-01,-1.884470155109155276e-01,-2.362300929851614828e-01,4.884477306988482259e-01,8.695828322466961358e-02,6.194595123043520474e-02,-3.198216414642863770e-01,0.000000000000000000e+00,0.000000000000000000e+00,0.000000000000000000e+00,0.000000000000000000e+00,0.000000000000000000e+00,0.000000000000000000e+00,0.000000000000000000e+00,0.000000000000000000e+00,0.000000000000000000e+00,0.000000000000000000e+00,0.000000000000000000e+00,0.000000000000000000e+00,0.000000000000000000e+00,0.000000000000000000e+00,0.000000000000000000e+00,0.000000000000000000e+00
4.176404003079403626e-01,1.819672430898753523e+00,1.854005433644453582e+00,-4.023851137058587907e-02,5.088550414295162777e-02,7.105572377437194831e-01,7.006425190928761149e-01,8.485679869910298101e-02,-8.219228264129729844e-02,-3.408045304790908725e-01,4.903394166349909211e-01,2.835783714837400993e-01,-1.511032325981893631e-01,-7.942916874357104362e-01,-1.455827461290963853e-01,-2.535624144469905139e-01,5.297979550463489673e-01,6.407192256915103523e-02,1.218885012630252333e-02,-2.984667354760144886e-01,0.000000000000000000e+00,0.000000000000000000e+00,0.000000000000000000e+00,0.000000000000000000e+00,0.000000000000000000e+00,0.000000000000000000e+00,0.000000000000000000e+00,0.000000000000000000e+00,0.000000000000000000e+00,0.000000000000000000e+00,0.000000000000000000e+00,0.000000000000000000e+00,0.000000000000000000e+00,0.000000000000000000e+00,0.000000000000000000e+00,0.000000000000000000e+00
4.260006520644635253e-01,1.853145753489782166e+00,1.859050027128610338e+00,-4.827064879814137177e-02,5.006116425714083468e-02,7.004473960451521597e-01,7.103078696392085556e-01,3.934859211879879887e-02,-5.637496360967345077e-02,-2.944360715352190572e-01,5.460871081522988835e-01,4.162087030133383991e-01,-1.674512136695834597e-01,-7.701346214334854334e-01,-1.033269464427822304e-01,-2.376735908093776661e-01,5.533542366633126264e-01,3.503170537820763514e-02,-2.797055995748267548e-02,-2.576312409031316086e-01,0.000000000000000000e+00,0.000000000000000000e+00,0.000000000000000000e+00,0.000000000000000000e+00,0.000000000000000000e+00,0.000000000000000000e+00,0.000000000000000000e+00,0.000000000000000000e+00,0.000000000000000000e+00,0.000000000000000000e+00,0.000000000000000000e+00,0.000000000000000000e+00,0.000000000000000000e+00,0.000000000000000000e+00,0.000000000000000000e+00,0.000000000000000000e+00
4.347299909957231256e-01,1.887119795465431293e+00,1.868637461767447050e+00,-4.408276844313568921e-02,4.995941612186313718e-02,6.858476865206467599e-01,7.246887036248232938e-01,-3.625723490450514369e-02,-4.855366771631564049e-02,-2.190034675524500651e-01,6.307501961067987217e-01,4.537368471346269749e-01,-1.456090586987508206e-01,-7.208051339553299686e-01,-6.801004695778473108e-02,-1.928932207246942254e-01,5.527986617598208419e-01,8.966874095000750000e-03,-4.836287360766074184e-02,-2.063247205492688696e-01,0.000000000000000000e+00,0.000000000000000000e+00,0.000000000000000000e+00,0.000000000000000000e+00,0.000000000000000000e+00,0.000000000000000000e+00,0.000000000000000000e+00,0.000000000000000000e+00,0.000000000000000000e+00,0.000000000000000000e+00,0.000000000000000000e+00,0.000000000000000000e+00,0.000000000000000000e+00,0.000000000000000000e+00,0.000000000000000000e+00,0.000000000000000000e+00
4.436994082591342869e-01,1.920544571946229073e+00,1.878139442865172315e+00,-3.791760984141391566e-02,5.123360802685718307e-02,6.673172684771162544e-01,7.420411278795155940e-01,-1.357218233900695792e-01,-3.564568943525998207e-02,-1.339264701320308226e-01,7.284335070659249123e-01,4.326303999752483254e-01,-1.086375283503700495e-01,-6.620313825278681952e-01,-3.898173607676676949e-02,-1.478574336467751715e-01,5.339037568406468370e-01,-2.622677761998655488e-02,-5.444747394056860534e-02,-1.394879045725000988e-01,0.000000000000000000e+00,0.000000000000000000e+00,0.000000000000000000e+00,0.000000000000000000e+00,0.000000000000000000e+00,0.000000000000000000e+00,0.000000000000000000e+00,0.000000000000000000e+00,0.000000000000000000e+00,0.000000000000000000e+00,0.000000000000000000e+00,0.000000000000000000e+00,0.000000000000000000e+00,0.000000000000000000e+00,0.000000000000000000e+00,0.000000000000000000e+00
4.526524899118852252e-01,1.952792290482941118e+00,1.885904615369043302e+00,-2.866880346611505245e-02,4.879193180940795405e-02,6.489329388010354194e-01,7.587380892226099904e-01,-2.493525196184097903e-01,-1.097001691027608798e-02,-4.771910855790395534e-02,8.215855300972138009e-01,3.565507032913600161e-01,-5.560900875899055934e-02,-5.945748088019534583e-01,-1.673788765036791221e-02,-1.058710365581706225e-01,5.146489517209543729e-01,-5.671163034012592641e-02,-5.525085155868185438e-02,-7.428640355632029624e-02,0.000000000000000000e+00,0.000000000000000000e+00,0.000000000000000000e+00,0.000000000000000000e+00,0.000000000000000000e+00,0.000000000000000000e+00,0.000000000000000000e+00,0.000000000000000000e+00,0.000000000000000000e+00,0.000000000000000000e+00,0.000000000000000000e+00,0.000000000000000000e+00,0.000000000000000000e+00,0.000000000000000000e+00,0.000000000000000000e+00,0.000000000000000000e+00
4.610346765373434241e-01,1.984203164356636018e+00,1.891625291601314318e+00,-2.335757261387946815e-02,4.383182325060697854e-02,6.315251866793789581e-01,7.737629699473145273e-01,-3.622917427645559463e-01,1.577850259999323893e-02,9.797755847404207574e-03,8.748244084313960833e-01,2.600891315323109465e-01,-9.692623623820350448e-03,-5.263050851128547869e-01,6.254691544313809026e-03,-6.536796090192262265e-02,4.902996760272760324e-01,-7.863382891852437051e-02,-4.739800084304901517e-02,-4.248076108051099253e-03,0.000000000000000000e+00,0.000000000000000000e+00,0.000000000000000000e+00,0.000000000000000000e+00,0.000000000000000000e+00,0.000000000000000000e+00,0.000000000000000000e+00,0.000000000000000000e+00,0.000000000000000000e+00,0.000000000000000000e+00,0.000000000000000000e+00,0.000000000000000000e+00,0.000000000000000000e+00,0.000000000000000000e+00,0.000000000000000000e+00,0.000000000000000000e+00
4.692198962712120780e-01,2.014973468524694056e+00,1.895790705049439362e+00,-1.736563986655605130e-02,3.759890385981324440e-02,6.128120562446581765e-01,7.891426618183543518e-01,-4.677393177205294572e-01,3.923475934666683512e-02,3.569532711528124180e-02,8.752899232563511323e-01,1.612157884253609397e-01,2.258429989756023659e-02,-4.555050258064017865e-01,2.472150466742378122e-02,-2.522782205167209413e-02,4.631250374836801686e-01,-9.579644165029266301e-02,-3.759232843333736029e-02,6.457842930489869626e-02,0.000000000000000000e+00,0.000000000000000000e+00,0.000000000000000000e+00,0.000000000000000000e+00,0.000000000000000000e+00,0.000000000000000000e+00,0.000000000000000000e+00,0.000000000000000000e+00,0.000000000000000000e+00,0.000000000000000000e+00,0.000000000000000000e+00,0.000000000000000000e+00,0.000000000000000000e+00,0.000000000000000000e+00,0.000000000000000000e+00,0.000000000000000000e+00
4.769446990675230702e-01,2.045783141985944908e+00,1.897161313255029569e+00,-1.485606458422978997e-02,2.979233118421181770e-02,5.971587316839651605e-01,8.014319456580673018e-01,-5.560923066362873923e-01,6.660453810227809357e-02,5.644287615553123666e-02,8.306388685757701840e-01,7.442895105768745911e-02,3.908827289079652711e-02,-3.876451889099774561e-01,4.156074567548161819e-02,1.171518748599725129e-02,4.349416557383273263e-01,-1.047539750670304637e-01,-2.387636007700121715e-02,1.216132002151445318e-01,0.000000000000000000e+00,0.000000000000000000e+00,0.000000000000000000e+00,0.000000000000000000e+00,0.000000000000000000e+00,0.000000000000000000e+00,0.000000000000000000e+00,0.000000000000000000e+00,0.000000000000000000e+00,0.000000000000000000e+00,0.000000000000000000e+00,0.000000000000000000e+00,0.000000000000000000e+00,0.000000000000000000e+00,0.000000000000000000e+00,0.000000000000000000e+00
4.845646042091119043e-01,2.076755419480911691e+00,1.895893212457330224e+00,-1.480892364060700829e-02,2.343962919578706020e-02,5.819795418746457338e-01,8.127306395129616501e-01,-6.253659098886316103e-01,1.003998154778054930e-01,7.202155169176009675e-02,7.532693649833602789e-01,2.083635684751136696e-02,4.375133981510814785e-02,-3.290819598584308059e-01,5.555723136286483399e-02,4.237733132571087219e-02,4.206816530125136455e-01,-1.276020135073961947e-01,-1.206379173642411866e-02,1.707188734288468124e-01,0.000000000000000000e+00,0.000000000000000000e+00,0.000000000000000000e+00,0.000000000000000000e+00,0.000000000000000000e+00,0.000000000000000000e+00,0.000000000000000000e+00,0.000000000000000000e+00,0.000000000000000000e+00,0.000000000000000000e+00,0.000000000000000000e+00,0.000000000000000000e+00,0.000000000000000000e+00,0.000000000000000000e+00,0.000000000000000000e+00,0.000000000000000000e+00
4.919593509682424481e-01,2.108159796161882316e+00,1.892186450233665829e+00,-1.769967228054670008e-02,1.865074647036880223e-02,5.684926366471695358e-01,8.222864423880572593e-01,-6.788731529222943317e-01,1.324997392987282696e-01,8.198810626310037986e-02,6.573899283155336670e-01,-6.576408677908859857e-03,3.714875157250348281e-02,-2.783584036145954066e-01,7.092171349945393388e-02,6.992678959056060350e-02,4.186480951324332289e-01,-1.599861828053041612e-01,-4.950161021149751019e-03,2.103589618627131619e-01,0.000000000000000000e+00,0.000000000000000000e+00,0.000000000000000000e+00,0.000000000000000000e+00,0.000000000000000000e+00,0.000000000000000000e+00,0.000000000000000000e+00,0.000000000000000000e+00,0.000000000000000000e+00,0.000000000000000000e+00,0.000000000000000000e+00,0.000000000000000000e+00,0.000000000000000000e+00,0.000000000000000000e+00,0.000000000000000000e+00,0.000000000000000000e+00
4.992459891555302565e-01,2.139824388909137287e+00,1.887066435795646813e+00,-1.880476890165086803e-02,1.530431959041835856e-02,5.588766044846239511e-01,8.288963140394378648e-01,-7.265871123830215383e-01,1.564179118804359947e-01,9.872813283464713929e-02,5.483743791047259730e-01,-4.193496294354424198e-02,2.448367780401893706e-02,-2.326147810487679823e-01,8.089040269356227719e-02,8.813628593100253372e-02,4.279685679915896657e-01,-2.075224946184804908e-01,-3.962311134272342855e-03,2.390163285492048484e-01,0.000000000000000000e+00,0.000000000000000000e+00,0.000000000000000000e+00,0.000000000000000000e+00,0.000000000000000000e+00,0.000000000000000000e+00,0.000000000000000000e+00,0.000000000000000000e+00,0.000000000000000000e+00,0.000000000000000000e+00,0.000000000000000000e+00,0.000000000000000000e+00,0.000000000000000000e+00,0.000000000000000000e+00,0.000000000000000000e+00,0.000000000000000000e+00
5.062786993218627574e-01,2.172498694973255873e+00,1.879564190486170849e+00,-2.443900867205307109e-02,1.354422821948064043e-02,5.508377766599406034e-01,8.341444914050554216e-01,-7.648050580767794537e-01,1.701933786038704599e-01,1.054872262859679333e-01,4.443674739870010493e-01,-4.205977187829500197e-02,2.751838173652996003e-03,-1.917588099924699696e-01,8.847044859812477902e-02,1.051036326840253526e-01,4.393378337693634728e-01,-2.512251008137739716e-01,1.363314131101788299e-04,2.607028504653599588e-01,0.000000000000000000e+00,0.000000000000000000e+00,0.000000000000000000e+00,0.000000000000000000e+00,0.000000000000000000e+00,0.000000000000000000e+00,0.000000000000000000e+00,0.000000000000000000e+00,0.000000000000000000e+00,0.000000000000000000e+00,0.000000000000000000e+00,0.000000000000000000e+00,0.000000000000000000e+00,0.000000000000000000e+00,0.000000000000000000e+00,0.000000000000000000e+00
5.130849727916265701e-01,2.206005137689220685e+00,1.870938317750785673e+00,-3.072344000368947697e-02,1.245812824923461445e-02,5.426821665377106196e-01,8.392835822276049074e-01,-7.976513723885538809e-01,1.768971252708423092e-01,1.110142510051678466e-01,3.647411860975693920e-01,-4.200886638841206527e-02,-8.114857990120419307e-03,-1.511890470207051529e-01,9.267901588777288646e-02,1.151392714455906074e-01,4.558481542415882548e-01,-2.995227520340896787e-01,2.174286737864454533e-04,2.805203526553983751e-01,0.000000000000000000e+00,0.000000000000000000e+00,0.000000000000000000e+00,0.000000000000000000e+00,0.000000000000000000e+00,0.000000000000000000e+00,0.000000000000000000e+00,0.000000000000000000e+00,0.000000000000000000e+00,0.000000000000000000e+00,0.000000000000000000e+00,0.000000000000000000e+00,0.000000000000000000e+00,0.000000000000000000e+00,0.000000000000000000e+00,0.000000000000000000e+00
5.196098904896725434e-01,2.240428630013658662e+00,1.861100808876457124e+00,-3.447533908690934151e-02,9.680875829555131429e-03,5.351008612799525999e-01,8.440289093955656297e-01,-8.143812856413361612e-01,1.770626686405139538e-01,1.086153808077931493e-01,3.122725051447577949e-01,-3.372697592512144404e-02,-1.396325848367995816e-02,-1.108722443378557798e-01,9.269924941312229771e-02,1.276854513133108826e-01,4.756558537787292096e-01,-3.291344075201111941e-01,1.117075527021694874e-03,2.940956779601546223e-01,0.000000000000000000e+00,0.000000000000000000e+00,0.000000000000000000e+00,0.000000000000000000e+00,0.000000000000000000e+00,0.000000000000000000e+00,0.000000000000000000e+00,0.000000000000000000e+00,0.000000000000000000e+00,0.000000000000000000e+00,0.000000000000000000e+00,0.000000000000000000e+00,0.000000000000000000e+00,0.000000000000000000e+00,0.000000000000000000e+00,0.000000000000000000e+00
5.259977028828562995e-01,2.276703419523312011e+00,1.850452610410463938e+00,-3.824341211881520514e-02,3.124427863497029889e-03,5.236138972079710241e-01,8.510911619977713505e-01,-8.123251565224456350e-01,1.834399394905472658e-01,1.179616498495077992e-01,3.260684588968895126e-01,-1.939786304049419957e-02,-7.629053837334878740e-03,-6.160742828418145495e-02,9.303666409171298946e-02,1.532804182972882234e-01,4.905209156597171161e-01,-3.263064914960842611e-01,1.233149514028886347e-02,3.162472030577341831e-01,0.000000000000000000e+00,0.000000000000000000e+00,0.000000000000000000e+00,0.000000000000000000e+00,0.000000000000000000e+00,0.000000000000000000e+00,0.000000000000000000e+00,0.000000000000000000e+00,0.000000000000000000e+00,0.000000000000000000e+00,0.000000000000000000e+00,0.000000000000000000e+00,0.000000000000000000e+00,0.000000000000000000e+00,0.000000000000000000e+00,0.000000000000000000e+00
5.327337307930263277e-01,2.314032204595258602e+00,1.840655795332044375e+00,-3.964859853262289735e-02,1.912542565093177695e-03,5.137187144767401126e-01,8.570399134297663757e-01,-8.026504594345492682e-01,1.840613071899606656e-01,1.417344429262187566e-01,3.756822280355354704e-01,-4.615920284856411815e-03,1.067834486114710262e-02,-1.384069727178101339e-02,7.764508887302787321e-02,1.801332915184539474e-01,4.825020724852674969e-01,-2.644803058689804143e-01,4.009258472664707640e-02,3.349801219673527730e-01,0.000000000000000000e+00,0.000000000000000000e+00,0.000000000000000000e+00,0.000000000000000000e+00,0.000000000000000000e+00,0.000000000000000000e+00,0.000000000000000000e+00,0.000000000000000000e+00,0.000000000000000000e+00,0.000000000000000000e+00,0.000000000000000000e+00,0.000000000000000000e+00,0.000000000000000000e+00,0.000000000000000000e+00,0.000000000000000000e+00,0.000000000000000000e+00
5.394708950202711240e-01,2.351578606940216698e+00,1.829656061774220577e+00,-3.987744226488452309e-02,8.122491252228875719e-03,5.058743261306595240e-01,8.616466682440775404e-01,-7.842856046891930610e-01,1.719790846605953605e-01,1.717299844186475910e-01,4.234362992515590118e-01,1.363599195050619120e-02,3.555874872654789243e-02,2.384684498471155087e-02,4.747678803625102195e-02,2.061852691502225610e-01,4.648103972770933900e-01,-1.582896262003721521e-01,8.496164312189115331e-02,3.519371159184551123e-01,0.000000000000000000e+00,0.000000000000000000e+00,0.000000000000000000e+00,0.000000000000000000e+00,0.000000000000000000e+00,0.000000000000000000e+00,0.000000000000000000e+00,0.000000000000000000e+00,0.000000000000000000e+00,0.000000000000000000e+00,0.000000000000000000e+00,0.000000000000000000e+00,0.000000000000000000e+00,0.000000000000000000e+00,0.000000000000000000e+00,0.000000000000000000e+00
5.464680940341531956e-01,2.387765653920173037e+00,1.822360195874594080e+00,-3.450867988225331251e-02,2.379331166320556093e-02,4.976354620498191217e-01,8.663728852193753882e-01,-7.737819599223703104e-01,1.450386259730763738e-01,2.072975763632315949e-01,4.649637729835435218e-01,3.447543767103028456e-02,6.268480836039680426e-02,5.026114197166527131e-02,-1.868311934625470350e-02,2.057010619941060381e-01,4.347475664011117846e-01,3.126773599994057268e-02,1.380618064886091068e-01,3.720137042190548304e-01,0.000000000000000000e+00,0.000000000000000000e+00,0.000000000000000000e+00,0.000000000000000000e+00,0.000000000000000000e+00,0.000000000000000000e+00,0.000000000000000000e+00,0.000000000000000000e+00,0.000000000000000000e+00,0.000000000000000000e+00,0.000000000000000000e+00,0.000000000000000000e+00,0.000000000000000000e+00,0.000000000000000000e+00,0.000000000000000000e+00,0.000000000000000000e+00
5.534603876974799608e-01,2.422758762251941089e+00,1.817900852524091837e+00,-2.714473996410455420e-02,4.211772971072103716e-02,4.966665318714706956e-01,8.664938638300109242e-01,-7.654928163964164201e-01,1.037363683144069126e-01,2.371831633024996944e-01,5.028099079678423067e-01,3.096837534156940408e-02,9.213306399182513706e-02,5.484620811853550132e-02,-8.602059188994999606e-02,1.869828895346885567e-01,4.381067924914380796e-01,2.343377841056503708e-01,1.883117766596225096e-01,3.783493970870889789e-01,0.000000000000000000e+00,0.000000000000000000e+00,0.000000000000000000e+00,0.000000000000000000e+00,0.000000000000000000e+00,0.000000000000000000e+00,0.000000000000000000e+00,0.000000000000000000e+00,0.000000000000000000e+00,0.000000000000000000e+00,0.000000000000000000e+00,0.000000000000000000e+00,0.000000000000000000e+00,0.000000000000000000e+00,0.000000000000000000e+00,0.000000000000000000e+00
5.606667235135923688e-01,2.458211846964046821e+00,1.818597653988069718e+00,-2.082839129335045669e-02,5.645539510430594432e-02,5.033080642673828375e-01,8.620092568662870436e-01,-7.469713454047059997e-01,6.267936914554260441e-02,2.551804099219391331e-01,5.295773591120549462e-01,1.104680917988395961e-02,1.240050002665547824e-01,3.277561720818651658e-02,-1.317117588189838373e-01,1.497471674625928673e-01,4.827398416550454097e-01,4.064049052730649980e-01,2.117218017210162617e-01,3.604349296031422734e-01,0.000000000000000000e+00,0.000000000000000000e+00,0.000000000000000000e+00,0.000000000000000000e+00,0.000000000000000000e+00,0.000000000000000000e+00,0.000000000000000000e+00,0.000000000000000000e+00,0.000000000000000000e+00,0.000000000000000000e+00,0.000000000000000000e+00,0.000000000000000000e+00,0.000000000000000000e+00,0.000000000000000000e+00,0.000000000000000000e+00,0.000000000000000000e+00
5.673535080064080471e-01,2.495552520654723772e+00,1.825396587079280541e+00,-1.634768766398004419e-02,5.925586353600825751e-02,5.189628005599083993e-01,8.525837832023668295e-01,-7.094975476245918289e-01,2.151828170691676839e-02,2.443152198539783604e-01,5.406921821438265274e-01,-2.784569825353662084e-02,1.553513695434671771e-01,-2.059862983717976326e-02,-1.477739569875717585e-01,8.700917370380455151e-02,5.835217616518587613e-01,4.880012543151245330e-01,1.859392435506755648e-01,3.189432320226048279e-01,0.000000000000000000e+00,0.000000000000000000e+00,0.000000000000000000e+00,0.000000000000000000e+00,0.000000000000000000e+00,0.000000000000000000e+00,0.000000000000000000e+00,0.000000000000000000e+00,0.000000000000000000e+00,0.000000000000000000e+00,0.000000000000000000e+00,0.000000000000000000e+00,0.000000000000000000e+00,0.000000000000000000e+00,0.000000000000000000e+00,0.000000000000000000e+00
5.731300541715740327e-01,2.533283348271471169e+00,1.834170229255336793e+00,-7.648987955655078830e-03,5.228542236284374617e-02,5.386339277251906976e-01,8.408812160435787941e-01,-6.452175423605889248e-01,-2.275772500252253028e-02,2.164891264822824124e-01,5.308958216983616918e-01,-7.622053447950201399e-02,1.761689550968272011e-01,-1.128203759303549880e-01,-1.670875074374647551e-01,-4.790885857577295570e-04,7.178348803300658165e-01,4.610521635810613805e-01,1.297254690973799474e-01,2.639155002626667468e-01,0.000000000000000000e+00,0.000000000000000000e+00,0.000000000000000000e+00,0.000000000000000000e+00,0.000000000000000000e+00,0.000000000000000000e+00,0.000000000000000000e+00,0.000000000000000000e+00,0.000000000000000000e+00,0.000000000000000000e+00,0.000000000000000000e+00,0.000000000000000000e+00,0.000000000000000000e+00,0.000000000000000000e+00,0.000000000000000000e+00,0.000000000000000000e+00
5.783142749116232384e-01,2.570046805788011479e+00,1.841171522699718954e+00,8.576081866144905086e-04,4.593089295386871412e-02,5.572851660507140981e-01,8.290493720403432354e-01,-5.828065017891693733e-01,-6.179212489270676650e-02,1.854454879027953584e-01,5.219220849822721053e-01,-1.167780888638267067e-01,1.919430565406652633e-01,-2.160895662043836596e-01,-1.881588454986088954e-01,-6.420316263618007502e-02,8.463372460657077045e-01,3.943057228770035505e-01,7.977325967548237751e-02,2.054873852731997352e-01,0.000000000000000000e+00,0.000000000000000000e+00,0.000000000000000000e+00,0.000000000000000000e+00,0.000000000000000000e+00,0.000000000000000000e+00,0.000000000000000000e+00,0.000000000000000000e+00,0.000000000000000000e+00,0.000000000000000000e+00,0.000000000000000000e+00,0.000000000000000000e+00,0.000000000000000000e+00,0.000000000000000000e+00,0.000000000000000000e+00,0.000000000000000000e+00
5.827085738427998374e-01,2.605939919312910025e+00,1.846204666804989181e+00,8.537658061366538639e-03,4.006263734438680890e-02,5.778260665568468735e-01,8.151313576910671488e-01,-5.140774447961677929e-01,-1.018415804892375681e-01,1.512378422126040012e-01,5.013386657226224230e-01,-1.519582267238972773e-01,1.991743964763127150e-01,-3.243003472650183849e-01,-2.187043595828491727e-01,-1.209197875413861034e-01,9.163460905875157048e-01,3.082262196012683919e-01,5.110526160978500626e-02,1.363284374931442999e-01,0.000000000000000000e+00,0.000000000000000000e+00,0.000000000000000000e+00,0.000000000000000000e+00,0.000000000000000000e+00,0.000000000000000000e+00,0.000000000000000000e+00,0.000000000000000000e+00,0.000000000000000000e+00,0.000000000000000000e+00,0.000000000000000000e+00,0.000000000000000000e+00,0.000000000000000000e+00,0.000000000000000000e+00,0.000000000000000000e+00,0.000000000000000000e+00
5.865724644063267101e-01,2.640954438994259412e+00,1.849872344280757419e+00,1.479629264535432288e-02,3.405894311630234400e-02,6.009362975063347045e-01,7.984338572838279857e-01,-4.452097500804343411e-01,-1.402149630480636344e-01,1.013460319560896272e-01,4.795253287128756758e-01,-1.812703405540681545e-01,1.966091192647112795e-01,-4.280904689164011234e-01,-2.417726294266206999e-01,-1.591210965421674395e-01,9.377351417522468147e-01,2.282643579211353080e-01,3.907338040927151729e-02,6.433036202837907891e-02,0.000000000000000000e+00,0.000000000000000000e+00,0.000000000000000000e+00,0.000000000000000000e+00,0.000000000000000000e+00,0.000000000000000000e+00,0.000000000000000000e+00,0.000000000000000000e+00,0.000000000000000000e+00,0.000000000000000000e+00,0.000000000000000000e+00,0.000000000000000000e+00,0.000000000000000000e+00,0.000000000000000000e+00,0.000000000000000000e+00,0.000000000000000000e+00
5.901509159706641583e-01,2.675338775975880878e+00,1.851473232892886012e+00,2.122391053888644102e-02,3.112011315776121514e-02,6.230536156562783701e-01,7.812715764675717267e-01,-3.765979981124230047e-01,-1.782808071695211327e-01,4.445368542574217735e-02,4.577517848729252270e-01,-2.051596407967070101e-01,1.861762298179156505e-01,-5.118892418976001002e-01,-2.648286362832683594e-01,-1.931903415393645407e-01,9.003350039089230705e-01,1.756474784225430796e-01,3.932480195915635107e-02,-1.563859509666144917e-03,0.000000000000000000e+00,0.000000000000000000e+00,0.000000000000000000e+00,0.000000000000000000e+00,0.000000000000000000e+00,0.000000000000000000e+00,0.000000000000000000e+00,0.000000000000000000e+00,0.000000000000000000e+00,0.000000000000000000e+00,0.000000000000000000e+00,0.000000000000000000e+00,0.000000000000000000e+00,0.000000000000000000e+00,0.000000000000000000e+00,0.000000000000000000e+00
5.934069556420702440e-01,2.709054533187486680e+00,1.850371244324630959e+00,2.909940488812332027e-02,2.689827056903240990e-02,6.429513318001610633e-01,7.648812277811186666e-01,-3.096135470692931158e-01,-2.068794311265540753e-01,1.603743583718647558e-04,4.503366804542299207e-01,-2.366108934441906175e-01,1.733573885165970996e-01,-5.709486074542876599e-01,-2.921345545572963109e-01,-2.316074831355663666e-01,8.215420382224080109e-01,1.288203050468822441e-01,4.850000695618480323e-02,-5.118680807911538122e-02,0.000000000000000000e+00,0.000000000000000000e+00,0.000000000000000000e+00,0.000000000000000000e+00,0.000000000000000000e+00,0.000000000000000000e+00,0.000000000000000000e+00,0.000000000000000000e+00,0.000000000000000000e+00,0.000000000000000000e+00,0.000000000000000000e+00,0.000000000000000000e+00,0.000000000000000000e+00,0.000000000000000000e+00,0.000000000000000000e+00,0.000000000000000000e+00
5.966436357067044227e-01,2.742392712651449127e+00,1.847111826466371065e+00,3.685472314237947522e-02,2.337904318964977718e-02,6.604403004460551729e-01,7.496090709618979941e-01,-2.498109795578735137e-01,-2.311850228819167519e-01,-3.986776838444253124e-02,4.544262921829873569e-01,-2.710509053539492119e-01,1.625312325829020021e-01,-6.163034054891389779e-01,-3.106836700991482125e-01,-2.647933308701768129e-01,7.163688146748903307e-01,9.902712592236981304e-02,7.066270687598871780e-02,-9.449262950782598425e-02,0.000000000000000000e+00,0.000000000000000000e+00,0.000000000000000000e+00,0.000000000000000000e+00,0.000000000000000000e+00,0.000000000000000000e+00,0.000000000000000000e+00,0.000000000000000000e+00,0.000000000000000000e+00,0.000000000000000000e+00,0.000000000000000000e+00,0.000000000000000000e+00,0.000000000000000000e+00,0.000000000000000000e+00,0.000000000000000000e+00,0.000000000000000000e+00
6.003361567207253779e-01,2.775466439099228744e+00,1.842912293597439577e+00,4.419345944217606403e-02,2.165621171821061758e-02,6.764886068785549433e-01,7.348068531254055014e-01,-1.938416296555165175e-01,-2.534776912596222176e-01,-8.262082814756648019e-02,4.553515405798034821e-01,-2.992856885024519631e-01,1.471078502737889482e-01,-6.560870607507559571e-01,-3.146770526824395064e-01,-2.758894521396037525e-01,6.029287452607720033e-01,7.775485981464633212e-02,1.023973834928406657e-01,-1.361508777068262122e-01,0.000000000000000000e+00,0.000000000000000000e+00,0.000000000000000000e+00,0.000000000000000000e+00,0.000000000000000000e+00,0.000000000000000000e+00,0.000000000000000000e+00,0.000000000000000000e+00,0.000000000000000000e+00,0.000000000000000000e+00,0.000000000000000000e+00,0.000000000000000000e+00,0.000000000000000000e+00,0.000000000000000000e+00,0.000000000000000000e+00,0.000000000000000000e+00
6.047746118108318081e-01,2.808521803271970541e+00,1.837214453954774562e+00,5.295984982908845395e-02,2.301253306464675491e-02,6.906892902536525547e-01,7.208425500460799995e-01,-1.388650689186297638e-01,-2.766060825590325734e-01,-1.228393783016800828e-01,4.541841237367994499e-01,-3.366400589271751898e-01,1.351984500045253224e-01,-6.922500788058891796e-01,-3.121949606139439171e-01,-2.653952664196829181e-01,4.726903431771314334e-01,5.439900530729298300e-02,1.443380402633248072e-01,-1.754152441684271591e-01,0.000000000000000000e+00,0.000000000000000000e+00,0.000000000000000000e+00,0.000000000000000000e+00,0.000000000000000000e+00,0.000000000000000000e+00,0.000000000000000000e+00,0.000000000000000000e+00,0.000000000000000000e+00,0.000000000000000000e+00,0.000000000000000000e+00,0.000000000000000000e+00,0.000000000000000000e+00,0.000000000000000000e+00,0.000000000000000000e+00,0.000000000000000000e+00
6.096432913671055998e-01,2.841665442731354130e+00,1.830621328123869906e+00,5.820514637310195138e-02,2.736683898397200554e-02,6.997331000804437595e-01,7.115032014766509150e-01,-9.150079106057854017e-02,-2.928248206227452299e-01,-1.543433653094601343e-01,4.514345347668359820e-01,-3.838117714280608883e-01,1.308336557053569604e-01,-7.249481280936612704e-01,-3.074441149986182342e-01,-2.472575310725279585e-01,3.626716603192026711e-01,3.913971253885532853e-02,1.853721530910616699e-01,-2.025693262194253885e-01,0.000000000000000000e+00,0.000000000000000000e+00,0.000000000000000000e+00,0.000000000000000000e+00,0.000000000000000000e+00,0.000000000000000000e+00,0.000000000000000000e+00,0.000000000000000000e+00,0.000000000000000000e+00,0.000000000000000000e+00,0.000000000000000000e+00,0.000000000000000000e+00,0.000000000000000000e+00,0.000000000000000000e+00,0.000000000000000000e+00,0.000000000000000000e+00
6.154090698168686036e-01,2.875267705181229427e+00,1.822218570738038501e+00,6.125613922097332409e-02,3.387568525607344977e-02,7.067242040065860875e-01,7.040177716701693234e-01,-5.259222227762241908e-02,-3.069057712529540405e-01,-1.866313245460236303e-01,4.623583515027611113e-01,-4.324658652859842967e-01,1.283925660937223767e-01,-7.573914634515874766e-01,-3.004300985680569136e-01,-2.197628820335072730e-01,2.926348197273661578e-01,3.290670052139466062e-02,2.120709377785817418e-01,-2.258266433818637564e-01,0.000000000000000000e+00,0.000000000000000000e+00,0.000000000000000000e+00,0.000000000000000000e+00,0.000000000000000000e+00,0.000000000000000000e+00,0.000000000000000000e+00,0.000000000000000000e+00,0.000000000000000000e+00,0.000000000000000000e+00,0.000000000000000000e+00,0.000000000000000000e+00,0.000000000000000000e+00,0.000000000000000000e+00,0.000000000000000000e+00,0.000000000000000000e+00
6.220428018424185579e-01,2.910027006713800990e+00,1.813064371539443664e+00,6.006473935316627988e-02,4.189696777237513631e-02,7.114369422189384951e-01,6.989237071555700620e-01,-1.511035342911324145e-02,-3.128031008170138461e-01,-2.177058623513223046e-01,4.711295094776504766e-01,-4.542291430984293221e-01,1.195795053412395670e-01,-7.782284867911529735e-01,-2.911206379600586036e-01,-1.987407467887861157e-01,2.618033216707763011e-01,3.129787049144862332e-02,2.225937550430235334e-01,-2.411314503301613954e-01,0.000000000000000000e+00,0.000000000000000000e+00,0.000000000000000000e+00,0.000000000000000000e+00,0.000000000000000000e+00,0.000000000000000000e+00,0.000000000000000000e+00,0.000000000000000000e+00,0.000000000000000000e+00,0.000000000000000000e+00,0.000000000000000000e+00,0.000000000000000000e+00,0.000000000000000000e+00,0.000000000000000000e+00,0.000000000000000000e+00,0.000000000000000000e+00
6.292038527969181505e-01,2.945747560475451721e+00,1.808212485620420251e+00,5.457002271619996320e-02,4.604035541134968851e-02,7.172660299235517067e-01,6.931319070797838933e-01,2.850032106555385608e-02,-2.962805374990369334e-01,-2.361516189028456669e-01,4.656515880556973408e-01,-4.171394581176176564e-01,9.469297357312624064e-02,-7.831621912471589120e-01,-2.785585534712062827e-01,-1.912752988902969575e-01,2.741009827834745005e-01,3.987847779044603053e-02,2.142933909814741800e-01,-2.578969989488498760e-01,0.000000000000000000e+00,0.000000000000000000e+00,0.000000000000000000e+00,0.000000000000000000e+00,0.000000000000000000e+00,0.000000000000000000e+00,0.000000000000000000e+00,0.000000000000000000e+00,0.000000000000000000e+00,0.000000000000000000e+00,0.000000000000000000e+00,0.000000000000000000e+00,0.000000000000000000e+00,0.000000000000000000e+00,0.000000000000000000e+00,0.000000000000000000e+00
6.367261613652606123e-01,2.981746828942266614e+00,1.803911123507107250e+00,4.771755892179155301e-02,4.900944496652970273e-02,7.245689541948067136e-01,6.857994892763216166e-01,7.672115518006623891e-02,-2.718155983786449958e-01,-2.546100877056987621e-01,4.560739910875672987e-01,-3.554987794410182644e-01,6.434904118292675279e-02,-7.726404561294354378e-01,-2.678575095267261563e-01,-1.899855596008409586e-01,3.106979394520544835e-01,5.471833308112135363e-02,1.924551421448985333e-01,-2.775470035907483535e-01,0.000000000000000000e+00,0.000000000000000000e+00,0.000000000000000000e+00,0.000000000000000000e+00,0.000000000000000000e+00,0.000000000000000000e+00,0.000000000000000000e+00,0.000000000000000000e+00,0.000000000000000000e+00,0.000000000000000000e+00,0.000000000000000000e+00,0.000000000000000000e+00,0.000000000000000000e+00,0.000000000000000000e+00,0.000000000000000000e+00,0.000000000000000000e+00
6.443142623153638171e-01,3.016633242949333216e+00,1.799563328775392934e+00,3.465325953121373148e-02,4.741553822578886690e-02,7.318107009247228900e-01,6.789727655441626375e-01,1.110904913033650687e-01,-2.342029999060828704e-01,-2.766517275657529029e-01,4.565902294736510769e-01,-2.455571787632132852e-01,2.241821714164680610e-02,-7.579397346212475295e-01,-2.518564090483969564e-01,-2.082356527299161209e-01,3.577089425720732518e-01,7.507740809012099226e-02,1.569882709029599976e-01,-2.954880070750522947e-01,0.000000000000000000e+00,0.000000000000000000e+00,0.000000000000000000e+00,0.000000000000000000e+00,0.000000000000000000e+00,0.000000000000000000e+00,0.000000000000000000e+00,0.000000000000000000e+00,0.000000000000000000e+00,0.000000000000000000e+00,0.000000000000000000e+00,0.000000000000000000e+00,0.000000000000000000e+00,0.000000000000000000e+00,0.000000000000000000e+00,0.000000000000000000e+00
6.519011941729273563e-01,3.050093544297559411e+00,1.796679571672325171e+00,1.472993741901851457e-02,4.514880776899962006e-02,7.380276347799384906e-01,6.730971879318768947e-01,1.310286786419571914e-01,-1.854553124191786473e-01,-3.037590357196359170e-01,4.480211637128088675e-01,-8.738123424475913170e-02,-3.052763740986645657e-02,-7.482035099383024246e-01,-2.252721816304448788e-01,-2.348576855420916876e-01,4.046107980545383120e-01,8.769904936391723083e-02,1.145227452517793565e-01,-3.098973667221455175e-01,0.000000000000000000e+00,0.000000000000000000e+00,0.000000000000000000e+00,0.000000000000000000e+00,0.000000000000000000e+00,0.000000000000000000e+00,0.000000000000000000e+00,0.000000000000000000e+00,0.000000000000000000e+00,0.000000000000000000e+00,0.000000000000000000e+00,0.000000000000000000e+00,0.000000000000000000e+00,0.000000000000000000e+00,0.000000000000000000e+00,0.000000000000000000e+00
6.592609033982714806e-01,3.082073306614931507e+00,1.795380701853376504e+00,-8.331950621737520268e-03,3.988331279761385406e-02,7.398572340879541187e-01,6.715289815985961974e-01,1.337586184984943249e-01,-1.252244152533343868e-01,-3.043488662617984120e-01,4.450634652531730850e-01,9.863832755135143460e-02,-8.689637328343947920e-02,-7.395056153938469601e-01,-1.873960509807646724e-01,-2.724086833508645444e-01,4.545580921951370423e-01,8.227447587084410485e-02,6.320438989187120160e-02,-3.117446838935523101e-01,0.000000000000000000e+00,0.000000000000000000e+00,0.000000000000000000e+00,0.000000000000000000e+00,0.000000000000000000e+00,0.000000000000000000e+00,0.000000000000000000e+00,0.000000000000000000e+00,0.000000000000000000e+00,0.000000000000000000e+00,0.000000000000000000e+00,0.000000000000000000e+00,0.000000000000000000e+00,0.000000000000000000e+00,0.000000000000000000e+00,0.000000000000000000e+00
6.661702660065345061e-01,3.113461605604547877e+00,1.795587158316163778e+00,-2.968419933486561926e-02,3.338725490704422261e-02,7.393381609552943656e-01,6.718505959473908273e-01,1.177795547340291654e-01,-7.177326468613534627e-02,-2.923467320302401973e-01,4.686101883872624829e-01,2.998075180409757734e-01,-1.388432999040735416e-01,-7.290036843749335693e-01,-1.418168571660482491e-01,-2.958288312475864656e-01,4.937552582356822262e-01,7.232457103972703139e-02,9.686071831443448035e-03,-2.968138185595168288e-01,0.000000000000000000e+00,0.000000000000000000e+00,0.000000000000000000e+00,0.000000000000000000e+00,0.000000000000000000e+00,0.000000000000000000e+00,0.000000000000000000e+00,0.000000000000000000e+00,0.000000000000000000e+00,0.000000000000000000e+00,0.000000000000000000e+00,0.000000000000000000e+00,0.000000000000000000e+00,0.000000000000000000e+00,0.000000000000000000e+00,0.000000000000000000e+00
6.731058011166859423e-01,3.146036625129475350e+00,1.799868452796238083e+00,-3.825589758028308945e-02,3.356966127756101648e-02,7.302934068768102138e-01,6.812349844321701209e-01,7.305277866782422524e-02,-4.110888567871702481e-02,-2.453389026980750121e-01,5.234419614325269698e-01,4.377412449690916696e-01,-1.508379715227724238e-01,-7.062355868791946323e-01,-9.941044042159102867e-02,-2.778311458923872213e-01,5.211604719151318177e-01,5.409718634559933931e-02,-3.209998682187326091e-02,-2.590950904802967192e-01,0.000000000000000000e+00,0.000000000000000000e+00,0.000000000000000000e+00,0.000000000000000000e+00,0.000000000000000000e+00,0.000000000000000000e+00,0.000000000000000000e+00,0.000000000000000000e+00,0.000000000000000000e+00,0.000000000000000000e+00,0.000000000000000000e+00,0.000000000000000000e+00,0.000000000000000000e+00,0.000000000000000000e+00,0.000000000000000000e+00,0.000000000000000000e+00
6.803694190519316010e-01,3.179415017023749623e+00,1.807114656677319076e+00,-3.566824448328242275e-02,3.448733231804761157e-02,7.172366722959780949e-01,6.950611168515024030e-01,-7.804434777148403640e-04,-2.961783668550611870e-02,-1.729823476830088247e-01,6.098474851192274837e-01,4.919397302906641234e-01,-1.281352259082401690e-01,-6.665240279185383754e-01,-6.396306453007601089e-02,-2.349887970067861542e-01,5.321760126633356958e-01,2.781973393794911695e-02,-5.746390350707908379e-02,-2.111448566904790825e-01,0.000000000000000000e+00,0.000000000000000000e+00,0.000000000000000000e+00,0.000000000000000000e+00,0.000000000000000000e+00,0.000000000000000000e+00,0.000000000000000000e+00,0.000000000000000000e+00,0.000000000000000000e+00,0.000000000000000000e+00,0.000000000000000000e+00,0.000000000000000000e+00,0.000000000000000000e+00,0.000000000000000000e+00,0.000000000000000000e+00,0.000000000000000000e+00
6.881022830421263947e-01,3.212821724316520910e+00,1.815014175649619421e+00,-2.933270378206329076e-02,3.692791312596326037e-02,6.997015404673547767e-01,7.128770412831417769e-01,-1.056801454943968460e-01,-1.554256229138545158e-02,-8.160586656533551364e-02,7.221113055533185943e-01,4.682680189763784306e-01,-7.940658675724716897e-02,-6.184307838064979634e-01,-3.565754677999725952e-02,-1.844941515127202225e-01,5.297562431161151331e-01,-3.750264684970097684e-03,-6.744013936186663005e-02,-1.457764062140769479e-01,0.000000000000000000e+00,0.000000000000000000e+00,0.000000000000000000e+00,0.000000000000000000e+00,0.000000000000000000e+00,0.000000000000000000e+00,0.000000000000000000e+00,0.000000000000000000e+00,0.000000000000000000e+00,0.000000000000000000e+00,0.000000000000000000e+00,0.000000000000000000e+00,0.000000000000000000e+00,0.000000000000000000e+00,0.000000000000000000e+00,0.000000000000000000e+00
6.958554253698354675e-01,3.245326668569206152e+00,1.822236268998659092e+00,-2.096274497073510878e-02,3.560361613262916225e-02,6.808129060963142853e-01,7.312911408832082349e-01,-2.269402961273960795e-01,4.389112736231211981e-03,-1.991214881927064195e-03,8.265616628104766050e-01,3.843322877164699891e-01,-2.099658001396833423e-02,-5.594272680049122703e-01,-1.173527752497041665e-02,-1.369077084292318613e-01,5.164927479312986236e-01,-3.670536091071587015e-02,-6.896112877913329609e-02,-7.614912553386976590e-02,0.000000000000000000e+00,0.000000000000000000e+00,0.000000000000000000e+00,0.000000000000000000e+00,0.000000000000000000e+00,0.000000000000000000e+00,0.000000000000000000e+00,0.000000000000000000e+00,0.000000000000000000e+00,0.000000000000000000e+00,0.000000000000000000e+00,0.000000000000000000e+00,0.000000000000000000e+00,0.000000000000000000e+00,0.000000000000000000e+00,0.000000000000000000e+00
7.031558907892689891e-01,3.277228481157209661e+00,1.828387277915142439e+00,-1.630184551185751007e-02,3.266581009854416240e-02,6.597292049008705028e-01,7.506161275141773892e-01,-3.532572294876238916e-01,3.197800190367629941e-02,5.250233516364757186e-02,8.919544107520692711e-01,2.805368873427400711e-01,2.685585658148803567e-02,-4.956334262773482435e-01,1.515242600815268348e-02,-9.194837856438536905e-02,4.906972956927138640e-01,-6.478475822678071705e-02,-6.445143363935375291e-02,1.413130530668390596e-03,0.000000000000000000e+00,0.000000000000000000e+00,0.000000000000000000e+00,0.000000000000000000e+00,0.000000000000000000e+00,0.000000000000000000e+00,0.000000000000000000e+00,0.000000000000000000e+00,0.000000000000000000e+00,0.000000000000000000e+00,0.000000000000000000e+00,0.000000000000000000e+00,0.000000000000000000e+00,0.000000000000000000e+00,0.000000000000000000e+00,0.000000000000000000e+00
7.102614490228438271e-01,3.308609072725686495e+00,1.833313747603626753e+00,-1.043535353174307109e-02,2.846599923641846344e-02,6.386665867099678984e-01,7.688860652296799492e-01,-4.696002448515346761e-01,5.414996190203870408e-02,7.857666668850142588e-02,9.028072020711356283e-01,1.685814670646428315e-01,5.683702065442787499e-02,-4.280284619941933100e-01,3.399991882847491764e-02,-5.244406961636133985e-02,4.612863072892021687e-01,-8.133819308957759842e-02,-5.639852438054909767e-02,7.465394867865500494e-02,0.000000000000000000e+00,0.000000000000000000e+00,0.000000000000000000e+00,0.000000000000000000e+00,0.000000000000000000e+00,0.000000000000000000e+00,0.000000000000000000e+00,0.000000000000000000e+00,0.000000000000000000e+00,0.000000000000000000e+00,0.000000000000000000e+00,0.000000000000000000e+00,0.000000000000000000e+00,0.000000000000000000e+00,0.000000000000000000e+00,0.000000000000000000e+00
7.170973904459022608e-01,3.339947439829933806e+00,1.836203530459277200e+00,-6.942548873788403387e-03,2.506334021864485909e-02,6.200020178225710277e-01,7.841690684336896089e-01,-5.613214639718538956e-01,7.620962575504958147e-02,9.272804094719198920e-02,8.581255764829832655e-01,7.794834822506163663e-02,7.105481640777544516e-02,-3.625130646572288784e-01,5.141775415787908088e-02,-8.274399060768482250e-03,4.314661188186168506e-01,-9.088327028697644472e-02,-4.600553990020563727e-02,1.325352276675746954e-01,0.000000000000000000e+00,0.000000000000000000e+00,0.000000000000000000e+00,0.000000000000000000e+00,0.000000000000000000e+00,0.000000000000000000e+00,0.000000000000000000e+00,0.000000000000000000e+00,0.000000000000000000e+00,0.000000000000000000e+00,0.000000000000000000e+00,0.000000000000000000e+00,0.000000000000000000e+00,0.000000000000000000e+00,0.000000000000000000e+00,0.000000000000000000e+00
7.235378300453387812e-01,3.371283510537468331e+00,1.836347035024251007e+00,-8.027896286620284441e-03,2.050706052930988121e-02,6.024138692552861718e-01,7.978800307555854454e-01,-6.339946956804934919e-01,1.058901380600531517e-01,1.028314583273108873e-01,7.726155985060698672e-01,3.462295665840846304e-02,6.827779582827721294e-02,-3.021320255823948808e-01,7.155741379138381986e-02,3.301775298813252463e-02,4.138194771494342339e-01,-1.112541690036046582e-01,-3.328260529858421968e-02,1.818558713192409415e-01,0.000000000000000000e+00,0.000000000000000000e+00,0.000000000000000000e+00,0.000000000000000000e+00,0.000000000000000000e+00,0.000000000000000000e+00,0.000000000000000000e+00,0.000000000000000000e+00,0.000000000000000000e+00,0.000000000000000000e+00,0.000000000000000000e+00,0.000000000000000000e+00,0.000000000000000000e+00,0.000000000000000000e+00,0.000000000000000000e+00,0.000000000000000000e+00
7.297957197599688195e-01,3.402850060099821938e+00,1.833977096980857979e+00,-1.242163892464059199e-02,1.672806622197630516e-02,5.873720802593979107e-01,8.090487711001402849e-01,-6.841896388783245131e-01,1.314749001535112372e-01,1.034459728256857114e-01,6.791050839985023346e-01,1.064030549144401316e-02,5.553076814373394954e-02,-2.465696516898923107e-01,8.912883957970890725e-02,6.482271854665180855e-02,3.986299880615370994e-01,-1.341127908315673245e-01,-2.130895803048902734e-02,2.252001818880923489e-01,0.000000000000000000e+00,0.000000000000000000e+00,0.000000000000000000e+00,0.000000000000000000e+00,0.000000000000000000e+00,0.000000000000000000e+00,0.000000000000000000e+00,0.000000000000000000e+00,0.000000000000000000e+00,0.000000000000000000e+00,0.000000000000000000e+00,0.000000000000000000e+00,0.000000000000000000e+00,0.000000000000000000e+00,0.000000000000000000e+00,0.000000000000000000e+00
7.358695010402445114e-01,3.434688999067984749e+00,1.829856545127196199e+00,-1.813447482498699304e-02,1.314093957803965859e-02,5.736826305674759263e-01,8.187714552395010115e-01,-7.248821635608004854e-01,1.550515181852389346e-01,1.111212135531645800e-01,5.674564417192531351e-01,-9.793484784447803460e-03,3.253374868196577674e-02,-1.947603254046056387e-01,1.029446925491308423e-01,8.818630225391679844e-02,3.854590973360860207e-01,-1.657637839207782016e-01,-1.107221228536957314e-02,2.589644832317000156e-01,0.000000000000000000e+00,0.000000000000000000e+00,0.000000000000000000e+00,0.000000000000000000e+00,0.000000000000000000e+00,0.000000000000000000e+00,0.000000000000000000e+00,0.000000000000000000e+00,0.000000000000000000e+00,0.000000000000000000e+00,0.000000000000000000e+00,0.000000000000000000e+00,0.000000000000000000e+00,0.000000000000000000e+00,0.000000000000000000e+00,0.000000000000000000e+00
7.419014255557961901e-01,3.466702125848008187e+00,1.824270863162420708e+00,-2.368825654468466324e-02,1.083419672087267138e-02,5.607605090777783019e-01,8.275682075467367671e-01,-7.630825938319787394e-01,1.724234193436484930e-01,1.166809980921844070e-01,4.450735067407878276e-01,-1.606585914477242499e-02,4.829649355959879722e-03,-1.499662419211479358e-01,1.122560459526137228e-01,1.063264799344911110e-01,3.831719083883894372e-01,-2.080051632955775831e-01,-4.709139198917099145e-03,2.846434130032407528e-01,0.000000000000000000e+00,0.000000000000000000e+00,0.000000000000000000e+00,0.000000000000000000e+00,0.000000000000000000e+00,0.000000000000000000e+00,0.000000000000000000e+00,0.000000000000000000e+00,0.000000000000000000e+00,0.000000000000000000e+00,0.000000000000000000e+00,0.000000000000000000e+00,0.000000000000000000e+00,0.000000000000000000e+00,0.000000000000000000e+00,0.000000000000000000e+00
7.476382103210464924e-01,3.498945890744057152e+00,1.816821401577668027e+00,-2.836024657559408149e-02,9.544620790547787142e-03,5.517132072183864588e-01,8.334969307735566879e-01,-7.918487540613714515e-01,1.711540347663542405e-01,1.013884576545496935e-01,3.445062841659711772e-01,-1.490005815077201368e-02,-1.289415172351881557e-02,-1.169809355940785722e-01,1.183656321721798244e-01,1.240951509395626928e-01,4.015776815679448775e-01,-2.485360129015702357e-01,-5.970322381776938317e-03,2.990030257114464907e-01,0.000000000000000000e+00,0.000000000000000000e+00,0.000000000000000000e+00,0.000000000000000000e+00,0.000000000000000000e+00,0.000000000000000000e+00,0.000000000000000000e+00,0.000000000000000000e+00,0.000000000000000000e+00,0.000000000000000000e+00,0.000000000000000000e+00,0.000000000000000000e+00,0.000000000000000000e+00,0.000000000000000000e+00,0.000000000000000000e+00,0.000000000000000000e+00
7.533796996503481225e-01,3.532038554018731347e+00,1.808600594558329000e+00,-3.193789793887570616e-02,8.935466432146132662e-03,5.428105645017645697e-01,8.392001067565247885e-01,-8.035620833364912619e-01,1.703828026653440575e-01,9.641877872466136923e-02,2.808129851436103608e-01,-1.300750918563289837e-02,-1.725677275934366442e-02,-8.388220997205966811e-02,1.176503215679810949e-01,1.316587423082644093e-01,4.149931570319121965e-01,-2.776274176069193356e-01,-6.146075383608969218e-03,3.073567204410429521e-01,0.000000000000000000e+00,0.000000000000000000e+00,0.000000000000000000e+00,0.000000000000000000e+00,0.000000000000000000e+00,0.000000000000000000e+00,0.000000000000000000e+00,0.000000000000000000e+00,0.000000000000000000e+00,0.000000000000000000e+00,0.000000000000000000e+00,0.000000000000000000e+00,0.000000000000000000e+00,0.000000000000000000e+00,0.000000000000000000e+00,0.000000000000000000e+00
7.593454878224424887e-01,3.566824692565494725e+00,1.799257902865189829e+00,-3.447187601170888238e-02,4.877824222909215614e-03,5.310665995447474419e-01,8.466145306118146863e-01,-8.043886426501754006e-01,1.755192482056942560e-01,1.002509953833851664e-01,2.733069072409201605e-01,3.191309182910103542e-03,-1.427020466099819702e-02,-4.086630726574671385e-02,1.165866914389934034e-01,1.508097665552608491e-01,4.252560117553518260e-01,-2.810671292501754626e-01,1.342582168652080299e-03,3.246336657789878344e-01,0.000000000000000000e+00,0.000000000000000000e+00,0.000000000000000000e+00,0.000000000000000000e+00,0.000000000000000000e+00,0.000000000000000000e+00,0.000000000000000000e+00,0.000000000000000000e+00,0.000000000000000000e+00,0.000000000000000000e+00,0.000000000000000000e+00,0.000000000000000000e+00,0.000000000000000000e+00,0.000000000000000000e+00,0.000000000000000000e+00,0.000000000000000000e+00
7.654325346336013913e-01,3.603183897790017465e+00,1.790365051973499044e+00,-3.695460162755624667e-02,6.625723583441886846e-04,5.172517720546817577e-01,8.550348079012407565e-01,-7.938877953980404412e-01,1.821073158754870913e-01,1.107251235592167926e-01,3.124878415719448133e-01,2.388526827082498166e-02,-4.466499508220849596e-03,1.002028254014517006e-02,1.114520555258335655e-01,1.916306797784134153e-01,4.241183700380689592e-01,-2.434863101239069516e-01,2.107587057961038401e-02,3.472633922964114550e-01,0.000000000000000000e+00,0.000000000000000000e+00,0.000000000000000000e+00,0.000000000000000000e+00,0.000000000000000000e+00,0.000000000000000000e+00,0.000000000000000000e+00,0.000000000000000000e+00,0.000000000000000000e+00,0.000000000000000000e+00,0.000000000000000000e+00,0.000000000000000000e+00,0.000000000000000000e+00,0.000000000000000000e+00,0.000000000000000000e+00,0.000000000000000000e+00
7.717690809325824519e-01,3.640117137227212751e+00,1.778358111517901463e+00,-3.982876574044454804e-02,1.273642401984941171e-03,5.051446868422574399e-01,8.621141992854914893e-01,-7.785739379602936161e-01,1.834672111530438743e-01,1.291197822097557291e-01,3.584045700564087999e-01,4.902613286746067278e-02,7.092656388866224945e-03,5.296940158614603378e-02,9.438559042539981792e-02,2.284141706504321800e-01,4.178782929192601525e-01,-1.798621350217072812e-01,5.670123988711425062e-02,3.731052864092986865e-01,0.000000000000000000e+00,0.000000000000000000e+00,0.000000000000000000e+00,0.000000000000000000e+00,0.000000000000000000e+00,0.000000000000000000e+00,0.000000000000000000e+00,0.000000000000000000e+00,0.000000000000000000e+00,0.000000000000000000e+00,0.000000000000000000e+00,0.000000000000000000e+00,0.000000000000000000e+00,0.000000000000000000e+00,0.000000000000000000e+00,0.000000000000000000e+00
7.783588430760924881e-01,3.676007553256805949e+00,1.771006910276109236e+00,-3.613722050774640510e-02,1.313794402294781415e-02,4.931092168881636151e-01,8.691172509740950902e-01,-7.625919593831217425e-01,1.654308384237683782e-01,1.664694361641376186e-01,4.031161490740244879e-01,7.965562379503192403e-02,3.125319356101528834e-02,8.407963922822084268e-02,4.103861640335847161e-02,2.505803673183397140e-01,3.980424877825767815e-01,-2.302930151633040406e-02,1.167113798340873865e-01,4.004205656694732607e-01,0.000000000000000000e+00,0.000000000000000000e+00,0.000000000000000000e+00,0.000000000000000000e+00,0.000000000000000000e+00,0.000000000000000000e+00,0.000000000000000000e+00,0.000000000000000000e+00,0.000000000000000000e+00,0.000000000000000000e+00,0.000000000000000000e+00,0.000000000000000000e+00,0.000000000000000000e+00,0.000000000000000000e+00,0.000000000000000000e+00,0.000000000000000000e+00
7.853222287802009705e-01,3.710263808569190580e+00,1.764630978751805523e+00,-2.952448651021484169e-02,3.241642764831600271e-02,4.851928580724303997e-01,8.733071455051411025e-01,-7.563287736289497909e-01,1.361228196595190010e-01,2.131551400891511516e-01,4.482669390931339759e-01,9.877090572482320752e-02,6.495357305001998871e-02,9.852295049753893863e-02,-4.090930798908487542e-02,2.275784461570025397e-01,3.850647101023608743e-01,1.905319596422802575e-01,1.707051785702879965e-01,4.211057004776053714e-01,0.000000000000000000e+00,0.000000000000000000e+00,0.000000000000000000e+00,0.000000000000000000e+00,0.000000000000000000e+00,0.000000000000000000e+00,0.000000000000000000e+00,0.000000000000000000e+00,0.000000000000000000e+00,0.000000000000000000e+00,0.000000000000000000e+00,0.000000000000000000e+00,0.000000000000000000e+00,0.000000000000000000e+00,0.000000000000000000e+00,0.000000000000000000e+00
7.926113909618440756e-01,3.744347046542675805e+00,1.762980680783263088e+00,-2.323478545535510170e-02,4.631599934587318779e-02,4.873219399224313353e-01,8.716836007518302676e-01,-7.463296791874626246e-01,1.012027645322298719e-01,2.416128325859466242e-01,4.920516241025824633e-01,9.140394283149481935e-02,1.006229006603302917e-01,8.260947347864872059e-02,-1.008092130973770456e-01,1.876081350451311303e-01,4.194551738182924483e-01,3.722499198578690383e-01,2.060127483163708417e-01,4.205487694261749732e-01,0.000000000000000000e+00,0.000000000000000000e+00,0.000000000000000000e+00,0.000000000000000000e+00,0.000000000000000000e+00,0.000000000000000000e+00,0.000000000000000000e+00,0.000000000000000000e+00,0.000000000000000000e+00,0.000000000000000000e+00,0.000000000000000000e+00,0.000000000000000000e+00,0.000000000000000000e+00,0.000000000000000000e+00,0.000000000000000000e+00,0.000000000000000000e+00
8.001905391547056157e-01,3.780594518532886639e+00,1.767829222809047307e+00,-1.882332443703795335e-02,5.483226825133008520e-02,4.995365828295841859e-01,8.643508010238062367e-01,-7.247663495535983103e-01,6.504474369527729616e-02,2.454543061899095435e-01,5.223475675859374778e-01,5.327703889090459194e-02,1.372796707192293353e-01,4.171937493395025398e-02,-1.354436768175131811e-01,1.074907423292751629e-01,4.930010331725265260e-01,4.852529684905284579e-01,1.937665672520125504e-01,3.890376838843457308e-01,0.000000000000000000e+00,0.000000000000000000e+00,0.000000000000000000e+00,0.000000000000000000e+00,0.000000000000000000e+00,0.000000000000000000e+00,0.000000000000000000e+00,0.000000000000000000e+00,0.000000000000000000e+00,0.000000000000000000e+00,0.000000000000000000e+00,0.000000000000000000e+00,0.000000000000000000e+00,0.000000000000000000e+00,0.000000000000000000e+00,0.000000000000000000e+00
8.075922328752885848e-01,3.818657230667760860e+00,1.775557581313329747e+00,-1.154310946533236917e-02,5.453311874802120596e-02,5.198851072332209000e-01,8.524156092309606025e-01,-6.867407464441823706e-01,1.977357901412982871e-02,2.285469335665415436e-01,5.423963124142312520e-01,-5.764866243203520257e-03,1.644248596198154000e-01,-3.215026393712019925e-02,-1.583744275234629240e-01,3.268153322079236922e-02,6.296044901611443922e-01,4.950616539802425997e-01,1.551912716935577030e-01,3.342781684014245469e-01,0.000000000000000000e+00,0.000000000000000000e+00,0.000000000000000000e+00,0.000000000000000000e+00,0.000000000000000000e+00,0.000000000000000000e+00,0.000000000000000000e+00,0.000000000000000000e+00,0.000000000000000000e+00,0.000000000000000000e+00,0.000000000000000000e+00,0.000000000000000000e+00,0.000000000000000000e+00,0.000000000000000000e+00,0.000000000000000000e+00,0.000000000000000000e+00
8.135549002050800338e-01,3.856507970915034278e+00,1.785914814793180927e+00,-5.053952886650236315e-03,4.766653031993616646e-02,5.385886504370395178e-01,8.412042707142469711e-01,-6.257243781153678519e-01,-1.551723915550520805e-02,2.035508190938100648e-01,5.389439181190842643e-01,-6.873134541464656633e-02,1.868991627444484271e-01,-1.275878227421395616e-01,-1.777114418639085813e-01,-4.910778230754967583e-02,7.434379482669288830e-01,4.624495385017689530e-01,9.429233468722424127e-02,2.724866472627496261e-01,0.000000000000000000e+00,0.000000000000000000e+00,0.000000000000000000e+00,0.000000000000000000e+00,0.000000000000000000e+00,0.000000000000000000e+00,0.000000000000000000e+00,0.000000000000000000e+00,0.000000000000000000e+00,0.000000000000000000e+00,0.000000000000000000e+00,0.000000000000000000e+00,0.000000000000000000e+00,0.000000000000000000e+00,0.000000000000000000e+00,0.000000000000000000e+00
8.193782996325162937e-01,3.893605313366888865e+00,1.792802991516117217e+00,5.859889309704886806e-03,4.174331135122421460e-02,5.589178393698841507e-01,8.281509563411821873e-01,-5.570456787358183393e-01,-5.927696283389740500e-02,1.765424579118171633e-01,5.285721932394796818e-01,-1.155434187940453522e-01,2.073197124454017604e-01,-2.380973902403459852e-01,-2.094713014838743004e-01,-1.166568803970032542e-01,8.606287000148723498e-01,3.860790152859810420e-01,4.818427589238994529e-02,2.052589563583213927e-01,0.000000000000000000e+00,0.000000000000000000e+00,0.000000000000000000e+00,0.000000000000000000e+00,0.000000000000000000e+00,0.000000000000000000e+00,0.000000000000000000e+00,0.000000000000000000e+00,0.000000000000000000e+00,0.000000000000000000e+00,0.000000000000000000e+00,0.000000000000000000e+00,0.000000000000000000e+00,0.000000000000000000e+00,0.000000000000000000e+00,0.000000000000000000e+00
8.246823986374655080e-01,3.929944888508023926e+00,1.797490489436168515e+00,1.582063814074077118e-02,3.542833368205997036e-02,5.783761959159405830e-01,8.148469283117777406e-01,-4.847996124684496033e-01,-9.909904566433930251e-02,1.416241888553175510e-01,5.130294979336339489e-01,-1.537670786515074883e-01,2.118174520286486007e-01,-3.408721802628000286e-01,-2.399425063195683439e-01,-1.720439723992399361e-01,9.080828325169245652e-01,2.979641546898473270e-01,2.418700572933449311e-02,1.330723597438872030e-01,0.000000000000000000e+00,0.000000000000000000e+00,0.000000000000000000e+00,0.000000000000000000e+00,0.000000000000000000e+00,0.000000000000000000e+00,0.000000000000000000e+00,0.000000000000000000e+00,0.000000000000000000e+00,0.000000000000000000e+00,0.000000000000000000e+00,0.000000000000000000e+00,0.000000000000000000e+00,0.000000000000000000e+00,0.000000000000000000e+00,0.000000000000000000e+00
8.294115744282917202e-01,3.965742765778207612e+00,1.800767549433912151e+00,2.304501346961062430e-02,3.051522688508897380e-02,5.995828825502682591e-01,7.993985959676497277e-01,-4.143971004567792438e-01,-1.350973580030772059e-01,9.533109542143457238e-02,4.958205446332615840e-01,-1.833297428144850805e-01,2.045673528367308869e-01,-4.288647828402195050e-01,-2.650763137718402662e-01,-2.162753740597136987e-01,9.034067880080737245e-01,2.330800536803924183e-01,1.749188660502764420e-02,6.545787232849407944e-02,0.000000000000000000e+00,0.000000000000000000e+00,0.000000000000000000e+00,0.000000000000000000e+00,0.000000000000000000e+00,0.000000000000000000e+00,0.000000000000000000e+00,0.000000000000000000e+00,0.000000000000000000e+00,0.000000000000000000e+00,0.000000000000000000e+00,0.000000000000000000e+00,0.000000000000000000e+00,0.000000000000000000e+00,0.000000000000000000e+00,0.000000000000000000e+00
8.337366405218986642e-01,4.000993435753379401e+00,1.802232991071061718e+00,2.983546266495651009e-02,2.572457018004254553e-02,6.230926383085068077e-01,7.811553339396498652e-01,-3.438431083384662634e-01,-1.686915740175228273e-01,3.986012176454248324e-02,4.790124388725593985e-01,-2.075449632233342945e-01,1.892281956038334712e-01,-5.028600293996556836e-01,-2.864732237997208997e-01,-2.492682630160108492e-01,8.501295411502594046e-01,1.832487371744617177e-01,2.238851684841887402e-02,4.942751997000125255e-03,0.000000000000000000e+00,0.000000000000000000e+00,0.000000000000000000e+00,0.000000000000000000e+00,0.000000000000000000e+00,0.000000000000000000e+00,0.000000000000000000e+00,0.000000000000000000e+00,0.000000000000000000e+00,0.000000000000000000e+00,0.000000000000000000e+00,0.000000000000000000e+00,0.000000000000000000e+00,0.000000000000000000e+00,0.000000000000000000e+00,0.000000000000000000e+00
8.376996663810030164e-01,4.035660838965269726e+00,1.800998136862802301e+00,3.690447929456364823e-02,2.055543316872290513e-02,6.427878441549763622e-01,7.648786315369533462e-01,-2.764176359195695820e-01,-1.926971045265085669e-01,-2.149495256004135824e-03,4.703296192192500946e-01,-2.361208906808555941e-01,1.720114886928715281e-01,-5.579692870859019882e-01,-3.099259850675310513e-01,-2.870539627169290675e-01,7.644805868869055665e-01,1.423259188543947173e-01,4.045911966951266231e-02,-4.678834266633987576e-02,0.000000000000000000e+00,0.000000000000000000e+00,0.000000000000000000e+00,0.000000000000000000e+00,0.000000000000000000e+00,0.000000000000000000e+00,0.000000000000000000e+00,0.000000000000000000e+00,0.000000000000000000e+00,0.000000000000000000e+00,0.000000000000000000e+00,0.000000000000000000e+00,0.000000000000000000e+00,0.000000000000000000e+00,0.000000000000000000e+00,0.000000000000000000e+00
8.418888473665282479e-01,4.070105078635454454e+00,1.797253938352842972e+00,4.401384016855444670e-02,1.799960904887894231e-02,6.596839047428553204e-01,7.500372935867423152e-01,-2.168944486445500142e-01,-2.190901270117447674e-01,-4.904136180904929143e-02,4.684489847040372856e-01,-2.633213735840582714e-01,1.563377475706416442e-01,-6.014665623538995032e-01,-3.155061496934956078e-01,-2.965683874082218896e-01,6.566551014992716429e-01,1.205302997630635226e-01,7.292020564411066941e-02,-9.477188210355673437e-02,0.000000000000000000e+00,0.000000000000000000e+00,0.000000000000000000e+00,0.000000000000000000e+00,0.000000000000000000e+00,0.000000000000000000e+00,0.000000000000000000e+00,0.000000000000000000e+00,0.000000000000000000e+00,0.000000000000000000e+00,0.000000000000000000e+00,0.000000000000000000e+00,0.000000000000000000e+00,0.000000000000000000e+00,0.000000000000000000e+00,0.000000000000000000e+00
8.466145053457276859e-01,4.104318120192244734e+00,1.792546714037173805e+00,5.094459742197678109e-02,1.746343830877268577e-02,6.757091828247506760e-01,7.351984606636888797e-01,-1.590502183693966454e-01,-2.440575803952288458e-01,-1.012565720844775669e-01,4.640958888899937573e-01,-2.872200857301778765e-01,1.389195877350136443e-01,-6.409797476328668031e-01,-3.140753929666554867e-01,-2.909515457405294492e-01,5.266577431028242051e-01,1.028397173750951327e-01,1.137504517358916556e-01,-1.399748609003447497e-01,0.000000000000000000e+00,0.000000000000000000e+00,0.000000000000000000e+00,0.000000000000000000e+00,0.000000000000000000e+00,0.000000000000000000e+00,0.000000000000000000e+00,0.000000000000000000e+00,0.000000000000000000e+00,0.000000000000000000e+00,0.000000000000000000e+00,0.000000000000000000e+00,0.000000000000000000e+00,0.000000000000000000e+00,0.000000000000000000e+00,0.000000000000000000e+00
8.518901480217556665e-01,4.138089631617938302e+00,1.785774024845666830e+00,5.843218997818422356e-02,1.988438838292501398e-02,6.887380627355335072e-01,7.223781358902663374e-01,-1.015876539610261753e-01,-2.691715102129422776e-01,-1.527608029533055189e-01,4.613405337108820725e-01,-3.331897944025837277e-01,1.290837280581662583e-01,-6.783975575837419836e-01,-3.136339016029683902e-01,-2.693886167375154073e-01,4.063191954231347158e-01,8.082896778878967403e-02,1.628650584564409198e-01,-1.774081947238773938e-01,0.000000000000000000e+00,0.000000000000000000e+00,0.000000000000000000e+00,0.000000000000000000e+00,0.000000000000000000e+00,0.000000000000000000e+00,0.000000000000000000e+00,0.000000000000000000e+00,0.000000000000000000e+00,0.000000000000000000e+00,0.000000000000000000e+00,0.000000000000000000e+00,0.000000000000000000e+00,0.000000000000000000e+00,0.000000000000000000e+00,0.000000000000000000e+00
8.579423569077340161e-01,4.171240239547809203e+00,1.783042552130279068e+00,5.984010201867807910e-02,2.447354906173632161e-02,6.951938534476537201e-01,7.159090121763524994e-01,-5.170350445356861752e-02,-2.775168884812778680e-01,-1.930945674522908106e-01,4.488256854118672923e-01,-3.568836009203197324e-01,1.137586971350661724e-01,-7.183604451191739626e-01,-2.991185544967167598e-01,-2.443222079701114491e-01,3.123535884355704284e-01,5.768986344153551049e-02,2.011097013953724588e-01,-2.005063893402211916e-01,0.000000000000000000e+00,0.000000000000000000e+00,0.000000000000000000e+00,0.000000000000000000e+00,0.000000000000000000e+00,0.000000000000000000e+00,0.000000000000000000e+00,0.000000000000000000e+00,0.000000000000000000e+00,0.000000000000000000e+00,0.000000000000000000e+00,0.000000000000000000e+00,0.000000000000000000e+00,0.000000000000000000e+00,0.000000000000000000e+00,0.000000000000000000e+00
8.649338317212005300e-01,4.205012705692865005e+00,1.779933610075658645e+00,5.729526405837669090e-02,3.322007490580895783e-02,6.997556231971657770e-01,7.113056636521891685e-01,-1.302218911120309186e-02,-2.814233289047531894e-01,-2.280516584152620929e-01,4.460258987352404003e-01,-3.761320569713398343e-01,1.010900022573280321e-01,-7.510987576240248931e-01,-2.848197561146100787e-01,-2.152371221565523018e-01,2.628119390736113892e-01,4.105854359905024287e-02,2.206106953270397797e-01,-2.163633063585801986e-01,0.000000000000000000e+00,0.000000000000000000e+00,0.000000000000000000e+00,0.000000000000000000e+00,0.000000000000000000e+00,0.000000000000000000e+00,0.000000000000000000e+00,0.000000000000000000e+00,0.000000000000000000e+00,0.000000000000000000e+00,0.000000000000000000e+00,0.000000000000000000e+00,0.000000000000000000e+00,0.000000000000000000e+00,0.000000000000000000e+00,0.000000000000000000e+00
8.727444921370957065e-01,4.239815217028896299e+00,1.775355718787629655e+00,5.354956591490979412e-02,3.974568989208952796e-02,7.032654017685663339e-01,7.077926947917908551e-01,2.545840583820394021e-02,-2.742550880610383213e-01,-2.487986308614351938e-01,4.492105266096392269e-01,-3.716649788670819965e-01,8.620347706320639902e-02,-7.643122149873444737e-01,-2.748987505259852804e-01,-2.044945934188909797e-01,2.528762417063445400e-01,4.098152768788110301e-02,2.208179944708976439e-01,-2.298566885021162409e-01,0.000000000000000000e+00,0.000000000000000000e+00,0.000000000000000000e+00,0.000000000000000000e+00,0.000000000000000000e+00,0.000000000000000000e+00,0.000000000000000000e+00,0.000000000000000000e+00,0.000000000000000000e+00,0.000000000000000000e+00,0.000000000000000000e+00,0.000000000000000000e+00,0.000000000000000000e+00,0.000000000000000000e+00,0.000000000000000000e+00,0.000000000000000000e+00
8.811166764800298923e-01,4.275476547708732866e+00,1.770323760339349350e+00,4.876025734789413146e-02,4.388714941156769689e-02,7.094555212730342397e-01,7.016902584154229849e-01,6.874907957983959761e-02,-2.587185301042554952e-01,-2.700417269539790999e-01,4.543170880328447625e-01,-3.411835434203301931e-01,6.747931180681782104e-02,-7.582870791908079555e-01,-2.676703189876127320e-01,-1.952495145982514613e-01,2.792941413165550002e-01,5.293805242653923382e-02,2.047506497153835092e-01,-2.488751007142402105e-01,0.000000000000000000e+00,0.000000000000000000e+00,0.000000000000000000e+00,0.000000000000000000e+00,0.000000000000000000e+00,0.000000000000000000e+00,0.000000000000000000e+00,0.000000000000000000e+00,0.000000000000000000e+00,0.000000000000000000e+00,0.000000000000000000e+00,0.000000000000000000e+00,0.000000000000000000e+00,0.000000000000000000e+00,0.000000000000000000e+00,0.000000000000000000e+00
8.898238451904620927e-01,4.310624680744970405e+00,1.765463696506019753e+00,4.035617204442420308e-02,4.393698162057788070e-02,7.171804649787589803e-01,6.943292458746405105e-01,1.081416418575246452e-01,-2.284289670876321343e-01,-2.898326583181564109e-01,4.530902592272582630e-01,-2.585956779871176336e-01,3.324768308991660204e-02,-7.453613207028660925e-01,-2.564866954852660919e-01,-2.064502160891489302e-01,3.264074319677450764e-01,6.807751124810035304e-02,1.740689458110450671e-01,-2.695642552561735572e-01,0.000000000000000000e+00,0.000000000000000000e+00,0.000000000000000000e+00,0.000000000000000000e+00,0.000000000000000000e+00,0.000000000000000000e+00,0.000000000000000000e+00,0.000000000000000000e+00,0.000000000000000000e+00,0.000000000000000000e+00,0.000000000000000000e+00,0.000000000000000000e+00,0.000000000000000000e+00,0.000000000000000000e+00,0.000000000000000000e+00,0.000000000000000000e+00
8.987557899159221986e-01,4.344838726812463747e+00,1.762180601871498276e+00,2.538864350408443979e-02,4.258039076161953401e-02,7.218329441591484485e-01,6.902894522083802276e-01,1.343826943726750822e-01,-1.864908415630269212e-01,-3.084607164153919667e-01,4.465393545542767906e-01,-1.342955152264118934e-01,-1.119288894347053934e-02,-7.327069994500964301e-01,-2.337004783453882351e-01,-2.307937573624167515e-01,3.703644933809231987e-01,7.833945282559709455e-02,1.341963559287656371e-01,-2.882278714641951511e-01,0.000000000000000000e+00,0.000000000000000000e+00,0.000000000000000000e+00,0.000000000000000000e+00,0.000000000000000000e+00,0.000000000000000000e+00,0.000000000000000000e+00,0.000000000000000000e+00,0.000000000000000000e+00,0.000000000000000000e+00,0.000000000000000000e+00,0.000000000000000000e+00,0.000000000000000000e+00,0.000000000000000000e+00,0.000000000000000000e+00,0.000000000000000000e+00
9.072341749372437869e-01,4.377597600627470165e+00,1.758770885852224186e+00,1.660711439002099041e-03,3.848309497136220142e-02,7.262915813184666058e-01,6.863066605715422153e-01,1.467833872565935116e-01,-1.276455648076844640e-01,-3.341590846072120535e-01,4.434066730367688947e-01,6.950537192415595644e-02,-7.619653989109795300e-02,-7.287447925507892776e-01,-2.007170676993594860e-01,-2.686937555238388398e-01,4.324434344497186666e-01,8.933055725491266530e-02,7.891908812010621499e-02,-3.010791164330035574e-01,0.000000000000000000e+00,0.000000000000000000e+00,0.000000000000000000e+00,0.000000000000000000e+00,0.000000000000000000e+00,0.000000000000000000e+00,0.000000000000000000e+00,0.000000000000000000e+00,0.000000000000000000e+00,0.000000000000000000e+00,0.000000000000000000e+00,0.000000000000000000e+00,0.000000000000000000e+00,0.000000000000000000e+00,0.000000000000000000e+00,0.000000000000000000e+00
9.151248876786723940e-01,4.409397974374811291e+00,1.757929559949933607e+00,-2.105431042163551786e-02,3.153241324807273815e-02,7.257166027654207152e-01,6.869482043051268194e-01,1.397471944151470191e-01,-6.757183953992539072e-02,-3.249682274348166811e-01,4.575292145076647610e-01,2.791385533998850255e-01,-1.303483394780765858e-01,-7.270150254231623199e-01,-1.612096837547146444e-01,-3.000922314751957587e-01,4.893731972165570876e-01,8.170224023556706128e-02,1.964745244722140849e-02,-2.974840912817565131e-01,0.000000000000000000e+00,0.000000000000000000e+00,0.000000000000000000e+00,0.000000000000000000e+00,0.000000000000000000e+00,0.000000000000000000e+00,0.000000000000000000e+00,0.000000000000000000e+00,0.000000000000000000e+00,0.000000000000000000e+00,0.000000000000000000e+00,0.000000000000000000e+00,0.000000000000000000e+00,0.000000000000000000e+00,0.000000000000000000e+00,0.000000000000000000e+00
9.229042360257537769e-01,4.442134949695109469e+00,1.761038415420923764e+00,-3.399026848801486866e-02,2.952504546213934739e-02,7.184892411512527888e-01,6.940793497061179540e-01,1.081233686638932157e-01,-3.412886976303511344e-02,-2.980277361919322909e-01,5.078269980928744598e-01,4.527499188270562303e-01,-1.640924802068287613e-01,-7.123330745320424207e-01,-1.185254748071006281e-01,-2.894883873606819980e-01,5.256923472248444806e-01,6.783176236605062415e-02,-2.907688358286990293e-02,-2.695604595028007200e-01,0.000000000000000000e+00,0.000000000000000000e+00,0.000000000000000000e+00,0.000000000000000000e+00,0.000000000000000000e+00,0.000000000000000000e+00,0.000000000000000000e+00,0.000000000000000000e+00,0.000000000000000000e+00,0.000000000000000000e+00,0.000000000000000000e+00,0.000000000000000000e+00,0.000000000000000000e+00,0.000000000000000000e+00,0.000000000000000000e+00,0.000000000000000000e+00
9.314622254977287241e-01,4.476624412075445036e+00,1.766645499222327054e+00,-3.566304783725095240e-02,2.721899556592147218e-02,7.025313515926930874e-01,7.102372655167310533e-01,3.210150966989069182e-02,-2.013178211147637411e-02,-2.283922373151050234e-01,6.340273660640350917e-01,4.954212380015166062e-01,-1.517860159987576840e-01,-6.738408403833516802e-01,-6.881201795087477091e-02,-2.453681869381292291e-01,5.424471302034185038e-01,4.173055517154383026e-02,-5.887936367592917775e-02,-2.191512038084340863e-01,0.000000000000000000e+00,0.000000000000000000e+00,0.000000000000000000e+00,0.000000000000000000e+00,0.000000000000000000e+00,0.000000000000000000e+00,0.000000000000000000e+00,0.000000000000000000e+00,0.000000000000000000e+00,0.000000000000000000e+00,0.000000000000000000e+00,0.000000000000000000e+00,0.000000000000000000e+00,0.000000000000000000e+00,0.000000000000000000e+00,0.000000000000000000e+00
9.403168673920552223e-01,4.510881946049642544e+00,1.776062715133313707e+00,-2.878829021691758569e-02,3.160942229560979866e-02,6.839421201525667238e-01,7.282824006178751919e-01,-6.254521139383421857e-02,-1.570938307424056199e-02,-1.421711214698972159e-01,7.323526922013474660e-01,4.951124746699329671e-01,-1.112101419741293035e-01,-6.192388714962644425e-01,-3.989351878068450596e-02,-1.894931866215863736e-01,5.299624452931468443e-01,7.043663314563478051e-03,-6.813132129063705078e-02,-1.584164336023303754e-01,0.000000000000000000e+00,0.000000000000000000e+00,0.000000000000000000e+00,0.000000000000000000e+00,0.000000000000000000e+00,0.000000000000000000e+00,0.000000000000000000e+00,0.000000000000000000e+00,0.000000000000000000e+00,0.000000000000000000e+00,0.000000000000000000e+00,0.000000000000000000e+00,0.000000000000000000e+00,0.000000000000000000e+00,0.000000000000000000e+00,0.000000000000000000e+00
9.493415734538244166e-01,4.544165243786451924e+00,1.785601007182707978e+00,-1.843763035443747589e-02,3.575769785636216669e-02,6.675324457529717703e-01,7.434930226289824251e-01,-1.782510641024077358e-01,-9.812364956882518169e-03,-5.318457784945835459e-02,8.150138479771508182e-01,4.455156734449955414e-01,-5.079696845668215527e-02,-5.540387230426687681e-01,-2.977065976544217979e-02,-1.386206882755163239e-01,5.027007384300747894e-01,-1.743399651269502554e-02,-6.446697339628901235e-02,-9.483161203078566137e-02,0.000000000000000000e+00,0.000000000000000000e+00,0.000000000000000000e+00,0.000000000000000000e+00,0.000000000000000000e+00,0.000000000000000000e+00,0.000000000000000000e+00,0.000000000000000000e+00,0.000000000000000000e+00,0.000000000000000000e+00,0.000000000000000000e+00,0.000000000000000000e+00,0.000000000000000000e+00,0.000000000000000000e+00,0.000000000000000000e+00,0.000000000000000000e+00
9.578237857060593052e-01,4.576737568274891643e+00,1.792270556683232430e+00,-1.335414807788150651e-02,3.357024844859084201e-02,6.485395149907653423e-01,7.603230909578868602e-01,-3.096263672127413380e-01,1.775734630796204847e-02,1.942240763595579067e-02,9.037011459661744572e-01,3.491419860617315241e-01,2.369222820056512968e-03,-4.824058187508379891e-01,-1.089605284683402286e-02,-9.651784205357168134e-02,4.721663707608776961e-01,-4.056167121124430036e-02,-5.740632968176846013e-02,-2.030489840638362992e-02,0.000000000000000000e+00,0.000000000000000000e+00,0.000000000000000000e+00,0.000000000000000000e+00,0.000000000000000000e+00,0.000000000000000000e+00,0.000000000000000000e+00,0.000000000000000000e+00,0.000000000000000000e+00,0.000000000000000000e+00,0.000000000000000000e+00,0.000000000000000000e+00,0.000000000000000000e+00,0.000000000000000000e+00,0.000000000000000000e+00,0.000000000000000000e+00
9.660470730190910960e-01,4.608834218367732660e+00,1.796925514301268567e+00,-7.853673710433124039e-03,2.765684668825247466e-02,6.288380122039202158e-01,7.770046158472513342e-01,-4.210287964564053964e-01,4.697686687517629162e-02,6.553701417449486755e-02,9.163506536405585656e-01,2.355921007943258538e-01,4.392592809607876597e-02,-4.087144861114801464e-01,4.985170558140190888e-03,-6.019603507363065209e-02,4.424568001760153524e-01,-5.277723926590641851e-02,-4.435331520032671782e-02,4.929412002171561918e-02,0.000000000000000000e+00,0.000000000000000000e+00,0.000000000000000000e+00,0.000000000000000000e+00,0.000000000000000000e+00,0.000000000000000000e+00,0.000000000000000000e+00,0.000000000000000000e+00,0.000000000000000000e+00,0.000000000000000000e+00,0.000000000000000000e+00,0.000000000000000000e+00,0.000000000000000000e+00,0.000000000000000000e+00,0.000000000000000000e+00,0.000000000000000000e+00
9.738721306306276082e-01,4.640850229079917177e+00,1.799539296455052506e+00,-3.735417121937357338e-03,2.284957942203673376e-02,6.101252715661106274e-01,7.919666005429403244e-01,-5.184431791034975756e-01,6.909196851512523774e-02,8.736795799972968402e-02,8.741243021443955152e-01,1.436108340069760236e-01,6.601269842904697316e-02,-3.411899428508133325e-01,2.000033380253016246e-02,-1.717700655548418456e-02,4.131198976549249613e-01,-5.674863519927567795e-02,-3.014872122839870258e-02,1.094577367141684049e-01,0.000000000000000000e+00,0.000000000000000000e+00,0.000000000000000000e+00,0.000000000000000000e+00,0.000000000000000000e+00,0.000000000000000000e+00,0.000000000000000000e+00,0.000000000000000000e+00,0.000000000000000000e+00,0.000000000000000000e+00,0.000000000000000000e+00,0.000000000000000000e+00,0.000000000000000000e+00,0.000000000000000000e+00,0.000000000000000000e+00,0.000000000000000000e+00
9.815516104802479713e-01,4.672934541141470000e+00,1.799548818986392629e+00,-2.147720897747151456e-03,1.812329279852671962e-02,5.939994370459683593e-01,8.042584176383592576e-01,-5.884498401322134642e-01,1.008771108258197657e-01,1.150684086159527997e-01,7.777286173428381577e-01,7.891454027297192808e-02,7.132719113826414825e-02,-2.792963337427978310e-01,3.386804932481421448e-02,1.729608234660363203e-02,3.945947454983410041e-01,-7.020978284764395339e-02,-1.635773636224727851e-02,1.588062234414290563e-01,0.000000000000000000e+00,0.000000000000000000e+00,0.000000000000000000e+00,0.000000000000000000e+00,0.000000000000000000e+00,0.000000000000000000e+00,0.000000000000000000e+00,0.000000000000000000e+00,0.000000000000000000e+00,0.000000000000000000e+00,0.000000000000000000e+00,0.000000000000000000e+00,0.000000000000000000e+00,0.000000000000000000e+00,0.000000000000000000e+00,0.000000000000000000e+00
9.888721542063281245e-01,4.705504113532688493e+00,1.797643693306646639e+00,-6.067804526883216303e-03,1.544707118054538739e-02,5.796371941344784506e-01,8.147056480202382600e-01,-6.447322631462338860e-01,1.255615324997292059e-01,1.298621590362585565e-01,6.656384574700997536e-01,3.381294924003230840e-02,6.410361880679665836e-02,-2.257076867644405016e-01,4.795020254057981435e-02,4.383573312870468058e-02,3.790049992353507480e-01,-9.431837295074257943e-02,-2.134140978454112519e-03,2.027023386880054956e-01,0.000000000000000000e+00,0.000000000000000000e+00,0.000000000000000000e+00,0.000000000000000000e+00,0.000000000000000000e+00,0.000000000000000000e+00,0.000000000000000000e+00,0.000000000000000000e+00,0.000000000000000000e+00,0.000000000000000000e+00,0.000000000000000000e+00,0.000000000000000000e+00,0.000000000000000000e+00,0.000000000000000000e+00,0.000000000000000000e+00,0.000000000000000000e+00
9.959630590485434309e-01,4.738701938746278763e+00,1.793876983478467801e+00,-1.443647199386831857e-02,1.410155512062832850e-02,5.662903718510777784e-01,8.239587059849049488e-01,-6.903830618364739102e-01,1.520657470582858495e-01,1.483669786965486348e-01,5.450704298974182738e-01,3.714133506009770214e-03,4.239692266288402206e-02,-1.776738920623510409e-01,6.356720356380371473e-02,6.258098632237762970e-02,3.645153924412945501e-01,-1.342163444215320467e-01,6.286286380466857109e-03,2.372828962238888728e-01,0.000000000000000000e+00,0.000000000000000000e+00,0.000000000000000000e+00,0.000000000000000000e+00,0.000000000000000000e+00,0.000000000000000000e+00,0.000000000000000000e+00,0.000000000000000000e+00,0.000000000000000000e+00,0.000000000000000000e+00,0.000000000000000000e+00,0.000000000000000000e+00,0.000000000000000000e+00,0.000000000000000000e+00,0.000000000000000000e+00,0.000000000000000000e+00
1.002888053330410090e+00,4.771966211474840236e+00,1.788292768916380782e+00,-2.135336375248274299e-02,1.531754147235228798e-02,5.576405304013236641e-01,8.296664664992965399e-01,-7.361315355958986117e-01,1.658966810668109360e-01,1.556519559878715153e-01,4.222005182673598256e-01,-1.993863530641801218e-02,1.857336181266278086e-02,-1.367709253460994145e-01,7.322935839349002662e-02,7.648114587531272546e-02,3.627018821297925411e-01,-1.826970180064717564e-01,8.125308818016690332e-03,2.559377855602354424e-01,0.000000000000000000e+00,0.000000000000000000e+00,0.000000000000000000e+00,0.000000000000000000e+00,0.000000000000000000e+00,0.000000000000000000e+00,0.000000000000000000e+00,0.000000000000000000e+00,0.000000000000000000e+00,0.000000000000000000e+00,0.000000000000000000e+00,0.000000000000000000e+00,0.000000000000000000e+00,0.000000000000000000e+00,0.000000000000000000e+00,0.000000000000000000e+00
1.009528233023845534e+00,4.805140272845922489e+00,1.780717741075472649e+00,-2.673790299820111988e-02,1.724694691714129952e-02,5.535786483877938036e-01,8.321888652309884504e-01,-7.750300103482191671e-01,1.613573781682369201e-01,1.573656720817083188e-01,3.201458505579510283e-01,-3.604274820428979287e-02,6.083268608066675319e-03,-1.011291142944459875e-01,7.851299235047659586e-02,7.887957256875209600e-02,3.750454337992482068e-01,-2.315987152907174051e-01,2.293919765878285437e-03,2.647501482724600175e-01,0.000000000000000000e+00,0.000000000000000000e+00,0.000000000000000000e+00,0.000000000000000000e+00,0.000000000000000000e+00,0.000000000000000000e+00,0.000000000000000000e+00,0.000000000000000000e+00,0.000000000000000000e+00,0.000000000000000000e+00,0.000000000000000000e+00,0.000000000000000000e+00,0.000000000000000000e+00,0.000000000000000000e+00,0.000000000000000000e+00,0.000000000000000000e+00
1.016100096895591776e+00,4.839720295701754438e+00,1.771549614039164666e+00,-3.282760650436514216e-02,1.491982013626598144e-02,5.469216206585234552e-01,8.364068914556784806e-01,-7.923330686318198479e-01,1.629584976633755011e-01,1.606260508553980781e-01,2.517227195695083131e-01,-2.503416836312561886e-02,-1.286216334918536012e-03,-6.233267867777169541e-02,8.658034345718257363e-02,8.217910211291061529e-02,3.900563940630278892e-01,-2.734343367771407407e-01,-1.960895777524206737e-03,2.791180820817867336e-01,0.000000000000000000e+00,0.000000000000000000e+00,0.000000000000000000e+00,0.000000000000000000e+00,0.000000000000000000e+00,0.000000000000000000e+00,0.000000000000000000e+00,0.000000000000000000e+00,0.000000000000000000e+00,0.000000000000000000e+00,0.000000000000000000e+00,0.000000000000000000e+00,0.000000000000000000e+00,0.000000000000000000e+00,0.000000000000000000e+00,0.000000000000000000e+00
1.022716305790366098e+00,4.876254661994563477e+00,1.761440354115534124e+00,-3.771697210831496949e-02,9.470572888934946504e-03,5.388136125876844540e-01,8.415269628207673325e-01,-7.948955228786299676e-01,1.750119638860562210e-01,1.794585383606659978e-01,2.592017405082601700e-01,-8.990438031256483414e-03,2.846139346227320385e-03,-1.593583824186747475e-02,8.883853165336423607e-02,1.004819522964031098e-01,4.049838505395185750e-01,-2.825305743023475147e-01,7.486107264114248358e-03,3.020112315925367885e-01,0.000000000000000000e+00,0.000000000000000000e+00,0.000000000000000000e+00,0.000000000000000000e+00,0.000000000000000000e+00,0.000000000000000000e+00,0.000000000000000000e+00,0.000000000000000000e+00,0.000000000000000000e+00,0.000000000000000000e+00,0.000000000000000000e+00,0.000000000000000000e+00,0.000000000000000000e+00,0.000000000000000000e+00,0.000000000000000000e+00,0.000000000000000000e+00
1.029586231213623693e+00,4.914161492034724965e+00,1.752055046558252061e+00,-3.945572570445063376e-02,7.382560266081903723e-03,5.277917474390606545e-01,8.484247844377696968e-01,-7.846666239441302260e-01,1.849949743480955866e-01,2.008922385034705715e-01,3.159318270243072768e-01,7.177031073793995603e-03,1.640960834272364027e-02,2.984140291796613664e-02,7.505931596857060017e-02,1.247756384828344611e-01,4.084115075156170560e-01,-2.368142792489947579e-01,3.008166680251494335e-02,3.290159804515853104e-01,0.000000000000000000e+00,0.000000000000000000e+00,0.000000000000000000e+00,0.000000000000000000e+00,0.000000000000000000e+00,0.000000000000000000e+00,0.000000000000000000e+00,0.000000000000000000e+00,0.000000000000000000e+00,0.000000000000000000e+00,0.000000000000000000e+00,0.000000000000000000e+00,0.000000000000000000e+00,0.000000000000000000e+00,0.000000000000000000e+00,0.000000000000000000e+00
1.036642534680690897e+00,4.952313375780073912e+00,1.739636743681758579e+00,-3.827772154831134144e-02,1.275584772535034127e-02,5.186872455490744160e-01,8.540115020809686541e-01,-7.671406670173412934e-01,1.755812407106619455e-01,2.267912168421495622e-01,3.629038998007960704e-01,4.389857531827062037e-02,3.784779652593632526e-02,6.059261506636205719e-02,4.630020340254328154e-02,1.503583458638241832e-01,4.190030703629889497e-01,-1.433389367706901507e-01,6.413595901100596630e-02,3.584949978927363667e-01,0.000000000000000000e+00,0.000000000000000000e+00,0.000000000000000000e+00,0.000000000000000000e+00,0.000000000000000000e+00,0.000000000000000000e+00,0.000000000000000000e+00,0.000000000000000000e+00,0.000000000000000000e+00,0.000000000000000000e+00,0.000000000000000000e+00,0.000000000000000000e+00,0.000000000000000000e+00,0.000000000000000000e+00,0.000000000000000000e+00,0.000000000000000000e+00
1.043440625983581116e+00,4.989190278498154996e+00,1.732368701001929745e+00,-3.316938753043736920e-02,2.863484431464082686e-02,5.090586876316213205e-01,8.596156641015240130e-01,-7.559503618142687786e-01,1.493386741694001651e-01,2.629919804671206895e-01,4.149135808059645214e-01,7.040754330039222797e-02,7.005798643577665352e-02,8.716754050886825478e-02,-1.690571010068710189e-02,1.583263424784824847e-01,4.008304538062010258e-01,4.757971700768060669e-02,1.205302730487867735e-01,3.865025406243468575e-01,0.000000000000000000e+00,0.000000000000000000e+00,0.000000000000000000e+00,0.000000000000000000e+00,0.000000000000000000e+00,0.000000000000000000e+00,0.000000000000000000e+00,0.000000000000000000e+00,0.000000000000000000e+00,0.000000000000000000e+00,0.000000000000000000e+00,0.000000000000000000e+00,0.000000000000000000e+00,0.000000000000000000e+00,0.000000000000000000e+00,0.000000000000000000e+00
1.050312190786131694e+00,5.025025431814874821e+00,1.727898744284958044e+00,-2.554123948190210533e-02,4.674474743826045886e-02,5.048302113507612265e-01,8.615735786223994719e-01,-7.493930035033902204e-01,1.075336659036785353e-01,2.871589853315708596e-01,4.560932423762369403e-01,8.041125210463165307e-02,1.020287062989673199e-01,9.139717266200737822e-02,-8.688622917777077959e-02,1.460735557350670011e-01,4.081407386899343348e-01,2.595948783017071326e-01,1.686241150006970446e-01,4.029337363846871578e-01,0.000000000000000000e+00,0.000000000000000000e+00,0.000000000000000000e+00,0.000000000000000000e+00,0.000000000000000000e+00,0.000000000000000000e+00,0.000000000000000000e+00,0.000000000000000000e+00,0.000000000000000000e+00,0.000000000000000000e+00,0.000000000000000000e+00,0.000000000000000000e+00,0.000000000000000000e+00,0.000000000000000000e+00,0.000000000000000000e+00,0.000000000000000000e+00
1.057245384149924083e+00,5.061515278549791219e+00,1.728108026973492528e+00,-1.948121058714573015e-02,6.034665331884175171e-02,5.130108754852649167e-01,8.560365678527511735e-01,-7.368811646959538830e-01,6.103085999520992122e-02,2.982543907968898678e-01,4.950705967859593271e-01,6.029153824928200345e-02,1.402287900343708316e-01,7.265369151280462456e-02,-1.250913179315483459e-01,1.236832347919511743e-01,4.601389898521667243e-01,4.451301223876567015e-01,2.019206799231758609e-01,3.913195716258975332e-01,0.000000000000000000e+00,0.000000000000000000e+00,0.000000000000000000e+00,0.000000000000000000e+00,0.000000000000000000e+00,0.000000000000000000e+00,0.000000000000000000e+00,0.000000000000000000e+00,0.000000000000000000e+00,0.000000000000000000e+00,0.000000000000000000e+00,0.000000000000000000e+00,0.000000000000000000e+00,0.000000000000000000e+00,0.000000000000000000e+00,0.000000000000000000e+00
1.064250798482772264e+00,5.100479496393455214e+00,1.732321049793129397e+00,-5.712382973138106779e-03,6.362665801668855592e-02,5.334934651410112583e-01,8.433882496941923490e-01,-6.916124767711382404e-01,-6.628560096514773958e-04,2.842217816310808609e-01,5.056175418749940809e-01,9.256076363841528321e-03,1.729369054145971918e-01,1.528502874492307373e-02,-1.467865712320264304e-01,7.380466530723191199e-02,6.051429131564600716e-01,4.961646124470859287e-01,1.912487700482667918e-01,3.446506023564736565e-01,0.000000000000000000e+00,0.000000000000000000e+00,0.000000000000000000e+00,0.000000000000000000e+00,0.000000000000000000e+00,0.000000000000000000e+00,0.000000000000000000e+00,0.000000000000000000e+00,0.000000000000000000e+00,0.000000000000000000e+00,0.000000000000000000e+00,0.000000000000000000e+00,0.000000000000000000e+00,0.000000000000000000e+00,0.000000000000000000e+00,0.000000000000000000e+00
1.069825162536862884e+00,5.140501901545382779e+00,1.741834533920368688e+00,-4.758448825416423771e-03,6.166680828186955898e-02,5.508984776735227351e-01,8.322772550166797068e-01,-6.491599460426866752e-01,-3.194468846696182918e-02,2.497094405563670128e-01,5.123163071633926036e-01,-4.653037062420249670e-02,1.912309629499199803e-01,-6.303954019704433032e-02,-1.638274426155569563e-01,-2.015006918488146392e-03,6.881854584799731445e-01,4.951262365931839438e-01,1.364797146571183339e-01,2.864315056503412005e-01,0.000000000000000000e+00,0.000000000000000000e+00,0.000000000000000000e+00,0.000000000000000000e+00,0.000000000000000000e+00,0.000000000000000000e+00,0.000000000000000000e+00,0.000000000000000000e+00,0.000000000000000000e+00,0.000000000000000000e+00,0.000000000000000000e+00,0.000000000000000000e+00,0.000000000000000000e+00,0.000000000000000000e+00,0.000000000000000000e+00,0.000000000000000000e+00
1.074680297978223509e+00,5.179315989988688251e+00,1.749373141726111802e+00,3.342536588631647015e-03,5.561811568441831638e-02,5.687341717772058658e-01,8.206320091915528803e-01,-5.854693638385647381e-01,-6.750446099666559951e-02,2.157665217642511513e-01,5.028254470818981359e-01,-9.358449560063825112e-02,2.072496508023964623e-01,-1.644967477872679162e-01,-1.835122125904119494e-01,-6.282443974465098946e-02,8.071095492857363052e-01,4.324431204580845289e-01,8.297734317442276297e-02,2.251713513886867690e-01,0.000000000000000000e+00,0.000000000000000000e+00,0.000000000000000000e+00,0.000000000000000000e+00,0.000000000000000000e+00,0.000000000000000000e+00,0.000000000000000000e+00,0.000000000000000000e+00,0.000000000000000000e+00,0.000000000000000000e+00,0.000000000000000000e+00,0.000000000000000000e+00,0.000000000000000000e+00,0.000000000000000000e+00,0.000000000000000000e+00,0.000000000000000000e+00
1.078521768035636041e+00,5.217020584146650819e+00,1.753713360073856808e+00,1.204803539887999882e-02,4.967912797946258396e-02,5.848828693687712077e-01,8.095053169715327179e-01,-5.208147963005532732e-01,-1.020418190466440833e-01,1.850932261975072879e-01,4.961074251939251445e-01,-1.351000069041963514e-01,2.209957529557933509e-01,-2.704573320995498631e-01,-2.246984945301586378e-01,-1.354237443679726649e-01,8.971449953570348468e-01,3.463180474798119857e-01,3.561214707766963139e-02,1.629133257164816773e-01,0.000000000000000000e+00,0.000000000000000000e+00,0.000000000000000000e+00,0.000000000000000000e+00,0.000000000000000000e+00,0.000000000000000000e+00,0.000000000000000000e+00,0.000000000000000000e+00,0.000000000000000000e+00,0.000000000000000000e+00,0.000000000000000000e+00,0.000000000000000000e+00,0.000000000000000000e+00,0.000000000000000000e+00,0.000000000000000000e+00,0.000000000000000000e+00
1.081615492778243981e+00,5.253573972844480799e+00,1.757272660974543266e+00,1.924034767672139906e-02,4.198257142745871751e-02,6.067966468224981202e-01,7.935143994424995739e-01,-4.515712792349768634e-01,-1.370240647868457562e-01,1.375686985676205787e-01,4.839199531196469728e-01,-1.661027969264415316e-01,2.191805559561937344e-01,-3.742495595241382977e-01,-2.489175183605167874e-01,-1.802445995992649486e-01,9.317936371826145425e-01,2.652745542698347614e-01,1.759022303962079481e-02,9.200183284303724285e-02,0.000000000000000000e+00,0.000000000000000000e+00,0.000000000000000000e+00,0.000000000000000000e+00,0.000000000000000000e+00,0.000000000000000000e+00,0.000000000000000000e+00,0.000000000000000000e+00,0.000000000000000000e+00,0.000000000000000000e+00,0.000000000000000000e+00,0.000000000000000000e+00,0.000000000000000000e+00,0.000000000000000000e+00,0.000000000000000000e+00,0.000000000000000000e+00
1.084104846205021788e+00,5.289256718982736416e+00,1.759217856118788559e+00,2.566445918147568575e-02,3.583939617620366530e-02,6.280043854293657635e-01,7.769603368886556227e-01,-3.835573225226265870e-01,-1.710577284006991050e-01,8.470032038657215878e-02,4.729166404159618753e-01,-1.967137219098193668e-01,2.115386684394877370e-01,-4.618632523106057652e-01,-2.732636560218982269e-01,-2.143078797754521814e-01,9.143929465405182810e-01,2.056899271623464087e-01,1.184745447621451953e-02,2.987562962536629424e-02,0.000000000000000000e+00,0.000000000000000000e+00,0.000000000000000000e+00,0.000000000000000000e+00,0.000000000000000000e+00,0.000000000000000000e+00,0.000000000000000000e+00,0.000000000000000000e+00,0.000000000000000000e+00,0.000000000000000000e+00,0.000000000000000000e+00,0.000000000000000000e+00,0.000000000000000000e+00,0.000000000000000000e+00,0.000000000000000000e+00,0.000000000000000000e+00
1.086276560083800469e+00,5.324084019918102761e+00,1.758357496860683211e+00,3.266595649551674169e-02,3.010703928836811621e-02,6.502647886292064472e-01,7.584076780601157752e-01,-3.196441371480346350e-01,-1.993139031859520738e-01,3.626973527245382078e-02,4.750629006339261995e-01,-2.329466409018002282e-01,1.974969048123166315e-01,-5.303662167293997642e-01,-2.931695131720004621e-01,-2.450926793659042313e-01,8.470084494019932686e-01,1.558967792405521746e-01,1.773650735661413264e-02,-2.778237526697816331e-02,0.000000000000000000e+00,0.000000000000000000e+00,0.000000000000000000e+00,0.000000000000000000e+00,0.000000000000000000e+00,0.000000000000000000e+00,0.000000000000000000e+00,0.000000000000000000e+00,0.000000000000000000e+00,0.000000000000000000e+00,0.000000000000000000e+00,0.000000000000000000e+00,0.000000000000000000e+00,0.000000000000000000e+00,0.000000000000000000e+00,0.000000000000000000e+00
1.088390215289398721e+00,5.358419176692510888e+00,1.755911915446876748e+00,4.038278412522004757e-02,2.652375035487787580e-02,6.665787969873714358e-01,7.438672118196081318e-01,-2.529210477095401588e-01,-2.245765277423931727e-01,-6.269131165188027155e-03,4.664288652098900756e-01,-2.596216883719320578e-01,1.826035045238546817e-01,-5.811427103752687673e-01,-3.077190698288683190e-01,-2.759900923709781018e-01,7.517838021949359018e-01,1.204778365358483427e-01,3.860824742104022878e-02,-7.740737625466108385e-02,0.000000000000000000e+00,0.000000000000000000e+00,0.000000000000000000e+00,0.000000000000000000e+00,0.000000000000000000e+00,0.000000000000000000e+00,0.000000000000000000e+00,0.000000000000000000e+00,0.000000000000000000e+00,0.000000000000000000e+00,0.000000000000000000e+00,0.000000000000000000e+00,0.000000000000000000e+00,0.000000000000000000e+00,0.000000000000000000e+00,0.000000000000000000e+00
1.090749591659450068e+00,5.392477554627541636e+00,1.752066623681063140e+00,4.721686154470621649e-02,2.506045026039495360e-02,6.802392981707716668e-01,7.310383293937134930e-01,-1.913736585684843727e-01,-2.468341125659059276e-01,-4.586678424271381505e-02,4.573881956297565221e-01,-2.848324354867316499e-01,1.658848496320145804e-01,-6.179252423951107076e-01,-3.144484417552025346e-01,-2.950208157375567297e-01,6.304260601099307415e-01,9.935285339972993457e-02,7.413993440624602749e-02,-1.178401893456156729e-01,0.000000000000000000e+00,0.000000000000000000e+00,0.000000000000000000e+00,0.000000000000000000e+00,0.000000000000000000e+00,0.000000000000000000e+00,0.000000000000000000e+00,0.000000000000000000e+00,0.000000000000000000e+00,0.000000000000000000e+00,0.000000000000000000e+00,0.000000000000000000e+00,0.000000000000000000e+00,0.000000000000000000e+00,0.000000000000000000e+00,0.000000000000000000e+00
1.093600023039211999e+00,5.426229930006772229e+00,1.746596626403126296e+00,5.411903781861627377e-02,2.524016393647656592e-02,6.940526911966541368e-01,7.174433257845037604e-01,-1.317086644369598880e-01,-2.706035342353015904e-01,-9.451756469498349966e-02,4.493138647138232855e-01,-3.185595861412604535e-01,1.517825238940515575e-01,-6.580485690265694965e-01,-3.122814877025180125e-01,-2.828876207356142980e-01,5.070131366889147895e-01,7.464128429090197137e-02,1.200656948943881336e-01,-1.587440253847760552e-01,0.000000000000000000e+00,0.000000000000000000e+00,0.000000000000000000e+00,0.000000000000000000e+00,0.000000000000000000e+00,0.000000000000000000e+00,0.000000000000000000e+00,0.000000000000000000e+00,0.000000000000000000e+00,0.000000000000000000e+00,0.000000000000000000e+00,0.000000000000000000e+00,0.000000000000000000e+00,0.000000000000000000e+00,0.000000000000000000e+00,0.000000000000000000e+00
1.097352703765829274e+00,5.459357585964934145e+00,1.739991066256421526e+00,6.051461343265076426e-02,2.835375918025962588e-02,7.038513376462299798e-01,7.071968187110702075e-01,-7.626467719449334104e-02,-2.897166858953211244e-01,-1.379455224057098417e-01,4.382395710825892077e-01,-3.559846119021421451e-01,1.391849760620279264e-01,-6.982416722185008640e-01,-3.039566748847430944e-01,-2.631234555437174660e-01,3.932769451817094697e-01,4.672271940107972088e-02,1.654523051977588866e-01,-1.891444422784720192e-01,0.000000000000000000e+00,0.000000000000000000e+00,0.000000000000000000e+00,0.000000000000000000e+00,0.000000000000000000e+00,0.000000000000000000e+00,0.000000000000000000e+00,0.000000000000000000e+00,0.000000000000000000e+00,0.000000000000000000e+00,0.000000000000000000e+00,0.000000000000000000e+00,0.000000000000000000e+00,0.000000000000000000e+00,0.000000000000000000e+00,0.000000000000000000e+00
1.101890685670361414e+00,5.492750131173569805e+00,1.737162685781561189e+00,5.966828312682323499e-02,3.320866145114955564e-02,7.096196163784258548e-01,7.012680520630157899e-01,-3.128549280597980875e-02,-2.926216117414510154e-01,-1.725448133067879475e-01,4.299242934353153522e-01,-3.739974562530361535e-01,1.217253178097857796e-01,-7.338593921148816035e-01,-2.863234886400836676e-01,-2.415092752195581727e-01,3.104718235550770755e-01,3.059961906897180201e-02,1.977383321170974873e-01,-2.090478263577593143e-01,0.000000000000000000e+00,0.000000000000000000e+00,0.000000000000000000e+00,0.000000000000000000e+00,0.000000000000000000e+00,0.000000000000000000e+00,0.000000000000000000e+00,0.000000000000000000e+00,0.000000000000000000e+00,0.000000000000000000e+00,0.000000000000000000e+00,0.000000000000000000e+00,0.000000000000000000e+00,0.000000000000000000e+00,0.000000000000000000e+00,0.000000000000000000e+00
1.107470008482583701e+00,5.527378513529701110e+00,1.733515545049209239e+00,5.712240483484445908e-02,4.078508379411925622e-02,7.141359074648373495e-01,6.964793704591433210e-01,1.096993136368826921e-02,-2.942520971712374589e-01,-2.114995112790205023e-01,4.274298007737556415e-01,-3.785787716910721801e-01,1.064228552099686226e-01,-7.575063333288757361e-01,-2.717981996665763678e-01,-2.113081877409108689e-01,2.693915165173789150e-01,3.291692475831349551e-02,2.108944519899959569e-01,-2.276195965166916135e-01,0.000000000000000000e+00,0.000000000000000000e+00,0.000000000000000000e+00,0.000000000000000000e+00,0.000000000000000000e+00,0.000000000000000000e+00,0.000000000000000000e+00,0.000000000000000000e+00,0.000000000000000000e+00,0.000000000000000000e+00,0.000000000000000000e+00,0.000000000000000000e+00,0.000000000000000000e+00,0.000000000000000000e+00,0.000000000000000000e+00,0.000000000000000000e+00
1.113593872228912485e+00,5.563148918454707825e+00,1.729073492026086400e+00,5.269566095065079253e-02,4.570736817813940422e-02,7.212352597114993769e-01,6.891688501086571383e-01,5.479815610836413775e-02,-2.807697018358472629e-01,-2.331270892194353128e-01,4.332881963315994289e-01,-3.575090459770412510e-01,8.604800384546398839e-02,-7.589824132173148552e-01,-2.639078551930857941e-01,-1.998494616442655358e-01,2.735706839077615693e-01,4.726555469441193896e-02,2.042705791143073768e-01,-2.476758640215157570e-01,0.000000000000000000e+00,0.000000000000000000e+00,0.000000000000000000e+00,0.000000000000000000e+00,0.000000000000000000e+00,0.000000000000000000e+00,0.000000000000000000e+00,0.000000000000000000e+00,0.000000000000000000e+00,0.000000000000000000e+00,0.000000000000000000e+00,0.000000000000000000e+00,0.000000000000000000e+00,0.000000000000000000e+00,0.000000000000000000e+00,0.000000000000000000e+00
1.120135110654440380e+00,5.599141786498766038e+00,1.724410228546242374e+00,4.393273173594487713e-02,4.698721311373939974e-02,7.285427890680513663e-01,6.819732556214848085e-01,9.565622520716263177e-02,-2.527980825351338057e-01,-2.521054238114928125e-01,4.382813610012766259e-01,-2.909894902085231050e-01,5.845089436081381956e-02,-7.464947897732733262e-01,-2.510562210036695330e-01,-2.033938169283220632e-01,3.088424619462348253e-01,6.489748505881047513e-02,1.766977694826066259e-01,-2.673980088443327352e-01,0.000000000000000000e+00,0.000000000000000000e+00,0.000000000000000000e+00,0.000000000000000000e+00,0.000000000000000000e+00,0.000000000000000000e+00,0.000000000000000000e+00,0.000000000000000000e+00,0.000000000000000000e+00,0.000000000000000000e+00,0.000000000000000000e+00,0.000000000000000000e+00,0.000000000000000000e+00,0.000000000000000000e+00,0.000000000000000000e+00,0.000000000000000000e+00
1.126906442955694088e+00,5.634349156525983560e+00,1.720388900165813029e+00,2.872978434092182676e-02,4.529631514012751048e-02,7.359873863537813587e-01,6.748669575957768618e-01,1.276492671437582660e-01,-2.113120049083332952e-01,-2.734855159760896659e-01,4.333527786578437180e-01,-1.710733989579830139e-01,1.654611584689622689e-02,-7.329568720566589368e-01,-2.317963967220011134e-01,-2.209730761034511548e-01,3.534889459883650553e-01,8.080505079067362706e-02,1.404376794842746856e-01,-2.853468636216876519e-01,0.000000000000000000e+00,0.000000000000000000e+00,0.000000000000000000e+00,0.000000000000000000e+00,0.000000000000000000e+00,0.000000000000000000e+00,0.000000000000000000e+00,0.000000000000000000e+00,0.000000000000000000e+00,0.000000000000000000e+00,0.000000000000000000e+00,0.000000000000000000e+00,0.000000000000000000e+00,0.000000000000000000e+00,0.000000000000000000e+00,0.000000000000000000e+00
1.133696365778064763e+00,5.668222822573310005e+00,1.716985018556029141e+00,7.004256259185281247e-03,4.047020283058513912e-02,7.415072549982340000e-01,6.696865638954470068e-01,1.432569624424621935e-01,-1.575645006787067537e-01,-2.989475495862923826e-01,4.270711708154324993e-01,3.796202807278034608e-03,-3.803451543092573051e-02,-7.232521918249269488e-01,-2.010093758981083001e-01,-2.535536683112943335e-01,4.061231266247004590e-01,8.978795174138673452e-02,9.419255533563951344e-02,-3.002206495021536581e-01,0.000000000000000000e+00,0.000000000000000000e+00,0.000000000000000000e+00,0.000000000000000000e+00,0.000000000000000000e+00,0.000000000000000000e+00,0.000000000000000000e+00,0.000000000000000000e+00,0.000000000000000000e+00,0.000000000000000000e+00,0.000000000000000000e+00,0.000000000000000000e+00,0.000000000000000000e+00,0.000000000000000000e+00,0.000000000000000000e+00,0.000000000000000000e+00
1.140160496269394308e+00,5.700827384420260380e+00,1.714854094712455090e+00,-1.653720686816144772e-02,3.283384701165339981e-02,7.434165921781051845e-01,6.678175123143353931e-01,1.427452081353405844e-01,-9.319368432230214216e-02,-2.986851637118029257e-01,4.310783900848882966e-01,2.094911741503085456e-01,-9.766017787633811398e-02,-7.166412379998430282e-01,-1.616660732280451596e-01,-2.890385693319473814e-01,4.615369848430952437e-01,8.589831776373732519e-02,4.036490698196483484e-02,-2.994370034621385290e-01,0.000000000000000000e+00,0.000000000000000000e+00,0.000000000000000000e+00,0.000000000000000000e+00,0.000000000000000000e+00,0.000000000000000000e+00,0.000000000000000000e+00,0.000000000000000000e+00,0.000000000000000000e+00,0.000000000000000000e+00,0.000000000000000000e+00,0.000000000000000000e+00,0.000000000000000000e+00,0.000000000000000000e+00,0.000000000000000000e+00,0.000000000000000000e+00
1.146393163145115190e+00,5.733411513277506089e+00,1.715548220317703487e+00,-3.345439289873765321e-02,2.820737650600750601e-02,7.404488821825854217e-01,6.706866633391370680e-01,1.198389461676111489e-01,-4.372569929805476124e-02,-2.765630815999222669e-01,4.666791092144556563e-01,4.084377299992070220e-01,-1.437403083468559717e-01,-7.042124835534582239e-01,-1.200172446096166579e-01,-3.013665365309885491e-01,5.068379380906472553e-01,6.817915335655880260e-02,-1.552566432302537533e-02,-2.819981529665039344e-01,0.000000000000000000e+00,0.000000000000000000e+00,0.000000000000000000e+00,0.000000000000000000e+00,0.000000000000000000e+00,0.000000000000000000e+00,0.000000000000000000e+00,0.000000000000000000e+00,0.000000000000000000e+00,0.000000000000000000e+00,0.000000000000000000e+00,0.000000000000000000e+00,0.000000000000000000e+00,0.000000000000000000e+00,0.000000000000000000e+00,0.000000000000000000e+00
1.152730339152497674e+00,5.768041520220752894e+00,1.719110723523476603e+00,-3.905419720620905560e-02,2.528919201781869991e-02,7.292402475368428005e-01,6.826740714426381418e-01,6.357995668846018467e-02,-1.891849808850122605e-02,-2.262565096347810278e-01,5.760816469953350394e-01,4.952364257554943139e-01,-1.500509926108936076e-01,-6.750981432727795051e-01,-7.381770939049622782e-02,-2.749676579596318504e-01,5.382528073976541316e-01,4.329032788293132178e-02,-5.282550921315682518e-02,-2.438010734146257019e-01,0.000000000000000000e+00,0.000000000000000000e+00,0.000000000000000000e+00,0.000000000000000000e+00,0.000000000000000000e+00,0.000000000000000000e+00,0.000000000000000000e+00,0.000000000000000000e+00,0.000000000000000000e+00,0.000000000000000000e+00,0.000000000000000000e+00,0.000000000000000000e+00,0.000000000000000000e+00,0.000000000000000000e+00,0.000000000000000000e+00,0.000000000000000000e+00
1.159517835024701959e+00,5.803383627947094503e+00,1.725813604032924609e+00,-3.410656368572384523e-02,2.555570523573232056e-02,7.120671136478297081e-01,7.008167191960421594e-01,-3.076057398721383784e-02,-6.819867727015135883e-03,-1.448395471877921836e-01,7.060189219102905867e-01,4.961879524869939884e-01,-1.134889360948388437e-01,-6.275103794490913822e-01,-3.555537169981901752e-02,-2.246303147460853300e-01,5.476107062842927586e-01,8.004470514265400738e-03,-7.423273477478133098e-02,-1.819341294660289376e-01,0.000000000000000000e+00,0.000000000000000000e+00,0.000000000000000000e+00,0.000000000000000000e+00,0.000000000000000000e+00,0.000000000000000000e+00,0.000000000000000000e+00,0.000000000000000000e+00,0.000000000000000000e+00,0.000000000000000000e+00,0.000000000000000000e+00,0.000000000000000000e+00,0.000000000000000000e+00,0.000000000000000000e+00,0.000000000000000000e+00,0.000000000000000000e+00
1.166639574864142270e+00,5.837603145708681218e+00,1.736680192496977915e+00,-2.185229892726265472e-02,3.636478255155320416e-02,6.969271144736695067e-01,7.158859383539921684e-01,-1.308815504153341414e-01,-1.081072813803673864e-02,-5.715326590099935322e-02,7.649372542396717378e-01,4.756682726347856160e-01,-4.736631628342358874e-02,-5.749232766469675182e-01,-3.487650177248176331e-02,-1.676960234259575466e-01,5.345103954218630715e-01,-2.064174610082059047e-02,-7.338310073997413030e-02,-1.269545590680540570e-01,0.000000000000000000e+00,0.000000000000000000e+00,0.000000000000000000e+00,0.000000000000000000e+00,0.000000000000000000e+00,0.000000000000000000e+00,0.000000000000000000e+00,0.000000000000000000e+00,0.000000000000000000e+00,0.000000000000000000e+00,0.000000000000000000e+00,0.000000000000000000e+00,0.000000000000000000e+00,0.000000000000000000e+00,0.000000000000000000e+00,0.000000000000000000e+00
1.173436896548567088e+00,5.871213014272865571e+00,1.742809416798109856e+00,-1.511697839781683296e-02,3.664922385922870368e-02,6.795358582245989432e-01,7.325703575367986664e-01,-2.555095088876147003e-01,8.465703392912945005e-03,1.475934433905522203e-02,8.660257312362920068e-01,3.875126367220700918e-01,9.403105326104527206e-03,-5.118389047448732576e-01,-1.493638060405511059e-02,-1.202715743607731813e-01,5.167763553719995073e-01,-4.565057832951203293e-02,-7.020569431590489851e-02,-5.837152952657368582e-02,0.000000000000000000e+00,0.000000000000000000e+00,0.000000000000000000e+00,0.000000000000000000e+00,0.000000000000000000e+00,0.000000000000000000e+00,0.000000000000000000e+00,0.000000000000000000e+00,0.000000000000000000e+00,0.000000000000000000e+00,0.000000000000000000e+00,0.000000000000000000e+00,0.000000000000000000e+00,0.000000000000000000e+00,0.000000000000000000e+00,0.000000000000000000e+00
1.179698275680695740e+00,5.904064503311454715e+00,1.747586615245941388e+00,-9.343568195825952688e-03,3.357495034010322260e-02,6.632328028181714297e-01,7.476012772253547434e-01,-3.759103994425908590e-01,2.894146751955904012e-02,6.156260713816872482e-02,9.103476307800788536e-01,2.809553419639730376e-01,5.401326531989847357e-02,-4.432120013190346541e-01,1.393138351940999276e-03,-7.997866514210552613e-02,4.896445214124747758e-01,-5.652025562501958311e-02,-5.780605711278121589e-02,8.110097578894463755e-03,0.000000000000000000e+00,0.000000000000000000e+00,0.000000000000000000e+00,0.000000000000000000e+00,0.000000000000000000e+00,0.000000000000000000e+00,0.000000000000000000e+00,0.000000000000000000e+00,0.000000000000000000e+00,0.000000000000000000e+00,0.000000000000000000e+00,0.000000000000000000e+00,0.000000000000000000e+00,0.000000000000000000e+00,0.000000000000000000e+00,0.000000000000000000e+00
1.185663066638537044e+00,5.936750007835959408e+00,1.751389479616129119e+00,-3.464327693290551388e-03,2.971102477195719169e-02,6.432801215831813746e-01,7.650463637039002229e-01,-4.846792044111059017e-01,4.761179824990453141e-02,8.733129178967413697e-02,8.923833603918532864e-01,1.596635917796414561e-01,8.115677964519797671e-02,-3.768701169935676498e-01,1.482453095724572262e-02,-3.972887815798926969e-02,4.592516243516923669e-01,-6.530095474693858870e-02,-4.209101362414983949e-02,7.266315193640590642e-02,0.000000000000000000e+00,0.000000000000000000e+00,0.000000000000000000e+00,0.000000000000000000e+00,0.000000000000000000e+00,0.000000000000000000e+00,0.000000000000000000e+00,0.000000000000000000e+00,0.000000000000000000e+00,0.000000000000000000e+00,0.000000000000000000e+00,0.000000000000000000e+00,0.000000000000000000e+00,0.000000000000000000e+00,0.000000000000000000e+00,0.000000000000000000e+00
1.191054311392968135e+00,5.969199627284432097e+00,1.753085694386377291e+00,-5.298865306136903847e-04,2.488003815247264230e-02,6.279666695912557994e-01,7.778422493052571385e-01,-5.719899530039592728e-01,6.889728348799731283e-02,1.059386670859631951e-01,8.176185181416968373e-01,7.450221942042586920e-02,9.036451776345338915e-02,-3.115563761032855150e-01,2.887344022960040835e-02,-3.470561939078464775e-05,4.303208593635016732e-01,-7.185988257897915621e-02,-2.558863726562473143e-02,1.227980071459412043e-01,0.000000000000000000e+00,0.000000000000000000e+00,0.000000000000000000e+00,0.000000000000000000e+00,0.000000000000000000e+00,0.000000000000000000e+00,0.000000000000000000e+00,0.000000000000000000e+00,0.000000000000000000e+00,0.000000000000000000e+00,0.000000000000000000e+00,0.000000000000000000e+00,0.000000000000000000e+00,0.000000000000000000e+00,0.000000000000000000e+00,0.000000000000000000e+00
1.196242453130519356e+00,6.001981456926013259e+00,1.752443488294383789e+00,-3.097873417281824665e-03,2.269621380552330758e-02,6.138981111660606338e-01,7.890528462441069868e-01,-6.328870014886286421e-01,9.053152376199721796e-02,1.129099532142498197e-01,7.090695404741625962e-01,2.578099310384574655e-02,8.424401286340200967e-02,-2.570527230492768989e-01,4.194364042423558148e-02,3.156175502952463657e-02,4.130910086432408312e-01,-9.224627391975750990e-02,-1.003267284929805318e-02,1.670126246082017096e-01,0.000000000000000000e+00,0.000000000000000000e+00,0.000000000000000000e+00,0.000000000000000000e+00,0.000000000000000000e+00,0.000000000000000000e+00,0.000000000000000000e+00,0.000000000000000000e+00,0.000000000000000000e+00,0.000000000000000000e+00,0.000000000000000000e+00,0.000000000000000000e+00,0.000000000000000000e+00,0.000000000000000000e+00,0.000000000000000000e+00,0.000000000000000000e+00
1.200912046103599584e+00,6.034872251818924838e+00,1.749505138889880573e+00,-9.947050816103737356e-03,2.002795979472177246e-02,6.032986071621951885e-01,7.972018110884324660e-01,-6.797571233435273363e-01,1.129613505482124913e-01,1.194673256686851481e-01,5.896139642259687896e-01,-2.376907020903845646e-03,6.119324027936783733e-02,-2.061148787963443529e-01,5.530214133244580610e-02,5.418727461738908485e-02,3.869355041072830570e-01,-1.159839563711731469e-01,1.985709519629382924e-03,1.990703695968379372e-01,0.000000000000000000e+00,0.000000000000000000e+00,0.000000000000000000e+00,0.000000000000000000e+00,0.000000000000000000e+00,0.000000000000000000e+00,0.000000000000000000e+00,0.000000000000000000e+00,0.000000000000000000e+00,0.000000000000000000e+00,0.000000000000000000e+00,0.000000000000000000e+00,0.000000000000000000e+00,0.000000000000000000e+00,0.000000000000000000e+00,0.000000000000000000e+00
1.205608018782862167e+00,6.068013817477432958e+00,1.744205006583335438e+00,-1.978625440093648158e-02,1.970732284104530219e-02,5.917562398145150837e-01,8.056330915521066061e-01,-7.279472938091350320e-01,1.383342645976856355e-01,1.262127271793199168e-01,4.703426257154795231e-01,-1.207386336907405322e-02,2.609844842411461821e-02,-1.601919908145432170e-01,6.965512008759967844e-02,7.371890747113186981e-02,3.685636999252992485e-01,-1.552239370491505510e-01,4.826727591847129739e-03,2.304567649295252152e-01,0.000000000000000000e+00,0.000000000000000000e+00,0.000000000000000000e+00,0.000000000000000000e+00,0.000000000000000000e+00,0.000000000000000000e+00,0.000000000000000000e+00,0.000000000000000000e+00,0.000000000000000000e+00,0.000000000000000000e+00,0.000000000000000000e+00,0.000000000000000000e+00,0.000000000000000000e+00,0.000000000000000000e+00,0.000000000000000000e+00,0.000000000000000000e+00
1.210100015528061457e+00,6.100413989927131020e+00,1.736833085183308478e+00,-2.510416188169946328e-02,2.216319462387444233e-02,5.851223204633377861e-01,8.102533208545824595e-01,-7.731304604061463026e-01,1.408179777693295276e-01,1.203708497830175417e-01,3.600345745516052021e-01,-2.457676302971713300e-02,7.149273304371843094e-03,-1.287115790763208312e-01,7.422865904277331506e-02,8.608564926258131800e-02,3.780161522116441408e-01,-1.964396563871297630e-01,3.351477082264436858e-04,2.440788946844146268e-01,0.000000000000000000e+00,0.000000000000000000e+00,0.000000000000000000e+00,0.000000000000000000e+00,0.000000000000000000e+00,0.000000000000000000e+00,0.000000000000000000e+00,0.000000000000000000e+00,0.000000000000000000e+00,0.000000000000000000e+00,0.000000000000000000e+00,0.000000000000000000e+00,0.000000000000000000e+00,0.000000000000000000e+00,0.000000000000000000e+00,0.000000000000000000e+00
1.214430287829009858e+00,6.133164254725680387e+00,1.727678733136817302e+00,-3.085594773610992117e-02,2.322899915447620978e-02,5.784156304566384632e-01,8.148273943179838996e-01,-8.021599448756520090e-01,1.418297450918149516e-01,1.218595245833228036e-01,2.790413300572660571e-01,-2.414913231205047597e-02,-3.022134812938134883e-03,-9.791248060774715434e-02,7.783169773672507508e-02,9.031806322379086482e-02,3.906964275631424899e-01,-2.362427931667382131e-01,-2.646755516460558982e-03,2.559124912668800378e-01,0.000000000000000000e+00,0.000000000000000000e+00,0.000000000000000000e+00,0.000000000000000000e+00,0.000000000000000000e+00,0.000000000000000000e+00,0.000000000000000000e+00,0.000000000000000000e+00,0.000000000000000000e+00,0.000000000000000000e+00,0.000000000000000000e+00,0.000000000000000000e+00,0.000000000000000000e+00,0.000000000000000000e+00,0.000000000000000000e+00,0.000000000000000000e+00
1.218795479752483146e+00,6.166963624552985301e+00,1.717775401037765493e+00,-3.532450002059074612e-02,2.082926354346565853e-02,5.696227814099960041e-01,8.208825789217800706e-01,-8.141823233087299716e-01,1.519932315393164868e-01,1.335031066898660357e-01,2.492523752140571591e-01,-1.882956345319576619e-02,-4.073361835703869123e-03,-5.866105744137519590e-02,8.177536620576064674e-02,1.022832007246557845e-01,4.011019630945257264e-01,-2.614221048668085579e-01,1.960290321292622664e-04,2.727569462903346453e-01,0.000000000000000000e+00,0.000000000000000000e+00,0.000000000000000000e+00,0.000000000000000000e+00,0.000000000000000000e+00,0.000000000000000000e+00,0.000000000000000000e+00,0.000000000000000000e+00,0.000000000000000000e+00,0.000000000000000000e+00,0.000000000000000000e+00,0.000000000000000000e+00,0.000000000000000000e+00,0.000000000000000000e+00,0.000000000000000000e+00,0.000000000000000000e+00
1.223274825057307780e+00,6.202451474796634834e+00,1.706929853683403886e+00,-3.822209730259321092e-02,1.667334848805153424e-02,5.564027297391359594e-01,8.298656958007277762e-01,-8.109964892397201197e-01,1.633516287539308331e-01,1.490030334600143114e-01,2.819788435103609547e-01,-4.267410308358882826e-03,2.739380909140427464e-03,-8.667505836512483242e-03,8.067459530896191333e-02,1.375472319878404959e-01,4.087412146579113004e-01,-2.424864473246696461e-01,1.648442386259990969e-02,3.017210116925196361e-01,0.000000000000000000e+00,0.000000000000000000e+00,0.000000000000000000e+00,0.000000000000000000e+00,0.000000000000000000e+00,0.000000000000000000e+00,0.000000000000000000e+00,0.000000000000000000e+00,0.000000000000000000e+00,0.000000000000000000e+00,0.000000000000000000e+00,0.000000000000000000e+00,0.000000000000000000e+00,0.000000000000000000e+00,0.000000000000000000e+00,0.000000000000000000e+00
1.228038889161996883e+00,6.238739908418169833e+00,1.697279528454265662e+00,-3.947660382067521428e-02,1.565379196402549508e-02,5.420364986850542133e-01,8.392812345341582603e-01,-8.007757377029733892e-01,1.708001815959438729e-01,1.685075649749448456e-01,3.358212132183725496e-01,2.132616283380310909e-02,1.667905106446437857e-02,3.795839499772901693e-02,6.444244368269864964e-02,1.719687236402179520e-01,4.050925727953745836e-01,-1.795665228101096800e-01,4.721219832309173775e-02,3.330245187460703082e-01,0.000000000000000000e+00,0.000000000000000000e+00,0.000000000000000000e+00,0.000000000000000000e+00,0.000000000000000000e+00,0.000000000000000000e+00,0.000000000000000000e+00,0.000000000000000000e+00,0.000000000000000000e+00,0.000000000000000000e+00,0.000000000000000000e+00,0.000000000000000000e+00,0.000000000000000000e+00,0.000000000000000000e+00,0.000000000000000000e+00,0.000000000000000000e+00
1.232948860662342883e+00,6.274723619733847180e+00,1.688873856083632718e+00,-3.719007909821395869e-02,2.225028623791579924e-02,5.314536934451606909e-01,8.459780106495073948e-01,-7.854319473629884918e-01,1.594281729119586266e-01,1.976652025860593798e-01,3.904678112424320169e-01,5.051333807603135273e-02,3.877622832009548770e-02,7.544708095286611904e-02,2.778414443284516269e-02,2.098242914610116139e-01,3.921787959900622789e-01,-5.460802629269728703e-02,1.023679135468256174e-01,3.625426336816463535e-01,0.000000000000000000e+00,0.000000000000000000e+00,0.000000000000000000e+00,0.000000000000000000e+00,0.000000000000000000e+00,0.000000000000000000e+00,0.000000000000000000e+00,0.000000000000000000e+00,0.000000000000000000e+00,0.000000000000000000e+00,0.000000000000000000e+00,0.000000000000000000e+00,0.000000000000000000e+00,0.000000000000000000e+00,0.000000000000000000e+00,0.000000000000000000e+00
1.238278419097247118e+00,6.309383764713362375e+00,1.681591481477210381e+00,-3.183711492098522527e-02,3.971478603231956561e-02,5.198628422805627869e-01,8.527319385949438946e-01,-7.765531726194739859e-01,1.352073602890767612e-01,2.352481918943453709e-01,4.423480719960107832e-01,7.354738950580670676e-02,7.229140686032538288e-02,9.340296978960514751e-02,-4.617279002489772799e-02,2.016785543871585373e-01,3.818984298554510270e-01,1.390820992731588990e-01,1.536870812196384217e-01,3.919116801939052652e-01,0.000000000000000000e+00,0.000000000000000000e+00,0.000000000000000000e+00,0.000000000000000000e+00,0.000000000000000000e+00,0.000000000000000000e+00,0.000000000000000000e+00,0.000000000000000000e+00,0.000000000000000000e+00,0.000000000000000000e+00,0.000000000000000000e+00,0.000000000000000000e+00,0.000000000000000000e+00,0.000000000000000000e+00,0.000000000000000000e+00,0.000000000000000000e+00
1.243916783679480442e+00,6.343300111110703021e+00,1.677170875044650122e+00,-2.444437329631076947e-02,5.760880966606687914e-02,5.185455218312912118e-01,8.527568466167392280e-01,-7.693574525018367360e-01,9.709603578872685881e-02,2.695704149524306703e-01,4.906933274393603384e-01,7.724515562865237606e-02,1.125508568551825545e-01,8.704872243372265006e-02,-1.099587749808879772e-01,1.802129674339535415e-01,4.088299038357034454e-01,3.506918347029840399e-01,2.007133012528727611e-01,4.011337402499400295e-01,0.000000000000000000e+00,0.000000000000000000e+00,0.000000000000000000e+00,0.000000000000000000e+00,0.000000000000000000e+00,0.000000000000000000e+00,0.000000000000000000e+00,0.000000000000000000e+00,0.000000000000000000e+00,0.000000000000000000e+00,0.000000000000000000e+00,0.000000000000000000e+00,0.000000000000000000e+00,0.000000000000000000e+00,0.000000000000000000e+00,0.000000000000000000e+00
1.249450583272637028e+00,6.379600106061483089e+00,1.680389314252259014e+00,-2.070863839172981322e-02,6.654006229934489314e-02,5.274207948395948087e-01,8.467413286098249836e-01,-7.509044331835017516e-01,5.736308664509452010e-02,2.725915088938668518e-01,5.198425285840585497e-01,4.003351080333199252e-02,1.453323273709336283e-01,5.427744790064965852e-02,-1.450518605375997194e-01,1.278112457821669046e-01,4.679894673391385984e-01,4.848940625626299017e-01,2.071239884697345657e-01,3.790749741744378065e-01,0.000000000000000000e+00,0.000000000000000000e+00,0.000000000000000000e+00,0.000000000000000000e+00,0.000000000000000000e+00,0.000000000000000000e+00,0.000000000000000000e+00,0.000000000000000000e+00,0.000000000000000000e+00,0.000000000000000000e+00,0.000000000000000000e+00,0.000000000000000000e+00,0.000000000000000000e+00,0.000000000000000000e+00,0.000000000000000000e+00,0.000000000000000000e+00
1.255034776821055242e+00,6.418538594295882582e+00,1.686616385751843472e+00,-1.373438997847076584e-02,6.941075495551217445e-02,5.445223709306195037e-01,8.357564843807817612e-01,-7.153453039671093805e-01,1.309282683488903129e-02,2.627825167089044012e-01,5.464401859768930336e-01,-1.392849182001486968e-02,1.771059683394613504e-01,-1.703224477297319434e-02,-1.774946865340429059e-01,3.644247844506436768e-02,6.097430010636188946e-01,4.955724865045438854e-01,1.677724339880146687e-01,3.293601886990953354e-01,0.000000000000000000e+00,0.000000000000000000e+00,0.000000000000000000e+00,0.000000000000000000e+00,0.000000000000000000e+00,0.000000000000000000e+00,0.000000000000000000e+00,0.000000000000000000e+00,0.000000000000000000e+00,0.000000000000000000e+00,0.000000000000000000e+00,0.000000000000000000e+00,0.000000000000000000e+00,0.000000000000000000e+00,0.000000000000000000e+00,0.000000000000000000e+00
1.259212037975325771e+00,6.457468852507336265e+00,1.697234090492521830e+00,-9.039258852670267394e-03,6.474956546017515691e-02,5.623346265727562354e-01,8.243212682743260578e-01,-6.578018775199311330e-01,-2.128524819270392193e-02,2.346626346897250914e-01,5.364638452046550654e-01,-6.567192429646889762e-02,1.958825866927089709e-01,-1.073349344410388512e-01,-1.902965455759168534e-01,-3.744087042486717726e-02,7.082788533014870991e-01,4.801197019871443761e-01,1.071834783900972587e-01,2.697771862156910228e-01,0.000000000000000000e+00,0.000000000000000000e+00,0.000000000000000000e+00,0.000000000000000000e+00,0.000000000000000000e+00,0.000000000000000000e+00,0.000000000000000000e+00,0.000000000000000000e+00,0.000000000000000000e+00,0.000000000000000000e+00,0.000000000000000000e+00,0.000000000000000000e+00,0.000000000000000000e+00,0.000000000000000000e+00,0.000000000000000000e+00,0.000000000000000000e+00
1.263039656988906412e+00,6.495483033216990165e+00,1.704203072921699702e+00,8.649891972442201246e-04,5.811571843432732087e-02,5.809904297349233193e-01,8.118324553877982463e-01,-5.932008832287821720e-01,-6.189347067704029787e-02,2.020612283965912692e-01,5.350890684257383345e-01,-1.108752176884635343e-01,2.157123658889846807e-01,-2.145717809790298469e-01,-2.189657345876284134e-01,-1.066569259535717351e-01,8.281717257606554528e-01,4.004192468983151509e-01,5.014531539203846700e-02,2.097190318807928000e-01,0.000000000000000000e+00,0.000000000000000000e+00,0.000000000000000000e+00,0.000000000000000000e+00,0.000000000000000000e+00,0.000000000000000000e+00,0.000000000000000000e+00,0.000000000000000000e+00,0.000000000000000000e+00,0.000000000000000000e+00,0.000000000000000000e+00,0.000000000000000000e+00,0.000000000000000000e+00,0.000000000000000000e+00,0.000000000000000000e+00,0.000000000000000000e+00
1.266073141253361456e+00,6.532344540819229550e+00,1.709217225919872796e+00,1.095747508463469286e-02,5.029120527962741005e-02,5.985610410045624219e-01,7.994219215175597526e-01,-5.224291794381245024e-01,-9.702933325804746767e-02,1.759892515154870551e-01,5.287292245334253016e-01,-1.543805060490079095e-01,2.254176552781085585e-01,-3.208019389935911625e-01,-2.569771167802166190e-01,-1.747568327746727157e-01,9.027500692479762945e-01,3.119140346735686520e-01,1.472498535007080167e-02,1.474770344469546746e-01,0.000000000000000000e+00,0.000000000000000000e+00,0.000000000000000000e+00,0.000000000000000000e+00,0.000000000000000000e+00,0.000000000000000000e+00,0.000000000000000000e+00,0.000000000000000000e+00,0.000000000000000000e+00,0.000000000000000000e+00,0.000000000000000000e+00,0.000000000000000000e+00,0.000000000000000000e+00,0.000000000000000000e+00,0.000000000000000000e+00,0.000000000000000000e+00
1.268780004347980439e+00,6.568320657860314604e+00,1.712106311238236422e+00,1.895619715354133691e-02,4.413444669740625159e-02,6.203801974685105858e-01,7.828289875784638641e-01,-4.567270165824506845e-01,-1.349167620787297406e-01,1.276361629742684967e-01,5.193194379867223098e-01,-1.890935142744697983e-01,2.210576359197296281e-01,-4.207094686287835006e-01,-2.780336332511770814e-01,-2.082497473396099363e-01,9.233671202641630105e-01,2.406464411840895101e-01,5.127951004107220156e-03,7.732164652038565900e-02,0.000000000000000000e+00,0.000000000000000000e+00,0.000000000000000000e+00,0.000000000000000000e+00,0.000000000000000000e+00,0.000000000000000000e+00,0.000000000000000000e+00,0.000000000000000000e+00,0.000000000000000000e+00,0.000000000000000000e+00,0.000000000000000000e+00,0.000000000000000000e+00,0.000000000000000000e+00,0.000000000000000000e+00,0.000000000000000000e+00,0.000000000000000000e+00
1.270985523054967148e+00,6.603575065686039025e+00,1.714090091131049265e+00,2.515265392869494090e-02,3.817306352606198577e-02,6.439863030481377537e-01,7.636699566617580759e-01,-3.901666504893040455e-01,-1.687562808294262862e-01,6.865642729623987195e-02,5.095838443499990378e-01,-2.175626619508484461e-01,2.091907300409343584e-01,-5.041056012161341249e-01,-2.962953183841441906e-01,-2.339789070494644740e-01,8.898315841472403953e-01,1.891432175961084150e-01,1.066847165514748369e-02,1.547972169335961289e-02,0.000000000000000000e+00,0.000000000000000000e+00,0.000000000000000000e+00,0.000000000000000000e+00,0.000000000000000000e+00,0.000000000000000000e+00,0.000000000000000000e+00,0.000000000000000000e+00,0.000000000000000000e+00,0.000000000000000000e+00,0.000000000000000000e+00,0.000000000000000000e+00,0.000000000000000000e+00,0.000000000000000000e+00,0.000000000000000000e+00,0.000000000000000000e+00
1.272973810055263222e+00,6.638297797469323136e+00,1.713453226519539241e+00,3.282650677595051747e-02,3.397241311149616638e-02,6.636983660598351209e-01,7.465070491896083071e-01,-3.215074022212792704e-01,-1.981662995959687645e-01,2.067085296201200129e-02,4.986501350538322663e-01,-2.481982268060198560e-01,1.931383970427098806e-01,-5.644592553187088857e-01,-3.190099517354506586e-01,-2.664364898488706390e-01,8.121517682263260651e-01,1.477679390598782005e-01,2.520984877027217935e-02,-3.811431533029582819e-02,0.000000000000000000e+00,0.000000000000000000e+00,0.000000000000000000e+00,0.000000000000000000e+00,0.000000000000000000e+00,0.000000000000000000e+00,0.000000000000000000e+00,0.000000000000000000e+00,0.000000000000000000e+00,0.000000000000000000e+00,0.000000000000000000e+00,0.000000000000000000e+00,0.000000000000000000e+00,0.000000000000000000e+00,0.000000000000000000e+00,0.000000000000000000e+00
1.275048183499328580e+00,6.672695786442083943e+00,1.711207908057995386e+00,4.006643564893719311e-02,3.142472259834029613e-02,6.797566451812540045e-01,7.316680059124729407e-01,-2.538273316976495386e-01,-2.220663015159236586e-01,-2.018896221361894672e-02,4.813780599712821906e-01,-2.712160324137991574e-01,1.748370212096421739e-01,-6.127319344425296022e-01,-3.322279956385841837e-01,-2.862593312285305336e-01,7.116382065122722755e-01,1.173096700764830469e-01,5.489745198712699809e-02,-8.660921161968002102e-02,0.000000000000000000e+00,0.000000000000000000e+00,0.000000000000000000e+00,0.000000000000000000e+00,0.000000000000000000e+00,0.000000000000000000e+00,0.000000000000000000e+00,0.000000000000000000e+00,0.000000000000000000e+00,0.000000000000000000e+00,0.000000000000000000e+00,0.000000000000000000e+00,0.000000000000000000e+00,0.000000000000000000e+00,0.000000000000000000e+00,0.000000000000000000e+00
1.277586918921723047e+00,6.706864395592460504e+00,1.707255872050171597e+00,4.802880390121157944e-02,3.015395025641450649e-02,6.948038556943841870e-01,7.169599538272493078e-01,-1.880207728733502004e-01,-2.456785866098903370e-01,-6.503593050355563343e-02,4.650056537345694241e-01,-2.960562729264153981e-01,1.557228228231129497e-01,-6.553255272858562464e-01,-3.392729315039395566e-01,-2.889165108888641642e-01,5.913129138296002729e-01,9.341499970601294112e-02,9.416773274572942665e-02,-1.305458455147209818e-01,0.000000000000000000e+00,0.000000000000000000e+00,0.000000000000000000e+00,0.000000000000000000e+00,0.000000000000000000e+00,0.000000000000000000e+00,0.000000000000000000e+00,0.000000000000000000e+00,0.000000000000000000e+00,0.000000000000000000e+00,0.000000000000000000e+00,0.000000000000000000e+00,0.000000000000000000e+00,0.000000000000000000e+00,0.000000000000000000e+00,0.000000000000000000e+00
1.280690878941878275e+00,6.740812121898921205e+00,1.701637854862130927e+00,5.477409931987202441e-02,3.025772996668405282e-02,7.067678760883043809e-01,7.046725744277188008e-01,-1.292107833901093572e-01,-2.659104885722856637e-01,-1.094336888222490201e-01,4.572041268366105471e-01,-3.325116467517682528e-01,1.423706000942731864e-01,-6.971928870878254525e-01,-3.350059115475712557e-01,-2.698661250870371120e-01,4.522534768961862794e-01,7.098037756520070296e-02,1.461157416667663300e-01,-1.657414526082182926e-01,0.000000000000000000e+00,0.000000000000000000e+00,0.000000000000000000e+00,0.000000000000000000e+00,0.000000000000000000e+00,0.000000000000000000e+00,0.000000000000000000e+00,0.000000000000000000e+00,0.000000000000000000e+00,0.000000000000000000e+00,0.000000000000000000e+00,0.000000000000000000e+00,0.000000000000000000e+00,0.000000000000000000e+00,0.000000000000000000e+00,0.000000000000000000e+00
1.284690306244958169e+00,6.774454050890270196e+00,1.699354448437096599e+00,5.578096084583540615e-02,3.372708642756063607e-02,7.135150850734962580e-01,6.976010259602449803e-01,-7.824374260300728801e-02,-2.742760624856481755e-01,-1.503403510567745682e-01,4.423492516542615327e-01,-3.527591542124152713e-01,1.192360066063462842e-01,-7.405698941103429078e-01,-3.189093206281962134e-01,-2.478716992946732312e-01,3.432493848139446802e-01,4.510952356239644051e-02,1.908787090453905044e-01,-1.868473069296175126e-01,0.000000000000000000e+00,0.000000000000000000e+00,0.000000000000000000e+00,0.000000000000000000e+00,0.000000000000000000e+00,0.000000000000000000e+00,0.000000000000000000e+00,0.000000000000000000e+00,0.000000000000000000e+00,0.000000000000000000e+00,0.000000000000000000e+00,0.000000000000000000e+00,0.000000000000000000e+00,0.000000000000000000e+00,0.000000000000000000e+00,0.000000000000000000e+00
1.289802361035645717e+00,6.808848324225633242e+00,1.696404608028756034e+00,5.391920922731169991e-02,4.112549205225934229e-02,7.171445785349179758e-01,6.936173774190906860e-01,-3.912213913716488384e-02,-2.792205204300776122e-01,-1.900266206912145928e-01,4.375230714182789526e-01,-3.683666913530738163e-01,1.019886695456130449e-01,-7.749541677421049046e-01,-3.010536566099214495e-01,-2.192770228376560715e-01,2.728013269820961373e-01,3.449633894503402465e-02,2.167938887469834097e-01,-1.988605007130126168e-01,0.000000000000000000e+00,0.000000000000000000e+00,0.000000000000000000e+00,0.000000000000000000e+00,0.000000000000000000e+00,0.000000000000000000e+00,0.000000000000000000e+00,0.000000000000000000e+00,0.000000000000000000e+00,0.000000000000000000e+00,0.000000000000000000e+00,0.000000000000000000e+00,0.000000000000000000e+00,0.000000000000000000e+00,0.000000000000000000e+00,0.000000000000000000e+00
1.295683579246184713e+00,6.845008810427616552e+00,1.692064284697831100e+00,4.927449378063715468e-02,4.740756745512368642e-02,7.207613768290409562e-01,6.898025692052447422e-01,-7.890901866419788857e-04,-2.727516680416858796e-01,-2.143815301475956447e-01,4.426730741632626809e-01,-3.658985736926417265e-01,8.608610451264013530e-02,-7.913921866789296322e-01,-2.882679369758044396e-01,-2.015137304144437036e-01,2.540366997351796718e-01,3.685304163709830078e-02,2.217854910595435103e-01,-2.115141026134335633e-01,0.000000000000000000e+00,0.000000000000000000e+00,0.000000000000000000e+00,0.000000000000000000e+00,0.000000000000000000e+00,0.000000000000000000e+00,0.000000000000000000e+00,0.000000000000000000e+00,0.000000000000000000e+00,0.000000000000000000e+00,0.000000000000000000e+00,0.000000000000000000e+00,0.000000000000000000e+00,0.000000000000000000e+00,0.000000000000000000e+00,0.000000000000000000e+00
1.302458891976626454e+00,6.882424242346118604e+00,1.686714109922198723e+00,4.594258062320270841e-02,5.180873445150315643e-02,7.271874730971570333e-01,6.829374153542819847e-01,4.459883134543864841e-02,-2.578878828651154365e-01,-2.364865556595849294e-01,4.490007111899968484e-01,-3.356128358648301502e-01,6.612921962417182831e-02,-7.834734147871960097e-01,-2.821406449199451161e-01,-2.003074627272283248e-01,2.776030010761066369e-01,5.292183863282159950e-02,2.076948056451477509e-01,-2.302034326478433202e-01,0.000000000000000000e+00,0.000000000000000000e+00,0.000000000000000000e+00,0.000000000000000000e+00,0.000000000000000000e+00,0.000000000000000000e+00,0.000000000000000000e+00,0.000000000000000000e+00,0.000000000000000000e+00,0.000000000000000000e+00,0.000000000000000000e+00,0.000000000000000000e+00,0.000000000000000000e+00,0.000000000000000000e+00,0.000000000000000000e+00,0.000000000000000000e+00
1.309415439340762211e+00,6.919669374185363431e+00,1.681524046647414172e+00,3.638649065202573946e-02,5.076573858899043751e-02,7.341066223569749916e-01,6.761555517003315918e-01,8.585550231789020048e-02,-2.225835663958073973e-01,-2.503280414859548886e-01,4.504413028308319467e-01,-2.518682759358755185e-01,3.584312607897492675e-02,-7.659056319731141205e-01,-2.685104710240830972e-01,-2.162548559968028306e-01,3.227846607285452807e-01,6.544873913749855998e-02,1.763818039885845512e-01,-2.487852667084784197e-01,0.000000000000000000e+00,0.000000000000000000e+00,0.000000000000000000e+00,0.000000000000000000e+00,0.000000000000000000e+00,0.000000000000000000e+00,0.000000000000000000e+00,0.000000000000000000e+00,0.000000000000000000e+00,0.000000000000000000e+00,0.000000000000000000e+00,0.000000000000000000e+00,0.000000000000000000e+00,0.000000000000000000e+00,0.000000000000000000e+00,0.000000000000000000e+00
1.316577178638896672e+00,6.956227581042983665e+00,1.676922394429235297e+00,1.995436881719915914e-02,4.740319457515812518e-02,7.399549617066303320e-01,6.706872706074847867e-01,1.140011382317235450e-01,-1.753816392816084924e-01,-2.732402439805858285e-01,4.488540325136279319e-01,-1.132921220756540476e-01,-5.030521347681232366e-03,-7.505383371689264838e-01,-2.424865254479756926e-01,-2.399741779456861512e-01,3.724164144942239685e-01,8.045405737070281116e-02,1.310433675691801136e-01,-2.654835247368005913e-01,0.000000000000000000e+00,0.000000000000000000e+00,0.000000000000000000e+00,0.000000000000000000e+00,0.000000000000000000e+00,0.000000000000000000e+00,0.000000000000000000e+00,0.000000000000000000e+00,0.000000000000000000e+00,0.000000000000000000e+00,0.000000000000000000e+00,0.000000000000000000e+00,0.000000000000000000e+00,0.000000000000000000e+00,0.000000000000000000e+00,0.000000000000000000e+00
1.323595571455306708e+00,6.991558465691204205e+00,1.673281903187141095e+00,-1.329413324526546036e-03,4.076687136323203786e-02,7.433259172174656593e-01,6.676847127591589715e-01,1.287901412335378803e-01,-1.214949625152282331e-01,-2.950373374014017558e-01,4.483420535423991993e-01,7.545528137693277571e-02,-5.718608139942861490e-02,-7.422918391347748113e-01,-2.088945449157163237e-01,-2.708638297046460641e-01,4.298736151536257100e-01,9.102807326923026410e-02,7.640495947249106856e-02,-2.788449594918231411e-01,0.000000000000000000e+00,0.000000000000000000e+00,0.000000000000000000e+00,0.000000000000000000e+00,0.000000000000000000e+00,0.000000000000000000e+00,0.000000000000000000e+00,0.000000000000000000e+00,0.000000000000000000e+00,0.000000000000000000e+00,0.000000000000000000e+00,0.000000000000000000e+00,0.000000000000000000e+00,0.000000000000000000e+00,0.000000000000000000e+00,0.000000000000000000e+00
1.330080739538994639e+00,7.025866209464781242e+00,1.671734325410097810e+00,-2.591189715658919618e-02,3.237026278887926434e-02,7.410355461582505132e-01,6.701843470289868820e-01,1.157813822394909153e-01,-5.872432073944581360e-02,-2.818254525412092204e-01,4.727138088437712882e-01,3.053325508411348088e-01,-1.107371017154275827e-01,-7.377417895625785205e-01,-1.643130023793898664e-01,-3.015156672550655670e-01,4.900501426926169302e-01,7.780776563425109704e-02,9.800454182361899996e-03,-2.695818281993258569e-01,0.000000000000000000e+00,0.000000000000000000e+00,0.000000000000000000e+00,0.000000000000000000e+00,0.000000000000000000e+00,0.000000000000000000e+00,0.000000000000000000e+00,0.000000000000000000e+00,0.000000000000000000e+00,0.000000000000000000e+00,0.000000000000000000e+00,0.000000000000000000e+00,0.000000000000000000e+00,0.000000000000000000e+00,0.000000000000000000e+00,0.000000000000000000e+00
1.336702116178195565e+00,7.061691855401079465e+00,1.675465019267731392e+00,-3.704097071581610029e-02,3.070780752098244137e-02,7.346284214429571469e-01,6.767614642205290743e-01,7.274370557203775622e-02,-2.791421223714274716e-02,-2.436217109680072490e-01,5.378709642270057545e-01,4.711076787399852694e-01,-1.328033701469316652e-01,-7.203334496139544019e-01,-1.228818354130143675e-01,-2.887967824172587572e-01,5.300453841226148155e-01,5.200729839455084380e-02,-4.138294967416986103e-02,-2.372073969137527549e-01,0.000000000000000000e+00,0.000000000000000000e+00,0.000000000000000000e+00,0.000000000000000000e+00,0.000000000000000000e+00,0.000000000000000000e+00,0.000000000000000000e+00,0.000000000000000000e+00,0.000000000000000000e+00,0.000000000000000000e+00,0.000000000000000000e+00,0.000000000000000000e+00,0.000000000000000000e+00,0.000000000000000000e+00,0.000000000000000000e+00,0.000000000000000000e+00
1.343898543820947866e+00,7.099244497325887693e+00,1.681361118023351642e+00,-3.735135256479157895e-02,2.951301416354394982e-02,7.183011662206268966e-01,6.941017886899958356e-01,-1.341835976408993318e-02,-1.085988204279187026e-02,-1.642676624525448159e-01,6.703881801267167484e-01,4.953273614093566257e-01,-1.075080127170128935e-01,-6.785795806746105496e-01,-7.744016919942731114e-02,-2.486722153258092427e-01,5.477751926852086894e-01,2.126696608127804852e-02,-6.754070242800241930e-02,-1.871455017116023800e-01,0.000000000000000000e+00,0.000000000000000000e+00,0.000000000000000000e+00,0.000000000000000000e+00,0.000000000000000000e+00,0.000000000000000000e+00,0.000000000000000000e+00,0.000000000000000000e+00,0.000000000000000000e+00,0.000000000000000000e+00,0.000000000000000000e+00,0.000000000000000000e+00,0.000000000000000000e+00,0.000000000000000000e+00,0.000000000000000000e+00,0.000000000000000000e+00
1.351530085145609350e+00,7.136260099990208161e+00,1.691496174646208939e+00,-2.931210524505554332e-02,3.794313690529772798e-02,7.007259601306772279e-01,7.118175662673902337e-01,-1.167841796252285930e-01,-5.952372170478323343e-03,-7.250356789669745727e-02,7.544474128426401638e-01,4.887328831543364394e-01,-5.110162785777348088e-02,-6.270818864319476216e-01,-5.806388539862968740e-02,-1.932335362754271646e-01,5.424664397256935278e-01,-1.437751097428995734e-02,-7.844970208230823971e-02,-1.328932096133837448e-01,0.000000000000000000e+00,0.000000000000000000e+00,0.000000000000000000e+00,0.000000000000000000e+00,0.000000000000000000e+00,0.000000000000000000e+00,0.000000000000000000e+00,0.000000000000000000e+00,0.000000000000000000e+00,0.000000000000000000e+00,0.000000000000000000e+00,0.000000000000000000e+00,0.000000000000000000e+00,0.000000000000000000e+00,0.000000000000000000e+00,0.000000000000000000e+00
1.359239197182578573e+00,7.172355992955462334e+00,1.698489498167117251e+00,-2.157281227746866287e-02,3.847121623047689704e-02,6.825183471135951585e-01,7.295363494340196819e-01,-2.414291015472903867e-01,1.606744001667903543e-02,9.863097585822100388e-03,8.558317082616876403e-01,4.075797054291320776e-01,5.426135502548182221e-03,-5.626064809905487740e-01,-3.319482194448515611e-02,-1.467958111911108199e-01,5.325743953829149557e-01,-4.488294895769692761e-02,-7.744815909783771268e-02,-6.735541449209908604e-02,0.000000000000000000e+00,0.000000000000000000e+00,0.000000000000000000e+00,0.000000000000000000e+00,0.000000000000000000e+00,0.000000000000000000e+00,0.000000000000000000e+00,0.000000000000000000e+00,0.000000000000000000e+00,0.000000000000000000e+00,0.000000000000000000e+00,0.000000000000000000e+00,0.000000000000000000e+00,0.000000000000000000e+00,0.000000000000000000e+00,0.000000000000000000e+00
1.366370327590312517e+00,7.207482667719322222e+00,1.704439714447547605e+00,-1.461100880250837050e-02,3.501192710414002818e-02,6.619542993052393021e-01,7.485834549424253970e-01,-3.728481101365435646e-01,3.807518721496172542e-02,5.978193714202676562e-02,9.122184786779105048e-01,2.972508774175404711e-01,4.853597806986072183e-02,-4.882639928397368156e-01,-7.847391850403617752e-03,-1.006646496488889930e-01,5.036459771561132559e-01,-6.774389462681655594e-02,-6.703175860251384122e-02,5.293995452905196977e-03,0.000000000000000000e+00,0.000000000000000000e+00,0.000000000000000000e+00,0.000000000000000000e+00,0.000000000000000000e+00,0.000000000000000000e+00,0.000000000000000000e+00,0.000000000000000000e+00,0.000000000000000000e+00,0.000000000000000000e+00,0.000000000000000000e+00,0.000000000000000000e+00,0.000000000000000000e+00,0.000000000000000000e+00,0.000000000000000000e+00,0.000000000000000000e+00
1.373079727219303159e+00,7.242210281148875772e+00,1.709559331828670814e+00,-1.018213557081198636e-02,2.974895213650576714e-02,6.401241040343138566e-01,7.676278104630301913e-01,-4.883387260489711612e-01,6.265029207989988858e-02,9.037405256645567042e-02,9.124203624946136681e-01,1.880630142713345943e-01,7.229185880998263702e-02,-4.103540845487231303e-01,1.575957245805600926e-02,-5.317323350724405262e-02,4.621186621227386659e-01,-8.215204393150421502e-02,-5.235732110230052749e-02,7.419169926917348890e-02,0.000000000000000000e+00,0.000000000000000000e+00,0.000000000000000000e+00,0.000000000000000000e+00,0.000000000000000000e+00,0.000000000000000000e+00,0.000000000000000000e+00,0.000000000000000000e+00,0.000000000000000000e+00,0.000000000000000000e+00,0.000000000000000000e+00,0.000000000000000000e+00,0.000000000000000000e+00,0.000000000000000000e+00,0.000000000000000000e+00,0.000000000000000000e+00
1.379469389856706751e+00,7.276732913109388967e+00,1.711730613281888136e+00,-6.103487703984441376e-03,2.350268068162953555e-02,6.226570350614668570e-01,7.821180141942066788e-01,-5.753749060062968157e-01,8.967043912650274340e-02,1.122018693904832110e-01,8.354785780017269792e-01,1.055331327966329974e-01,8.196330856809178056e-02,-3.376322089300351492e-01,3.175060600527733479e-02,-1.286077831855946679e-02,4.314156803841898702e-01,-8.641849552161552650e-02,-3.488931042967962498e-02,1.289441284727800563e-01,0.000000000000000000e+00,0.000000000000000000e+00,0.000000000000000000e+00,0.000000000000000000e+00,0.000000000000000000e+00,0.000000000000000000e+00,0.000000000000000000e+00,0.000000000000000000e+00,0.000000000000000000e+00,0.000000000000000000e+00,0.000000000000000000e+00,0.000000000000000000e+00,0.000000000000000000e+00,0.000000000000000000e+00,0.000000000000000000e+00,0.000000000000000000e+00
1.385652745541124942e+00,7.311547708703317383e+00,1.711087979745614662e+00,-7.280760037610184768e-03,1.974019810646548967e-02,6.065040550655710350e-01,7.948019541376407648e-01,-6.390652987076302916e-01,1.158528741037677667e-01,1.302179226720377725e-01,7.304535627149943977e-01,5.198951612618596396e-02,8.082159349983582264e-02,-2.779265145568698969e-01,4.786553791859984863e-02,2.238052258748607359e-02,4.195185602856339457e-01,-1.040516846019114566e-01,-2.052672816338909148e-02,1.747645306600471293e-01,0.000000000000000000e+00,0.000000000000000000e+00,0.000000000000000000e+00,0.000000000000000000e+00,0.000000000000000000e+00,0.000000000000000000e+00,0.000000000000000000e+00,0.000000000000000000e+00,0.000000000000000000e+00,0.000000000000000000e+00,0.000000000000000000e+00,0.000000000000000000e+00,0.000000000000000000e+00,0.000000000000000000e+00,0.000000000000000000e+00,0.000000000000000000e+00
1.391441571693214918e+00,7.346776015102355117e+00,1.708103177939750639e+00,-1.373886884240553205e-02,1.700763790105746381e-02,5.928934886006940186e-01,8.049840339477906115e-01,-6.866022193243097593e-01,1.396735796741416236e-01,1.454747034687177698e-01,6.154660841812709116e-01,2.294645564691488726e-02,6.337100146821789126e-02,-2.196119159782194408e-01,6.063433485313295124e-02,4.416240724367143100e-02,3.965772521134772743e-01,-1.230759275539261149e-01,-2.479602347911120941e-03,2.135645400996901422e-01,0.000000000000000000e+00,0.000000000000000000e+00,0.000000000000000000e+00,0.000000000000000000e+00,0.000000000000000000e+00,0.000000000000000000e+00,0.000000000000000000e+00,0.000000000000000000e+00,0.000000000000000000e+00,0.000000000000000000e+00,0.000000000000000000e+00,0.000000000000000000e+00,0.000000000000000000e+00,0.000000000000000000e+00,0.000000000000000000e+00,0.000000000000000000e+00
1.397166281437634439e+00,7.382197732035067794e+00,1.703851022572221208e+00,-2.119268708152766828e-02,1.637299099604445224e-02,5.804223328329712883e-01,8.138751198610510995e-01,-7.282959473550406626e-01,1.611038925083868589e-01,1.620269797049729288e-01,4.818247036072131340e-01,-8.280735744430313405e-03,3.374441585479073802e-02,-1.696945914313476300e-01,7.094227676111899972e-02,6.026715441225240222e-02,3.827518069194524308e-01,-1.609657791974036800e-01,6.536127996210993121e-03,2.411568091217384247e-01,0.000000000000000000e+00,0.000000000000000000e+00,0.000000000000000000e+00,0.000000000000000000e+00,0.000000000000000000e+00,0.000000000000000000e+00,0.000000000000000000e+00,0.000000000000000000e+00,0.000000000000000000e+00,0.000000000000000000e+00,0.000000000000000000e+00,0.000000000000000000e+00,0.000000000000000000e+00,0.000000000000000000e+00,0.000000000000000000e+00,0.000000000000000000e+00
1.402731853615748259e+00,7.417164933650957082e+00,1.697360575364500690e+00,-2.588341699438410914e-02,1.711058961139300810e-02,5.719017635069283401e-01,8.197351092551248275e-01,-7.639842839574287892e-01,1.636837004397630191e-01,1.691913343847769591e-01,3.608704510365161600e-01,-2.323362407813716474e-02,8.454936790355950527e-03,-1.269556059893007793e-01,7.579821884297251178e-02,7.394938178241014515e-02,3.825976986673643720e-01,-1.949978350008539918e-01,8.449626438191786687e-03,2.536445281443434063e-01,0.000000000000000000e+00,0.000000000000000000e+00,0.000000000000000000e+00,0.000000000000000000e+00,0.000000000000000000e+00,0.000000000000000000e+00,0.000000000000000000e+00,0.000000000000000000e+00,0.000000000000000000e+00,0.000000000000000000e+00,0.000000000000000000e+00,0.000000000000000000e+00,0.000000000000000000e+00,0.000000000000000000e+00,0.000000000000000000e+00,0.000000000000000000e+00
1.408279826420405501e+00,7.452721075295031028e+00,1.689339480372057833e+00,-3.174495449913343481e-02,1.826395659896720008e-02,5.653508719492396084e-01,8.240370606589451086e-01,-7.891547335567918875e-01,1.607284815091812313e-01,1.748200687249423235e-01,2.672002516218779378e-01,-2.421861610037506427e-02,-2.723645962352078467e-03,-8.855730353077921613e-02,7.745631698798430276e-02,7.467280528862343947e-02,3.864541418717337140e-01,-2.315804133921488261e-01,5.979082468023960012e-03,2.625983860882251664e-01,0.000000000000000000e+00,0.000000000000000000e+00,0.000000000000000000e+00,0.000000000000000000e+00,0.000000000000000000e+00,0.000000000000000000e+00,0.000000000000000000e+00,0.000000000000000000e+00,0.000000000000000000e+00,0.000000000000000000e+00,0.000000000000000000e+00,0.000000000000000000e+00,0.000000000000000000e+00,0.000000000000000000e+00,0.000000000000000000e+00,0.000000000000000000e+00
1.413735433080876680e+00,7.489732413949071521e+00,1.679822140090360794e+00,-3.820014877949302196e-02,1.552925653687319170e-02,5.587696147753248299e-01,8.282971136183394645e-01,-7.972775337264836892e-01,1.646128387420771610e-01,1.887997464775379441e-01,2.285701079013612858e-01,-1.529264841373926750e-02,-8.553462557036947342e-03,-4.534408584199274561e-02,8.129339417597036821e-02,8.760339709561965060e-02,3.923807144418006154e-01,-2.520321132079613169e-01,1.259383384786115674e-02,2.786489626949461007e-01,0.000000000000000000e+00,0.000000000000000000e+00,0.000000000000000000e+00,0.000000000000000000e+00,0.000000000000000000e+00,0.000000000000000000e+00,0.000000000000000000e+00,0.000000000000000000e+00,0.000000000000000000e+00,0.000000000000000000e+00,0.000000000000000000e+00,0.000000000000000000e+00,0.000000000000000000e+00,0.000000000000000000e+00,0.000000000000000000e+00,0.000000000000000000e+00
1.419333610453241912e+00,7.528156855985974616e+00,1.669611655245507142e+00,-4.201982224974494529e-02,1.019528457384672251e-02,5.450072784656443403e-01,8.373156257529356106e-01,-8.000515205016385245e-01,1.812673124393031909e-01,1.932259721750069770e-01,2.713496742765542646e-01,-5.462492389515573657e-03,-1.070098121725739093e-05,1.878621872190233688e-03,7.744029889479676909e-02,1.173954688712720712e-01,4.039965191262607780e-01,-2.391038579998350233e-01,2.941240656790707064e-02,3.087257794544688849e-01,0.000000000000000000e+00,0.000000000000000000e+00,0.000000000000000000e+00,0.000000000000000000e+00,0.000000000000000000e+00,0.000000000000000000e+00,0.000000000000000000e+00,0.000000000000000000e+00,0.000000000000000000e+00,0.000000000000000000e+00,0.000000000000000000e+00,0.000000000000000000e+00,0.000000000000000000e+00,0.000000000000000000e+00,0.000000000000000000e+00,0.000000000000000000e+00
1.425517061436492483e+00,7.567357346513266414e+00,1.658828166506474799e+00,-4.218597264174752531e-02,1.195152227196065106e-02,5.348926283092765299e-01,8.437815955613439112e-01,-7.896311474708836986e-01,1.830108031911604205e-01,2.154310351077089458e-01,3.344689503079018023e-01,2.397778412784002527e-02,2.120714932302098996e-02,4.087965445491978378e-02,5.801968040803505422e-02,1.546842077431386242e-01,4.176119595130360906e-01,-1.682512673663914271e-01,6.005989568520304911e-02,3.416430917219563934e-01,0.000000000000000000e+00,0.000000000000000000e+00,0.000000000000000000e+00,0.000000000000000000e+00,0.000000000000000000e+00,0.000000000000000000e+00,0.000000000000000000e+00,0.000000000000000000e+00,0.000000000000000000e+00,0.000000000000000000e+00,0.000000000000000000e+00,0.000000000000000000e+00,0.000000000000000000e+00,0.000000000000000000e+00,0.000000000000000000e+00,0.000000000000000000e+00
1.431636320955777419e+00,7.605677233471953791e+00,1.649287590146658600e+00,-3.873413087507605185e-02,2.228359562141017311e-02,5.234360292783808433e-01,8.508923737611100435e-01,-7.789386993481794974e-01,1.671354967211305109e-01,2.409027633559539250e-01,3.974401227807257131e-01,5.010564564232161677e-02,5.247854862282838595e-02,7.345916381706370235e-02,1.104355514747838371e-02,1.813387004331148411e-01,4.123262604282070809e-01,-2.285844284880449856e-02,1.112130597815090688e-01,3.746721478706015462e-01,0.000000000000000000e+00,0.000000000000000000e+00,0.000000000000000000e+00,0.000000000000000000e+00,0.000000000000000000e+00,0.000000000000000000e+00,0.000000000000000000e+00,0.000000000000000000e+00,0.000000000000000000e+00,0.000000000000000000e+00,0.000000000000000000e+00,0.000000000000000000e+00,0.000000000000000000e+00,0.000000000000000000e+00,0.000000000000000000e+00,0.000000000000000000e+00
1.438073725989149620e+00,7.642697696662038354e+00,1.641285544130078433e+00,-3.413631590102302049e-02,4.283237739664214755e-02,5.148053725125081304e-01,8.555556836439782709e-01,-7.818232412913459495e-01,1.405136092155838956e-01,2.722858617552901261e-01,4.654962442976146031e-01,6.315373557828567186e-02,9.259154329448825160e-02,8.860648975883589351e-02,-6.275681763588071560e-02,1.691027873735838627e-01,4.095696362100715859e-01,1.841946951194999016e-01,1.636451467198836995e-01,4.019607541240723392e-01,0.000000000000000000e+00,0.000000000000000000e+00,0.000000000000000000e+00,0.000000000000000000e+00,0.000000000000000000e+00,0.000000000000000000e+00,0.000000000000000000e+00,0.000000000000000000e+00,0.000000000000000000e+00,0.000000000000000000e+00,0.000000000000000000e+00,0.000000000000000000e+00,0.000000000000000000e+00,0.000000000000000000e+00,0.000000000000000000e+00,0.000000000000000000e+00
1.444452210379977286e+00,7.679459234119255129e+00,1.637868680244453534e+00,-2.934211525884933280e-02,6.043822488689984396e-02,5.163579970509573069e-01,8.537333776573227118e-01,-7.806560285077830397e-01,1.029991999483018811e-01,2.899302625630603703e-01,5.234351254895537320e-01,5.055200390976785640e-02,1.355700955107444483e-01,7.913621138918719433e-02,-1.177056619088677203e-01,1.497033977570112473e-01,4.486128255617499727e-01,3.841988877211422460e-01,2.070251125619003152e-01,4.037816719076482985e-01,0.000000000000000000e+00,0.000000000000000000e+00,0.000000000000000000e+00,0.000000000000000000e+00,0.000000000000000000e+00,0.000000000000000000e+00,0.000000000000000000e+00,0.000000000000000000e+00,0.000000000000000000e+00,0.000000000000000000e+00,0.000000000000000000e+00,0.000000000000000000e+00,0.000000000000000000e+00,0.000000000000000000e+00,0.000000000000000000e+00,0.000000000000000000e+00
1.450968165790132103e+00,7.718559154082201168e+00,1.640255091772058194e+00,-2.133046360911329542e-02,6.691331263600355794e-02,5.307082058997967255e-01,8.446398167887396724e-01,-7.558217824538255858e-01,5.031879314445243667e-02,2.837621837553685467e-01,5.609246161067545922e-01,4.437496796209821140e-03,1.724486346167303508e-01,3.535328319032916833e-02,-1.449148695749483129e-01,1.067240108403470500e-01,5.665447721254339708e-01,4.951847717465545085e-01,2.056649446970429951e-01,3.748601120821046795e-01,0.000000000000000000e+00,0.000000000000000000e+00,0.000000000000000000e+00,0.000000000000000000e+00,0.000000000000000000e+00,0.000000000000000000e+00,0.000000000000000000e+00,0.000000000000000000e+00,0.000000000000000000e+00,0.000000000000000000e+00,0.000000000000000000e+00,0.000000000000000000e+00,0.000000000000000000e+00,0.000000000000000000e+00,0.000000000000000000e+00,0.000000000000000000e+00
1.456817246932843979e+00,7.759676978364694833e+00,1.646444906571297162e+00,-1.316543632840289080e-02,6.558207103151901529e-02,5.533453081021877384e-01,8.302617859728308458e-01,-7.119364545200757011e-01,-3.248699168458997477e-03,2.543042684251117791e-01,5.790882265324360789e-01,-5.627424443036830454e-02,2.008343344755584292e-01,-4.474389839013269421e-02,-1.658152701760046976e-01,3.647547634855637794e-02,7.197356465379179946e-01,4.964997298196447417e-01,1.575956610174262529e-01,3.158828221609769615e-01,0.000000000000000000e+00,0.000000000000000000e+00,0.000000000000000000e+00,0.000000000000000000e+00,0.000000000000000000e+00,0.000000000000000000e+00,0.000000000000000000e+00,0.000000000000000000e+00,0.000000000000000000e+00,0.000000000000000000e+00,0.000000000000000000e+00,0.000000000000000000e+00,0.000000000000000000e+00,0.000000000000000000e+00,0.000000000000000000e+00,0.000000000000000000e+00
1.461196651121037915e+00,7.800257739681657476e+00,1.656828529705578035e+00,-9.999820253979926910e-03,6.098743619609409833e-02,5.715359220689059105e-01,8.182464335430744695e-01,-6.549461203178634783e-01,-3.668827023998073172e-02,2.220605522768614448e-01,5.725254886888759831e-01,-1.144285437631515079e-01,2.160110682946182192e-01,-1.459399462329993014e-01,-1.830961004275125092e-01,-3.005717360800657864e-02,8.140146983017894078e-01,4.673797023474609014e-01,9.489304028921793921e-02,2.530699375610552804e-01,0.000000000000000000e+00,0.000000000000000000e+00,0.000000000000000000e+00,0.000000000000000000e+00,0.000000000000000000e+00,0.000000000000000000e+00,0.000000000000000000e+00,0.000000000000000000e+00,0.000000000000000000e+00,0.000000000000000000e+00,0.000000000000000000e+00,0.000000000000000000e+00,0.000000000000000000e+00,0.000000000000000000e+00,0.000000000000000000e+00,0.000000000000000000e+00
1.465274464325986958e+00,7.839385212425519889e+00,1.662737507083221766e+00,2.588503500749080033e-03,5.379868878000373944e-02,5.881722812864292882e-01,8.069401268133195027e-01,-5.838397830425920976e-01,-7.577495959140968795e-02,1.975080271197572068e-01,5.673514328085506042e-01,-1.597501777871510598e-01,2.305342139804604784e-01,-2.580627006690272007e-01,-2.277923408843660347e-01,-1.054291171635412805e-01,9.187949534081808478e-01,3.767245653005824590e-01,4.133460044780586790e-02,1.899048107568677979e-01,0.000000000000000000e+00,0.000000000000000000e+00,0.000000000000000000e+00,0.000000000000000000e+00,0.000000000000000000e+00,0.000000000000000000e+00,0.000000000000000000e+00,0.000000000000000000e+00,0.000000000000000000e+00,0.000000000000000000e+00,0.000000000000000000e+00,0.000000000000000000e+00,0.000000000000000000e+00,0.000000000000000000e+00,0.000000000000000000e+00,0.000000000000000000e+00
1.468630095925230750e+00,7.877323761123600221e+00,1.667042334887836263e+00,1.370038273534571541e-02,4.547717852440800318e-02,6.086943901524144440e-01,7.919818590999063712e-01,-5.043382143926239403e-01,-1.155585518154934876e-01,1.663778660087661954e-01,5.473498516408076275e-01,-1.977631795604549159e-01,2.391940434355434020e-01,-3.670494077774377195e-01,-2.641634846086278743e-01,-1.699520936264783955e-01,9.690086174172745093e-01,2.892426324150360606e-01,1.534148979274226055e-02,1.189825502647202105e-01,0.000000000000000000e+00,0.000000000000000000e+00,0.000000000000000000e+00,0.000000000000000000e+00,0.000000000000000000e+00,0.000000000000000000e+00,0.000000000000000000e+00,0.000000000000000000e+00,0.000000000000000000e+00,0.000000000000000000e+00,0.000000000000000000e+00,0.000000000000000000e+00,0.000000000000000000e+00,0.000000000000000000e+00,0.000000000000000000e+00,0.000000000000000000e+00
1.471891800603188916e+00,7.914589917640207695e+00,1.669968063421356952e+00,2.076664210078750517e-02,4.069864551626915794e-02,6.303348444253659144e-01,7.749776453113006447e-01,-4.315037790553362673e-01,-1.542075442300586963e-01,1.138758882688502005e-01,5.244137075459831543e-01,-2.248994447461851176e-01,2.297633502539082606e-01,-4.654719106587376087e-01,-2.859114303737134710e-01,-2.012401714541453557e-01,9.637118358614809033e-01,2.234591414951067057e-01,1.031987577800237699e-02,4.708632738319972616e-02,0.000000000000000000e+00,0.000000000000000000e+00,0.000000000000000000e+00,0.000000000000000000e+00,0.000000000000000000e+00,0.000000000000000000e+00,0.000000000000000000e+00,0.000000000000000000e+00,0.000000000000000000e+00,0.000000000000000000e+00,0.000000000000000000e+00,0.000000000000000000e+00,0.000000000000000000e+00,0.000000000000000000e+00,0.000000000000000000e+00,0.000000000000000000e+00
1.474728416955529697e+00,7.951076305820691914e+00,1.671217517821156795e+00,2.710903133938571963e-02,3.488021344397298357e-02,6.536152430338459940e-01,7.555366206900558934e-01,-3.583766491411074506e-01,-1.835350835082205645e-01,6.403638028418798256e-02,5.098188375413673645e-01,-2.500281798389442089e-01,2.124397589403668740e-01,-5.406487897743965654e-01,-3.082167330082310475e-01,-2.337759554816083996e-01,9.013856481478051963e-01,1.755309709618574909e-01,1.890633888728925072e-02,-1.858079735278279215e-02,0.000000000000000000e+00,0.000000000000000000e+00,0.000000000000000000e+00,0.000000000000000000e+00,0.000000000000000000e+00,0.000000000000000000e+00,0.000000000000000000e+00,0.000000000000000000e+00,0.000000000000000000e+00,0.000000000000000000e+00,0.000000000000000000e+00,0.000000000000000000e+00,0.000000000000000000e+00,0.000000000000000000e+00,0.000000000000000000e+00,0.000000000000000000e+00
1.477649861512937424e+00,7.987004793803639480e+00,1.669407554158738094e+00,3.481633857169492280e-02,3.146781589691749481e-02,6.709504830554785526e-01,7.400155730920521258e-01,-2.888417976088080152e-01,-2.096920609880408848e-01,2.030373726190032313e-02,4.981763147070903397e-01,-2.764917349607315389e-01,1.922360820374026114e-01,-5.952431544297771548e-01,-3.296978660942389561e-01,-2.644370971406652115e-01,8.043410857226059862e-01,1.370479268604752610e-01,3.514402117352483090e-02,-6.991016073926958896e-02,0.000000000000000000e+00,0.000000000000000000e+00,0.000000000000000000e+00,0.000000000000000000e+00,0.000000000000000000e+00,0.000000000000000000e+00,0.000000000000000000e+00,0.000000000000000000e+00,0.000000000000000000e+00,0.000000000000000000e+00,0.000000000000000000e+00,0.000000000000000000e+00,0.000000000000000000e+00,0.000000000000000000e+00,0.000000000000000000e+00,0.000000000000000000e+00
1.480883889560261402e+00,8.022634519919030538e+00,1.665930287626734341e+00,4.204133167129845555e-02,3.011596570495302105e-02,6.864451638945784362e-01,7.253403284022660324e-01,-2.211631174211948492e-01,-2.326390065200969470e-01,-2.175219329530327095e-02,4.814588315286996711e-01,-2.978895635055932578e-01,1.728027535289908823e-01,-6.371105834264378931e-01,-3.398962773732699949e-01,-2.828853735108063372e-01,6.840497602313418968e-01,1.091584023512053164e-01,6.811764467416267510e-02,-1.184259177215503805e-01,0.000000000000000000e+00,0.000000000000000000e+00,0.000000000000000000e+00,0.000000000000000000e+00,0.000000000000000000e+00,0.000000000000000000e+00,0.000000000000000000e+00,0.000000000000000000e+00,0.000000000000000000e+00,0.000000000000000000e+00,0.000000000000000000e+00,0.000000000000000000e+00,0.000000000000000000e+00,0.000000000000000000e+00,0.000000000000000000e+00,0.000000000000000000e+00
1.484560235747658385e+00,8.057978013911219151e+00,1.660452505373757326e+00,5.003839366646570253e-02,2.948592719037912771e-02,7.005659052093301531e-01,7.112201851151549459e-01,-1.586378821460078525e-01,-2.549440086188534682e-01,-6.585734286196516518e-02,4.740517172881575925e-01,-3.289585149112848050e-01,1.540502732868655744e-01,-6.765361247117815946e-01,-3.409371480148427058e-01,-2.783223634579483630e-01,5.457143361892444755e-01,8.960673272386197874e-02,1.169443641822991709e-01,-1.624755638960709292e-01,0.000000000000000000e+00,0.000000000000000000e+00,0.000000000000000000e+00,0.000000000000000000e+00,0.000000000000000000e+00,0.000000000000000000e+00,0.000000000000000000e+00,0.000000000000000000e+00,0.000000000000000000e+00,0.000000000000000000e+00,0.000000000000000000e+00,0.000000000000000000e+00,0.000000000000000000e+00,0.000000000000000000e+00,0.000000000000000000e+00,0.000000000000000000e+00
1.488842485072528143e+00,8.092914581975026778e+00,1.657021814228601730e+00,5.564718276379484324e-02,3.076260557333216836e-02,7.108302822640605312e-01,7.004836635962241598e-01,-9.937935845295002568e-02,-2.704652015946508170e-01,-1.127352559519134712e-01,4.592573189495239849e-01,-3.508382773913105157e-01,1.353432792326044187e-01,-7.111795100719346951e-01,-3.274414765475004430e-01,-2.537160029701387431e-01,4.146050416736182243e-01,6.972512430455138355e-02,1.680995756553616549e-01,-1.971469139073018517e-01,0.000000000000000000e+00,0.000000000000000000e+00,0.000000000000000000e+00,0.000000000000000000e+00,0.000000000000000000e+00,0.000000000000000000e+00,0.000000000000000000e+00,0.000000000000000000e+00,0.000000000000000000e+00,0.000000000000000000e+00,0.000000000000000000e+00,0.000000000000000000e+00,0.000000000000000000e+00,0.000000000000000000e+00,0.000000000000000000e+00,0.000000000000000000e+00
1.493836839133368732e+00,8.127466255681186524e+00,1.654616480911722753e+00,5.667208507091972547e-02,3.570619031050406567e-02,7.164578796163361130e-01,6.944072648546296689e-01,-5.286778412204916344e-02,-2.772421084455365947e-01,-1.484978952837914257e-01,4.539996811284879863e-01,-3.814400762563854297e-01,1.182929766201645250e-01,-7.502781060377047284e-01,-3.100305867911102853e-01,-2.278324309875271458e-01,3.142666314904811187e-01,4.575469852730800618e-02,2.097231799691650078e-01,-2.179354448722854443e-01,0.000000000000000000e+00,0.000000000000000000e+00,0.000000000000000000e+00,0.000000000000000000e+00,0.000000000000000000e+00,0.000000000000000000e+00,0.000000000000000000e+00,0.000000000000000000e+00,0.000000000000000000e+00,0.000000000000000000e+00,0.000000000000000000e+00,0.000000000000000000e+00,0.000000000000000000e+00,0.000000000000000000e+00,0.000000000000000000e+00,0.000000000000000000e+00
1.499589383614236660e+00,8.163141740521947298e+00,1.650770316808161997e+00,5.412630465712002514e-02,4.261445776418601450e-02,7.201517624469397916e-01,6.903881445811443918e-01,-1.182859496738963498e-02,-2.798512452446957344e-01,-1.868105499290987903e-01,4.561966847733349706e-01,-3.967731702547226957e-01,1.035590644412430067e-01,-7.765758192314184960e-01,-2.933752008191543026e-01,-1.997853819035959599e-01,2.683302914985433718e-01,3.687263843844556382e-02,2.251532740469924521e-01,-2.341289452695825279e-01,0.000000000000000000e+00,0.000000000000000000e+00,0.000000000000000000e+00,0.000000000000000000e+00,0.000000000000000000e+00,0.000000000000000000e+00,0.000000000000000000e+00,0.000000000000000000e+00,0.000000000000000000e+00,0.000000000000000000e+00,0.000000000000000000e+00,0.000000000000000000e+00,0.000000000000000000e+00,0.000000000000000000e+00,0.000000000000000000e+00,0.000000000000000000e+00
1.506043112058366162e+00,8.200396159205391555e+00,1.645433233503558634e+00,4.962283036725342183e-02,5.030459676878681202e-02,7.245431728676512417e-01,6.855977048540559116e-01,2.633092553894836318e-02,-2.743310337159501344e-01,-2.179772870208664115e-01,4.669025229938106314e-01,-3.861428591664352594e-01,8.745587612828230328e-02,-7.829303295425512621e-01,-2.817405770069874582e-01,-1.852688051155800819e-01,2.780387550796611373e-01,3.959826563146251477e-02,2.164742024570259493e-01,-2.504200721557800491e-01,0.000000000000000000e+00,0.000000000000000000e+00,0.000000000000000000e+00,0.000000000000000000e+00,0.000000000000000000e+00,0.000000000000000000e+00,0.000000000000000000e+00,0.000000000000000000e+00,0.000000000000000000e+00,0.000000000000000000e+00,0.000000000000000000e+00,0.000000000000000000e+00,0.000000000000000000e+00,0.000000000000000000e+00,0.000000000000000000e+00,0.000000000000000000e+00
1.512588739900273760e+00,8.238033863209068386e+00,1.639421427363853434e+00,4.286107649908094119e-02,5.302746584538078206e-02,7.321314320555459831e-01,6.777422682581132340e-01,7.088505891876512033e-02,-2.522697504431171689e-01,-2.418201065750285594e-01,4.719985219933005571e-01,-3.330282412570202966e-01,6.340560608837983447e-02,-7.696114108282999799e-01,-2.727475244940921195e-01,-1.854506870019858589e-01,3.178289047435508552e-01,5.556944944793390517e-02,1.908055240491786375e-01,-2.729410478000539042e-01,0.000000000000000000e+00,0.000000000000000000e+00,0.000000000000000000e+00,0.000000000000000000e+00,0.000000000000000000e+00,0.000000000000000000e+00,0.000000000000000000e+00,0.000000000000000000e+00,0.000000000000000000e+00,0.000000000000000000e+00,0.000000000000000000e+00,0.000000000000000000e+00,0.000000000000000000e+00,0.000000000000000000e+00,0.000000000000000000e+00,0.000000000000000000e+00
1.519266681857524448e+00,8.274714060783503911e+00,1.633985822558580381e+00,3.027992639164292163e-02,5.181735093923059421e-02,7.395439722597423327e-01,6.704273273768299735e-01,1.097311746144998268e-01,-2.129050005178410310e-01,-2.606182028131434070e-01,4.612822376111943568e-01,-2.148418492896412568e-01,2.406574737890309137e-02,-7.552462325855568981e-01,-2.535303087536893707e-01,-2.071640875154532879e-01,3.762045162958390643e-01,6.748636718870860973e-02,1.482978292696583156e-01,-2.947118963308323347e-01,0.000000000000000000e+00,0.000000000000000000e+00,0.000000000000000000e+00,0.000000000000000000e+00,0.000000000000000000e+00,0.000000000000000000e+00,0.000000000000000000e+00,0.000000000000000000e+00,0.000000000000000000e+00,0.000000000000000000e+00,0.000000000000000000e+00,0.000000000000000000e+00,0.000000000000000000e+00,0.000000000000000000e+00,0.000000000000000000e+00,0.000000000000000000e+00
1.525677991101333841e+00,8.310006982829495570e+00,1.629848567035868889e+00,9.301722194882082809e-03,4.696570935054597551e-02,7.454554251476128712e-01,6.648337455540304086e-01,1.290445353671778594e-01,-1.631054132636534648e-01,-2.888959169154358686e-01,4.528563141411221515e-01,-4.497108048356288079e-02,-2.853597905864599382e-02,-7.475024869331525768e-01,-2.246669163475913389e-01,-2.359640618113838517e-01,4.351371417087042670e-01,7.500403097955710141e-02,9.715863633343517491e-02,-3.104343703680257360e-01,0.000000000000000000e+00,0.000000000000000000e+00,0.000000000000000000e+00,0.000000000000000000e+00,0.000000000000000000e+00,0.000000000000000000e+00,0.000000000000000000e+00,0.000000000000000000e+00,0.000000000000000000e+00,0.000000000000000000e+00,0.000000000000000000e+00,0.000000000000000000e+00,0.000000000000000000e+00,0.000000000000000000e+00,0.000000000000000000e+00,0.000000000000000000e+00
1.531862169465169066e+00,8.343975324576749841e+00,1.627698318411591627e+00,-1.462868778076047149e-02,4.158914875401049926e-02,7.477581676222737617e-01,6.625058995615885626e-01,1.275461217801751312e-01,-1.065123689840047488e-01,-2.992741539601171952e-01,4.616378170364897060e-01,1.596736661589085449e-01,-8.648130193366958263e-02,-7.424106095487034152e-01,-1.891673402796902881e-01,-2.692162560977695018e-01,4.943271017600942563e-01,6.825404945856072825e-02,4.170788568422115206e-02,-3.111282683754756362e-01,0.000000000000000000e+00,0.000000000000000000e+00,0.000000000000000000e+00,0.000000000000000000e+00,0.000000000000000000e+00,0.000000000000000000e+00,0.000000000000000000e+00,0.000000000000000000e+00,0.000000000000000000e+00,0.000000000000000000e+00,0.000000000000000000e+00,0.000000000000000000e+00,0.000000000000000000e+00,0.000000000000000000e+00,0.000000000000000000e+00,0.000000000000000000e+00
1.537570069110914872e+00,8.377710538641556681e+00,1.628628475832827105e+00,-3.120104583583846111e-02,3.583453806026133670e-02,7.454219815987715991e-01,6.648973228778398692e-01,1.049870305849018026e-01,-6.081191911561593944e-02,-2.776183993047836585e-01,4.953604864429356214e-01,3.539934474014888588e-01,-1.272477792974405497e-01,-7.315193514287654519e-01,-1.491303562708356789e-01,-2.795942799821501401e-01,5.437863945661287612e-01,4.941914686153277281e-02,-1.257266195885323699e-02,-2.938333709435874685e-01,0.000000000000000000e+00,0.000000000000000000e+00,0.000000000000000000e+00,0.000000000000000000e+00,0.000000000000000000e+00,0.000000000000000000e+00,0.000000000000000000e+00,0.000000000000000000e+00,0.000000000000000000e+00,0.000000000000000000e+00,0.000000000000000000e+00,0.000000000000000000e+00,0.000000000000000000e+00,0.000000000000000000e+00,0.000000000000000000e+00,0.000000000000000000e+00
1.543290859714721242e+00,8.413066381038280639e+00,1.634367474963299705e+00,-3.400173490648417118e-02,3.598818933928753933e-02,7.363723816097895725e-01,6.747625121876253962e-01,5.102171921783296704e-02,-4.575179586538624665e-02,-2.277039640711338853e-01,5.716095086125425606e-01,4.628534459488407027e-01,-1.286749967341937750e-01,-7.047784955060142353e-01,-1.143404659112372684e-01,-2.498334694671592304e-01,5.717343593596001528e-01,2.591419782215356737e-02,-4.840876450190705060e-02,-2.559354856067064810e-01,0.000000000000000000e+00,0.000000000000000000e+00,0.000000000000000000e+00,0.000000000000000000e+00,0.000000000000000000e+00,0.000000000000000000e+00,0.000000000000000000e+00,0.000000000000000000e+00,0.000000000000000000e+00,0.000000000000000000e+00,0.000000000000000000e+00,0.000000000000000000e+00,0.000000000000000000e+00,0.000000000000000000e+00,0.000000000000000000e+00,0.000000000000000000e+00
1.549410445088732269e+00,8.449156798517135414e+00,1.642794027831366188e+00,-2.721408291000960294e-02,3.938019419129613896e-02,7.219461926693646614e-01,6.902914521323814112e-01,-4.191193921459462207e-02,-3.866445585478014979e-02,-1.397063411407503397e-01,6.793796099774382924e-01,4.740678105197597136e-01,-8.458294798226578814e-02,-6.561645560753517348e-01,-8.487005373388378793e-02,-1.955396348113298266e-01,5.738766171807885286e-01,4.775689797429191752e-03,-6.303056266944848107e-02,-2.021054499008583527e-01,0.000000000000000000e+00,0.000000000000000000e+00,0.000000000000000000e+00,0.000000000000000000e+00,0.000000000000000000e+00,0.000000000000000000e+00,0.000000000000000000e+00,0.000000000000000000e+00,0.000000000000000000e+00,0.000000000000000000e+00,0.000000000000000000e+00,0.000000000000000000e+00,0.000000000000000000e+00,0.000000000000000000e+00,0.000000000000000000e+00,0.000000000000000000e+00
1.555595848862681541e+00,8.484475874671112194e+00,1.651110430098245763e+00,-1.735072631938215995e-02,4.058651323121301169e-02,7.066724536856625605e-01,7.061626798704445651e-01,-1.536964637735689643e-01,-2.491605716557986072e-02,-4.604203579205302238e-02,7.813867628116945019e-01,4.107076885674792455e-01,-2.224415837480764324e-02,-5.949870762896226628e-01,-6.674477096705956625e-02,-1.487029114748971148e-01,5.653617113916530323e-01,-1.960836145008450215e-02,-6.001920871463935908e-02,-1.454607625125274029e-01,0.000000000000000000e+00,0.000000000000000000e+00,0.000000000000000000e+00,0.000000000000000000e+00,0.000000000000000000e+00,0.000000000000000000e+00,0.000000000000000000e+00,0.000000000000000000e+00,0.000000000000000000e+00,0.000000000000000000e+00,0.000000000000000000e+00,0.000000000000000000e+00,0.000000000000000000e+00,0.000000000000000000e+00,0.000000000000000000e+00,0.000000000000000000e+00
1.561259913805567168e+00,8.518940699752358015e+00,1.657810015905771595e+00,-1.059406657254530898e-02,3.984019036952281961e-02,6.911849407812110657e-01,7.215011452673177894e-01,-2.684356395670227657e-01,-3.174675142192259769e-03,2.715442539482746873e-02,8.553316929317936745e-01,3.275262928442763122e-01,2.838786282412521234e-02,-5.291500072971681012e-01,-4.713389049689214322e-02,-1.060983350945381709e-01,5.428657855330847326e-01,-3.227259895801291856e-02,-5.177780943834590921e-02,-8.365271474353005998e-02,0.000000000000000000e+00,0.000000000000000000e+00,0.000000000000000000e+00,0.000000000000000000e+00,0.000000000000000000e+00,0.000000000000000000e+00,0.000000000000000000e+00,0.000000000000000000e+00,0.000000000000000000e+00,0.000000000000000000e+00,0.000000000000000000e+00,0.000000000000000000e+00,0.000000000000000000e+00,0.000000000000000000e+00,0.000000000000000000e+00,0.000000000000000000e+00
1.566277317040143169e+00,8.552692256044624131e+00,1.663710258120185914e+00,-4.687230195398979678e-03,3.649650642013692325e-02,6.750029199680593894e-01,7.368969350776369831e-01,-3.731100012508376529e-01,1.491912098847725070e-02,6.852315161320592096e-02,8.725034289519981723e-01,2.310413016924710017e-01,6.623844864555962497e-02,-4.559149325800627151e-01,-3.125861161909724434e-02,-7.295554378630109138e-02,5.066259689937451238e-01,-3.601462301062880594e-02,-3.733261279404529592e-02,-2.085834496041899522e-02,0.000000000000000000e+00,0.000000000000000000e+00,0.000000000000000000e+00,0.000000000000000000e+00,0.000000000000000000e+00,0.000000000000000000e+00,0.000000000000000000e+00,0.000000000000000000e+00,0.000000000000000000e+00,0.000000000000000000e+00,0.000000000000000000e+00,0.000000000000000000e+00,0.000000000000000000e+00,0.000000000000000000e+00,0.000000000000000000e+00,0.000000000000000000e+00
1.571184347594112296e+00,8.585976731185226640e+00,1.668190689808162874e+00,3.577627892101779492e-03,3.310072155753287365e-02,6.577680299939656638e-01,7.524843928806064230e-01,-4.675635739750503839e-01,2.741375987952320709e-02,8.786450472021639646e-02,8.347702168779553844e-01,1.346783868048800903e-01,8.447666354189697913e-02,-3.803601859993276935e-01,-2.038320839037820881e-02,-3.921730936913017662e-02,4.642266670214192370e-01,-2.836438914397128308e-02,-2.373188708449412709e-02,4.127153476614547900e-02,0.000000000000000000e+00,0.000000000000000000e+00,0.000000000000000000e+00,0.000000000000000000e+00,0.000000000000000000e+00,0.000000000000000000e+00,0.000000000000000000e+00,0.000000000000000000e+00,0.000000000000000000e+00,0.000000000000000000e+00,0.000000000000000000e+00,0.000000000000000000e+00,0.000000000000000000e+00,0.000000000000000000e+00,0.000000000000000000e+00,0.000000000000000000e+00
1.575538172287948901e+00,8.619151683318024837e+00,1.670353089111944023e+00,6.328566183281173971e-03,2.842969563215288001e-02,6.403069096942459737e-01,7.675667808432911077e-01,-5.435356041792903659e-01,5.254867489686806253e-02,1.106276688993541035e-01,7.505299681029933279e-01,6.054819862858874108e-02,8.632517889478205642e-02,-3.142254874775562423e-01,-6.301782677897455748e-03,-8.555929319991426030e-03,4.334977221609040976e-01,-3.805874549308596588e-02,-5.112911485795232532e-03,9.333180952099423555e-02,0.000000000000000000e+00,0.000000000000000000e+00,0.000000000000000000e+00,0.000000000000000000e+00,0.000000000000000000e+00,0.000000000000000000e+00,0.000000000000000000e+00,0.000000000000000000e+00,0.000000000000000000e+00,0.000000000000000000e+00,0.000000000000000000e+00,0.000000000000000000e+00,0.000000000000000000e+00,0.000000000000000000e+00,0.000000000000000000e+00,0.000000000000000000e+00
1.579504315483246879e+00,8.652460907024199344e+00,1.669729434073782270e+00,1.898109339721872416e-03,2.479099254049694015e-02,6.230634401773167408e-01,7.817760250763642338e-01,-6.069870877256537955e-01,8.033971656111116300e-02,1.201221781498362506e-01,6.452535138884287758e-01,2.281394061576273030e-02,7.608026277881840826e-02,-2.630612334499531357e-01,1.452953970452080384e-02,3.243409072843320834e-02,4.173773434690248307e-01,-6.388761363794165371e-02,8.548057415953068394e-03,1.380588441928790044e-01,0.000000000000000000e+00,0.000000000000000000e+00,0.000000000000000000e+00,0.000000000000000000e+00,0.000000000000000000e+00,0.000000000000000000e+00,0.000000000000000000e+00,0.000000000000000000e+00,0.000000000000000000e+00,0.000000000000000000e+00,0.000000000000000000e+00,0.000000000000000000e+00,0.000000000000000000e+00,0.000000000000000000e+00,0.000000000000000000e+00,0.000000000000000000e+00
1.583221846603161342e+00,8.685906544856836220e+00,1.667152009482575359e+00,-6.273753678090542019e-03,2.281246328574322232e-02,6.106331579947675836e-01,7.915600911434091946e-01,-6.572572584083060665e-01,1.142305152709239685e-01,1.399305478533958147e-01,5.373992198431214451e-01,-6.869250876446762744e-03,4.875174186602312248e-02,-2.135850075764840761e-01,3.088835719053518308e-02,5.143228819348962672e-02,3.925507067142134376e-01,-9.927199840161164690e-02,1.641497976714959006e-02,1.708068004480929325e-01,0.000000000000000000e+00,0.000000000000000000e+00,0.000000000000000000e+00,0.000000000000000000e+00,0.000000000000000000e+00,0.000000000000000000e+00,0.000000000000000000e+00,0.000000000000000000e+00,0.000000000000000000e+00,0.000000000000000000e+00,0.000000000000000000e+00,0.000000000000000000e+00,0.000000000000000000e+00,0.000000000000000000e+00,0.000000000000000000e+00,0.000000000000000000e+00
1.586944552108960016e+00,8.719340197061388409e+00,1.661904698555897175e+00,-1.522171113749280769e-02,2.327038718417361041e-02,5.993055263603840332e-01,8.000372957957962994e-01,-7.056241931085222019e-01,1.402822565233254604e-01,1.577291865392880243e-01,4.367342210643583855e-01,-2.056985109638967413e-02,1.803764128241307566e-02,-1.706389834042101039e-01,3.879899055885803472e-02,6.429818268104531276e-02,3.761140963289777428e-01,-1.347191375895924470e-01,2.240696454206009269e-02,1.951865385541337872e-01,0.000000000000000000e+00,0.000000000000000000e+00,0.000000000000000000e+00,0.000000000000000000e+00,0.000000000000000000e+00,0.000000000000000000e+00,0.000000000000000000e+00,0.000000000000000000e+00,0.000000000000000000e+00,0.000000000000000000e+00,0.000000000000000000e+00,0.000000000000000000e+00,0.000000000000000000e+00,0.000000000000000000e+00,0.000000000000000000e+00,0.000000000000000000e+00
1.590644462180134333e+00,8.752500808950061995e+00,1.655111487569776108e+00,-2.224023005301788147e-02,2.498142796713510860e-02,5.916196784800838993e-01,8.055230949259207796e-01,-7.484721539170104965e-01,1.498504021102001760e-01,1.578165105996434114e-01,3.340558132431746263e-01,-2.756262118779133699e-02,-5.147588238989767029e-03,-1.348524841624251236e-01,4.504959378168850448e-02,7.890498168063528328e-02,3.741554351014138025e-01,-1.784884705113020387e-01,2.079164783914260253e-02,2.120518895495887013e-01,0.000000000000000000e+00,0.000000000000000000e+00,0.000000000000000000e+00,0.000000000000000000e+00,0.000000000000000000e+00,0.000000000000000000e+00,0.000000000000000000e+00,0.000000000000000000e+00,0.000000000000000000e+00,0.000000000000000000e+00,0.000000000000000000e+00,0.000000000000000000e+00,0.000000000000000000e+00,0.000000000000000000e+00,0.000000000000000000e+00,0.000000000000000000e+00
1.594161446733545429e+00,8.785683458882722618e+00,1.645514951284307914e+00,-2.751744260457304053e-02,2.653042016061333414e-02,5.855383675111890396e-01,8.097430131411677001e-01,-7.759941732254884705e-01,1.487414032047933432e-01,1.564674431887934647e-01,2.624469807463463700e-01,-2.871554088645214206e-02,-1.167028104199966006e-02,-1.061606356308955196e-01,4.908653550304593882e-02,8.363130433709356493e-02,3.957517141617309386e-01,-2.202174822003467591e-01,1.675696370247643438e-02,2.266794204398771551e-01,0.000000000000000000e+00,0.000000000000000000e+00,0.000000000000000000e+00,0.000000000000000000e+00,0.000000000000000000e+00,0.000000000000000000e+00,0.000000000000000000e+00,0.000000000000000000e+00,0.000000000000000000e+00,0.000000000000000000e+00,0.000000000000000000e+00,0.000000000000000000e+00,0.000000000000000000e+00,0.000000000000000000e+00,0.000000000000000000e+00,0.000000000000000000e+00
1.597500282935656379e+00,8.820072671201604209e+00,1.634716944187112109e+00,-3.152976420621768361e-02,2.428841648824715815e-02,5.766667573572250571e-01,8.160094348429415279e-01,-7.897707410067403844e-01,1.527857971839188533e-01,1.620060852397652573e-01,2.430583257556687138e-01,-2.288625907285839894e-02,-8.446236360997337253e-03,-6.730746568003277697e-02,4.967832165468261119e-02,1.048732502862106397e-01,4.011788969781167058e-01,-2.275185872944658350e-01,2.377963639993042194e-02,2.460334681625858944e-01,0.000000000000000000e+00,0.000000000000000000e+00,0.000000000000000000e+00,0.000000000000000000e+00,0.000000000000000000e+00,0.000000000000000000e+00,0.000000000000000000e+00,0.000000000000000000e+00,0.000000000000000000e+00,0.000000000000000000e+00,0.000000000000000000e+00,0.000000000000000000e+00,0.000000000000000000e+00,0.000000000000000000e+00,0.000000000000000000e+00,0.000000000000000000e+00
1.600811226091767958e+00,8.856364034285151732e+00,1.623916760861072284e+00,-3.741716122873547240e-02,1.712144924259844520e-02,5.628331722361888945e-01,8.255456572788473224e-01,-7.962693662728014266e-01,1.734088468912240999e-01,1.743512397653535495e-01,3.003610650577905328e-01,-1.936374214017109324e-02,-9.796530244258775874e-04,-1.775417244636990147e-02,5.518324935491468464e-02,1.363120849204893237e-01,4.117087878878192830e-01,-2.260012415073153758e-01,3.416208479051604380e-02,2.784203395946454052e-01,0.000000000000000000e+00,0.000000000000000000e+00,0.000000000000000000e+00,0.000000000000000000e+00,0.000000000000000000e+00,0.000000000000000000e+00,0.000000000000000000e+00,0.000000000000000000e+00,0.000000000000000000e+00,0.000000000000000000e+00,0.000000000000000000e+00,0.000000000000000000e+00,0.000000000000000000e+00,0.000000000000000000e+00,0.000000000000000000e+00,0.000000000000000000e+00
1.604399855967348909e+00,8.892922742804897140e+00,1.613794643341432300e+00,-3.717158736363725818e-02,1.587214435976924687e-02,5.497621973499968728e-01,8.343427799718727833e-01,-7.878838118107635013e-01,1.795174355734525662e-01,1.896171777738466235e-01,3.580411443555873707e-01,1.550581515651572317e-03,1.541035069441056005e-02,2.455561340925375979e-02,3.918971677074854082e-02,1.747724078433904316e-01,4.204684422328948123e-01,-1.662919827481648960e-01,5.982342302611733803e-02,3.090448247738109000e-01,0.000000000000000000e+00,0.000000000000000000e+00,0.000000000000000000e+00,0.000000000000000000e+00,0.000000000000000000e+00,0.000000000000000000e+00,0.000000000000000000e+00,0.000000000000000000e+00,0.000000000000000000e+00,0.000000000000000000e+00,0.000000000000000000e+00,0.000000000000000000e+00,0.000000000000000000e+00,0.000000000000000000e+00,0.000000000000000000e+00,0.000000000000000000e+00
1.608129828614188961e+00,8.929223955451702111e+00,1.604579267804633558e+00,-3.363041252063177916e-02,2.252201078250432031e-02,5.376548804515951518e-01,8.421929612093570494e-01,-7.722174067547836751e-01,1.677501612029452249e-01,2.149420908746935699e-01,4.197616299442260557e-01,2.631917398225040033e-02,4.126339885439590793e-02,6.063830225202732072e-02,-2.987861901023805555e-03,2.040557738033844659e-01,4.089405603124146582e-01,-3.251560922520821406e-02,1.109457819418441377e-01,3.419480613713089534e-01,0.000000000000000000e+00,0.000000000000000000e+00,0.000000000000000000e+00,0.000000000000000000e+00,0.000000000000000000e+00,0.000000000000000000e+00,0.000000000000000000e+00,0.000000000000000000e+00,0.000000000000000000e+00,0.000000000000000000e+00,0.000000000000000000e+00,0.000000000000000000e+00,0.000000000000000000e+00,0.000000000000000000e+00,0.000000000000000000e+00,0.000000000000000000e+00
1.612224283077436926e+00,8.964030672550443057e+00,1.596626784823565348e+00,-2.737575572198706550e-02,4.120212352560168045e-02,5.303796932399849062e-01,8.463157413248854066e-01,-7.676707423457025392e-01,1.373610148120022467e-01,2.563226256639304923e-01,4.749921274712957664e-01,3.740612873002809036e-02,7.908871610009221564e-02,7.891346004181197527e-02,-8.078050948293531708e-02,1.905727288413031906e-01,3.991497607583230356e-01,1.793541289606134237e-01,1.608312239049205505e-01,3.654036211990309702e-01,0.000000000000000000e+00,0.000000000000000000e+00,0.000000000000000000e+00,0.000000000000000000e+00,0.000000000000000000e+00,0.000000000000000000e+00,0.000000000000000000e+00,0.000000000000000000e+00,0.000000000000000000e+00,0.000000000000000000e+00,0.000000000000000000e+00,0.000000000000000000e+00,0.000000000000000000e+00,0.000000000000000000e+00,0.000000000000000000e+00,0.000000000000000000e+00
1.616505005323255473e+00,8.998914508662771539e+00,1.592758572699215946e+00,-2.242796497202025757e-02,5.704284248338818003e-02,5.315202402324089581e-01,8.448250320225551002e-01,-7.566360207046904929e-01,9.799723153438533174e-02,2.850518710888685914e-01,5.178931285126875395e-01,3.487866906359412406e-02,1.201657195929475425e-01,6.840294841503985479e-02,-1.363227618435492450e-01,1.682477705476338459e-01,4.315439930678234282e-01,3.834679930047383833e-01,1.974786253113348933e-01,3.719541125779898261e-01,0.000000000000000000e+00,0.000000000000000000e+00,0.000000000000000000e+00,0.000000000000000000e+00,0.000000000000000000e+00,0.000000000000000000e+00,0.000000000000000000e+00,0.000000000000000000e+00,0.000000000000000000e+00,0.000000000000000000e+00,0.000000000000000000e+00,0.000000000000000000e+00,0.000000000000000000e+00,0.000000000000000000e+00,0.000000000000000000e+00,0.000000000000000000e+00
1.620614556022604180e+00,9.036445240820579983e+00,1.595497594352706328e+00,-1.741362383183080176e-02,6.537637818529488942e-02,5.443315796212948587e-01,8.361374446270199989e-01,-7.307231748531944904e-01,5.112043278375856536e-02,2.870381497902582124e-01,5.445511392908601866e-01,-3.367405645215270499e-03,1.575838258539249692e-01,2.937372459361009547e-02,-1.641708893932781466e-01,1.098889823625442824e-01,5.288039495510432619e-01,4.948072648601384849e-01,1.974782191610300330e-01,3.454629251605412787e-01,0.000000000000000000e+00,0.000000000000000000e+00,0.000000000000000000e+00,0.000000000000000000e+00,0.000000000000000000e+00,0.000000000000000000e+00,0.000000000000000000e+00,0.000000000000000000e+00,0.000000000000000000e+00,0.000000000000000000e+00,0.000000000000000000e+00,0.000000000000000000e+00,0.000000000000000000e+00,0.000000000000000000e+00,0.000000000000000000e+00,0.000000000000000000e+00
1.623984798983977518e+00,9.076220584445405137e+00,1.602896619445122406e+00,-1.203627980143673337e-02,6.595583206755453731e-02,5.633339068945152350e-01,8.235046238654520900e-01,-6.920777927074812652e-01,4.340233581224928194e-03,2.622661244986287943e-01,5.604397250174099065e-01,-6.100045797517594792e-02,1.840611505428338401e-01,-4.568121611158106748e-02,-1.856935010005819064e-01,2.912166131467329444e-02,6.545508300842660665e-01,4.955118065527520654e-01,1.513704879180670093e-01,2.912877378339037704e-01,0.000000000000000000e+00,0.000000000000000000e+00,0.000000000000000000e+00,0.000000000000000000e+00,0.000000000000000000e+00,0.000000000000000000e+00,0.000000000000000000e+00,0.000000000000000000e+00,0.000000000000000000e+00,0.000000000000000000e+00,0.000000000000000000e+00,0.000000000000000000e+00,0.000000000000000000e+00,0.000000000000000000e+00,0.000000000000000000e+00,0.000000000000000000e+00
1.626005743466838904e+00,9.115196747783823383e+00,1.612188425850257012e+00,-4.621214479900074765e-03,5.832566781857821681e-02,5.822861166762847152e-01,8.108758469558087212e-01,-6.282361534441387452e-01,-3.347449023434152793e-02,2.341381168654372569e-01,5.518884777671126951e-01,-1.126326782503230262e-01,2.072376725905707706e-01,-1.444986270293700248e-01,-2.016466678590968509e-01,-5.218863501831301488e-02,7.679531943419278806e-01,4.496214681723378348e-01,8.571631792049638765e-02,2.356509638832309517e-01,0.000000000000000000e+00,0.000000000000000000e+00,0.000000000000000000e+00,0.000000000000000000e+00,0.000000000000000000e+00,0.000000000000000000e+00,0.000000000000000000e+00,0.000000000000000000e+00,0.000000000000000000e+00,0.000000000000000000e+00,0.000000000000000000e+00,0.000000000000000000e+00,0.000000000000000000e+00,0.000000000000000000e+00,0.000000000000000000e+00,0.000000000000000000e+00
1.627839439713335556e+00,9.153293372920364490e+00,1.617910323234195147e+00,4.811047582439127897e-03,5.311124228737888059e-02,6.020308902072722956e-01,7.966899378052230141e-01,-5.636503002563991727e-01,-7.268737285272308668e-02,2.069601622785005590e-01,5.438471008070706603e-01,-1.500304095252248671e-01,2.221583096702913762e-01,-2.518037945612001671e-01,-2.315949310488025215e-01,-1.221850157718878532e-01,8.727901251440149943e-01,3.670166611317841054e-01,4.034361474066432834e-02,1.725438731172090900e-01,0.000000000000000000e+00,0.000000000000000000e+00,0.000000000000000000e+00,0.000000000000000000e+00,0.000000000000000000e+00,0.000000000000000000e+00,0.000000000000000000e+00,0.000000000000000000e+00,0.000000000000000000e+00,0.000000000000000000e+00,0.000000000000000000e+00,0.000000000000000000e+00,0.000000000000000000e+00,0.000000000000000000e+00,0.000000000000000000e+00,0.000000000000000000e+00
1.628994862077244088e+00,9.190394839247348457e+00,1.621502129823078286e+00,1.340660797475448640e-02,4.624577219242706483e-02,6.245113107333858382e-01,7.795301239740550781e-01,-4.962068065710388276e-01,-1.110374049556561576e-01,1.685907327307316628e-01,5.371243695045847533e-01,-1.876961491269190097e-01,2.263162965390000392e-01,-3.612868446700176484e-01,-2.627293634298324410e-01,-1.776177044427750262e-01,9.190994298649027838e-01,2.750695798907530909e-01,1.467401641126678258e-02,1.023636378062694752e-01,0.000000000000000000e+00,0.000000000000000000e+00,0.000000000000000000e+00,0.000000000000000000e+00,0.000000000000000000e+00,0.000000000000000000e+00,0.000000000000000000e+00,0.000000000000000000e+00,0.000000000000000000e+00,0.000000000000000000e+00,0.000000000000000000e+00,0.000000000000000000e+00,0.000000000000000000e+00,0.000000000000000000e+00,0.000000000000000000e+00,0.000000000000000000e+00
1.629637595066597333e+00,9.226731688521226715e+00,1.624192605005464918e+00,1.999202128759666047e-02,4.052111210321827917e-02,6.457461977846351564e-01,7.622140162745906222e-01,-4.288976451595666317e-01,-1.463873544213407096e-01,1.175841308743411778e-01,5.245470875129349952e-01,-2.152281330170792706e-01,2.181369902827079710e-01,-4.544591457897560471e-01,-2.846269987109235622e-01,-2.127897531378706852e-01,9.091972635665368507e-01,2.072625587902336419e-01,9.330356621428267938e-03,3.650896647535849249e-02,0.000000000000000000e+00,0.000000000000000000e+00,0.000000000000000000e+00,0.000000000000000000e+00,0.000000000000000000e+00,0.000000000000000000e+00,0.000000000000000000e+00,0.000000000000000000e+00,0.000000000000000000e+00,0.000000000000000000e+00,0.000000000000000000e+00,0.000000000000000000e+00,0.000000000000000000e+00,0.000000000000000000e+00,0.000000000000000000e+00,0.000000000000000000e+00
1.629881506835498595e+00,9.262467489886148542e+00,1.624159880990207139e+00,2.603418802775047183e-02,3.624536490949577250e-02,6.671736399773346982e-01,7.435642734126667319e-01,-3.657902423814508031e-01,-1.773433466580494333e-01,6.879660120736544315e-02,5.208647256260335867e-01,-2.496670764774051865e-01,2.054129142673448982e-01,-5.271336771199627291e-01,-3.085876852229271217e-01,-2.481760124265205425e-01,8.531762331107084485e-01,1.582710951237836783e-01,1.689247712396647894e-02,-2.287346010436321075e-02,0.000000000000000000e+00,0.000000000000000000e+00,0.000000000000000000e+00,0.000000000000000000e+00,0.000000000000000000e+00,0.000000000000000000e+00,0.000000000000000000e+00,0.000000000000000000e+00,0.000000000000000000e+00,0.000000000000000000e+00,0.000000000000000000e+00,0.000000000000000000e+00,0.000000000000000000e+00,0.000000000000000000e+00,0.000000000000000000e+00,0.000000000000000000e+00
1.630230164755598343e+00,9.297859443382190392e+00,1.622562487470331050e+00,3.309044513827074513e-02,3.414407177915348979e-02,6.850127454344705491e-01,7.269778149264398692e-01,-2.977243324110716571e-01,-2.051530774033545890e-01,2.675378986453712249e-02,5.041615491613793409e-01,-2.764623813439042177e-01,1.881254701469296242e-01,-5.835675955874602971e-01,-3.271679299684439046e-01,-2.776841745917048021e-01,7.615719616381839696e-01,1.205605724397792317e-01,3.771291462344193018e-02,-7.595211005158016004e-02,0.000000000000000000e+00,0.000000000000000000e+00,0.000000000000000000e+00,0.000000000000000000e+00,0.000000000000000000e+00,0.000000000000000000e+00,0.000000000000000000e+00,0.000000000000000000e+00,0.000000000000000000e+00,0.000000000000000000e+00,0.000000000000000000e+00,0.000000000000000000e+00,0.000000000000000000e+00,0.000000000000000000e+00,0.000000000000000000e+00,0.000000000000000000e+00
1.630857238627844596e+00,9.333047251429778868e+00,1.619123591558951025e+00,3.991113710291144256e-02,3.322497994013424993e-02,7.012510283892595675e-01,7.110205320707249088e-01,-2.329400792754687810e-01,-2.300016087030462564e-01,-1.607001382065470496e-02,4.894332758116654025e-01,-3.005806342472828740e-01,1.708134788515662528e-01,-6.289874252082962025e-01,-3.367366981644386859e-01,-2.918161061356382424e-01,6.493655740112018737e-01,9.312517601329040051e-02,7.243084793084526851e-02,-1.219596951534651780e-01,0.000000000000000000e+00,0.000000000000000000e+00,0.000000000000000000e+00,0.000000000000000000e+00,0.000000000000000000e+00,0.000000000000000000e+00,0.000000000000000000e+00,0.000000000000000000e+00,0.000000000000000000e+00,0.000000000000000000e+00,0.000000000000000000e+00,0.000000000000000000e+00,0.000000000000000000e+00,0.000000000000000000e+00,0.000000000000000000e+00,0.000000000000000000e+00
1.632000217104654149e+00,9.368252290623546585e+00,1.614465284346021878e+00,4.725610145905587145e-02,3.238029854712098227e-02,7.150047116486596410e-01,6.967687130326020162e-01,-1.701167981233024928e-01,-2.512080776325185671e-01,-6.023018799783444455e-02,4.774665646345675474e-01,-3.280863174813964389e-01,1.544624624203590202e-01,-6.715948291497545464e-01,-3.313884085499136378e-01,-2.787257799520929669e-01,5.113860667823834083e-01,7.519013585157457991e-02,1.218445039484896686e-01,-1.662160866406166282e-01,0.000000000000000000e+00,0.000000000000000000e+00,0.000000000000000000e+00,0.000000000000000000e+00,0.000000000000000000e+00,0.000000000000000000e+00,0.000000000000000000e+00,0.000000000000000000e+00,0.000000000000000000e+00,0.000000000000000000e+00,0.000000000000000000e+00,0.000000000000000000e+00,0.000000000000000000e+00,0.000000000000000000e+00,0.000000000000000000e+00,0.000000000000000000e+00
1.633906330319116584e+00,9.403027518879165214e+00,1.608239622007077596e+00,5.368716848199064917e-02,3.409947962513498049e-02,7.253176806795214038e-01,6.854700398437280073e-01,-1.138674829000214800e-01,-2.703584560391947278e-01,-1.050129103729525309e-01,4.679487795645673187e-01,-3.648265732058803001e-01,1.408032631548279123e-01,-7.126397079144007884e-01,-3.198308305078018110e-01,-2.527570428410976788e-01,3.833159948427019570e-01,5.237742046886469105e-02,1.711943874497405538e-01,-1.988541121689250957e-01,0.000000000000000000e+00,0.000000000000000000e+00,0.000000000000000000e+00,0.000000000000000000e+00,0.000000000000000000e+00,0.000000000000000000e+00,0.000000000000000000e+00,0.000000000000000000e+00,0.000000000000000000e+00,0.000000000000000000e+00,0.000000000000000000e+00,0.000000000000000000e+00,0.000000000000000000e+00,0.000000000000000000e+00,0.000000000000000000e+00,0.000000000000000000e+00
1.636654275311359319e+00,9.438430760323411661e+00,1.600539281103712907e+00,5.476959317142024442e-02,4.060764193817872209e-02,7.297841035426628764e-01,6.802694122893446771e-01,-6.922629197110252708e-02,-2.860959958956288407e-01,-1.501756391147909819e-01,4.625803419032377684e-01,-4.019046221977466415e-01,1.284537381586045579e-01,-7.506058683771754669e-01,-3.089484058608094053e-01,-2.281771370452785885e-01,2.983634728084297305e-01,3.619765393440309287e-02,2.075775850201885542e-01,-2.156814134372089797e-01,0.000000000000000000e+00,0.000000000000000000e+00,0.000000000000000000e+00,0.000000000000000000e+00,0.000000000000000000e+00,0.000000000000000000e+00,0.000000000000000000e+00,0.000000000000000000e+00,0.000000000000000000e+00,0.000000000000000000e+00,0.000000000000000000e+00,0.000000000000000000e+00,0.000000000000000000e+00,0.000000000000000000e+00,0.000000000000000000e+00,0.000000000000000000e+00
1.640309829892262483e+00,9.475462716671708918e+00,1.591108041208686874e+00,5.187882497996262887e-02,4.827908388162941572e-02,7.332813308360333071e-01,6.762220104563184675e-01,-3.280558203376322118e-02,-2.939335009754911465e-01,-1.911745722480315823e-01,4.707594578899944038e-01,-4.206977314212408392e-01,1.181314670835595104e-01,-7.773045699659123509e-01,-2.950608952433775856e-01,-2.015177358612647296e-01,2.656264214060093387e-01,3.063362872400852283e-02,2.205302239311946466e-01,-2.293212669399546932e-01,0.000000000000000000e+00,0.000000000000000000e+00,0.000000000000000000e+00,0.000000000000000000e+00,0.000000000000000000e+00,0.000000000000000000e+00,0.000000000000000000e+00,0.000000000000000000e+00,0.000000000000000000e+00,0.000000000000000000e+00,0.000000000000000000e+00,0.000000000000000000e+00,0.000000000000000000e+00,0.000000000000000000e+00,0.000000000000000000e+00,0.000000000000000000e+00
1.644826353334144287e+00,9.513742691273385788e+00,1.585822780333619120e+00,4.663597075098753486e-02,5.259266713583062719e-02,7.388276230732258032e-01,6.702185024151605663e-01,1.580184080487181952e-02,-2.804610468220688491e-01,-2.219240803039640164e-01,4.606787396887999098e-01,-3.841498314799399183e-01,9.285153382551107615e-02,-7.832142727382486180e-01,-2.794465082608232898e-01,-1.885333792129850750e-01,2.807282469394549729e-01,3.158022110334079285e-02,2.108726161393114362e-01,-2.457164188325305920e-01,0.000000000000000000e+00,0.000000000000000000e+00,0.000000000000000000e+00,0.000000000000000000e+00,0.000000000000000000e+00,0.000000000000000000e+00,0.000000000000000000e+00,0.000000000000000000e+00,0.000000000000000000e+00,0.000000000000000000e+00,0.000000000000000000e+00,0.000000000000000000e+00,0.000000000000000000e+00,0.000000000000000000e+00,0.000000000000000000e+00,0.000000000000000000e+00
1.649747138765361942e+00,9.552281632899356723e+00,1.580279508926270893e+00,4.149988545836394427e-02,5.260837606729967808e-02,7.454267891577870397e-01,6.632111430611046243e-01,6.720432786976554551e-02,-2.556073588214664571e-01,-2.422514187818711751e-01,4.511567167045770765e-01,-3.149632596353849068e-01,6.410834054153580208e-02,-7.668474867534647021e-01,-2.686221005035858145e-01,-1.989774979617480455e-01,3.193922530463466081e-01,4.588229604885507573e-02,1.864322633269577256e-01,-2.630538687557906208e-01,0.000000000000000000e+00,0.000000000000000000e+00,0.000000000000000000e+00,0.000000000000000000e+00,0.000000000000000000e+00,0.000000000000000000e+00,0.000000000000000000e+00,0.000000000000000000e+00,0.000000000000000000e+00,0.000000000000000000e+00,0.000000000000000000e+00,0.000000000000000000e+00,0.000000000000000000e+00,0.000000000000000000e+00,0.000000000000000000e+00,0.000000000000000000e+00
1.654761268009938169e+00,9.590009869286154398e+00,1.575497307601978259e+00,2.948809055270522339e-02,4.886596459759583178e-02,7.528789435586230594e-01,6.556796979970892503e-01,1.054800713796130857e-01,-2.190440895276880018e-01,-2.689004628653345885e-01,4.483814383965583072e-01,-2.033612050301016605e-01,2.507460749582666321e-02,-7.512824907131551155e-01,-2.501668672261679327e-01,-2.163570046707954386e-01,3.720656757513914892e-01,5.886985975157482676e-02,1.491472653719755903e-01,-2.825801800858815938e-01,0.000000000000000000e+00,0.000000000000000000e+00,0.000000000000000000e+00,0.000000000000000000e+00,0.000000000000000000e+00,0.000000000000000000e+00,0.000000000000000000e+00,0.000000000000000000e+00,0.000000000000000000e+00,0.000000000000000000e+00,0.000000000000000000e+00,0.000000000000000000e+00,0.000000000000000000e+00,0.000000000000000000e+00,0.000000000000000000e+00,0.000000000000000000e+00
1.659787824085957819e+00,9.626278945867111858e+00,1.571495568702970580e+00,9.689454681718327744e-03,4.159455062837995321e-02,7.578515844279627434e-01,6.510276367451854895e-01,1.220363899354571374e-01,-1.692772279120993706e-01,-2.935455190869648567e-01,4.496900545827280382e-01,-3.340354552737940380e-02,-2.603973700149986303e-02,-7.403445781708528628e-01,-2.210301188217909107e-01,-2.452268515980354224e-01,4.309460828363466112e-01,7.091966436914680372e-02,9.624981729060773372e-02,-2.981494860998998297e-01,0.000000000000000000e+00,0.000000000000000000e+00,0.000000000000000000e+00,0.000000000000000000e+00,0.000000000000000000e+00,0.000000000000000000e+00,0.000000000000000000e+00,0.000000000000000000e+00,0.000000000000000000e+00,0.000000000000000000e+00,0.000000000000000000e+00,0.000000000000000000e+00,0.000000000000000000e+00,0.000000000000000000e+00,0.000000000000000000e+00,0.000000000000000000e+00
1.664551698728109486e+00,9.661312780476354334e+00,1.569406385698421724e+00,-1.524660869421923075e-02,3.322378819401223399e-02,7.581246357234434630e-01,6.510842937212982795e-01,1.205094427102365168e-01,-1.085924830688024534e-01,-3.039399141201911125e-01,4.566625010115835659e-01,1.786839117009230704e-01,-8.568955256849868085e-02,-7.376106847973945557e-01,-1.807746718230878180e-01,-2.803854804029348169e-01,4.895974711443988880e-01,6.202895304159788958e-02,4.011859587195747145e-02,-2.943299642042458975e-01,0.000000000000000000e+00,0.000000000000000000e+00,0.000000000000000000e+00,0.000000000000000000e+00,0.000000000000000000e+00,0.000000000000000000e+00,0.000000000000000000e+00,0.000000000000000000e+00,0.000000000000000000e+00,0.000000000000000000e+00,0.000000000000000000e+00,0.000000000000000000e+00,0.000000000000000000e+00,0.000000000000000000e+00,0.000000000000000000e+00,0.000000000000000000e+00
1.669124257998181760e+00,9.696161807017565692e+00,1.570308607729243855e+00,-3.014859215339911122e-02,2.695318984450552693e-02,7.547664335291516258e-01,6.547459192435332032e-01,9.584041660087379289e-02,-5.866902179447264221e-02,-2.759247325242321636e-01,4.902646206379398519e-01,3.782395695164039728e-01,-1.261674634553375807e-01,-7.260730944466780024e-01,-1.409928286401912478e-01,-2.903216528067940616e-01,5.419066475110945191e-01,4.473736809812099008e-02,-1.535187871021644751e-02,-2.769206605387078413e-01,0.000000000000000000e+00,0.000000000000000000e+00,0.000000000000000000e+00,0.000000000000000000e+00,0.000000000000000000e+00,0.000000000000000000e+00,0.000000000000000000e+00,0.000000000000000000e+00,0.000000000000000000e+00,0.000000000000000000e+00,0.000000000000000000e+00,0.000000000000000000e+00,0.000000000000000000e+00,0.000000000000000000e+00,0.000000000000000000e+00,0.000000000000000000e+00
1.673526693389731479e+00,9.732911613916813920e+00,1.576225663400125931e+00,-3.378814281399930564e-02,2.782124383469382692e-02,7.440433289690621121e-01,6.666962309877776383e-01,3.561909106615425424e-02,-4.079987351832997655e-02,-2.189017500150083617e-01,5.707584525673200515e-01,4.914851737862723224e-01,-1.200071491040589078e-01,-6.979353191031314463e-01,-1.037237276986723022e-01,-2.570417731413471851e-01,5.685467058456425971e-01,2.369176688914410162e-02,-5.118160854071445581e-02,-2.367305383479905989e-01,0.000000000000000000e+00,0.000000000000000000e+00,0.000000000000000000e+00,0.000000000000000000e+00,0.000000000000000000e+00,0.000000000000000000e+00,0.000000000000000000e+00,0.000000000000000000e+00,0.000000000000000000e+00,0.000000000000000000e+00,0.000000000000000000e+00,0.000000000000000000e+00,0.000000000000000000e+00,0.000000000000000000e+00,0.000000000000000000e+00,0.000000000000000000e+00
1.678577306360192978e+00,9.770264162509675998e+00,1.584259299214303862e+00,-2.818639768402810691e-02,3.211532592009540277e-02,7.278541964117688501e-01,6.843992998187701238e-01,-5.679846247876026849e-02,-2.890256576391299348e-02,-1.289042579693268353e-01,6.731116128464000870e-01,4.940405626014656160e-01,-7.728519763186127156e-02,-6.509149777415790261e-01,-7.406554852438236580e-02,-2.076140754139756961e-01,5.741649969298948664e-01,-7.734211503117392750e-03,-6.802645170921577111e-02,-1.816933390281264826e-01,0.000000000000000000e+00,0.000000000000000000e+00,0.000000000000000000e+00,0.000000000000000000e+00,0.000000000000000000e+00,0.000000000000000000e+00,0.000000000000000000e+00,0.000000000000000000e+00,0.000000000000000000e+00,0.000000000000000000e+00,0.000000000000000000e+00,0.000000000000000000e+00,0.000000000000000000e+00,0.000000000000000000e+00,0.000000000000000000e+00,0.000000000000000000e+00
1.683853801351414825e+00,9.807230705874886212e+00,1.592006199210293627e+00,-2.030112075564895549e-02,3.580534027210325460e-02,7.110581622233119736e-01,7.019274407228076607e-01,-1.738993562231197776e-01,-1.650867853970675037e-02,-4.228260235310448562e-02,7.798524676712192960e-01,4.313348567657343535e-01,-1.626322601610229179e-02,-5.910306875871058629e-01,-5.053181761614761180e-02,-1.540782317092976306e-01,5.628403259611982623e-01,-3.654815820237358043e-02,-6.994685036564973757e-02,-1.208213004179341660e-01,0.000000000000000000e+00,0.000000000000000000e+00,0.000000000000000000e+00,0.000000000000000000e+00,0.000000000000000000e+00,0.000000000000000000e+00,0.000000000000000000e+00,0.000000000000000000e+00,0.000000000000000000e+00,0.000000000000000000e+00,0.000000000000000000e+00,0.000000000000000000e+00,0.000000000000000000e+00,0.000000000000000000e+00,0.000000000000000000e+00,0.000000000000000000e+00
1.688726607303469018e+00,9.843402941843852005e+00,1.598287309008323609e+00,-1.366026200853750171e-02,3.659171778099603450e-02,6.931752998157267864e-01,7.197099743348515100e-01,-3.047272842986310515e-01,1.228091745763246721e-02,3.321028454088617576e-02,8.624063203865336424e-01,3.311122326667402804e-01,3.770124121332529832e-02,-5.221359165552319492e-01,-2.861562411413195312e-02,-1.091592142451973668e-01,5.415316458062557903e-01,-6.171552870927539403e-02,-6.443682247946062869e-02,-5.145695890947237644e-02,0.000000000000000000e+00,0.000000000000000000e+00,0.000000000000000000e+00,0.000000000000000000e+00,0.000000000000000000e+00,0.000000000000000000e+00,0.000000000000000000e+00,0.000000000000000000e+00,0.000000000000000000e+00,0.000000000000000000e+00,0.000000000000000000e+00,0.000000000000000000e+00,0.000000000000000000e+00,0.000000000000000000e+00,0.000000000000000000e+00,0.000000000000000000e+00
1.693047980664805996e+00,9.878830383422315009e+00,1.603248504636012539e+00,-8.314767300365191738e-03,3.480349820102233982e-02,6.738107424878407858e-01,7.380370346166230666e-01,-4.294444903733797281e-01,2.997575852636349264e-02,6.491883828699664127e-02,8.902944542538551165e-01,2.283286877710506979e-01,6.702125408713437149e-02,-4.486608589406295144e-01,-6.357713222376125406e-03,-6.058059898033406332e-02,5.062891514073265542e-01,-7.455144349322441466e-02,-5.150868488933577766e-02,1.901511643432432161e-02,0.000000000000000000e+00,0.000000000000000000e+00,0.000000000000000000e+00,0.000000000000000000e+00,0.000000000000000000e+00,0.000000000000000000e+00,0.000000000000000000e+00,0.000000000000000000e+00,0.000000000000000000e+00,0.000000000000000000e+00,0.000000000000000000e+00,0.000000000000000000e+00,0.000000000000000000e+00,0.000000000000000000e+00,0.000000000000000000e+00,0.000000000000000000e+00
1.697013647719835205e+00,9.914107072202657633e+00,1.606871511826990950e+00,-4.804390509780809976e-03,3.124988937037288458e-02,6.520639774534768840e-01,7.575044102536445667e-01,-5.344453976235533643e-01,5.367555332006256064e-02,8.400973428687932842e-02,8.527714369968948382e-01,1.287422805924751112e-01,7.428462219482795392e-02,-3.722224267513814522e-01,1.259931811652686973e-02,-1.173874599691156206e-02,4.591337970783330169e-01,-7.963491553133919543e-02,-3.214097047105939770e-02,8.561022098125412039e-02,0.000000000000000000e+00,0.000000000000000000e+00,0.000000000000000000e+00,0.000000000000000000e+00,0.000000000000000000e+00,0.000000000000000000e+00,0.000000000000000000e+00,0.000000000000000000e+00,0.000000000000000000e+00,0.000000000000000000e+00,0.000000000000000000e+00,0.000000000000000000e+00,0.000000000000000000e+00,0.000000000000000000e+00,0.000000000000000000e+00,0.000000000000000000e+00
1.700692849351121305e+00,9.949521937817300099e+00,1.607715258196222408e+00,-6.002879344715845306e-03,2.764536952001617892e-02,6.334753093854894601e-01,7.732455828406872289e-01,-6.129163482667948637e-01,8.533023999476896382e-02,1.014494905385074641e-01,7.626502293283091705e-01,7.084778266432416316e-02,7.261623552737520026e-02,-3.080117890882527742e-01,2.863137986420399850e-02,2.660694779886003947e-02,4.319155518565747642e-01,-9.243312649325649555e-02,-1.356473376809961238e-02,1.376777739229814723e-01,0.000000000000000000e+00,0.000000000000000000e+00,0.000000000000000000e+00,0.000000000000000000e+00,0.000000000000000000e+00,0.000000000000000000e+00,0.000000000000000000e+00,0.000000000000000000e+00,0.000000000000000000e+00,0.000000000000000000e+00,0.000000000000000000e+00,0.000000000000000000e+00,0.000000000000000000e+00,0.000000000000000000e+00,0.000000000000000000e+00,0.000000000000000000e+00
1.704201618046694122e+00,9.985384766449859839e+00,1.606016102486406139e+00,-1.212243772094653317e-02,2.502124087344771361e-02,6.163682746324478101e-01,7.869670476172910822e-01,-6.676997670548963093e-01,1.149133667933337211e-01,1.044197317602122976e-01,6.483038717144141705e-01,3.395621427937138559e-02,5.807226321351689757e-02,-2.523723464067835209e-01,4.450259169322015596e-02,5.623156620767332664e-02,4.129341967240350297e-01,-1.175577092992435846e-01,-1.189891897872554730e-03,1.839225895125414789e-01,0.000000000000000000e+00,0.000000000000000000e+00,0.000000000000000000e+00,0.000000000000000000e+00,0.000000000000000000e+00,0.000000000000000000e+00,0.000000000000000000e+00,0.000000000000000000e+00,0.000000000000000000e+00,0.000000000000000000e+00,0.000000000000000000e+00,0.000000000000000000e+00,0.000000000000000000e+00,0.000000000000000000e+00,0.000000000000000000e+00,0.000000000000000000e+00
1.707497809447406256e+00,1.002162440259112053e+01,1.601840662713876151e+00,-2.079006405161924406e-02,2.528505934914069761e-02,6.040630962925885861e-01,7.962639102130978364e-01,-7.187566464552779255e-01,1.413299548497974345e-01,1.240601673736520250e-01,5.462901083831035454e-01,-3.596245251310248303e-04,3.622429188522349047e-02,-2.029853301093266227e-01,5.230193372303837407e-02,7.485131689584831327e-02,3.930194112410056451e-01,-1.419709208643032683e-01,8.436136955254183376e-03,2.168065307688543109e-01,0.000000000000000000e+00,0.000000000000000000e+00,0.000000000000000000e+00,0.000000000000000000e+00,0.000000000000000000e+00,0.000000000000000000e+00,0.000000000000000000e+00,0.000000000000000000e+00,0.000000000000000000e+00,0.000000000000000000e+00,0.000000000000000000e+00,0.000000000000000000e+00,0.000000000000000000e+00,0.000000000000000000e+00,0.000000000000000000e+00,0.000000000000000000e+00
1.710761433563188438e+00,1.005756891956808730e+01,1.596479615567294008e+00,-2.565260234861888033e-02,2.779101251264045822e-02,5.955024313706188677e-01,8.024627454579738028e-01,-7.611772349601102494e-01,1.549924683064732023e-01,1.433978120047191551e-01,4.088018840527144482e-01,-2.351435429888112244e-02,5.430156318392608504e-03,-1.584833106188359708e-01,5.190562712176414323e-02,8.253247255666487647e-02,3.858245302179114655e-01,-1.736820539594115531e-01,1.481185041797700511e-02,2.348884852977888571e-01,0.000000000000000000e+00,0.000000000000000000e+00,0.000000000000000000e+00,0.000000000000000000e+00,0.000000000000000000e+00,0.000000000000000000e+00,0.000000000000000000e+00,0.000000000000000000e+00,0.000000000000000000e+00,0.000000000000000000e+00,0.000000000000000000e+00,0.000000000000000000e+00,0.000000000000000000e+00,0.000000000000000000e+00,0.000000000000000000e+00,0.000000000000000000e+00
1.713832597387316969e+00,1.009340694221254608e+01,1.588527613181743181e+00,-2.960182974675713494e-02,3.114626782515759681e-02,5.906603885235190976e-01,8.057753701283346670e-01,-7.921699495210068331e-01,1.499612885290499409e-01,1.579907931649106589e-01,3.019207921355177016e-01,-3.118761247806945205e-02,-8.972099972547163335e-03,-1.209165079095744499e-01,4.722118915414291740e-02,8.458514770494421353e-02,3.815656883484476736e-01,-1.937017601927234212e-01,1.948715792939628363e-02,2.430064075552702263e-01,0.000000000000000000e+00,0.000000000000000000e+00,0.000000000000000000e+00,0.000000000000000000e+00,0.000000000000000000e+00,0.000000000000000000e+00,0.000000000000000000e+00,0.000000000000000000e+00,0.000000000000000000e+00,0.000000000000000000e+00,0.000000000000000000e+00,0.000000000000000000e+00,0.000000000000000000e+00,0.000000000000000000e+00,0.000000000000000000e+00,0.000000000000000000e+00
1.716784228004574198e+00,1.013020703190407623e+01,1.579235725754107644e+00,-3.559175691560824417e-02,3.151160672613044500e-02,5.841538319082274500e-01,8.102496813625623684e-01,-8.134005106716531985e-01,1.506441346924916047e-01,1.631048087004836056e-01,2.378523449729348649e-01,-2.955937247516923772e-02,-1.287497819953831515e-02,-8.509242085084045559e-02,4.880328005493030086e-02,9.656896440025461437e-02,3.899455026917634792e-01,-2.237405788068916879e-01,2.240832893793619912e-02,2.560837093165406753e-01,0.000000000000000000e+00,0.000000000000000000e+00,0.000000000000000000e+00,0.000000000000000000e+00,0.000000000000000000e+00,0.000000000000000000e+00,0.000000000000000000e+00,0.000000000000000000e+00,0.000000000000000000e+00,0.000000000000000000e+00,0.000000000000000000e+00,0.000000000000000000e+00,0.000000000000000000e+00,0.000000000000000000e+00,0.000000000000000000e+00,0.000000000000000000e+00
1.719748477609188253e+00,1.016865733968717045e+01,1.567923431964838077e+00,-4.031135859739497229e-02,2.567222044255423885e-02,5.729236253917431299e-01,8.182141840212525663e-01,-8.210662147437293168e-01,1.659181296772987146e-01,1.772580684739042400e-01,2.478907013370905132e-01,-1.427123416682172727e-02,-1.111073369735768833e-02,-3.585144400812381033e-02,5.366790212974673069e-02,1.248927865927659392e-01,4.030729534258800650e-01,-2.282156321620109063e-01,3.265464677035266605e-02,2.848664420688594157e-01,0.000000000000000000e+00,0.000000000000000000e+00,0.000000000000000000e+00,0.000000000000000000e+00,0.000000000000000000e+00,0.000000000000000000e+00,0.000000000000000000e+00,0.000000000000000000e+00,0.000000000000000000e+00,0.000000000000000000e+00,0.000000000000000000e+00,0.000000000000000000e+00,0.000000000000000000e+00,0.000000000000000000e+00,0.000000000000000000e+00,0.000000000000000000e+00
1.723061396465931150e+00,1.020786373435472072e+01,1.556051053594940781e+00,-3.983479286796057922e-02,2.069205613362733870e-02,5.587429058296656814e-01,8.281252280151552014e-01,-8.174711239795726669e-01,1.796164024592818986e-01,1.905183011105437696e-01,3.123752577036781886e-01,9.456581861947054024e-03,2.960939032666455584e-03,1.193163168664848617e-02,4.395451620667994302e-02,1.688160005203654390e-01,4.226900812970662002e-01,-1.822497353490126759e-01,5.487019736596233238e-02,3.234878413536133590e-01,0.000000000000000000e+00,0.000000000000000000e+00,0.000000000000000000e+00,0.000000000000000000e+00,0.000000000000000000e+00,0.000000000000000000e+00,0.000000000000000000e+00,0.000000000000000000e+00,0.000000000000000000e+00,0.000000000000000000e+00,0.000000000000000000e+00,0.000000000000000000e+00,0.000000000000000000e+00,0.000000000000000000e+00,0.000000000000000000e+00,0.000000000000000000e+00
1.726655632282202424e+00,1.024699789735821831e+01,1.545440626015933905e+00,-3.873276712775482883e-02,2.654582770874305137e-02,5.480267336477646634e-01,8.351417789748329934e-01,-8.074706605178136876e-01,1.704304910813633778e-01,2.140531478498503004e-01,3.821353060422608139e-01,3.167630582172091536e-02,3.079021089566832264e-02,5.185738855321050944e-02,1.232107636922987262e-02,2.080997027916845210e-01,4.239103008154521124e-01,-7.205802139289187169e-02,1.009531467408026628e-01,3.576225904647634124e-01,0.000000000000000000e+00,0.000000000000000000e+00,0.000000000000000000e+00,0.000000000000000000e+00,0.000000000000000000e+00,0.000000000000000000e+00,0.000000000000000000e+00,0.000000000000000000e+00,0.000000000000000000e+00,0.000000000000000000e+00,0.000000000000000000e+00,0.000000000000000000e+00,0.000000000000000000e+00,0.000000000000000000e+00,0.000000000000000000e+00,0.000000000000000000e+00
1.730662639581424633e+00,1.028439833693083116e+01,1.535774398997148182e+00,-3.394682181875965932e-02,4.323558726265615271e-02,5.368554089650363625e-01,8.418815636106079525e-01,-8.014100552852276849e-01,1.472091299138034159e-01,2.475267788014831050e-01,4.513814886919894076e-01,4.852673967686633311e-02,6.746138126242520738e-02,7.991225442273942881e-02,-6.044211925457512735e-02,2.080960652538826616e-01,4.054771758362982204e-01,1.363835552845073795e-01,1.596774148605931420e-01,3.874109132710150671e-01,0.000000000000000000e+00,0.000000000000000000e+00,0.000000000000000000e+00,0.000000000000000000e+00,0.000000000000000000e+00,0.000000000000000000e+00,0.000000000000000000e+00,0.000000000000000000e+00,0.000000000000000000e+00,0.000000000000000000e+00,0.000000000000000000e+00,0.000000000000000000e+00,0.000000000000000000e+00,0.000000000000000000e+00,0.000000000000000000e+00,0.000000000000000000e+00
1.735111181904259725e+00,1.032106636971662716e+01,1.530201216115227858e+00,-2.938326157557163976e-02,6.089976265283273543e-02,5.358808319083152583e-01,8.415815925038175882e-01,-7.980447797908405416e-01,1.100133562291443212e-01,2.742120398423284477e-01,5.132590376165349078e-01,4.531449670934725033e-02,1.139530289127571039e-01,7.509966600579699725e-02,-1.227870827043969632e-01,1.762251097992509619e-01,4.395096528778592582e-01,3.442748556962320072e-01,1.988782386455391904e-01,3.993163298235962722e-01,0.000000000000000000e+00,0.000000000000000000e+00,0.000000000000000000e+00,0.000000000000000000e+00,0.000000000000000000e+00,0.000000000000000000e+00,0.000000000000000000e+00,0.000000000000000000e+00,0.000000000000000000e+00,0.000000000000000000e+00,0.000000000000000000e+00,0.000000000000000000e+00,0.000000000000000000e+00,0.000000000000000000e+00,0.000000000000000000e+00,0.000000000000000000e+00
1.739459521711187229e+00,1.035948784927878741e+01,1.531531377477127309e+00,-2.445492177100445572e-02,6.919799007933076507e-02,5.464512426338471451e-01,8.342689221073016359e-01,-7.765746384787188816e-01,6.276244836026842466e-02,2.711028160886890803e-01,5.474728411129916594e-01,1.573480047081637911e-02,1.499362804459019038e-01,4.366867151464534635e-02,-1.521848242562874876e-01,1.333767598144744160e-01,5.254902505211216379e-01,4.942773653469672568e-01,2.074628274074295786e-01,3.810012967340519752e-01,0.000000000000000000e+00,0.000000000000000000e+00,0.000000000000000000e+00,0.000000000000000000e+00,0.000000000000000000e+00,0.000000000000000000e+00,0.000000000000000000e+00,0.000000000000000000e+00,0.000000000000000000e+00,0.000000000000000000e+00,0.000000000000000000e+00,0.000000000000000000e+00,0.000000000000000000e+00,0.000000000000000000e+00,0.000000000000000000e+00,0.000000000000000000e+00
1.743563077381851567e+00,1.040035329467762182e+01,1.536216330794420992e+00,-1.550778191144800214e-02,7.118396747404065472e-02,5.679327645111978962e-01,8.198443306320472024e-01,-7.359520704652930956e-01,3.944080093164031159e-03,2.454140044515819574e-01,5.726230518559256577e-01,-3.922341365796258583e-02,1.809229799350446644e-01,-3.148721477307300787e-02,-1.759934010235088830e-01,5.790256731010105795e-02,6.934230822832208041e-01,4.964894551638119324e-01,1.622287885527181339e-01,3.271594264329367174e-01,0.000000000000000000e+00,0.000000000000000000e+00,0.000000000000000000e+00,0.000000000000000000e+00,0.000000000000000000e+00,0.000000000000000000e+00,0.000000000000000000e+00,0.000000000000000000e+00,0.000000000000000000e+00,0.000000000000000000e+00,0.000000000000000000e+00,0.000000000000000000e+00,0.000000000000000000e+00,0.000000000000000000e+00,0.000000000000000000e+00,0.000000000000000000e+00
1.745802437821434072e+00,1.044085591688969572e+01,1.547195885848108077e+00,-1.536633980002638511e-02,6.693059753244480492e-02,5.875250373251346137e-01,8.062868603860531280e-01,-6.815326804288603935e-01,-2.798829939132791572e-02,2.122852346459575823e-01,5.687937761336017140e-01,-9.610348790229852889e-02,1.999733090274183056e-01,-1.253740484567636981e-01,-1.803591259802221347e-01,-1.150678344541381654e-02,7.854483767014283080e-01,4.876426078618864568e-01,1.010157344826356773e-01,2.670003761950651699e-01,0.000000000000000000e+00,0.000000000000000000e+00,0.000000000000000000e+00,0.000000000000000000e+00,0.000000000000000000e+00,0.000000000000000000e+00,0.000000000000000000e+00,0.000000000000000000e+00,0.000000000000000000e+00,0.000000000000000000e+00,0.000000000000000000e+00,0.000000000000000000e+00,0.000000000000000000e+00,0.000000000000000000e+00,0.000000000000000000e+00,0.000000000000000000e+00
1.747959818397454512e+00,1.047985574844564738e+01,1.553926386212717503e+00,-2.119323229565373869e-03,6.029419031355211928e-02,6.064404406032930517e-01,7.928367493276058386e-01,-6.057855461777563733e-01,-7.290033267958204166e-02,1.856722308359023133e-01,5.598782342334410744e-01,-1.425965082912143966e-01,2.189513279489649633e-01,-2.432228381287656893e-01,-2.161292355474503379e-01,-9.198112112073267288e-02,9.113057112500227985e-01,3.994982074542136607e-01,4.202390833784181573e-02,2.016347197063546037e-01,0.000000000000000000e+00,0.000000000000000000e+00,0.000000000000000000e+00,0.000000000000000000e+00,0.000000000000000000e+00,0.000000000000000000e+00,0.000000000000000000e+00,0.000000000000000000e+00,0.000000000000000000e+00,0.000000000000000000e+00,0.000000000000000000e+00,0.000000000000000000e+00,0.000000000000000000e+00,0.000000000000000000e+00,0.000000000000000000e+00,0.000000000000000000e+00
1.749585965709995472e+00,1.051753371623354560e+01,1.558110745063266300e+00,9.641973184646929554e-03,5.288701134682037563e-02,6.241002308864855852e-01,7.794927184979617563e-01,-5.301253105770881158e-01,-1.088862973021776231e-01,1.608300119910446302e-01,5.502809512823723104e-01,-1.830043027555032786e-01,2.288022816911999546e-01,-3.504372040415886236e-01,-2.554350464438540080e-01,-1.648784423828462686e-01,9.788339603947642242e-01,3.082451118294308734e-01,5.615505579872302755e-03,1.380043186585216131e-01,0.000000000000000000e+00,0.000000000000000000e+00,0.000000000000000000e+00,0.000000000000000000e+00,0.000000000000000000e+00,0.000000000000000000e+00,0.000000000000000000e+00,0.000000000000000000e+00,0.000000000000000000e+00,0.000000000000000000e+00,0.000000000000000000e+00,0.000000000000000000e+00,0.000000000000000000e+00,0.000000000000000000e+00,0.000000000000000000e+00,0.000000000000000000e+00
1.751019191851683088e+00,1.055414681045357206e+01,1.561443753390352018e+00,1.987184342313880886e-02,4.490244725571760492e-02,6.456853811657413678e-01,7.620231417865627188e-01,-4.522905038220497165e-01,-1.447885143371046013e-01,1.153661204528006468e-01,5.315303499848916813e-01,-2.093352048372636443e-01,2.225051922566763651e-01,-4.490924769695664454e-01,-2.787405306193710963e-01,-2.079326661004212984e-01,9.949692876492022275e-01,2.344214323897152452e-01,-1.173782158501709971e-03,6.931767822019234415e-02,0.000000000000000000e+00,0.000000000000000000e+00,0.000000000000000000e+00,0.000000000000000000e+00,0.000000000000000000e+00,0.000000000000000000e+00,0.000000000000000000e+00,0.000000000000000000e+00,0.000000000000000000e+00,0.000000000000000000e+00,0.000000000000000000e+00,0.000000000000000000e+00,0.000000000000000000e+00,0.000000000000000000e+00,0.000000000000000000e+00,0.000000000000000000e+00
1.751839722666896026e+00,1.059056801934191405e+01,1.563254951544208238e+00,2.830878503844266869e-02,3.953999619622115824e-02,6.657211320716983627e-01,7.446143805377555269e-01,-3.739161077316754400e-01,-1.790690477828182359e-01,6.372847449240295892e-02,5.055220843746762727e-01,-2.340182920913823628e-01,2.111817974615370908e-01,-5.247773130430440913e-01,-3.022595269662644579e-01,-2.417213647521072317e-01,9.506160658474978042e-01,1.905698574423159708e-01,7.091191622309631071e-03,6.117653357890597172e-03,0.000000000000000000e+00,0.000000000000000000e+00,0.000000000000000000e+00,0.000000000000000000e+00,0.000000000000000000e+00,0.000000000000000000e+00,0.000000000000000000e+00,0.000000000000000000e+00,0.000000000000000000e+00,0.000000000000000000e+00,0.000000000000000000e+00,0.000000000000000000e+00,0.000000000000000000e+00,0.000000000000000000e+00,0.000000000000000000e+00,0.000000000000000000e+00
1.752550433419242104e+00,1.062682535430577957e+01,1.562715205746576963e+00,3.514966809450448260e-02,3.698329828661164886e-02,6.847661363423741543e-01,7.269746040952363986e-01,-3.011235573040619840e-01,-2.075913919728982204e-01,1.578864537007013125e-02,4.819495026585338127e-01,-2.580744968042926191e-01,1.942409428237593660e-01,-5.813248264318733316e-01,-3.264433722284006967e-01,-2.720978118646815158e-01,8.696618498523821517e-01,1.567615266297839871e-01,2.199565580578045909e-02,-5.172121573850931020e-02,0.000000000000000000e+00,0.000000000000000000e+00,0.000000000000000000e+00,0.000000000000000000e+00,0.000000000000000000e+00,0.000000000000000000e+00,0.000000000000000000e+00,0.000000000000000000e+00,0.000000000000000000e+00,0.000000000000000000e+00,0.000000000000000000e+00,0.000000000000000000e+00,0.000000000000000000e+00,0.000000000000000000e+00,0.000000000000000000e+00,0.000000000000000000e+00
1.753620113739593256e+00,1.066305404045947292e+01,1.559847770008409462e+00,4.245025631829094093e-02,3.592949153123049105e-02,7.010583722650619576e-01,7.109319278622108218e-01,-2.294539713960905558e-01,-2.324203763440658155e-01,-3.182033052180782695e-02,4.592423318556824730e-01,-2.766943579488722604e-01,1.742282300751148982e-01,-6.211869111323193859e-01,-3.406468169315239880e-01,-2.894229096601916851e-01,7.587473411513236954e-01,1.275613128090849480e-01,4.828858737676115787e-02,-1.012515037468170592e-01,0.000000000000000000e+00,0.000000000000000000e+00,0.000000000000000000e+00,0.000000000000000000e+00,0.000000000000000000e+00,0.000000000000000000e+00,0.000000000000000000e+00,0.000000000000000000e+00,0.000000000000000000e+00,0.000000000000000000e+00,0.000000000000000000e+00,0.000000000000000000e+00,0.000000000000000000e+00,0.000000000000000000e+00,0.000000000000000000e+00,0.000000000000000000e+00
1.755118929467633260e+00,1.069953762825811161e+01,1.555205748222944884e+00,5.020491256513857914e-02,3.426257222815816406e-02,7.138113813038101663e-01,6.976953882746986801e-01,-1.581376600542832578e-01,-2.526387434397286968e-01,-8.091148680704780827e-02,4.400379487856863059e-01,-2.910233326137403043e-01,1.561324374832990802e-01,-6.565922466176367100e-01,-3.428426503838875594e-01,-2.934527917615127324e-01,6.236104700484204066e-01,1.046790603997933555e-01,9.065522545222720607e-02,-1.447615892723277675e-01,0.000000000000000000e+00,0.000000000000000000e+00,0.000000000000000000e+00,0.000000000000000000e+00,0.000000000000000000e+00,0.000000000000000000e+00,0.000000000000000000e+00,0.000000000000000000e+00,0.000000000000000000e+00,0.000000000000000000e+00,0.000000000000000000e+00,0.000000000000000000e+00,0.000000000000000000e+00,0.000000000000000000e+00,0.000000000000000000e+00,0.000000000000000000e+00
1.757285654495540861e+00,1.073620223680078212e+01,1.548857608100458139e+00,5.648697511010875028e-02,3.429365077570747933e-02,7.250285705507033551e-01,6.855412015660229397e-01,-9.668526583051476053e-02,-2.697333038698984664e-01,-1.328959777821511756e-01,4.315670557438388011e-01,-3.174479708131782152e-01,1.405333534512057392e-01,-6.944502035993564970e-01,-3.361298383229807119e-01,-2.723510006696621133e-01,4.848190055151992417e-01,7.791579942893617217e-02,1.421269520675290665e-01,-1.805311349532357501e-01,0.000000000000000000e+00,0.000000000000000000e+00,0.000000000000000000e+00,0.000000000000000000e+00,0.000000000000000000e+00,0.000000000000000000e+00,0.000000000000000000e+00,0.000000000000000000e+00,0.000000000000000000e+00,0.000000000000000000e+00,0.000000000000000000e+00,0.000000000000000000e+00,0.000000000000000000e+00,0.000000000000000000e+00,0.000000000000000000e+00,0.000000000000000000e+00
1.760268214455722013e+00,1.077284394671530876e+01,1.541452251086295355e+00,6.062173689443876856e-02,3.724569261123936853e-02,7.315977065317915695e-01,6.780136865840040716e-01,-3.693922261568207549e-02,-2.828157600169891039e-01,-1.838642136481191958e-01,4.131032213308952206e-01,-3.469278762506166625e-01,1.275663478508116400e-01,-7.329915759396137265e-01,-3.252665305508309901e-01,-2.410600834459632469e-01,3.722275107383934967e-01,4.785823704422768887e-02,1.882996665797957436e-01,-2.048937400410995313e-01,0.000000000000000000e+00,0.000000000000000000e+00,0.000000000000000000e+00,0.000000000000000000e+00,0.000000000000000000e+00,0.000000000000000000e+00,0.000000000000000000e+00,0.000000000000000000e+00,0.000000000000000000e+00,0.000000000000000000e+00,0.000000000000000000e+00,0.000000000000000000e+00,0.000000000000000000e+00,0.000000000000000000e+00,0.000000000000000000e+00,0.000000000000000000e+00
1.764149110891767513e+00,1.081008941910073240e+01,1.532414176173046316e+00,5.833728016498639091e-02,4.407324709364431048e-02,7.338544327938929523e-01,6.753606311462987399e-01,3.468230751873385698e-05,-2.897536177919835532e-01,-2.238976604298448803e-01,4.163572365411101206e-01,-3.768314934153900730e-01,1.170350761510109000e-01,-7.667260403728132223e-01,-3.080251863174452431e-01,-2.175516151921507157e-01,2.831879048926965736e-01,3.303058591936972044e-02,2.216332101976404845e-01,-2.140986237540647985e-01,0.000000000000000000e+00,0.000000000000000000e+00,0.000000000000000000e+00,0.000000000000000000e+00,0.000000000000000000e+00,0.000000000000000000e+00,0.000000000000000000e+00,0.000000000000000000e+00,0.000000000000000000e+00,0.000000000000000000e+00,0.000000000000000000e+00,0.000000000000000000e+00,0.000000000000000000e+00,0.000000000000000000e+00,0.000000000000000000e+00,0.000000000000000000e+00
1.768920737130429854e+00,1.084903496668078304e+01,1.521493125598740503e+00,5.464990983805464303e-02,5.062283450550605912e-02,7.363984520638759967e-01,6.724344100202238605e-01,3.843885964886287199e-02,-2.880996636951736467e-01,-2.575433227762905508e-01,4.244474785070112000e-01,-3.812972399926270461e-01,1.015824770354677303e-01,-7.840728421086443634e-01,-2.951238934740777475e-01,-1.930286709660087585e-01,2.529125152316584191e-01,3.613289912695458184e-02,2.305669285740515884e-01,-2.288031900385988360e-01,0.000000000000000000e+00,0.000000000000000000e+00,0.000000000000000000e+00,0.000000000000000000e+00,0.000000000000000000e+00,0.000000000000000000e+00,0.000000000000000000e+00,0.000000000000000000e+00,0.000000000000000000e+00,0.000000000000000000e+00,0.000000000000000000e+00,0.000000000000000000e+00,0.000000000000000000e+00,0.000000000000000000e+00,0.000000000000000000e+00,0.000000000000000000e+00
1.774177385514310368e+00,1.088890954912131548e+01,1.515097603559157236e+00,4.666665240926869129e-02,5.322876669969331398e-02,7.407005394579887492e-01,6.680955266989783148e-01,8.192605278894582455e-02,-2.627866194211892492e-01,-2.748640936934018675e-01,4.223411471336592782e-01,-3.324461547297711261e-01,7.133621457263729371e-02,-7.821815077512116465e-01,-2.823238813528630153e-01,-1.950908637125355338e-01,2.695922418542638921e-01,4.375719890649384936e-02,2.178787316730620427e-01,-2.455988714569893872e-01,0.000000000000000000e+00,0.000000000000000000e+00,0.000000000000000000e+00,0.000000000000000000e+00,0.000000000000000000e+00,0.000000000000000000e+00,0.000000000000000000e+00,0.000000000000000000e+00,0.000000000000000000e+00,0.000000000000000000e+00,0.000000000000000000e+00,0.000000000000000000e+00,0.000000000000000000e+00,0.000000000000000000e+00,0.000000000000000000e+00,0.000000000000000000e+00
1.779719512954314631e+00,1.092884987365893323e+01,1.508306456043779553e+00,3.797042509080077177e-02,5.253477864645875184e-02,7.485544586130457034e-01,6.598973907673226780e-01,1.258313662955202750e-01,-2.313663528675427294e-01,-2.967507197801086960e-01,4.270554671084526022e-01,-2.523555080182204868e-01,3.575575062406802229e-02,-7.616042602552522967e-01,-2.739444999720150875e-01,-2.050360136707465308e-01,3.103597273165703552e-01,6.777376514688658593e-02,1.911762835143475114e-01,-2.685878635709771367e-01,0.000000000000000000e+00,0.000000000000000000e+00,0.000000000000000000e+00,0.000000000000000000e+00,0.000000000000000000e+00,0.000000000000000000e+00,0.000000000000000000e+00,0.000000000000000000e+00,0.000000000000000000e+00,0.000000000000000000e+00,0.000000000000000000e+00,0.000000000000000000e+00,0.000000000000000000e+00,0.000000000000000000e+00,0.000000000000000000e+00,0.000000000000000000e+00
1.785327376048201575e+00,1.096721924678894844e+01,1.502397042114538284e+00,2.159383983121523215e-02,4.729865331030867759e-02,7.550901432963458282e-01,6.535559799841772488e-01,1.529990489381437557e-01,-1.853792107113836074e-01,-3.217822131416405163e-01,4.307832110897006350e-01,-1.183284551436750709e-01,-1.224526123440319858e-02,-7.449733505084418228e-01,-2.506813464170899453e-01,-2.316545522442241545e-01,3.614707953542181662e-01,8.175293249027533460e-02,1.475325558947457871e-01,-2.877241224990716995e-01,0.000000000000000000e+00,0.000000000000000000e+00,0.000000000000000000e+00,0.000000000000000000e+00,0.000000000000000000e+00,0.000000000000000000e+00,0.000000000000000000e+00,0.000000000000000000e+00,0.000000000000000000e+00,0.000000000000000000e+00,0.000000000000000000e+00,0.000000000000000000e+00,0.000000000000000000e+00,0.000000000000000000e+00,0.000000000000000000e+00,0.000000000000000000e+00
1.790783246542454243e+00,1.100388300053766422e+01,1.497281295651216038e+00,-1.560912194276800613e-03,3.974822820830581360e-02,7.599653288664512951e-01,6.487452048596027421e-01,1.621755607958040579e-01,-1.246480320558544103e-01,-3.414658604510212303e-01,4.329128465107538459e-01,7.806906313724738811e-02,-7.309414935188937590e-02,-7.392252521939197685e-01,-2.172581747538308294e-01,-2.724545964903490325e-01,4.252078863652006824e-01,8.620509848716161050e-02,8.919669159678554615e-02,-3.024206359522823018e-01,0.000000000000000000e+00,0.000000000000000000e+00,0.000000000000000000e+00,0.000000000000000000e+00,0.000000000000000000e+00,0.000000000000000000e+00,0.000000000000000000e+00,0.000000000000000000e+00,0.000000000000000000e+00,0.000000000000000000e+00,0.000000000000000000e+00,0.000000000000000000e+00,0.000000000000000000e+00,0.000000000000000000e+00,0.000000000000000000e+00,0.000000000000000000e+00
1.795983396474048144e+00,1.103926971165584980e+01,1.494629499565070185e+00,-2.391582588153409739e-02,3.236073313866456858e-02,7.597948756621137889e-01,6.489164531283860837e-01,1.546604173037252061e-01,-6.300536111945019557e-02,-3.405056399428076919e-01,4.516500723364137437e-01,2.963158360270522484e-01,-1.328968362726046792e-01,-7.364988702011732169e-01,-1.790979048757986580e-01,-3.077882772048083915e-01,4.914414302392224876e-01,7.217781715533713727e-02,2.472000759883570542e-02,-2.984993728450123229e-01,0.000000000000000000e+00,0.000000000000000000e+00,0.000000000000000000e+00,0.000000000000000000e+00,0.000000000000000000e+00,0.000000000000000000e+00,0.000000000000000000e+00,0.000000000000000000e+00,0.000000000000000000e+00,0.000000000000000000e+00,0.000000000000000000e+00,0.000000000000000000e+00,0.000000000000000000e+00,0.000000000000000000e+00,0.000000000000000000e+00,0.000000000000000000e+00
1.800833772586026837e+00,1.107568855267136776e+01,1.497396507725094361e+00,-3.620119538560492845e-02,2.889967219990995442e-02,7.521419745920169264e-01,6.573710766806004635e-01,1.134455330190527050e-01,-2.989863271390108546e-02,-2.943822444273004879e-01,5.144351310790755694e-01,4.680041294686708153e-01,-1.564180015827618953e-01,-7.236622736693477664e-01,-1.378531299151277978e-01,-2.981754345329372669e-01,5.388620807776497434e-01,4.400112365083427846e-02,-2.789155296777128673e-02,-2.683521201645783782e-01,0.000000000000000000e+00,0.000000000000000000e+00,0.000000000000000000e+00,0.000000000000000000e+00,0.000000000000000000e+00,0.000000000000000000e+00,0.000000000000000000e+00,0.000000000000000000e+00,0.000000000000000000e+00,0.000000000000000000e+00,0.000000000000000000e+00,0.000000000000000000e+00,0.000000000000000000e+00,0.000000000000000000e+00,0.000000000000000000e+00,0.000000000000000000e+00
1.806163473621868132e+00,1.111404739707864486e+01,1.503743973962701208e+00,-3.633027178139912328e-02,2.741672699448454570e-02,7.355137734213125222e-01,6.759792330691386519e-01,2.401039128024783087e-02,-1.700586164943962073e-02,-2.078984848089378557e-01,6.562953848063496354e-01,4.952278238878381478e-01,-1.278205393401218859e-01,-6.816479300861412183e-01,-9.197366812740231934e-02,-2.541649039713663738e-01,5.553387000586511579e-01,1.027960865084143194e-02,-5.674620921785668293e-02,-2.161742994713576893e-01,0.000000000000000000e+00,0.000000000000000000e+00,0.000000000000000000e+00,0.000000000000000000e+00,0.000000000000000000e+00,0.000000000000000000e+00,0.000000000000000000e+00,0.000000000000000000e+00,0.000000000000000000e+00,0.000000000000000000e+00,0.000000000000000000e+00,0.000000000000000000e+00,0.000000000000000000e+00,0.000000000000000000e+00,0.000000000000000000e+00,0.000000000000000000e+00
1.811989918287500112e+00,1.115178546795069892e+01,1.514238578299317073e+00,-2.657570084345377975e-02,3.478577670206916411e-02,7.184098878600195803e-01,6.942412512152141835e-01,-7.733684875266552683e-02,-1.489412801914048040e-02,-1.115295463809198723e-01,7.422017672658804965e-01,4.823339353013230690e-01,-6.804320585006096156e-02,-6.277676870699067102e-01,-7.426863968683006245e-02,-1.936546435957161305e-01,5.493095479929085423e-01,-1.620981540571465873e-02,-6.125270380363757872e-02,-1.600963060974931462e-01,0.000000000000000000e+00,0.000000000000000000e+00,0.000000000000000000e+00,0.000000000000000000e+00,0.000000000000000000e+00,0.000000000000000000e+00,0.000000000000000000e+00,0.000000000000000000e+00,0.000000000000000000e+00,0.000000000000000000e+00,0.000000000000000000e+00,0.000000000000000000e+00,0.000000000000000000e+00,0.000000000000000000e+00,0.000000000000000000e+00,0.000000000000000000e+00
1.817918174589965075e+00,1.118867626462772336e+01,1.522478243562426670e+00,-1.920704018072525929e-02,3.535151800943019812e-02,7.001252819508129166e-01,7.128856495646542779e-01,-2.094926629782137284e-01,4.502803080684682560e-04,-2.224248815219044551e-02,8.576276722363963545e-01,3.901825907020515238e-01,-8.766752034704776431e-03,-5.560257676590277809e-01,-4.834853487468562805e-02,-1.449627734937448675e-01,5.204160703286807577e-01,-4.308497722247352918e-02,-5.780986563121386784e-02,-9.369177928198847705e-02,0.000000000000000000e+00,0.000000000000000000e+00,0.000000000000000000e+00,0.000000000000000000e+00,0.000000000000000000e+00,0.000000000000000000e+00,0.000000000000000000e+00,0.000000000000000000e+00,0.000000000000000000e+00,0.000000000000000000e+00,0.000000000000000000e+00,0.000000000000000000e+00,0.000000000000000000e+00,0.000000000000000000e+00,0.000000000000000000e+00,0.000000000000000000e+00
1.823472026103289956e+00,1.122467729370845113e+01,1.528847442566163561e+00,-1.313857443790437431e-02,3.245210387160717830e-02,6.817571821188690429e-01,7.307402982218684784e-01,-3.342601933380093815e-01,1.993844774541831191e-02,3.937885767158606776e-02,9.144928753898883267e-01,2.842898825903867333e-01,4.084529486448262164e-02,-4.743662340774619235e-01,-2.570969348970602100e-02,-1.012498494137438476e-01,4.748615639090738028e-01,-4.737020964677174373e-02,-4.310819126520180899e-02,-2.306161665535962427e-02,0.000000000000000000e+00,0.000000000000000000e+00,0.000000000000000000e+00,0.000000000000000000e+00,0.000000000000000000e+00,0.000000000000000000e+00,0.000000000000000000e+00,0.000000000000000000e+00,0.000000000000000000e+00,0.000000000000000000e+00,0.000000000000000000e+00,0.000000000000000000e+00,0.000000000000000000e+00,0.000000000000000000e+00,0.000000000000000000e+00,0.000000000000000000e+00
1.828821692022519763e+00,1.126027996677754572e+01,1.533762847505915072e+00,-7.168700260151907033e-03,2.979809071041282162e-02,6.616351862371293580e-01,7.491992818066185444e-01,-4.434797996619568305e-01,3.459379164902277870e-02,7.205368753907967494e-02,9.071135078570671251e-01,1.776367502429379575e-01,7.016698902438774088e-02,-3.957578976623047917e-01,-8.824804695227270179e-03,-6.054654463838566453e-02,4.270147282288313528e-01,-3.841509429935231756e-02,-2.751989079420239653e-02,4.288432026615730114e-02,0.000000000000000000e+00,0.000000000000000000e+00,0.000000000000000000e+00,0.000000000000000000e+00,0.000000000000000000e+00,0.000000000000000000e+00,0.000000000000000000e+00,0.000000000000000000e+00,0.000000000000000000e+00,0.000000000000000000e+00,0.000000000000000000e+00,0.000000000000000000e+00,0.000000000000000000e+00,0.000000000000000000e+00,0.000000000000000000e+00,0.000000000000000000e+00
1.834019331713246270e+00,1.129570951078167518e+01,1.536860555589462995e+00,-2.504571414801695303e-03,2.641503541017928280e-02,6.429711049851908333e-01,7.654306834589463815e-01,-5.283751346027790730e-01,5.430148035898131609e-02,9.837438593946083720e-02,8.207214654431174150e-01,8.160131809469178821e-02,7.758339332575664438e-02,-3.239347928758413153e-01,4.285296148337874172e-03,-3.002993822559071879e-02,3.847559541514596337e-01,-3.630458684548701354e-02,-7.560803399142466096e-03,1.000552700953977608e-01,0.000000000000000000e+00,0.000000000000000000e+00,0.000000000000000000e+00,0.000000000000000000e+00,0.000000000000000000e+00,0.000000000000000000e+00,0.000000000000000000e+00,0.000000000000000000e+00,0.000000000000000000e+00,0.000000000000000000e+00,0.000000000000000000e+00,0.000000000000000000e+00,0.000000000000000000e+00,0.000000000000000000e+00,0.000000000000000000e+00,0.000000000000000000e+00
1.838705420751022279e+00,1.133152062092403334e+01,1.537157881111831159e+00,-8.072252343654755941e-03,2.372091491732247412e-02,6.232999363869476950e-01,7.815813113410611246e-01,-6.019277836833121231e-01,8.110130586108171835e-02,1.217932692537855993e-01,7.071037991144493162e-01,2.773335700003575627e-02,7.248007651493793002e-02,-2.629095120399780328e-01,2.727734527393461950e-02,4.331427785723963864e-03,3.517795600524940003e-01,-5.189589866452633260e-02,1.211866499990829800e-02,1.513675870924130196e-01,0.000000000000000000e+00,0.000000000000000000e+00,0.000000000000000000e+00,0.000000000000000000e+00,0.000000000000000000e+00,0.000000000000000000e+00,0.000000000000000000e+00,0.000000000000000000e+00,0.000000000000000000e+00,0.000000000000000000e+00,0.000000000000000000e+00,0.000000000000000000e+00,0.000000000000000000e+00,0.000000000000000000e+00,0.000000000000000000e+00,0.000000000000000000e+00
1.843282381797725078e+00,1.136760755192710626e+01,1.534653499110796293e+00,-1.910975151319723592e-02,2.255844626562940672e-02,6.056710409763317315e-01,7.951657211058783536e-01,-6.551334051011081794e-01,1.149152092066432901e-01,1.396827858773434794e-01,5.868438099410375752e-01,-4.528818060433807691e-03,4.745754736892622561e-02,-2.089597570522240266e-01,5.034057945047987204e-02,3.235562625978136153e-02,3.187111450443277372e-01,-7.991364037036731427e-02,2.035665488853012975e-02,1.931849755252889878e-01,0.000000000000000000e+00,0.000000000000000000e+00,0.000000000000000000e+00,0.000000000000000000e+00,0.000000000000000000e+00,0.000000000000000000e+00,0.000000000000000000e+00,0.000000000000000000e+00,0.000000000000000000e+00,0.000000000000000000e+00,0.000000000000000000e+00,0.000000000000000000e+00,0.000000000000000000e+00,0.000000000000000000e+00,0.000000000000000000e+00,0.000000000000000000e+00
1.847706827363418958e+00,1.140327622932522722e+01,1.529758270483524862e+00,-2.709788666561473852e-02,2.243258481742118476e-02,5.959314117084054674e-01,8.022644428216259005e-01,-7.067065174210869216e-01,1.338935022613595704e-01,1.612027076621114774e-01,4.698990010956577978e-01,-4.935409453825118087e-02,2.251739330562728750e-02,-1.612594035651004343e-01,6.358693761817145462e-02,4.947819630868743185e-02,2.982622408130383707e-01,-1.138099542907459877e-01,2.259272656130127330e-02,2.130996489440110664e-01,0.000000000000000000e+00,0.000000000000000000e+00,0.000000000000000000e+00,0.000000000000000000e+00,0.000000000000000000e+00,0.000000000000000000e+00,0.000000000000000000e+00,0.000000000000000000e+00,0.000000000000000000e+00,0.000000000000000000e+00,0.000000000000000000e+00,0.000000000000000000e+00,0.000000000000000000e+00,0.000000000000000000e+00,0.000000000000000000e+00,0.000000000000000000e+00
1.852323886857983659e+00,1.143866540738433280e+01,1.522902022187161419e+00,-3.515961684648669094e-02,2.533465117025983718e-02,5.904185096452370107e-01,8.059329626349742703e-01,-7.544229236911089709e-01,1.403079810277924055e-01,1.686571567769598046e-01,3.602380363942811470e-01,-7.470532698696830121e-02,1.054546909294632167e-03,-1.241640333258488549e-01,7.252791017797047268e-02,6.300492862695100671e-02,2.939753942843021939e-01,-1.638008528920851248e-01,2.063381138711675028e-02,2.250903123090469415e-01,0.000000000000000000e+00,0.000000000000000000e+00,0.000000000000000000e+00,0.000000000000000000e+00,0.000000000000000000e+00,0.000000000000000000e+00,0.000000000000000000e+00,0.000000000000000000e+00,0.000000000000000000e+00,0.000000000000000000e+00,0.000000000000000000e+00,0.000000000000000000e+00,0.000000000000000000e+00,0.000000000000000000e+00,0.000000000000000000e+00,0.000000000000000000e+00
1.856961050450721018e+00,1.147436225379392916e+01,1.513076658480954295e+00,-4.263346444788179701e-02,2.786036037207426791e-02,5.848730334520293450e-01,8.095243805900664835e-01,-7.815905620163878798e-01,1.426098026025914289e-01,1.775631326823094991e-01,2.551135616015033913e-01,-6.844561457901542079e-02,-1.628635382276277105e-02,-8.742930532769385699e-02,8.193849972943491322e-02,6.974954664302729368e-02,2.996884811735383569e-01,-2.080251182186786951e-01,1.728545831924233750e-02,2.363443229121288125e-01,0.000000000000000000e+00,0.000000000000000000e+00,0.000000000000000000e+00,0.000000000000000000e+00,0.000000000000000000e+00,0.000000000000000000e+00,0.000000000000000000e+00,0.000000000000000000e+00,0.000000000000000000e+00,0.000000000000000000e+00,0.000000000000000000e+00,0.000000000000000000e+00,0.000000000000000000e+00,0.000000000000000000e+00,0.000000000000000000e+00,0.000000000000000000e+00
1.861535260121915725e+00,1.151079599551603039e+01,1.500539433214896468e+00,-4.573336557113976547e-02,2.766234340432290051e-02,5.783884831468883991e-01,8.140086096559173701e-01,-7.919818061701568990e-01,1.371187176916408290e-01,1.823032431119598618e-01,2.101328955029219125e-01,-5.887733554363882432e-02,-1.337957306611020809e-02,-4.914662798201154675e-02,8.350765029982044896e-02,8.770158477520824392e-02,3.239776064686554768e-01,-2.286334521292614497e-01,2.221764823036145864e-02,2.544696468630225916e-01,0.000000000000000000e+00,0.000000000000000000e+00,0.000000000000000000e+00,0.000000000000000000e+00,0.000000000000000000e+00,0.000000000000000000e+00,0.000000000000000000e+00,0.000000000000000000e+00,0.000000000000000000e+00,0.000000000000000000e+00,0.000000000000000000e+00,0.000000000000000000e+00,0.000000000000000000e+00,0.000000000000000000e+00,0.000000000000000000e+00,0.000000000000000000e+00
1.866249506893527421e+00,1.154849125006722410e+01,1.487253522445874054e+00,-4.662437096534065295e-02,2.243666524050708794e-02,5.685126102128806869e-01,8.210457819841164850e-01,-8.022269967344793917e-01,1.512770400600336462e-01,1.975407269481353478e-01,2.692065047796513566e-01,-5.804460017501850838e-02,2.890925787306641240e-03,-2.558728902204480959e-03,8.249232214686431919e-02,1.110456468304523853e-01,3.519341729573882138e-01,-2.260303226156571699e-01,3.363301060014665250e-02,2.815706635517469247e-01,0.000000000000000000e+00,0.000000000000000000e+00,0.000000000000000000e+00,0.000000000000000000e+00,0.000000000000000000e+00,0.000000000000000000e+00,0.000000000000000000e+00,0.000000000000000000e+00,0.000000000000000000e+00,0.000000000000000000e+00,0.000000000000000000e+00,0.000000000000000000e+00,0.000000000000000000e+00,0.000000000000000000e+00,0.000000000000000000e+00,0.000000000000000000e+00
1.871179047164154507e+00,1.158683170292690079e+01,1.474967094581755900e+00,-4.461711441213348645e-02,2.133657146305803845e-02,5.575114480196541322e-01,8.286947864846052614e-01,-8.022389027321851218e-01,1.586573019486742508e-01,2.120889886433687810e-01,3.564406348308303274e-01,-4.306340258067672955e-02,2.941381677271591444e-02,3.977181874311475768e-02,6.667884488303416068e-02,1.474829216864883552e-01,3.829352915925334777e-01,-1.777839609118171682e-01,5.983560183104411762e-02,3.142932142719461197e-01,0.000000000000000000e+00,0.000000000000000000e+00,0.000000000000000000e+00,0.000000000000000000e+00,0.000000000000000000e+00,0.000000000000000000e+00,0.000000000000000000e+00,0.000000000000000000e+00,0.000000000000000000e+00,0.000000000000000000e+00,0.000000000000000000e+00,0.000000000000000000e+00,0.000000000000000000e+00,0.000000000000000000e+00,0.000000000000000000e+00,0.000000000000000000e+00
1.875908695507449986e+00,1.162402976091832585e+01,1.464659301330782704e+00,-3.750823364015962169e-02,2.806106592692497737e-02,5.472384090542434798e-01,8.356649045185642333e-01,-7.945350274810037972e-01,1.439008853723804382e-01,2.348015506512911021e-01,4.384036677876761434e-01,-2.658005260468716824e-02,6.380496290727830089e-02,7.060779320296074746e-02,2.046820370087678101e-02,1.764430539184392299e-01,4.004687059463372667e-01,-5.051582941356642237e-02,1.089109414243090435e-01,3.441680232463583677e-01,0.000000000000000000e+00,0.000000000000000000e+00,0.000000000000000000e+00,0.000000000000000000e+00,0.000000000000000000e+00,0.000000000000000000e+00,0.000000000000000000e+00,0.000000000000000000e+00,0.000000000000000000e+00,0.000000000000000000e+00,0.000000000000000000e+00,0.000000000000000000e+00,0.000000000000000000e+00,0.000000000000000000e+00,0.000000000000000000e+00,0.000000000000000000e+00
1.880929656514127357e+00,1.165963082297648690e+01,1.457525920952704945e+00,-2.765445201441235623e-02,4.459220869532876802e-02,5.423370567715197765e-01,8.385208900557343803e-01,-7.885847089650208641e-01,1.092336853621790338e-01,2.648441570306511728e-01,5.026271679720003549e-01,-1.333286267281149837e-02,1.065631044794334154e-01,8.214533892231394574e-02,-5.029782300433947168e-02,1.750879256125341954e-01,4.232449731381320857e-01,1.533501470471900219e-01,1.550795030522400808e-01,3.701024408611586214e-01,0.000000000000000000e+00,0.000000000000000000e+00,0.000000000000000000e+00,0.000000000000000000e+00,0.000000000000000000e+00,0.000000000000000000e+00,0.000000000000000000e+00,0.000000000000000000e+00,0.000000000000000000e+00,0.000000000000000000e+00,0.000000000000000000e+00,0.000000000000000000e+00,0.000000000000000000e+00,0.000000000000000000e+00,0.000000000000000000e+00,0.000000000000000000e+00
1.886033173819864128e+00,1.169565495818794254e+01,1.456321146704743219e+00,-2.206894578650873268e-02,5.947661754306805132e-02,5.471999714175461715e-01,8.345943235357797807e-01,-7.811908152946727135e-01,6.476613123868851796e-02,2.760867917585232423e-01,5.507679331487915775e-01,-2.116287600403603947e-02,1.485506589501854047e-01,7.032296113210088906e-02,-9.158911148956025428e-02,1.609468241107473996e-01,4.841521062090782812e-01,3.504590696070495337e-01,1.918561224776352825e-01,3.762802121475885553e-01,0.000000000000000000e+00,0.000000000000000000e+00,0.000000000000000000e+00,0.000000000000000000e+00,0.000000000000000000e+00,0.000000000000000000e+00,0.000000000000000000e+00,0.000000000000000000e+00,0.000000000000000000e+00,0.000000000000000000e+00,0.000000000000000000e+00,0.000000000000000000e+00,0.000000000000000000e+00,0.000000000000000000e+00,0.000000000000000000e+00,0.000000000000000000e+00
1.890640479496913828e+00,1.173371856927204426e+01,1.462617562554498152e+00,-1.916326877309097038e-02,6.389906224186309158e-02,5.603301762227217431e-01,8.255784472651620520e-01,-7.522396603654811775e-01,1.701939130567926492e-02,2.595685891109512644e-01,5.742589162254373436e-01,-6.748105319171540661e-02,1.803851006625076525e-01,2.232832121198204123e-02,-1.136116037767599396e-01,1.175104314819580553e-01,5.849559368787811131e-01,4.765207039980793868e-01,1.949498859375399518e-01,3.500620661824081492e-01,0.000000000000000000e+00,0.000000000000000000e+00,0.000000000000000000e+00,0.000000000000000000e+00,0.000000000000000000e+00,0.000000000000000000e+00,0.000000000000000000e+00,0.000000000000000000e+00,0.000000000000000000e+00,0.000000000000000000e+00,0.000000000000000000e+00,0.000000000000000000e+00,0.000000000000000000e+00,0.000000000000000000e+00,0.000000000000000000e+00,0.000000000000000000e+00
1.894608258990018390e+00,1.177308298010115628e+01,1.472168193765974520e+00,-1.139133616832383768e-02,6.034646464046251879e-02,5.782225736903633395e-01,8.135645007868714806e-01,-6.961371980882380406e-01,-3.177142840835353588e-02,2.255938648724253315e-01,5.788248583369575151e-01,-1.214635166707346003e-01,2.082239600584490369e-01,-7.261806312081649228e-02,-1.345562085270374519e-01,4.081143262886967327e-02,7.355181442081070164e-01,4.818325542969095210e-01,1.443098910718952077e-01,3.018319812676963920e-01,0.000000000000000000e+00,0.000000000000000000e+00,0.000000000000000000e+00,0.000000000000000000e+00,0.000000000000000000e+00,0.000000000000000000e+00,0.000000000000000000e+00,0.000000000000000000e+00,0.000000000000000000e+00,0.000000000000000000e+00,0.000000000000000000e+00,0.000000000000000000e+00,0.000000000000000000e+00,0.000000000000000000e+00,0.000000000000000000e+00,0.000000000000000000e+00
1.897949506053719482e+00,1.181207712255283049e+01,1.480955776868665641e+00,-2.084231265785266816e-03,5.732014591169651285e-02,5.974964211898825539e-01,7.998175313894889671e-01,-6.294516128106669717e-01,-7.733675087611216470e-02,1.919401072233321570e-01,5.627534144075290179e-01,-1.620595303863794912e-01,2.208020357469832329e-01,-1.877592204003979415e-01,-1.650084738817373942e-01,-2.564134030863908856e-02,8.618011700623235960e-01,4.128320716033191395e-01,8.499028920796537767e-02,2.328231944696313449e-01,0.000000000000000000e+00,0.000000000000000000e+00,0.000000000000000000e+00,0.000000000000000000e+00,0.000000000000000000e+00,0.000000000000000000e+00,0.000000000000000000e+00,0.000000000000000000e+00,0.000000000000000000e+00,0.000000000000000000e+00,0.000000000000000000e+00,0.000000000000000000e+00,0.000000000000000000e+00,0.000000000000000000e+00,0.000000000000000000e+00,0.000000000000000000e+00
1.900599890364504274e+00,1.185021132435505464e+01,1.488046751431495673e+00,7.302484141344857405e-03,5.294748527978206804e-02,6.171765604617744927e-01,7.850072170015299777e-01,-5.508399304760632775e-01,-1.187066590936208671e-01,1.577019068888382836e-01,5.289675270456002387e-01,-1.853179093997997517e-01,2.253949466823419456e-01,-3.054083133014319773e-01,-2.069060950467900839e-01,-1.007477506045902360e-01,9.371463412137573945e-01,3.177185050819147927e-01,4.051415510675328291e-02,1.634328363511949322e-01,0.000000000000000000e+00,0.000000000000000000e+00,0.000000000000000000e+00,0.000000000000000000e+00,0.000000000000000000e+00,0.000000000000000000e+00,0.000000000000000000e+00,0.000000000000000000e+00,0.000000000000000000e+00,0.000000000000000000e+00,0.000000000000000000e+00,0.000000000000000000e+00,0.000000000000000000e+00,0.000000000000000000e+00,0.000000000000000000e+00,0.000000000000000000e+00
1.902867501276245488e+00,1.188744897909211318e+01,1.492978362384371982e+00,1.576114957386995363e-02,4.734583003923951983e-02,6.356031174692140517e-01,7.704016066996635104e-01,-4.718026008813592242e-01,-1.513673814709874388e-01,1.216665216190850884e-01,5.007844977302522427e-01,-2.073461306527685233e-01,2.209430157680640217e-01,-4.020320984711419632e-01,-2.495659707595184740e-01,-1.687601118269133060e-01,9.426429321528415617e-01,2.360939737673339311e-01,1.893094419836686970e-02,9.741851456635397533e-02,0.000000000000000000e+00,0.000000000000000000e+00,0.000000000000000000e+00,0.000000000000000000e+00,0.000000000000000000e+00,0.000000000000000000e+00,0.000000000000000000e+00,0.000000000000000000e+00,0.000000000000000000e+00,0.000000000000000000e+00,0.000000000000000000e+00,0.000000000000000000e+00,0.000000000000000000e+00,0.000000000000000000e+00,0.000000000000000000e+00,0.000000000000000000e+00
1.904877563200789714e+00,1.192444638118500500e+01,1.495709175185490736e+00,2.023261733366406995e-02,4.334375020427125302e-02,6.552063340749820775e-01,7.539340954633123593e-01,-4.001958082084580703e-01,-1.815536021789667109e-01,7.139705572028282043e-02,4.783805699409816037e-01,-2.325773147134398422e-01,2.114660890374952806e-01,-4.901769231403719229e-01,-2.849781197875174144e-01,-2.147029894022325913e-01,9.085025550470215983e-01,1.719740647255395272e-01,1.788788881279392701e-02,3.481424226924723780e-02,0.000000000000000000e+00,0.000000000000000000e+00,0.000000000000000000e+00,0.000000000000000000e+00,0.000000000000000000e+00,0.000000000000000000e+00,0.000000000000000000e+00,0.000000000000000000e+00,0.000000000000000000e+00,0.000000000000000000e+00,0.000000000000000000e+00,0.000000000000000000e+00,0.000000000000000000e+00,0.000000000000000000e+00,0.000000000000000000e+00,0.000000000000000000e+00
1.907274193759273873e+00,1.196089506842505656e+01,1.495550536879534542e+00,2.704891982666826622e-02,3.923061085656900232e-02,6.731303178146283983e-01,7.379870529669264601e-01,-3.294316914230732141e-01,-2.075811363240287755e-01,2.172820510685129214e-02,4.654583418244688242e-01,-2.578216792132712043e-01,1.936293696570016432e-01,-5.581737085222661099e-01,-3.101794472272401126e-01,-2.471323285731892860e-01,8.272225694472202795e-01,1.255604033659360186e-01,3.004442075716106525e-02,-1.916704822883572371e-02,0.000000000000000000e+00,0.000000000000000000e+00,0.000000000000000000e+00,0.000000000000000000e+00,0.000000000000000000e+00,0.000000000000000000e+00,0.000000000000000000e+00,0.000000000000000000e+00,0.000000000000000000e+00,0.000000000000000000e+00,0.000000000000000000e+00,0.000000000000000000e+00,0.000000000000000000e+00,0.000000000000000000e+00,0.000000000000000000e+00,0.000000000000000000e+00
1.910116692583402553e+00,1.199733875798208160e+01,1.493758728703337813e+00,3.320006641341141651e-02,3.717751531771747164e-02,6.901976449732264429e-01,7.219022086254887061e-01,-2.611688430540681782e-01,-2.274903016774985076e-01,-2.264202891022974728e-02,4.473505504361349749e-01,-2.788554502035377469e-01,1.749738270364331050e-01,-6.147898197993738600e-01,-3.214879615948901259e-01,-2.594833456348349388e-01,7.251813909572868422e-01,8.486575287681566437e-02,5.724298764354142366e-02,-7.230317834098734520e-02,0.000000000000000000e+00,0.000000000000000000e+00,0.000000000000000000e+00,0.000000000000000000e+00,0.000000000000000000e+00,0.000000000000000000e+00,0.000000000000000000e+00,0.000000000000000000e+00,0.000000000000000000e+00,0.000000000000000000e+00,0.000000000000000000e+00,0.000000000000000000e+00,0.000000000000000000e+00,0.000000000000000000e+00,0.000000000000000000e+00,0.000000000000000000e+00
1.913558782634821265e+00,1.203404514466848063e+01,1.490025200782459924e+00,3.984176727031559645e-02,3.676209618002710539e-02,7.043448636959253051e-01,7.077849213217228819e-01,-1.969296092484886518e-01,-2.470053097373721696e-01,-7.080957320401784494e-02,4.334942102519480089e-01,-3.046785388673457495e-01,1.591157900228782340e-01,-6.632159721059216473e-01,-3.188581384277843211e-01,-2.499375554064161009e-01,6.023414673678746389e-01,4.969056324914550987e-02,9.615521372712437786e-02,-1.215246063243698993e-01,0.000000000000000000e+00,0.000000000000000000e+00,0.000000000000000000e+00,0.000000000000000000e+00,0.000000000000000000e+00,0.000000000000000000e+00,0.000000000000000000e+00,0.000000000000000000e+00,0.000000000000000000e+00,0.000000000000000000e+00,0.000000000000000000e+00,0.000000000000000000e+00,0.000000000000000000e+00,0.000000000000000000e+00,0.000000000000000000e+00,0.000000000000000000e+00
1.917652407945812598e+00,1.207091976508334774e+01,1.485098778086418658e+00,4.342821533234428322e-02,3.834280938841058695e-02,7.163893255758617684e-01,6.952914160855243608e-01,-1.441253117956425300e-01,-2.618451690812834687e-01,-1.214846190303476015e-01,4.273820600817549997e-01,-3.418137784663390355e-01,1.480264122295398832e-01,-7.092947472149503385e-01,-3.062408021180971773e-01,-2.132894149778291615e-01,4.806970287679276366e-01,8.426237868470146108e-03,1.357232425466512737e-01,-1.597454165912177981e-01,0.000000000000000000e+00,0.000000000000000000e+00,0.000000000000000000e+00,0.000000000000000000e+00,0.000000000000000000e+00,0.000000000000000000e+00,0.000000000000000000e+00,0.000000000000000000e+00,0.000000000000000000e+00,0.000000000000000000e+00,0.000000000000000000e+00,0.000000000000000000e+00,0.000000000000000000e+00,0.000000000000000000e+00,0.000000000000000000e+00,0.000000000000000000e+00
1.922633700658982647e+00,1.210803730083312502e+01,1.477982297730061401e+00,4.549028478632265865e-02,4.472687812485064834e-02,7.195127402032412967e-01,6.915428815688059450e-01,-9.218560739828721151e-02,-2.739990422429284811e-01,-1.562480301144011374e-01,4.112719603570914595e-01,-3.874075674418540061e-01,1.375908335024690621e-01,-7.490654573911308400e-01,-2.902329247261548617e-01,-1.833198368943332879e-01,3.600130536608437959e-01,-2.608629938727743958e-02,1.776206704030825756e-01,-1.805197752432049774e-01,0.000000000000000000e+00,0.000000000000000000e+00,0.000000000000000000e+00,0.000000000000000000e+00,0.000000000000000000e+00,0.000000000000000000e+00,0.000000000000000000e+00,0.000000000000000000e+00,0.000000000000000000e+00,0.000000000000000000e+00,0.000000000000000000e+00,0.000000000000000000e+00,0.000000000000000000e+00,0.000000000000000000e+00,0.000000000000000000e+00,0.000000000000000000e+00
1.928366048066649574e+00,1.214610885709265453e+01,1.468719882973913649e+00,4.471748196002018477e-02,5.206780871865736987e-02,7.193378850066552976e-01,6.912613813142933772e-01,-5.122751497304321028e-02,-2.833535261633748359e-01,-1.915983761231129789e-01,4.146660081471793546e-01,-4.251160752732045522e-01,1.297406540316761170e-01,-7.814861549772368354e-01,-2.696612471783381704e-01,-1.563331634924607083e-01,2.864978099954150204e-01,-4.052702998381196853e-02,2.017487895411136378e-01,-1.916814567715231510e-01,0.000000000000000000e+00,0.000000000000000000e+00,0.000000000000000000e+00,0.000000000000000000e+00,0.000000000000000000e+00,0.000000000000000000e+00,0.000000000000000000e+00,0.000000000000000000e+00,0.000000000000000000e+00,0.000000000000000000e+00,0.000000000000000000e+00,0.000000000000000000e+00,0.000000000000000000e+00,0.000000000000000000e+00,0.000000000000000000e+00,0.000000000000000000e+00
1.934602350188094455e+00,1.218625011328400376e+01,1.456256206836032518e+00,4.087255132549161285e-02,5.891286387050550383e-02,7.200712355808431830e-01,6.901855726598451479e-01,-2.020219049680860302e-02,-2.878670485600742790e-01,-2.259060017126973408e-01,4.505677531629851407e-01,-4.506077318011423860e-01,1.202507147956634881e-01,-7.979486132446883540e-01,-2.481918797602763183e-01,-1.287467815911734204e-01,2.732610464147054996e-01,-3.958308691141766006e-02,2.016326622822964543e-01,-2.035586227708940932e-01,0.000000000000000000e+00,0.000000000000000000e+00,0.000000000000000000e+00,0.000000000000000000e+00,0.000000000000000000e+00,0.000000000000000000e+00,0.000000000000000000e+00,0.000000000000000000e+00,0.000000000000000000e+00,0.000000000000000000e+00,0.000000000000000000e+00,0.000000000000000000e+00,0.000000000000000000e+00,0.000000000000000000e+00,0.000000000000000000e+00,0.000000000000000000e+00
1.941239878965816734e+00,1.222678863397136695e+01,1.448342525045626328e+00,3.585054491422254991e-02,5.933951147028745932e-02,7.248923372074839167e-01,6.853646184810624487e-01,2.643730887771864047e-02,-2.640033571012251890e-01,-2.325251622162889942e-01,4.629743867596805007e-01,-4.112649994508048024e-01,9.028159971941202011e-02,-7.965801098991279749e-01,-2.322294667315430439e-01,-1.318755068667073760e-01,3.039813344720443400e-01,-3.490065948930107936e-02,1.877365037728771502e-01,-2.211418812594974637e-01,0.000000000000000000e+00,0.000000000000000000e+00,0.000000000000000000e+00,0.000000000000000000e+00,0.000000000000000000e+00,0.000000000000000000e+00,0.000000000000000000e+00,0.000000000000000000e+00,0.000000000000000000e+00,0.000000000000000000e+00,0.000000000000000000e+00,0.000000000000000000e+00,0.000000000000000000e+00,0.000000000000000000e+00,0.000000000000000000e+00,0.000000000000000000e+00
1.947918925180952554e+00,1.226713894679322081e+01,1.440151714647616377e+00,2.937813922483388518e-02,5.627165600917971577e-02,7.321121733453458402e-01,6.782198694414852680e-01,7.267294085264164316e-02,-2.339409229427133752e-01,-2.519596236973583037e-01,4.761536057164862945e-01,-3.332091450510617503e-01,5.555799872534413625e-02,-7.803145467782435230e-01,-2.189061911391128878e-01,-1.493851360919567772e-01,3.596263134918941118e-01,-1.784281043348109885e-02,1.560346595262035729e-01,-2.421906931301926191e-01,0.000000000000000000e+00,0.000000000000000000e+00,0.000000000000000000e+00,0.000000000000000000e+00,0.000000000000000000e+00,0.000000000000000000e+00,0.000000000000000000e+00,0.000000000000000000e+00,0.000000000000000000e+00,0.000000000000000000e+00,0.000000000000000000e+00,0.000000000000000000e+00,0.000000000000000000e+00,0.000000000000000000e+00,0.000000000000000000e+00,0.000000000000000000e+00
1.954426817773046166e+00,1.230612359414865331e+01,1.432741998609412315e+00,1.423238202627338800e-02,5.101541056861057244e-02,7.389906166218785932e-01,6.716306542521641720e-01,1.083750957867663928e-01,-1.853580245787991854e-01,-2.728487112172046647e-01,4.812440814911135289e-01,-1.890922011855604434e-01,8.499784963584928674e-03,-7.617462081673572749e-01,-1.964582999538463104e-01,-1.783705438650044217e-01,4.212424460953316796e-01,2.647938239417113593e-03,1.090826067910553310e-01,-2.647144680574493036e-01,0.000000000000000000e+00,0.000000000000000000e+00,0.000000000000000000e+00,0.000000000000000000e+00,0.000000000000000000e+00,0.000000000000000000e+00,0.000000000000000000e+00,0.000000000000000000e+00,0.000000000000000000e+00,0.000000000000000000e+00,0.000000000000000000e+00,0.000000000000000000e+00,0.000000000000000000e+00,0.000000000000000000e+00,0.000000000000000000e+00,0.000000000000000000e+00
1.960654466450313604e+00,1.234276135171269395e+01,1.426810633943605078e+00,-8.632741910440387342e-03,4.229213356227147502e-02,7.419286617531967165e-01,6.690879703558937353e-01,1.181495177078089320e-01,-1.228924106734490956e-01,-2.825539140168734642e-01,4.904890808535411484e-01,2.079493156866595721e-02,-4.724306948812358187e-02,-7.540809360191679245e-01,-1.642797095582657629e-01,-2.230021893969673930e-01,4.903525168666381662e-01,2.812577542401925590e-03,4.845147936407410288e-02,-2.727936303066366697e-01,0.000000000000000000e+00,0.000000000000000000e+00,0.000000000000000000e+00,0.000000000000000000e+00,0.000000000000000000e+00,0.000000000000000000e+00,0.000000000000000000e+00,0.000000000000000000e+00,0.000000000000000000e+00,0.000000000000000000e+00,0.000000000000000000e+00,0.000000000000000000e+00,0.000000000000000000e+00,0.000000000000000000e+00,0.000000000000000000e+00,0.000000000000000000e+00
1.966765968497619088e+00,1.237826704266099220e+01,1.424175659981641084e+00,-2.900531414477050540e-02,3.351769166048865906e-02,7.393080644412228786e-01,6.719068699970911496e-01,1.034320256583203257e-01,-6.659449600817188286e-02,-2.667203531998023625e-01,5.187783959887799501e-01,2.386431240711446855e-01,-9.882840862000136228e-02,-7.490341195068882518e-01,-1.299982401927022302e-01,-2.637046243805254431e-01,5.573039709063990488e-01,-2.418507196214223637e-02,-1.528839328669942370e-02,-2.643774608048386487e-01,0.000000000000000000e+00,0.000000000000000000e+00,0.000000000000000000e+00,0.000000000000000000e+00,0.000000000000000000e+00,0.000000000000000000e+00,0.000000000000000000e+00,0.000000000000000000e+00,0.000000000000000000e+00,0.000000000000000000e+00,0.000000000000000000e+00,0.000000000000000000e+00,0.000000000000000000e+00,0.000000000000000000e+00,0.000000000000000000e+00,0.000000000000000000e+00
1.972857302529679169e+00,1.241478428677937984e+01,1.426678604974631615e+00,-3.613231352616048941e-02,2.995833352716777837e-02,7.305858517551306885e-01,6.812057452684557868e-01,5.294494270616394160e-02,-3.634027805887329182e-02,-2.118773403890994167e-01,5.976198434578456897e-01,3.906008040652769742e-01,-1.155579890098287765e-01,-7.271455453454223061e-01,-9.244814749394558717e-02,-2.516084058575160931e-01,5.966336497399065131e-01,-6.050657212955606185e-02,-6.173725811276610520e-02,-2.327878562294381226e-01,0.000000000000000000e+00,0.000000000000000000e+00,0.000000000000000000e+00,0.000000000000000000e+00,0.000000000000000000e+00,0.000000000000000000e+00,0.000000000000000000e+00,0.000000000000000000e+00,0.000000000000000000e+00,0.000000000000000000e+00,0.000000000000000000e+00,0.000000000000000000e+00,0.000000000000000000e+00,0.000000000000000000e+00,0.000000000000000000e+00,0.000000000000000000e+00
1.979225952017590551e+00,1.245229674890084581e+01,1.433076005046022505e+00,-3.382037738791218717e-02,2.966409423976525128e-02,7.155056324066461082e-01,6.971570221841264514e-01,-3.437049972615367766e-02,-1.851965796522840255e-02,-1.290786536477300239e-01,7.083534718051560652e-01,4.306791381981596167e-01,-9.034406988788296067e-02,-6.783431410026988795e-01,-5.766230965967273497e-02,-2.169501245243000143e-01,6.000673283895817667e-01,-1.004566177355542406e-01,-8.380524081575389805e-02,-1.834370685533355805e-01,0.000000000000000000e+00,0.000000000000000000e+00,0.000000000000000000e+00,0.000000000000000000e+00,0.000000000000000000e+00,0.000000000000000000e+00,0.000000000000000000e+00,0.000000000000000000e+00,0.000000000000000000e+00,0.000000000000000000e+00,0.000000000000000000e+00,0.000000000000000000e+00,0.000000000000000000e+00,0.000000000000000000e+00,0.000000000000000000e+00,0.000000000000000000e+00
1.985823878601099102e+00,1.248941261037720452e+01,1.439740085010513093e+00,-2.887405948842967918e-02,2.965826570926600667e-02,6.987398266235314015e-01,7.141773803852189406e-01,-1.352391444814071420e-01,1.798830198153543881e-03,-4.836819015964978485e-02,8.172249982211058361e-01,4.035206208756896840e-01,-4.186192504752676846e-02,-6.196697128253623177e-01,-2.562183065799650272e-02,-1.716793433229398813e-01,5.882099566640870414e-01,-1.297911578574880154e-01,-9.145723688204389357e-02,-1.307980070639915005e-01,0.000000000000000000e+00,0.000000000000000000e+00,0.000000000000000000e+00,0.000000000000000000e+00,0.000000000000000000e+00,0.000000000000000000e+00,0.000000000000000000e+00,0.000000000000000000e+00,0.000000000000000000e+00,0.000000000000000000e+00,0.000000000000000000e+00,0.000000000000000000e+00,0.000000000000000000e+00,0.000000000000000000e+00,0.000000000000000000e+00,0.000000000000000000e+00
1.992365552383454919e+00,1.252570917526601590e+01,1.445977451036581707e+00,-2.315815642889373221e-02,2.704888463798842471e-02,6.800798314018793311e-01,7.322728183887794451e-01,-2.450767571472010076e-01,2.558269821487361290e-02,1.856529682754489569e-02,8.956601896730853607e-01,3.316950398668363498e-01,1.177968831966177965e-02,-5.481547816357420500e-01,3.934913504540817064e-03,-1.258145194880949669e-01,5.551131581392176884e-01,-1.427239533448550202e-01,-8.256758638751146573e-02,-7.329835811814515434e-02,0.000000000000000000e+00,0.000000000000000000e+00,0.000000000000000000e+00,0.000000000000000000e+00,0.000000000000000000e+00,0.000000000000000000e+00,0.000000000000000000e+00,0.000000000000000000e+00,0.000000000000000000e+00,0.000000000000000000e+00,0.000000000000000000e+00,0.000000000000000000e+00,0.000000000000000000e+00,0.000000000000000000e+00,0.000000000000000000e+00,0.000000000000000000e+00
1.998744125168891328e+00,1.256131446794429607e+01,1.451819936629022978e+00,-1.662896429750701857e-02,2.556747819209643363e-02,6.620913458852619726e-01,7.488022644925230731e-01,-3.499250171078631122e-01,3.913061005268069631e-02,5.043536143577161818e-02,9.275843905043087423e-01,2.364320420972650660e-01,4.548801386929922363e-02,-4.749730774674126854e-01,2.599997552736037221e-02,-7.773464834024630676e-02,5.162195986943538539e-01,-1.405815024387532253e-01,-6.758171748053065642e-02,-1.342225938676984594e-02,0.000000000000000000e+00,0.000000000000000000e+00,0.000000000000000000e+00,0.000000000000000000e+00,0.000000000000000000e+00,0.000000000000000000e+00,0.000000000000000000e+00,0.000000000000000000e+00,0.000000000000000000e+00,0.000000000000000000e+00,0.000000000000000000e+00,0.000000000000000000e+00,0.000000000000000000e+00,0.000000000000000000e+00,0.000000000000000000e+00,0.000000000000000000e+00
2.004926116894861110e+00,1.259647024865462939e+01,1.456410580012243106e+00,-9.970289839512170085e-03,2.281616390935527899e-02,6.442225452174696887e-01,7.644326839025801235e-01,-4.527539133620440692e-01,5.339009705091240371e-02,7.520583040083740622e-02,9.131126690927026113e-01,1.316723968335338224e-01,7.307941750324700725e-02,-3.954158036445337143e-01,3.887500689464946924e-02,-3.916230736454259787e-02,4.642904479079300595e-01,-1.226035403432238768e-01,-4.599501753834751155e-02,4.676475832717602588e-02,0.000000000000000000e+00,0.000000000000000000e+00,0.000000000000000000e+00,0.000000000000000000e+00,0.000000000000000000e+00,0.000000000000000000e+00,0.000000000000000000e+00,0.000000000000000000e+00,0.000000000000000000e+00,0.000000000000000000e+00,0.000000000000000000e+00,0.000000000000000000e+00,0.000000000000000000e+00,0.000000000000000000e+00,0.000000000000000000e+00,0.000000000000000000e+00
2.010943181295373527e+00,1.263137375098616388e+01,1.459528443332678505e+00,-4.618006321208635231e-03,2.048055001006343287e-02,6.260623673464872363e-01,7.794903035198156305e-01,-5.410504280024241996e-01,7.414167332617938033e-02,1.025115101427357261e-01,8.474315673721327657e-01,3.079714393419048790e-02,8.323105117554439880e-02,-3.177386377295884357e-01,4.658011604814772666e-02,-4.383903896873216077e-03,4.106296685387604284e-01,-1.076798497444495933e-01,-2.111722505340392700e-02,9.882388231897612507e-02,0.000000000000000000e+00,0.000000000000000000e+00,0.000000000000000000e+00,0.000000000000000000e+00,0.000000000000000000e+00,0.000000000000000000e+00,0.000000000000000000e+00,0.000000000000000000e+00,0.000000000000000000e+00,0.000000000000000000e+00,0.000000000000000000e+00,0.000000000000000000e+00,0.000000000000000000e+00,0.000000000000000000e+00,0.000000000000000000e+00,0.000000000000000000e+00
2.016346270589414402e+00,1.266665302027603346e+01,1.460101882953952712e+00,-9.821296406327886461e-03,1.731506260843382675e-02,6.073233189193529835e-01,7.942053368245179934e-01,-6.126120942140386161e-01,1.025315496886987365e-01,1.294131221499200957e-01,7.512235852395209301e-01,-2.189534134363867873e-02,7.805701657262981152e-02,-2.470059877515702329e-01,6.408570910347255456e-02,2.810373093063422284e-02,3.536372924561891340e-01,-1.013477703276627340e-01,-2.049204942372849243e-03,1.456923430987905055e-01,0.000000000000000000e+00,0.000000000000000000e+00,0.000000000000000000e+00,0.000000000000000000e+00,0.000000000000000000e+00,0.000000000000000000e+00,0.000000000000000000e+00,0.000000000000000000e+00,0.000000000000000000e+00,0.000000000000000000e+00,0.000000000000000000e+00,0.000000000000000000e+00,0.000000000000000000e+00,0.000000000000000000e+00,0.000000000000000000e+00,0.000000000000000000e+00
2.021723422851343877e+00,1.270204575611693976e+01,1.458343391471927930e+00,-1.860611124287304269e-02,1.572317836632805207e-02,5.909319084978678083e-01,8.063535662509002666e-01,-6.614927602515687788e-01,1.285478616674006203e-01,1.474087228251806381e-01,6.203542653710089061e-01,-5.926894022501279224e-02,5.965116726000629227e-02,-1.927383055652369670e-01,8.140981603728889016e-02,5.732380187785006409e-02,3.238393431100028974e-01,-1.206326976711283860e-01,6.907563134035892005e-03,1.790567299641915022e-01,0.000000000000000000e+00,0.000000000000000000e+00,0.000000000000000000e+00,0.000000000000000000e+00,0.000000000000000000e+00,0.000000000000000000e+00,0.000000000000000000e+00,0.000000000000000000e+00,0.000000000000000000e+00,0.000000000000000000e+00,0.000000000000000000e+00,0.000000000000000000e+00,0.000000000000000000e+00,0.000000000000000000e+00,0.000000000000000000e+00,0.000000000000000000e+00
2.027130582963581507e+00,1.273675950686272529e+01,1.455044098237285644e+00,-2.455167043906848756e-02,1.680462982433704108e-02,5.798998711900213987e-01,8.141443110953449080e-01,-7.117734583927217695e-01,1.499851997703056106e-01,1.724039656272426391e-01,5.028510968251688196e-01,-1.019424750550839420e-01,3.074901194728141968e-02,-1.462426690288923248e-01,8.903521965165027419e-02,7.183114380657029674e-02,3.118868923942807458e-01,-1.577830553964358062e-01,7.228881814909774578e-03,1.991284217126405021e-01,0.000000000000000000e+00,0.000000000000000000e+00,0.000000000000000000e+00,0.000000000000000000e+00,0.000000000000000000e+00,0.000000000000000000e+00,0.000000000000000000e+00,0.000000000000000000e+00,0.000000000000000000e+00,0.000000000000000000e+00,0.000000000000000000e+00,0.000000000000000000e+00,0.000000000000000000e+00,0.000000000000000000e+00,0.000000000000000000e+00,0.000000000000000000e+00
2.032626408831880838e+00,1.277111316097294846e+01,1.449775189948483201e+00,-2.845086733038015153e-02,2.275075384095783665e-02,5.765201864730424841e-01,8.162704367652331428e-01,-7.521386555632647575e-01,1.449140564958864286e-01,1.867999211936833548e-01,3.780773541066059229e-01,-1.167079390408505279e-01,3.963421068773068795e-03,-1.097950155594475535e-01,8.339894093240173001e-02,7.670295436835702918e-02,3.092855269011580699e-01,-1.858960647086505824e-01,1.595671959298474232e-02,2.078005209809554443e-01,0.000000000000000000e+00,0.000000000000000000e+00,0.000000000000000000e+00,0.000000000000000000e+00,0.000000000000000000e+00,0.000000000000000000e+00,0.000000000000000000e+00,0.000000000000000000e+00,0.000000000000000000e+00,0.000000000000000000e+00,0.000000000000000000e+00,0.000000000000000000e+00,0.000000000000000000e+00,0.000000000000000000e+00,0.000000000000000000e+00,0.000000000000000000e+00
2.037964512002861550e+00,1.280568075031086295e+01,1.442135356658182044e+00,-3.349585719091878466e-02,2.887300870941460207e-02,5.732488196784225609e-01,8.181871226415176057e-01,-7.739597588899285174e-01,1.317076072111352247e-01,1.899966493635617815e-01,2.598499214358442888e-01,-9.790977454873046881e-02,-8.836246182904761506e-03,-7.836388042606555471e-02,7.985352068543166704e-02,8.509943368811073716e-02,3.211672103704186765e-01,-2.115744152903177577e-01,1.932066656654868667e-02,2.142413531866984300e-01,0.000000000000000000e+00,0.000000000000000000e+00,0.000000000000000000e+00,0.000000000000000000e+00,0.000000000000000000e+00,0.000000000000000000e+00,0.000000000000000000e+00,0.000000000000000000e+00,0.000000000000000000e+00,0.000000000000000000e+00,0.000000000000000000e+00,0.000000000000000000e+00,0.000000000000000000e+00,0.000000000000000000e+00,0.000000000000000000e+00,0.000000000000000000e+00
2.043116382192547764e+00,1.284099141304049141e+01,1.431754677318853863e+00,-3.718212525210598529e-02,2.978543615927562241e-02,5.667093134486885786e-01,8.225392825908396377e-01,-7.882141818304132519e-01,1.262565516161962553e-01,2.013898202384460101e-01,2.215184968962647383e-01,-8.405352796917661684e-02,-4.788251200837282881e-03,-4.723249770759747890e-02,7.489286988892128460e-02,9.770615360940898553e-02,3.518155511680456926e-01,-2.248699691400643796e-01,2.696204132581855872e-02,2.292512810256183697e-01,0.000000000000000000e+00,0.000000000000000000e+00,0.000000000000000000e+00,0.000000000000000000e+00,0.000000000000000000e+00,0.000000000000000000e+00,0.000000000000000000e+00,0.000000000000000000e+00,0.000000000000000000e+00,0.000000000000000000e+00,0.000000000000000000e+00,0.000000000000000000e+00,0.000000000000000000e+00,0.000000000000000000e+00,0.000000000000000000e+00,0.000000000000000000e+00
2.048535816796756226e+00,1.287748521776915034e+01,1.419418394446446019e+00,-3.753160195995061676e-02,2.537080554859377432e-02,5.529143243768476212e-01,8.320056796555105327e-01,-7.994156553703162249e-01,1.449977034384015429e-01,2.187604367905146563e-01,2.903877231140526982e-01,-6.767065186683558775e-02,1.026586515938484288e-02,-6.259378160190502693e-03,6.536833241215635193e-02,1.197868510177791113e-01,3.859425180829451629e-01,-2.034558333253529971e-01,4.656169022977249550e-02,2.622165498563430175e-01,0.000000000000000000e+00,0.000000000000000000e+00,0.000000000000000000e+00,0.000000000000000000e+00,0.000000000000000000e+00,0.000000000000000000e+00,0.000000000000000000e+00,0.000000000000000000e+00,0.000000000000000000e+00,0.000000000000000000e+00,0.000000000000000000e+00,0.000000000000000000e+00,0.000000000000000000e+00,0.000000000000000000e+00,0.000000000000000000e+00,0.000000000000000000e+00
2.054131731886338574e+00,1.291370125018920234e+01,1.408088128376189019e+00,-3.252941586795868312e-02,2.522393914566655598e-02,5.424248561240728739e-01,8.390952660193256030e-01,-7.963796946128712806e-01,1.487591900833024894e-01,2.447801715379401000e-01,3.703119179886432688e-01,-4.306475414477914376e-02,3.918943424007177018e-02,3.251754758725353134e-02,4.062647605663309569e-02,1.493664426619980834e-01,4.115280083517244836e-01,-1.279957182505787328e-01,7.722969324440237537e-02,2.923231549924052430e-01,0.000000000000000000e+00,0.000000000000000000e+00,0.000000000000000000e+00,0.000000000000000000e+00,0.000000000000000000e+00,0.000000000000000000e+00,0.000000000000000000e+00,0.000000000000000000e+00,0.000000000000000000e+00,0.000000000000000000e+00,0.000000000000000000e+00,0.000000000000000000e+00,0.000000000000000000e+00,0.000000000000000000e+00,0.000000000000000000e+00,0.000000000000000000e+00
2.059594986993978250e+00,1.294879752530965789e+01,1.399048481146625056e+00,-2.454670860396507281e-02,3.303612843787611525e-02,5.311225929740222007e-01,8.462947858442102511e-01,-7.892043505839360096e-01,1.325699851610782076e-01,2.703746087190466163e-01,4.412011079140353287e-01,-2.110917724570511231e-02,7.507488547523205602e-02,6.273599896315423807e-02,-9.013539067259539184e-03,1.708095409410062826e-01,4.241466299374874183e-01,1.776772974803641353e-02,1.224292401673501146e-01,3.205272743351654241e-01,0.000000000000000000e+00,0.000000000000000000e+00,0.000000000000000000e+00,0.000000000000000000e+00,0.000000000000000000e+00,0.000000000000000000e+00,0.000000000000000000e+00,0.000000000000000000e+00,0.000000000000000000e+00,0.000000000000000000e+00,0.000000000000000000e+00,0.000000000000000000e+00,0.000000000000000000e+00,0.000000000000000000e+00,0.000000000000000000e+00,0.000000000000000000e+00
2.065113264875291677e+00,1.298281209934968317e+01,1.393475403517293376e+00,-1.757844498261044996e-02,4.647234981330955472e-02,5.282556592418031771e-01,8.476303896474153277e-01,-7.841238227614224510e-01,9.704529956837923410e-02,2.928608349873456085e-01,4.980186171978099319e-01,-1.064302500830540191e-02,1.184815972493638986e-01,6.857307169129431279e-02,-6.713037525038313691e-02,1.707401058317826736e-01,4.530679817967991907e-01,2.128090597937108974e-01,1.647098823603637130e-01,3.388463288507678750e-01,0.000000000000000000e+00,0.000000000000000000e+00,0.000000000000000000e+00,0.000000000000000000e+00,0.000000000000000000e+00,0.000000000000000000e+00,0.000000000000000000e+00,0.000000000000000000e+00,0.000000000000000000e+00,0.000000000000000000e+00,0.000000000000000000e+00,0.000000000000000000e+00,0.000000000000000000e+00,0.000000000000000000e+00,0.000000000000000000e+00,0.000000000000000000e+00
2.070876624463561910e+00,1.301727439718175994e+01,1.393831461525817828e+00,-1.439247326289839861e-02,5.842763493926172308e-02,5.364156120589939070e-01,8.418060105084509415e-01,-7.735344977875254768e-01,5.217933589019559115e-02,2.973026510043816906e-01,5.359955693758811091e-01,-2.158560763728952295e-02,1.595117247786095038e-01,5.394076583075385622e-02,-9.647340481718487404e-02,1.657348724936838491e-01,5.183811316871991259e-01,4.023187443373640870e-01,2.017185782674580652e-01,3.395972868240121345e-01,0.000000000000000000e+00,0.000000000000000000e+00,0.000000000000000000e+00,0.000000000000000000e+00,0.000000000000000000e+00,0.000000000000000000e+00,0.000000000000000000e+00,0.000000000000000000e+00,0.000000000000000000e+00,0.000000000000000000e+00,0.000000000000000000e+00,0.000000000000000000e+00,0.000000000000000000e+00,0.000000000000000000e+00,0.000000000000000000e+00,0.000000000000000000e+00
2.076326164570526434e+00,1.305367713781943095e+01,1.400911232543569085e+00,-1.074680873360121802e-02,6.146715665596680367e-02,5.509314581369828545e-01,8.322144093860252001e-01,-7.375188315171464781e-01,5.235587713482182937e-03,2.746125330554979316e-01,5.530313028512745532e-01,-6.435216899086664000e-02,1.894881781155275113e-01,-6.721153819550917258e-04,-1.135214396716990037e-01,1.227649486900260073e-01,6.360683095809678278e-01,4.947221529091445635e-01,2.017383266599009350e-01,3.148427046962355980e-01,0.000000000000000000e+00,0.000000000000000000e+00,0.000000000000000000e+00,0.000000000000000000e+00,0.000000000000000000e+00,0.000000000000000000e+00,0.000000000000000000e+00,0.000000000000000000e+00,0.000000000000000000e+00,0.000000000000000000e+00,0.000000000000000000e+00,0.000000000000000000e+00,0.000000000000000000e+00,0.000000000000000000e+00,0.000000000000000000e+00,0.000000000000000000e+00
2.080579768871618551e+00,1.309095069020592916e+01,1.411150609406474965e+00,-6.466991284518032457e-03,5.702224779943885352e-02,5.717299641559361323e-01,8.184323364615285756e-01,-6.811508541977602249e-01,-4.083197114238001912e-02,2.394599404959636968e-01,5.506999995661575609e-01,-1.152858817086058335e-01,2.125752075844465905e-01,-9.822434382015833576e-02,-1.328780893083293391e-01,4.831142835151293335e-02,7.690818612664550580e-01,4.912285816199524202e-01,1.454828346228280167e-01,2.649869251107062618e-01,0.000000000000000000e+00,0.000000000000000000e+00,0.000000000000000000e+00,0.000000000000000000e+00,0.000000000000000000e+00,0.000000000000000000e+00,0.000000000000000000e+00,0.000000000000000000e+00,0.000000000000000000e+00,0.000000000000000000e+00,0.000000000000000000e+00,0.000000000000000000e+00,0.000000000000000000e+00,0.000000000000000000e+00,0.000000000000000000e+00,0.000000000000000000e+00
2.083933944386458847e+00,1.312780189675883413e+01,1.419433003401794791e+00,4.143972755921839987e-03,5.286957429818583271e-02,5.919763175550580847e-01,8.042087260514396707e-01,-6.058492078365499411e-01,-9.496041176722472277e-02,2.047864053912118454e-01,5.252786350434464069e-01,-1.565743750262580114e-01,2.317986351590388405e-01,-2.191771690237388492e-01,-1.688337609040591047e-01,-3.113537354601803378e-02,8.937385173172638364e-01,4.168749986793505169e-01,8.239381572450425739e-02,2.028840607178381827e-01,0.000000000000000000e+00,0.000000000000000000e+00,0.000000000000000000e+00,0.000000000000000000e+00,0.000000000000000000e+00,0.000000000000000000e+00,0.000000000000000000e+00,0.000000000000000000e+00,0.000000000000000000e+00,0.000000000000000000e+00,0.000000000000000000e+00,0.000000000000000000e+00,0.000000000000000000e+00,0.000000000000000000e+00,0.000000000000000000e+00,0.000000000000000000e+00
2.086848607202377082e+00,1.316408778834233217e+01,1.425693826814232956e+00,1.420823224503658944e-02,5.014674198085560669e-02,6.135668904359663500e-01,7.879207456120922437e-01,-5.252188295470540114e-01,-1.470332684742779172e-01,1.586767532073582454e-01,4.838239006459316705e-01,-1.785967653157648494e-01,2.367875497726193712e-01,-3.353516295878810616e-01,-2.056630222023697607e-01,-9.779990814390891740e-02,9.663113167886961952e-01,3.241036579296685538e-01,3.775681407787229854e-02,1.346135076032676514e-01,0.000000000000000000e+00,0.000000000000000000e+00,0.000000000000000000e+00,0.000000000000000000e+00,0.000000000000000000e+00,0.000000000000000000e+00,0.000000000000000000e+00,0.000000000000000000e+00,0.000000000000000000e+00,0.000000000000000000e+00,0.000000000000000000e+00,0.000000000000000000e+00,0.000000000000000000e+00,0.000000000000000000e+00,0.000000000000000000e+00,0.000000000000000000e+00
2.088776926486521468e+00,1.320000242100597809e+01,1.430589828156259236e+00,2.097613084812213757e-02,4.614006857431018904e-02,6.352735322298926901e-01,7.706222390086829854e-01,-4.416978901854748951e-01,-1.870418228409468364e-01,1.085357252214164681e-01,4.362723544621081584e-01,-1.931779013127885580e-01,2.290128677993648332e-01,-4.343376516271945098e-01,-2.413096615673474277e-01,-1.513723357600513242e-01,9.704281336742472952e-01,2.456929938546777992e-01,1.942357660975832512e-02,7.090679234801658404e-02,0.000000000000000000e+00,0.000000000000000000e+00,0.000000000000000000e+00,0.000000000000000000e+00,0.000000000000000000e+00,0.000000000000000000e+00,0.000000000000000000e+00,0.000000000000000000e+00,0.000000000000000000e+00,0.000000000000000000e+00,0.000000000000000000e+00,0.000000000000000000e+00,0.000000000000000000e+00,0.000000000000000000e+00,0.000000000000000000e+00,0.000000000000000000e+00
2.090067378304835799e+00,1.323562972727988907e+01,1.432745798071739740e+00,2.743976720809239433e-02,4.120169694919741804e-02,6.570098192261661918e-01,7.522549945227831047e-01,-3.623411618021612490e-01,-2.209930009995384748e-01,5.219882883387139128e-02,4.060396937138825990e-01,-2.122353853808245927e-01,2.199609149260438878e-01,-5.126310968541512025e-01,-2.755620317768551208e-01,-1.989244336926641044e-01,9.250488800637105546e-01,1.953907796150447518e-01,1.973209076858209454e-02,1.336420602510374721e-02,0.000000000000000000e+00,0.000000000000000000e+00,0.000000000000000000e+00,0.000000000000000000e+00,0.000000000000000000e+00,0.000000000000000000e+00,0.000000000000000000e+00,0.000000000000000000e+00,0.000000000000000000e+00,0.000000000000000000e+00,0.000000000000000000e+00,0.000000000000000000e+00,0.000000000000000000e+00,0.000000000000000000e+00,0.000000000000000000e+00,0.000000000000000000e+00
2.091368412776235974e+00,1.327143116670936074e+01,1.431784565961901068e+00,3.416147705300404125e-02,3.780008734201063814e-02,6.770918696436543094e-01,7.341326494203574970e-01,-2.948979001504848929e-01,-2.492639601274966588e-01,-1.215182649454374375e-03,3.985948293222149608e-01,-2.369953409900649732e-01,2.075850173046225322e-01,-5.738443724911728161e-01,-3.013887868154433991e-01,-2.300575993327675650e-01,8.369252476172835964e-01,1.553233890291834118e-01,3.431587913089109709e-02,-3.738542775615429775e-02,0.000000000000000000e+00,0.000000000000000000e+00,0.000000000000000000e+00,0.000000000000000000e+00,0.000000000000000000e+00,0.000000000000000000e+00,0.000000000000000000e+00,0.000000000000000000e+00,0.000000000000000000e+00,0.000000000000000000e+00,0.000000000000000000e+00,0.000000000000000000e+00,0.000000000000000000e+00,0.000000000000000000e+00,0.000000000000000000e+00,0.000000000000000000e+00
2.092759751205304664e+00,1.330756038714524436e+01,1.429572927141117278e+00,3.856668142084487827e-02,3.643832545164239073e-02,6.932537024399586523e-01,7.187378962986104014e-01,-2.324778847994643238e-01,-2.673612556467184764e-01,-4.408570493163524451e-02,3.875494797619197795e-01,-2.555794301382903755e-01,1.909527199049179114e-01,-6.242293196469883565e-01,-3.130907928594571787e-01,-2.506034950120765714e-01,7.338218873738262538e-01,1.084287238137203596e-01,5.315329577946511369e-02,-8.403638586626506479e-02,0.000000000000000000e+00,0.000000000000000000e+00,0.000000000000000000e+00,0.000000000000000000e+00,0.000000000000000000e+00,0.000000000000000000e+00,0.000000000000000000e+00,0.000000000000000000e+00,0.000000000000000000e+00,0.000000000000000000e+00,0.000000000000000000e+00,0.000000000000000000e+00,0.000000000000000000e+00,0.000000000000000000e+00,0.000000000000000000e+00,0.000000000000000000e+00
2.094456784040502395e+00,1.334430086646409563e+01,1.425052204290375935e+00,4.304500842565318897e-02,3.818772475669331840e-02,7.077564724434851628e-01,7.041090829139303731e-01,-1.755936588450432712e-01,-2.876150297087436414e-01,-9.148152624513077036e-02,3.822730991755308172e-01,-2.853882517242192773e-01,1.780833215370418721e-01,-6.638289030311432803e-01,-3.149952870419440720e-01,-2.495522462840028266e-01,6.096577037868151638e-01,7.663191553707653092e-02,9.394142614170089556e-02,-1.305814701575958026e-01,0.000000000000000000e+00,0.000000000000000000e+00,0.000000000000000000e+00,0.000000000000000000e+00,0.000000000000000000e+00,0.000000000000000000e+00,0.000000000000000000e+00,0.000000000000000000e+00,0.000000000000000000e+00,0.000000000000000000e+00,0.000000000000000000e+00,0.000000000000000000e+00,0.000000000000000000e+00,0.000000000000000000e+00,0.000000000000000000e+00,0.000000000000000000e+00
2.096561807540032962e+00,1.338137625002237030e+01,1.419464510657597156e+00,4.569912139846661614e-02,3.901796319604423219e-02,7.178140884613840589e-01,6.936368814140380090e-01,-1.205000621960721496e-01,-2.997974087560769108e-01,-1.341312549976648172e-01,3.799697891169223074e-01,-3.227035023559045035e-01,1.696264079155022086e-01,-7.057299624258762671e-01,-3.030042416770999392e-01,-2.283502802417528288e-01,4.786493353147547314e-01,3.545137801118314336e-02,1.362889859625810995e-01,-1.646489074551418796e-01,0.000000000000000000e+00,0.000000000000000000e+00,0.000000000000000000e+00,0.000000000000000000e+00,0.000000000000000000e+00,0.000000000000000000e+00,0.000000000000000000e+00,0.000000000000000000e+00,0.000000000000000000e+00,0.000000000000000000e+00,0.000000000000000000e+00,0.000000000000000000e+00,0.000000000000000000e+00,0.000000000000000000e+00,0.000000000000000000e+00,0.000000000000000000e+00
2.099485528636472864e+00,1.341866035325183582e+01,1.413301288912301779e+00,4.386381295067783015e-02,4.284168891480667762e-02,7.200599958457093441e-01,6.911976258545968754e-01,-6.861795405573917206e-02,-3.027715548195938355e-01,-1.650255825070274796e-01,3.595836464121872633e-01,-3.533563446807537756e-01,1.569505012355429108e-01,-7.445320295943110844e-01,-2.794702614938683882e-01,-2.151155389246291461e-01,3.499993710130248625e-01,-6.069851575831980428e-03,1.821882472889531923e-01,-1.805721224900347921e-01,0.000000000000000000e+00,0.000000000000000000e+00,0.000000000000000000e+00,0.000000000000000000e+00,0.000000000000000000e+00,0.000000000000000000e+00,0.000000000000000000e+00,0.000000000000000000e+00,0.000000000000000000e+00,0.000000000000000000e+00,0.000000000000000000e+00,0.000000000000000000e+00,0.000000000000000000e+00,0.000000000000000000e+00,0.000000000000000000e+00,0.000000000000000000e+00
2.103541699147119193e+00,1.345658191940128923e+01,1.405175791708599409e+00,4.141242570015608165e-02,4.941686100583511654e-02,7.187017190997516680e-01,6.923227742960790243e-01,-2.993055965311035987e-02,-3.083949957484598547e-01,-2.016287809216364413e-01,3.519336889480686459e-01,-3.719268182719708826e-01,1.403238525093814526e-01,-7.763310776417775561e-01,-2.592915187170590219e-01,-2.093947784950676849e-01,2.556795059750265331e-01,-1.456446050990273938e-02,2.082963322559548414e-01,-1.894504869938990754e-01,0.000000000000000000e+00,0.000000000000000000e+00,0.000000000000000000e+00,0.000000000000000000e+00,0.000000000000000000e+00,0.000000000000000000e+00,0.000000000000000000e+00,0.000000000000000000e+00,0.000000000000000000e+00,0.000000000000000000e+00,0.000000000000000000e+00,0.000000000000000000e+00,0.000000000000000000e+00,0.000000000000000000e+00,0.000000000000000000e+00,0.000000000000000000e+00
2.108014758686580503e+00,1.349643196795554978e+01,1.393569089581381037e+00,3.911660698354216953e-02,5.640637994430992841e-02,7.172378720218721693e-01,6.934392881119504359e-01,5.177769982535850024e-03,-3.161771174030264531e-01,-2.259152649423051551e-01,3.750806657926529786e-01,-4.040827548389119284e-01,1.320506295780144168e-01,-7.969412108858688892e-01,-2.467142649486944450e-01,-1.988551439292459699e-01,2.155418722987040847e-01,-1.437707529257462730e-02,2.215927983165321136e-01,-1.997488932986184740e-01,0.000000000000000000e+00,0.000000000000000000e+00,0.000000000000000000e+00,0.000000000000000000e+00,0.000000000000000000e+00,0.000000000000000000e+00,0.000000000000000000e+00,0.000000000000000000e+00,0.000000000000000000e+00,0.000000000000000000e+00,0.000000000000000000e+00,0.000000000000000000e+00,0.000000000000000000e+00,0.000000000000000000e+00,0.000000000000000000e+00,0.000000000000000000e+00
2.112877691350979692e+00,1.353767994296857147e+01,1.380149720195034346e+00,3.631527012737213733e-02,5.819772315740789903e-02,7.231372797690291954e-01,6.872893864909577211e-01,4.159900478172284810e-02,-3.093194394643052902e-01,-2.417235718336489259e-01,4.158518595691084174e-01,-4.095449625140771266e-01,1.184358407158875442e-01,-7.987609030990875381e-01,-2.392063274860653510e-01,-1.875968458748017986e-01,2.457181452732313254e-01,-1.018849192365535103e-02,2.075726626260624985e-01,-2.154770065685343294e-01,0.000000000000000000e+00,0.000000000000000000e+00,0.000000000000000000e+00,0.000000000000000000e+00,0.000000000000000000e+00,0.000000000000000000e+00,0.000000000000000000e+00,0.000000000000000000e+00,0.000000000000000000e+00,0.000000000000000000e+00,0.000000000000000000e+00,0.000000000000000000e+00,0.000000000000000000e+00,0.000000000000000000e+00,0.000000000000000000e+00,0.000000000000000000e+00
2.118145674908660236e+00,1.357895871215084682e+01,1.371069750913756602e+00,2.946772416780198134e-02,5.444118621188422796e-02,7.313013092479492272e-01,6.792394316943378696e-01,8.681922802556227281e-02,-2.804315892815875122e-01,-2.617957717304517096e-01,4.345140159013753944e-01,-3.374071391823919575e-01,8.411921530664105695e-02,-7.822285310888144050e-01,-2.242042670610588651e-01,-1.958768553445556782e-01,3.055134613502231700e-01,5.836736883834150319e-03,1.771443583705208658e-01,-2.394545406627083817e-01,0.000000000000000000e+00,0.000000000000000000e+00,0.000000000000000000e+00,0.000000000000000000e+00,0.000000000000000000e+00,0.000000000000000000e+00,0.000000000000000000e+00,0.000000000000000000e+00,0.000000000000000000e+00,0.000000000000000000e+00,0.000000000000000000e+00,0.000000000000000000e+00,0.000000000000000000e+00,0.000000000000000000e+00,0.000000000000000000e+00,0.000000000000000000e+00
2.123298227313957565e+00,1.361894525491958596e+01,1.363230715314160291e+00,1.357746772798477941e-02,4.842033811397532944e-02,7.405530579500697597e-01,6.701136408011877377e-01,1.266031300406279536e-01,-2.394570422612400107e-01,-2.983430149736325254e-01,4.477516144586873303e-01,-2.108337777966118320e-01,3.467262728595103122e-02,-7.644988530979022201e-01,-1.998849695964643181e-01,-2.185097534128156438e-01,3.642278285490725409e-01,2.589161916986113671e-02,1.335929348801200844e-01,-2.643273357217057473e-01,0.000000000000000000e+00,0.000000000000000000e+00,0.000000000000000000e+00,0.000000000000000000e+00,0.000000000000000000e+00,0.000000000000000000e+00,0.000000000000000000e+00,0.000000000000000000e+00,0.000000000000000000e+00,0.000000000000000000e+00,0.000000000000000000e+00,0.000000000000000000e+00,0.000000000000000000e+00,0.000000000000000000e+00,0.000000000000000000e+00,0.000000000000000000e+00
2.128594582865871221e+00,1.365647359814049366e+01,1.356585677981975380e+00,-9.373923524585445546e-03,3.935216045990695688e-02,7.494689166713867090e-01,6.608024515453237990e-01,1.438933672136242792e-01,-1.815419117002265992e-01,-3.334138991870062019e-01,4.555036809581754498e-01,-1.029845887192211429e-02,-3.096214011088414125e-02,-7.561617726775620163e-01,-1.669153940347607168e-01,-2.509004833192012840e-01,4.310590819918261873e-01,3.812872277884613026e-02,7.628074864667523658e-02,-2.814467812524160117e-01,0.000000000000000000e+00,0.000000000000000000e+00,0.000000000000000000e+00,0.000000000000000000e+00,0.000000000000000000e+00,0.000000000000000000e+00,0.000000000000000000e+00,0.000000000000000000e+00,0.000000000000000000e+00,0.000000000000000000e+00,0.000000000000000000e+00,0.000000000000000000e+00,0.000000000000000000e+00,0.000000000000000000e+00,0.000000000000000000e+00,0.000000000000000000e+00
2.133538265114981680e+00,1.369213388596250880e+01,1.352675561269315541e+00,-3.342629080433676819e-02,2.754831150026939429e-02,7.506600344549462234e-01,6.592672343508709787e-01,1.331645803657679483e-01,-1.216581862849560741e-01,-3.373096257960109812e-01,4.853056511064071099e-01,2.288004447916425765e-01,-1.018664100064965439e-01,-7.501356182597803679e-01,-1.265852563234871053e-01,-2.869438766997398083e-01,4.924874102292779998e-01,3.336506100232873584e-02,1.067897571469007996e-02,-2.728322603430299864e-01,0.000000000000000000e+00,0.000000000000000000e+00,0.000000000000000000e+00,0.000000000000000000e+00,0.000000000000000000e+00,0.000000000000000000e+00,0.000000000000000000e+00,0.000000000000000000e+00,0.000000000000000000e+00,0.000000000000000000e+00,0.000000000000000000e+00,0.000000000000000000e+00,0.000000000000000000e+00,0.000000000000000000e+00,0.000000000000000000e+00,0.000000000000000000e+00
2.138143695332927585e+00,1.372825244994044880e+01,1.354634370219574890e+00,-4.500979601466311569e-02,2.041650334596515140e-02,7.438350120128514043e-01,6.665333896795292423e-01,8.791740617354229514e-02,-8.578656310802748597e-02,-2.953944178152123068e-01,5.501946234156538384e-01,4.219075318031394461e-01,-1.460605459561220287e-01,-7.349916822511650683e-01,-8.773138367293425999e-02,-2.865781604975508046e-01,5.364516204904649088e-01,6.380020533954457174e-03,-4.200041777048024727e-02,-2.396161531248301446e-01,0.000000000000000000e+00,0.000000000000000000e+00,0.000000000000000000e+00,0.000000000000000000e+00,0.000000000000000000e+00,0.000000000000000000e+00,0.000000000000000000e+00,0.000000000000000000e+00,0.000000000000000000e+00,0.000000000000000000e+00,0.000000000000000000e+00,0.000000000000000000e+00,0.000000000000000000e+00,0.000000000000000000e+00,0.000000000000000000e+00,0.000000000000000000e+00
2.142944175746174462e+00,1.376575871330989997e+01,1.361766141239652672e+00,-4.267662757398193313e-02,1.790295309217201924e-02,7.302064481675999419e-01,6.816573426465440955e-01,5.385139977970989505e-03,-7.420663392343701537e-02,-2.180757939679867918e-01,6.582669862267285232e-01,4.944492804846474243e-01,-1.408531146117500965e-01,-6.892518712254105395e-01,-5.291255070310999647e-02,-2.519280806738966594e-01,5.448478455464137449e-01,-2.382507364840194541e-02,-6.944144363156272426e-02,-1.906432813579265750e-01,0.000000000000000000e+00,0.000000000000000000e+00,0.000000000000000000e+00,0.000000000000000000e+00,0.000000000000000000e+00,0.000000000000000000e+00,0.000000000000000000e+00,0.000000000000000000e+00,0.000000000000000000e+00,0.000000000000000000e+00,0.000000000000000000e+00,0.000000000000000000e+00,0.000000000000000000e+00,0.000000000000000000e+00,0.000000000000000000e+00,0.000000000000000000e+00
2.148264513505134587e+00,1.380306932345923165e+01,1.371207476066685249e+00,-3.444697957946037115e-02,1.901242525640162162e-02,7.153103241017254588e-01,6.976984115770977768e-01,-9.330721771540527454e-02,-5.789731759053937804e-02,-1.185431494041029321e-01,7.441552205916843743e-01,4.942085005018880262e-01,-9.249725473192657588e-02,-6.288964592940355924e-01,-2.512638778988032437e-02,-1.980365938020270111e-01,5.325857220464563779e-01,-5.213057768317561069e-02,-7.947488740015039299e-02,-1.398786594130221328e-01,0.000000000000000000e+00,0.000000000000000000e+00,0.000000000000000000e+00,0.000000000000000000e+00,0.000000000000000000e+00,0.000000000000000000e+00,0.000000000000000000e+00,0.000000000000000000e+00,0.000000000000000000e+00,0.000000000000000000e+00,0.000000000000000000e+00,0.000000000000000000e+00,0.000000000000000000e+00,0.000000000000000000e+00,0.000000000000000000e+00,0.000000000000000000e+00
2.153814318867949495e+00,1.383975247020784671e+01,1.379325739542208940e+00,-2.677266693365382838e-02,1.951698808943336250e-02,6.991165774769718677e-01,7.142396814641850389e-01,-2.022004858622732659e-01,-2.803179986587199524e-02,-2.881695359307452631e-02,8.235944282641004532e-01,4.328681820477282560e-01,-3.334271273091488769e-02,-5.555112946505418314e-01,1.062741284915999507e-03,-1.489700424138165336e-01,4.962147201386511997e-01,-6.964889952251945848e-02,-7.389947315149962559e-02,-8.474010322313652033e-02,0.000000000000000000e+00,0.000000000000000000e+00,0.000000000000000000e+00,0.000000000000000000e+00,0.000000000000000000e+00,0.000000000000000000e+00,0.000000000000000000e+00,0.000000000000000000e+00,0.000000000000000000e+00,0.000000000000000000e+00,0.000000000000000000e+00,0.000000000000000000e+00,0.000000000000000000e+00,0.000000000000000000e+00,0.000000000000000000e+00,0.000000000000000000e+00
2.159255871105375757e+00,1.387608271948744409e+01,1.386841590828385318e+00,-2.102740144999053207e-02,1.889005417986808558e-02,6.794357310132363992e-01,7.331903584089540793e-01,-3.263934017628725703e-01,1.100343787093087736e-02,4.230533813748288408e-02,8.837111928610746903e-01,3.342155840164013902e-01,2.154519106430561465e-02,-4.702360241005501540e-01,2.415517306567636913e-02,-1.056479676839864879e-01,4.429202788958024328e-01,-7.687392096277298470e-02,-5.880389062310058257e-02,-1.984843561790773300e-02,0.000000000000000000e+00,0.000000000000000000e+00,0.000000000000000000e+00,0.000000000000000000e+00,0.000000000000000000e+00,0.000000000000000000e+00,0.000000000000000000e+00,0.000000000000000000e+00,0.000000000000000000e+00,0.000000000000000000e+00,0.000000000000000000e+00,0.000000000000000000e+00,0.000000000000000000e+00,0.000000000000000000e+00,0.000000000000000000e+00,0.000000000000000000e+00
2.164259984486970101e+00,1.391174217638182142e+01,1.392712799399482559e+00,-1.420284765885373481e-02,1.653359282639672162e-02,6.562226076675160558e-01,7.542524833321228028e-01,-4.463932741040597674e-01,5.060066252418056465e-02,8.067922140601968550e-02,8.826929887404479924e-01,2.248371051971915779e-01,5.187657131529024856e-02,-3.777552038381967736e-01,4.369245850942354847e-02,-5.493133565182511252e-02,3.789216813553522023e-01,-7.049917133433800109e-02,-3.237079670598384806e-02,4.870879636373490890e-02,0.000000000000000000e+00,0.000000000000000000e+00,0.000000000000000000e+00,0.000000000000000000e+00,0.000000000000000000e+00,0.000000000000000000e+00,0.000000000000000000e+00,0.000000000000000000e+00,0.000000000000000000e+00,0.000000000000000000e+00,0.000000000000000000e+00,0.000000000000000000e+00,0.000000000000000000e+00,0.000000000000000000e+00,0.000000000000000000e+00,0.000000000000000000e+00
2.169212193267414879e+00,1.394735604366460535e+01,1.395264642806959721e+00,-7.391924190343937898e-03,1.324645812993874988e-02,6.349960181738054654e-01,7.723664594654451321e-01,-5.370617277674768486e-01,8.366455286262217128e-02,1.095156685240458172e-01,8.077915033631755115e-01,1.349428869006060183e-01,6.637320117545048026e-02,-2.964065956590267725e-01,5.513728295525960332e-02,-9.745264587565631575e-03,3.266037594275110201e-01,-4.869768428549924033e-02,-6.833711151807210157e-03,1.038143167976523229e-01,0.000000000000000000e+00,0.000000000000000000e+00,0.000000000000000000e+00,0.000000000000000000e+00,0.000000000000000000e+00,0.000000000000000000e+00,0.000000000000000000e+00,0.000000000000000000e+00,0.000000000000000000e+00,0.000000000000000000e+00,0.000000000000000000e+00,0.000000000000000000e+00,0.000000000000000000e+00,0.000000000000000000e+00,0.000000000000000000e+00,0.000000000000000000e+00
2.173701540816237454e+00,1.398340468997841413e+01,1.394595720995664534e+00,-1.185258886806937750e-02,9.925075730863510554e-03,6.164816433547078978e-01,7.872175000694147107e-01,-5.979269361214178957e-01,1.122046910445125556e-01,1.225700294544491975e-01,6.940113145701822805e-01,1.055993712172993426e-01,5.780194987853266159e-02,-2.383927331997671151e-01,7.599411672208701563e-02,3.688409841325435146e-02,2.953368534109376276e-01,-4.416830453802132739e-02,1.307200908575934656e-02,1.532420801247053321e-01,0.000000000000000000e+00,0.000000000000000000e+00,0.000000000000000000e+00,0.000000000000000000e+00,0.000000000000000000e+00,0.000000000000000000e+00,0.000000000000000000e+00,0.000000000000000000e+00,0.000000000000000000e+00,0.000000000000000000e+00,0.000000000000000000e+00,0.000000000000000000e+00,0.000000000000000000e+00,0.000000000000000000e+00,0.000000000000000000e+00,0.000000000000000000e+00
2.178117307788070001e+00,1.401996608176011350e+01,1.392371398755560596e+00,-2.166422599833653026e-02,5.578604658789748476e-03,5.964316936366692579e-01,8.023520270477587646e-01,-6.502978564006145490e-01,1.505257721097206791e-01,1.406321949885784017e-01,5.594660844427754576e-01,7.683284315061651715e-02,3.192507755341324194e-02,-1.793021428986318611e-01,1.007338516293335984e-01,7.977605620786701324e-02,2.687716865176340009e-01,-6.839248867659274145e-02,2.248943488165621243e-02,1.977817792021162868e-01,0.000000000000000000e+00,0.000000000000000000e+00,0.000000000000000000e+00,0.000000000000000000e+00,0.000000000000000000e+00,0.000000000000000000e+00,0.000000000000000000e+00,0.000000000000000000e+00,0.000000000000000000e+00,0.000000000000000000e+00,0.000000000000000000e+00,0.000000000000000000e+00,0.000000000000000000e+00,0.000000000000000000e+00,0.000000000000000000e+00,0.000000000000000000e+00
2.182311928796239364e+00,1.405609956988394060e+01,1.388157527436956862e+00,-2.821224604568608324e-02,7.033055793569070561e-04,5.857456981015063402e-01,8.100034269618230365e-01,-7.066991672638108790e-01,1.737338414012323251e-01,1.686743780630984013e-01,4.275012923590107983e-01,3.658216725405134123e-02,-2.959955172992094832e-03,-1.263363610268049830e-01,1.122373800106548497e-01,1.041112106942514992e-01,2.591562512096388105e-01,-1.053501643664016690e-01,2.883025183622011864e-02,2.229695008462080352e-01,0.000000000000000000e+00,0.000000000000000000e+00,0.000000000000000000e+00,0.000000000000000000e+00,0.000000000000000000e+00,0.000000000000000000e+00,0.000000000000000000e+00,0.000000000000000000e+00,0.000000000000000000e+00,0.000000000000000000e+00,0.000000000000000000e+00,0.000000000000000000e+00,0.000000000000000000e+00,0.000000000000000000e+00,0.000000000000000000e+00,0.000000000000000000e+00
2.186732050028391328e+00,1.409231406087674188e+01,1.382392546830640834e+00,-3.370280207511971993e-02,1.881991951152444525e-03,5.800175779252118025e-01,8.139042870856196821e-01,-7.520271439822067139e-01,1.769617949582073801e-01,1.763006096175606940e-01,3.014761613919230143e-01,2.277545155654658871e-02,-3.582409145062675354e-02,-8.889367898991194783e-02,1.147948930406784418e-01,1.206528044620336221e-01,2.644601786964101420e-01,-1.444971824908271862e-01,2.627726878021332396e-02,2.341635261525755740e-01,0.000000000000000000e+00,0.000000000000000000e+00,0.000000000000000000e+00,0.000000000000000000e+00,0.000000000000000000e+00,0.000000000000000000e+00,0.000000000000000000e+00,0.000000000000000000e+00,0.000000000000000000e+00,0.000000000000000000e+00,0.000000000000000000e+00,0.000000000000000000e+00,0.000000000000000000e+00,0.000000000000000000e+00,0.000000000000000000e+00,0.000000000000000000e+00
2.191057298949582677e+00,1.412866365360783405e+01,1.374883653214681534e+00,-3.880200840232548437e-02,5.761512791929773378e-03,5.762580773600282091e-01,8.163258157081747513e-01,-7.768069608293109996e-01,1.648486691484587485e-01,1.788938899481408162e-01,1.836674985006147565e-01,2.604648332760507029e-02,-5.152212308635163718e-02,-5.802861056749192281e-02,1.111069346322423879e-01,1.227582941849664905e-01,2.723950348755580508e-01,-1.752570352975080792e-01,2.246401117868924990e-02,2.407141267818108665e-01,0.000000000000000000e+00,0.000000000000000000e+00,0.000000000000000000e+00,0.000000000000000000e+00,0.000000000000000000e+00,0.000000000000000000e+00,0.000000000000000000e+00,0.000000000000000000e+00,0.000000000000000000e+00,0.000000000000000000e+00,0.000000000000000000e+00,0.000000000000000000e+00,0.000000000000000000e+00,0.000000000000000000e+00,0.000000000000000000e+00,0.000000000000000000e+00
2.195323776644767300e+00,1.416636457846376906e+01,1.364646881124469413e+00,-4.215876036987839526e-02,5.470106949404906008e-03,5.679884556571997978e-01,8.219378511141737231e-01,-7.877554544368035039e-01,1.696124121980261412e-01,1.813367382727024968e-01,1.525055477883935362e-01,3.536114434604881868e-02,-5.174155770586349318e-02,-2.465186267068813358e-02,1.076084903168823270e-01,1.358064290332324509e-01,2.965118660159310471e-01,-1.958796076593506130e-01,2.847231616745467264e-02,2.588370133623819624e-01,0.000000000000000000e+00,0.000000000000000000e+00,0.000000000000000000e+00,0.000000000000000000e+00,0.000000000000000000e+00,0.000000000000000000e+00,0.000000000000000000e+00,0.000000000000000000e+00,0.000000000000000000e+00,0.000000000000000000e+00,0.000000000000000000e+00,0.000000000000000000e+00,0.000000000000000000e+00,0.000000000000000000e+00,0.000000000000000000e+00,0.000000000000000000e+00
2.199690966902879019e+00,1.420535339090653437e+01,1.352911989856311115e+00,-4.074052015853905223e-02,6.520573054997359091e-04,5.569306747958632231e-01,8.295589239529074232e-01,-7.878457129178961793e-01,1.848994624667756881e-01,1.973945947186327710e-01,2.123645545293458559e-01,4.458680092438909587e-02,-3.969004698354824251e-02,1.443790147602580509e-02,1.001553607533299944e-01,1.638155590397954997e-01,3.349769523238564362e-01,-1.915689864951836963e-01,4.059138480176882613e-02,2.839348251374296805e-01,0.000000000000000000e+00,0.000000000000000000e+00,0.000000000000000000e+00,0.000000000000000000e+00,0.000000000000000000e+00,0.000000000000000000e+00,0.000000000000000000e+00,0.000000000000000000e+00,0.000000000000000000e+00,0.000000000000000000e+00,0.000000000000000000e+00,0.000000000000000000e+00,0.000000000000000000e+00,0.000000000000000000e+00,0.000000000000000000e+00,0.000000000000000000e+00
2.204231146364561855e+00,1.424490202371953806e+01,1.340796905554166196e+00,-3.703705083680766674e-02,1.298432898222896641e-03,5.477738988523752628e-01,8.358051966058761550e-01,-7.798733141708462657e-01,1.901470540314022240e-01,2.174334157357352137e-01,2.964202593051526446e-01,6.208403160052991532e-02,-1.117502786502937509e-02,4.917342129176525967e-02,7.879605677583403911e-02,1.935089354655717131e-01,3.707995625267848649e-01,-1.530797475659121110e-01,6.521529273712259323e-02,3.100007748800806540e-01,0.000000000000000000e+00,0.000000000000000000e+00,0.000000000000000000e+00,0.000000000000000000e+00,0.000000000000000000e+00,0.000000000000000000e+00,0.000000000000000000e+00,0.000000000000000000e+00,0.000000000000000000e+00,0.000000000000000000e+00,0.000000000000000000e+00,0.000000000000000000e+00,0.000000000000000000e+00,0.000000000000000000e+00,0.000000000000000000e+00,0.000000000000000000e+00
2.208558495434751912e+00,1.428312134600946770e+01,1.329825815401991296e+00,-2.854232388778298740e-02,1.369637883127910669e-02,5.389931708488417961e-01,8.417149795104663657e-01,-7.678966052148783472e-01,1.676964310337707154e-01,2.445923031711226270e-01,3.657147924407596062e-01,7.642107782328327881e-02,2.596754469753023362e-02,7.195894597797017345e-02,2.489998212905408792e-02,2.097512279166914295e-01,3.866426855480880054e-01,-3.675968777104460933e-02,1.121189624247032751e-01,3.321579957655841908e-01,0.000000000000000000e+00,0.000000000000000000e+00,0.000000000000000000e+00,0.000000000000000000e+00,0.000000000000000000e+00,0.000000000000000000e+00,0.000000000000000000e+00,0.000000000000000000e+00,0.000000000000000000e+00,0.000000000000000000e+00,0.000000000000000000e+00,0.000000000000000000e+00,0.000000000000000000e+00,0.000000000000000000e+00,0.000000000000000000e+00,0.000000000000000000e+00
2.212778599340923247e+00,1.431886319217819725e+01,1.322099445171855514e+00,-1.699661713526058951e-02,3.680269029497666017e-02,5.326105282914314065e-01,8.453890832901326258e-01,-7.694338263504015840e-01,1.217434726315933524e-01,2.812739208740676067e-01,4.357129782256612405e-01,8.207209893511660526e-02,7.499793345351021823e-02,8.578848117374329729e-02,-6.471507792387302949e-02,2.027450684078884735e-01,3.875027089126202862e-01,1.977342375392961704e-01,1.698654707007796472e-01,3.535121014059973144e-01,0.000000000000000000e+00,0.000000000000000000e+00,0.000000000000000000e+00,0.000000000000000000e+00,0.000000000000000000e+00,0.000000000000000000e+00,0.000000000000000000e+00,0.000000000000000000e+00,0.000000000000000000e+00,0.000000000000000000e+00,0.000000000000000000e+00,0.000000000000000000e+00,0.000000000000000000e+00,0.000000000000000000e+00,0.000000000000000000e+00,0.000000000000000000e+00
2.216741053683255025e+00,1.435439170328179337e+01,1.320341303162343438e+00,-1.161658984857041887e-02,5.457636205218838188e-02,5.391887710894721630e-01,8.403344243076455999e-01,-7.605029661280949815e-01,6.841295926976752317e-02,2.979135597988666895e-01,4.757132657665834041e-01,7.803136066917254476e-02,1.172960751961130976e-01,8.089980904279193974e-02,-1.120425815403262859e-01,1.927885741604949410e-01,4.309326880715912966e-01,4.105978013908235802e-01,2.173450522652756178e-01,3.488457515286482180e-01,0.000000000000000000e+00,0.000000000000000000e+00,0.000000000000000000e+00,0.000000000000000000e+00,0.000000000000000000e+00,0.000000000000000000e+00,0.000000000000000000e+00,0.000000000000000000e+00,0.000000000000000000e+00,0.000000000000000000e+00,0.000000000000000000e+00,0.000000000000000000e+00,0.000000000000000000e+00,0.000000000000000000e+00,0.000000000000000000e+00,0.000000000000000000e+00
2.220905877378418936e+00,1.439197540086587246e+01,1.323981851676911958e+00,-8.077050893555495770e-04,6.279843401662420221e-02,5.554512514900565856e-01,8.291740538123928417e-01,-7.220851762340124713e-01,-4.875113667841934895e-03,2.844773028407481807e-01,4.976203874590235943e-01,3.995865180378922049e-02,1.583024084495848471e-01,2.947845762718041829e-02,-1.402880305375851233e-01,1.541488248594491406e-01,5.934921665789777423e-01,4.968613224600096356e-01,2.262553070194119609e-01,3.234940179868122101e-01,0.000000000000000000e+00,0.000000000000000000e+00,0.000000000000000000e+00,0.000000000000000000e+00,0.000000000000000000e+00,0.000000000000000000e+00,0.000000000000000000e+00,0.000000000000000000e+00,0.000000000000000000e+00,0.000000000000000000e+00,0.000000000000000000e+00,0.000000000000000000e+00,0.000000000000000000e+00,0.000000000000000000e+00,0.000000000000000000e+00,0.000000000000000000e+00
2.223505201548694910e+00,1.443084832346435498e+01,1.333329016443757231e+00,6.443220184320900927e-03,6.077069946783254795e-02,5.778151148554244720e-01,8.138765877235065727e-01,-6.649262951633282404e-01,-6.650418647903810765e-02,2.492866407279642482e-01,5.009172519053269879e-01,-1.974505264714363981e-02,1.906018996997572990e-01,-4.705799851613815671e-02,-1.568431747730361092e-01,8.375362959532811624e-02,7.395631060386503863e-01,4.981079686977304966e-01,1.830880264206176944e-01,2.735652971818925971e-01,0.000000000000000000e+00,0.000000000000000000e+00,0.000000000000000000e+00,0.000000000000000000e+00,0.000000000000000000e+00,0.000000000000000000e+00,0.000000000000000000e+00,0.000000000000000000e+00,0.000000000000000000e+00,0.000000000000000000e+00,0.000000000000000000e+00,0.000000000000000000e+00,0.000000000000000000e+00,0.000000000000000000e+00,0.000000000000000000e+00,0.000000000000000000e+00
2.223919142795840465e+00,1.446888213473928531e+01,1.344950189835758758e+00,2.344667706444904243e-03,5.477482274966885556e-02,5.951988668888407163e-01,8.017060123139454486e-01,-6.031056643379968385e-01,-9.203798168840313099e-02,2.100101238357574285e-01,4.818253354829142854e-01,-8.167615134303880808e-02,2.094447051781537505e-01,-1.375030943187909860e-01,-1.622439963871883661e-01,9.854765816024416147e-03,7.893148427783586163e-01,4.952908672434204185e-01,1.206284045986164288e-01,2.187404816306033339e-01,0.000000000000000000e+00,0.000000000000000000e+00,0.000000000000000000e+00,0.000000000000000000e+00,0.000000000000000000e+00,0.000000000000000000e+00,0.000000000000000000e+00,0.000000000000000000e+00,0.000000000000000000e+00,0.000000000000000000e+00,0.000000000000000000e+00,0.000000000000000000e+00,0.000000000000000000e+00,0.000000000000000000e+00,0.000000000000000000e+00,0.000000000000000000e+00
2.223949938330087139e+00,1.450627304256749461e+01,1.351155646838625435e+00,1.083514961840988805e-02,4.649170130300447901e-02,6.149372908601354881e-01,7.871297539493062878e-01,-5.247490758742588968e-01,-1.359303252138968909e-01,1.697948166518905566e-01,4.655214050001300619e-01,-1.290316845309481542e-01,2.243170683343758132e-01,-2.504574045593293552e-01,-1.920777860240539259e-01,-5.787320767715536940e-02,8.804027227560208280e-01,3.991192964027926449e-01,6.922183968186464142e-02,1.499215388118789460e-01,0.000000000000000000e+00,0.000000000000000000e+00,0.000000000000000000e+00,0.000000000000000000e+00,0.000000000000000000e+00,0.000000000000000000e+00,0.000000000000000000e+00,0.000000000000000000e+00,0.000000000000000000e+00,0.000000000000000000e+00,0.000000000000000000e+00,0.000000000000000000e+00,0.000000000000000000e+00,0.000000000000000000e+00,0.000000000000000000e+00,0.000000000000000000e+00
2.223645168721910981e+00,1.454317624055847880e+01,1.356217404173395868e+00,1.861728592335940707e-02,3.977122887682423003e-02,6.391736179947170582e-01,7.678077442159711996e-01,-4.391428273494271117e-01,-1.805357454996695532e-01,1.124005261468288275e-01,4.261893028045608545e-01,-1.514044633416094243e-01,2.197440493954171958e-01,-3.542597401846647176e-01,-2.146118878517599415e-01,-1.105898295860469754e-01,9.220480175626271091e-01,3.071467783152951880e-01,4.262021360029110556e-02,8.236960009507607317e-02,0.000000000000000000e+00,0.000000000000000000e+00,0.000000000000000000e+00,0.000000000000000000e+00,0.000000000000000000e+00,0.000000000000000000e+00,0.000000000000000000e+00,0.000000000000000000e+00,0.000000000000000000e+00,0.000000000000000000e+00,0.000000000000000000e+00,0.000000000000000000e+00,0.000000000000000000e+00,0.000000000000000000e+00,0.000000000000000000e+00,0.000000000000000000e+00
2.222770485843051702e+00,1.458013318717780038e+01,1.358866155255554986e+00,2.621878800178786134e-02,3.537482122358635156e-02,6.616569983376917596e-01,7.485126677150308883e-01,-3.539669530154978538e-01,-2.200615805967002792e-01,5.220678460991206443e-02,3.851914347805767691e-01,-1.708567060004172466e-01,2.102365076995134086e-01,-4.435149786496743740e-01,-2.487456228707508599e-01,-1.620878063537648239e-01,9.073004557503820955e-01,2.237689362831848383e-01,2.775843639699922955e-02,2.227581340787756700e-02,0.000000000000000000e+00,0.000000000000000000e+00,0.000000000000000000e+00,0.000000000000000000e+00,0.000000000000000000e+00,0.000000000000000000e+00,0.000000000000000000e+00,0.000000000000000000e+00,0.000000000000000000e+00,0.000000000000000000e+00,0.000000000000000000e+00,0.000000000000000000e+00,0.000000000000000000e+00,0.000000000000000000e+00,0.000000000000000000e+00,0.000000000000000000e+00
2.221518072565380031e+00,1.461712781139645223e+01,1.359151100052803596e+00,3.285627952970687771e-02,3.222121792210543706e-02,6.858199764178567470e-01,7.263148201415775551e-01,-2.730248449638438824e-01,-2.540680017565300486e-01,-1.684571912096684276e-02,3.548048598473186876e-01,-1.872083961002435903e-01,1.933968889138761305e-01,-5.166474145297056397e-01,-2.759298878571874170e-01,-1.975711320194474818e-01,8.378905775712827131e-01,1.748441563955899780e-01,3.634708392446901054e-02,-3.942157926464164713e-02,0.000000000000000000e+00,0.000000000000000000e+00,0.000000000000000000e+00,0.000000000000000000e+00,0.000000000000000000e+00,0.000000000000000000e+00,0.000000000000000000e+00,0.000000000000000000e+00,0.000000000000000000e+00,0.000000000000000000e+00,0.000000000000000000e+00,0.000000000000000000e+00,0.000000000000000000e+00,0.000000000000000000e+00,0.000000000000000000e+00,0.000000000000000000e+00
2.220136408152181051e+00,1.465459294579882332e+01,1.356795137080194946e+00,3.768349633648260255e-02,3.151188255850165265e-02,7.049735972410950957e-01,7.075303403773068878e-01,-2.036859345648038278e-01,-2.776245513226198169e-01,-7.054741975366665696e-02,3.382470680282021469e-01,-2.108690931345162112e-01,1.838707009758314692e-01,-5.730531902609476980e-01,-2.976696519611154446e-01,-2.186819524287745842e-01,7.415261731728479688e-01,1.226256925182232782e-01,5.379894356626219176e-02,-9.536815129450122719e-02,0.000000000000000000e+00,0.000000000000000000e+00,0.000000000000000000e+00,0.000000000000000000e+00,0.000000000000000000e+00,0.000000000000000000e+00,0.000000000000000000e+00,0.000000000000000000e+00,0.000000000000000000e+00,0.000000000000000000e+00,0.000000000000000000e+00,0.000000000000000000e+00,0.000000000000000000e+00,0.000000000000000000e+00,0.000000000000000000e+00,0.000000000000000000e+00
2.218911935360792675e+00,1.469250989202361168e+01,1.352645056900112941e+00,4.194772368733343249e-02,3.079959069142856887e-02,7.213291194882537338e-01,6.906345452328546131e-01,-1.386118894526070511e-01,-2.949225420764929884e-01,-1.233016995972364971e-01,3.294894477930299659e-01,-2.335042047904461460e-01,1.725783589104749327e-01,-6.163806732648309250e-01,-3.060984559606940714e-01,-2.221578391091697802e-01,6.329361860668506479e-01,9.196333957341298881e-02,8.472348773092018559e-02,-1.415537469502287093e-01,0.000000000000000000e+00,0.000000000000000000e+00,0.000000000000000000e+00,0.000000000000000000e+00,0.000000000000000000e+00,0.000000000000000000e+00,0.000000000000000000e+00,0.000000000000000000e+00,0.000000000000000000e+00,0.000000000000000000e+00,0.000000000000000000e+00,0.000000000000000000e+00,0.000000000000000000e+00,0.000000000000000000e+00,0.000000000000000000e+00,0.000000000000000000e+00
2.218297203464385969e+00,1.473108288359763662e+01,1.347289335671540300e+00,4.358789533693989415e-02,3.220328337835065557e-02,7.332067400836583815e-01,6.778428433019296762e-01,-7.793595377961826109e-02,-3.044743628513041367e-01,-1.710917587647955429e-01,3.157735766652280951e-01,-2.545054780898151070e-01,1.610559259286830081e-01,-6.581913396415656203e-01,-2.994737215776788752e-01,-2.096731744849130163e-01,4.991527286451992729e-01,6.128552458391839375e-02,1.285624552714639546e-01,-1.836056388049096544e-01,0.000000000000000000e+00,0.000000000000000000e+00,0.000000000000000000e+00,0.000000000000000000e+00,0.000000000000000000e+00,0.000000000000000000e+00,0.000000000000000000e+00,0.000000000000000000e+00,0.000000000000000000e+00,0.000000000000000000e+00,0.000000000000000000e+00,0.000000000000000000e+00,0.000000000000000000e+00,0.000000000000000000e+00,0.000000000000000000e+00,0.000000000000000000e+00
2.218253453055689217e+00,1.476957549498101940e+01,1.341070345050822787e+00,3.926621457725666675e-02,3.463525682143845513e-02,7.359382489302623842e-01,6.750210790331996336e-01,-3.013565136770970931e-02,-3.030139412731908677e-01,-2.014771209583807177e-01,3.035989179188035014e-01,-2.884735109378844253e-01,1.551231095738189181e-01,-7.066034636885076825e-01,-2.819287227681184227e-01,-2.048123912713181727e-01,3.708933653264752661e-01,9.945655222025055753e-03,1.736639393786416352e-01,-2.066782906851634960e-01,0.000000000000000000e+00,0.000000000000000000e+00,0.000000000000000000e+00,0.000000000000000000e+00,0.000000000000000000e+00,0.000000000000000000e+00,0.000000000000000000e+00,0.000000000000000000e+00,0.000000000000000000e+00,0.000000000000000000e+00,0.000000000000000000e+00,0.000000000000000000e+00,0.000000000000000000e+00,0.000000000000000000e+00,0.000000000000000000e+00,0.000000000000000000e+00
2.219429413089273773e+00,1.480840624320848775e+01,1.332484471883444321e+00,3.401151645663616496e-02,3.956623563466760141e-02,7.348518388047109440e-01,6.762177938736579907e-01,2.946116933628284418e-03,-3.066206763441515770e-01,-2.398538561766044575e-01,3.076954589962765940e-01,-3.186278313959507447e-01,1.462050088144364324e-01,-7.549060025751666014e-01,-2.556766396506541805e-01,-1.860537243682503783e-01,2.726354163916199225e-01,-1.311683068190219043e-02,2.055673067028716272e-01,-2.121686884662271066e-01,0.000000000000000000e+00,0.000000000000000000e+00,0.000000000000000000e+00,0.000000000000000000e+00,0.000000000000000000e+00,0.000000000000000000e+00,0.000000000000000000e+00,0.000000000000000000e+00,0.000000000000000000e+00,0.000000000000000000e+00,0.000000000000000000e+00,0.000000000000000000e+00,0.000000000000000000e+00,0.000000000000000000e+00,0.000000000000000000e+00,0.000000000000000000e+00
2.221435178429975288e+00,1.484892947801658813e+01,1.321499642990742851e+00,3.040126610257258902e-02,4.587013848355686596e-02,7.325778046057551673e-01,6.784551964675866742e-01,4.035311575849176435e-02,-3.118295809393016871e-01,-2.701728725581820645e-01,3.146507361187899088e-01,-3.381738361533312420e-01,1.331316149285346195e-01,-7.811751492518951290e-01,-2.343107663786288819e-01,-1.825664848404433827e-01,2.158318293311014269e-01,-1.520664626306596559e-02,2.212424185094721274e-01,-2.160692600087116000e-01,0.000000000000000000e+00,0.000000000000000000e+00,0.000000000000000000e+00,0.000000000000000000e+00,0.000000000000000000e+00,0.000000000000000000e+00,0.000000000000000000e+00,0.000000000000000000e+00,0.000000000000000000e+00,0.000000000000000000e+00,0.000000000000000000e+00,0.000000000000000000e+00,0.000000000000000000e+00,0.000000000000000000e+00,0.000000000000000000e+00,0.000000000000000000e+00
2.223897165468442072e+00,1.489145238712445085e+01,1.306810361063842185e+00,2.921262854098102130e-02,5.174674979730160829e-02,7.369403524617559320e-01,6.733407852883152023e-01,7.438766963348605876e-02,-3.205852528974668658e-01,-3.031175749838432298e-01,3.604896553668012205e-01,-3.638088347734959593e-01,1.261378641468701434e-01,-7.880423568525602995e-01,-2.267789198137453166e-01,-1.711416431866376597e-01,2.305792179824405208e-01,-9.568513583967833136e-03,2.142375894704271200e-01,-2.296303815447355845e-01,0.000000000000000000e+00,0.000000000000000000e+00,0.000000000000000000e+00,0.000000000000000000e+00,0.000000000000000000e+00,0.000000000000000000e+00,0.000000000000000000e+00,0.000000000000000000e+00,0.000000000000000000e+00,0.000000000000000000e+00,0.000000000000000000e+00,0.000000000000000000e+00,0.000000000000000000e+00,0.000000000000000000e+00,0.000000000000000000e+00,0.000000000000000000e+00
2.226369888892105742e+00,1.493383569962080060e+01,1.292231167974081441e+00,2.552068930875516645e-02,4.894838460704079713e-02,7.473074081237485178e-01,6.621815369103341009e-01,1.106290641597837826e-01,-2.999038365808389672e-01,-3.161963199800382762e-01,4.057284746969436751e-01,-3.395833885531566732e-01,1.045762070697652396e-01,-7.769694050688157327e-01,-2.201978483040410717e-01,-1.715924422457421605e-01,2.895539784359151825e-01,1.542110661748793965e-04,1.902554032587591981e-01,-2.539856119660608980e-01,0.000000000000000000e+00,0.000000000000000000e+00,0.000000000000000000e+00,0.000000000000000000e+00,0.000000000000000000e+00,0.000000000000000000e+00,0.000000000000000000e+00,0.000000000000000000e+00,0.000000000000000000e+00,0.000000000000000000e+00,0.000000000000000000e+00,0.000000000000000000e+00,0.000000000000000000e+00,0.000000000000000000e+00,0.000000000000000000e+00,0.000000000000000000e+00
2.229312816581760615e+00,1.497486777540549419e+01,1.283267012039467581e+00,1.571465941289817633e-02,4.345039366748591758e-02,7.579428889590020813e-01,6.506824800516443075e-01,1.513090994014120449e-01,-2.618088250817883766e-01,-3.482372221183318572e-01,4.156771892862720086e-01,-2.307584603923918121e-01,5.719923771933718704e-02,-7.524867817363777300e-01,-2.001102696560012051e-01,-1.858830531244278772e-01,3.437965656787116409e-01,2.123959031034106104e-02,1.527944414084101143e-01,-2.822420218422060367e-01,0.000000000000000000e+00,0.000000000000000000e+00,0.000000000000000000e+00,0.000000000000000000e+00,0.000000000000000000e+00,0.000000000000000000e+00,0.000000000000000000e+00,0.000000000000000000e+00,0.000000000000000000e+00,0.000000000000000000e+00,0.000000000000000000e+00,0.000000000000000000e+00,0.000000000000000000e+00,0.000000000000000000e+00,0.000000000000000000e+00,0.000000000000000000e+00
2.232014436767067789e+00,1.501347065817763138e+01,1.274870943451910321e+00,-4.479280080770198236e-03,3.219851861726396453e-02,7.690726863951033998e-01,6.383340774937761308e-01,1.772469277986027381e-01,-2.074455987442582194e-01,-3.950518323172374502e-01,4.217057562453960240e-01,-5.118499615173780631e-02,-1.288586129040698164e-02,-7.356952080818336404e-01,-1.654787807728240467e-01,-2.148649189267596293e-01,3.968053612704067201e-01,4.142083755999725891e-02,1.037719501608670158e-01,-3.069813478893955727e-01,0.000000000000000000e+00,0.000000000000000000e+00,0.000000000000000000e+00,0.000000000000000000e+00,0.000000000000000000e+00,0.000000000000000000e+00,0.000000000000000000e+00,0.000000000000000000e+00,0.000000000000000000e+00,0.000000000000000000e+00,0.000000000000000000e+00,0.000000000000000000e+00,0.000000000000000000e+00,0.000000000000000000e+00,0.000000000000000000e+00,0.000000000000000000e+00
2.234737452773032373e+00,1.504931804273019402e+01,1.268557037534943532e+00,-2.625604876265254586e-02,1.671702154032020729e-02,7.746539601989982371e-01,6.316188748305436862e-01,1.759654868391067606e-01,-1.403855443730442909e-01,-4.092590228341447811e-01,4.349461915135949264e-01,1.742904939601577219e-01,-9.387724517342953268e-02,-7.309227118724663796e-01,-1.238341795210302354e-01,-2.516473634123985170e-01,4.598554409744480820e-01,3.527813049514601923e-02,4.566434331310112449e-02,-3.142042236438236102e-01,0.000000000000000000e+00,0.000000000000000000e+00,0.000000000000000000e+00,0.000000000000000000e+00,0.000000000000000000e+00,0.000000000000000000e+00,0.000000000000000000e+00,0.000000000000000000e+00,0.000000000000000000e+00,0.000000000000000000e+00,0.000000000000000000e+00,0.000000000000000000e+00,0.000000000000000000e+00,0.000000000000000000e+00,0.000000000000000000e+00,0.000000000000000000e+00
2.237094466336771337e+00,1.508475909396264747e+01,1.267308225760227502e+00,-3.844939685387438466e-02,5.839479246441844212e-03,7.713084568250239137e-01,6.352722320343484608e-01,1.421993580722727690e-01,-9.777923440281607870e-02,-3.808561706271440528e-01,4.932913312607747347e-01,3.808457265809335746e-01,-1.591299332846033976e-01,-7.223220238390901660e-01,-8.665466509121140526e-02,-2.659329739118990177e-01,5.188805693441290723e-01,9.617582317724492069e-03,-1.397345257039225852e-02,-2.867695562542532661e-01,0.000000000000000000e+00,0.000000000000000000e+00,0.000000000000000000e+00,0.000000000000000000e+00,0.000000000000000000e+00,0.000000000000000000e+00,0.000000000000000000e+00,0.000000000000000000e+00,0.000000000000000000e+00,0.000000000000000000e+00,0.000000000000000000e+00,0.000000000000000000e+00,0.000000000000000000e+00,0.000000000000000000e+00,0.000000000000000000e+00,0.000000000000000000e+00
2.239256507611991687e+00,1.512138817238418653e+01,1.272299226132340477e+00,-3.580440700492513312e-02,3.521905737597380397e-03,7.613463361173408162e-01,6.473464274248382777e-01,8.019727689943600968e-02,-8.474599653889740292e-02,-3.149669071072407900e-01,5.873053474465402823e-01,4.940960184671199240e-01,-1.766652245274088484e-01,-6.903898695405008556e-01,-6.125826498263192699e-02,-2.470571939075885126e-01,5.525912819582270430e-01,-2.366227485210058851e-02,-5.407654526008441598e-02,-2.418594408533573936e-01,0.000000000000000000e+00,0.000000000000000000e+00,0.000000000000000000e+00,0.000000000000000000e+00,0.000000000000000000e+00,0.000000000000000000e+00,0.000000000000000000e+00,0.000000000000000000e+00,0.000000000000000000e+00,0.000000000000000000e+00,0.000000000000000000e+00,0.000000000000000000e+00,0.000000000000000000e+00,0.000000000000000000e+00,0.000000000000000000e+00,0.000000000000000000e+00
2.241783863156183276e+00,1.515866244927702944e+01,1.280325139284248070e+00,-2.889599947942506422e-02,3.863612780509759898e-03,7.453251927788516751e-01,6.660633984235541094e-01,-2.603205022167515495e-02,-7.096818809979099640e-02,-2.023199829217808277e-01,7.105458176028353057e-01,4.946378534630946899e-01,-1.403218714550917845e-01,-6.357415878927257236e-01,-3.220637063584972509e-02,-2.047546549053535503e-01,5.542543165401871974e-01,-6.082466868492623219e-02,-6.680864750871917668e-02,-1.840814415143272320e-01,0.000000000000000000e+00,0.000000000000000000e+00,0.000000000000000000e+00,0.000000000000000000e+00,0.000000000000000000e+00,0.000000000000000000e+00,0.000000000000000000e+00,0.000000000000000000e+00,0.000000000000000000e+00,0.000000000000000000e+00,0.000000000000000000e+00,0.000000000000000000e+00,0.000000000000000000e+00,0.000000000000000000e+00,0.000000000000000000e+00,0.000000000000000000e+00
2.244707289766969982e+00,1.519507893127898690e+01,1.289739429737424503e+00,-1.979230419166256444e-02,9.975516548171385264e-03,7.311894795602321695e-01,6.818142699774020210e-01,-1.344159213468033021e-01,-5.517398326049316459e-02,-1.041809162679654538e-01,7.918824247428688512e-01,4.600897774867201417e-01,-7.955176764455566818e-02,-5.709986851511633654e-01,-1.934884524399659023e-02,-1.612904766200792539e-01,5.302728680263423255e-01,-8.273748995618179780e-02,-6.850739687845526504e-02,-1.313762117632250315e-01,0.000000000000000000e+00,0.000000000000000000e+00,0.000000000000000000e+00,0.000000000000000000e+00,0.000000000000000000e+00,0.000000000000000000e+00,0.000000000000000000e+00,0.000000000000000000e+00,0.000000000000000000e+00,0.000000000000000000e+00,0.000000000000000000e+00,0.000000000000000000e+00,0.000000000000000000e+00,0.000000000000000000e+00,0.000000000000000000e+00,0.000000000000000000e+00
2.247558651477128855e+00,1.523110836134764412e+01,1.297511510899459708e+00,-1.372170734117257075e-02,1.044348906964997527e-02,7.161937442732781989e-01,6.976884469070104844e-01,-2.542514101951114380e-01,-1.647194535100071286e-02,-1.735139410147246153e-02,8.703564220330960444e-01,3.797344939544359810e-01,-1.474865298254972312e-02,-4.943713747356014987e-01,2.053440637330102014e-03,-1.227001716701466294e-01,4.861950156560496672e-01,-8.985611460036502240e-02,-6.338086046511555438e-02,-7.201137223113721064e-02,0.000000000000000000e+00,0.000000000000000000e+00,0.000000000000000000e+00,0.000000000000000000e+00,0.000000000000000000e+00,0.000000000000000000e+00,0.000000000000000000e+00,0.000000000000000000e+00,0.000000000000000000e+00,0.000000000000000000e+00,0.000000000000000000e+00,0.000000000000000000e+00,0.000000000000000000e+00,0.000000000000000000e+00,0.000000000000000000e+00,0.000000000000000000e+00
2.250317476823737284e+00,1.526686598777827264e+01,1.304121377734631881e+00,-7.547963286107673558e-03,1.030791091039886392e-02,6.997754331667591643e-01,7.142486390320726963e-01,-3.711962139747233547e-01,1.986594415996238705e-02,4.142210512052241222e-02,9.022838518379567851e-01,2.769910971896282215e-01,3.505176749536968728e-02,-4.157943885153031482e-01,1.877855350920074745e-02,-9.172225938645871268e-02,4.319119749795157226e-01,-8.240524778824105667e-02,-5.014841224845786871e-02,-9.223821484588952402e-03,0.000000000000000000e+00,0.000000000000000000e+00,0.000000000000000000e+00,0.000000000000000000e+00,0.000000000000000000e+00,0.000000000000000000e+00,0.000000000000000000e+00,0.000000000000000000e+00,0.000000000000000000e+00,0.000000000000000000e+00,0.000000000000000000e+00,0.000000000000000000e+00,0.000000000000000000e+00,0.000000000000000000e+00,0.000000000000000000e+00,0.000000000000000000e+00
2.252761925604090276e+00,1.530279391088970797e+01,1.309296103373849718e+00,-2.038753229848682541e-03,1.046103822558481534e-02,6.794630974911565202e-01,7.336322711769384108e-01,-4.778610387357033473e-01,5.313414058736176671e-02,8.213997153781348037e-02,8.700670829611194534e-01,1.675011316894426949e-01,5.999306858255037955e-02,-3.360107433461806958e-01,2.880255045135941827e-02,-6.033432946715632655e-02,3.682235489889342794e-01,-6.501583176408473608e-02,-2.394940203784445831e-02,5.200587606889343212e-02,0.000000000000000000e+00,0.000000000000000000e+00,0.000000000000000000e+00,0.000000000000000000e+00,0.000000000000000000e+00,0.000000000000000000e+00,0.000000000000000000e+00,0.000000000000000000e+00,0.000000000000000000e+00,0.000000000000000000e+00,0.000000000000000000e+00,0.000000000000000000e+00,0.000000000000000000e+00,0.000000000000000000e+00,0.000000000000000000e+00,0.000000000000000000e+00
2.254697094616418429e+00,1.533911687762202192e+01,1.311286327138740937e+00,-2.658403586756046683e-03,8.819990205080835768e-03,6.583355062863435192e-01,7.526682548280188012e-01,-5.623663896022266240e-01,8.796347927536538047e-02,1.112982992380937564e-01,7.852093521328857850e-01,9.719764656076898546e-02,6.056711590211329155e-02,-2.613086123271055050e-01,4.342268024611700694e-02,-2.440128775249430712e-02,3.064067307661549333e-01,-5.003913301245014461e-02,5.742667733147901674e-03,1.144155272730957434e-01,0.000000000000000000e+00,0.000000000000000000e+00,0.000000000000000000e+00,0.000000000000000000e+00,0.000000000000000000e+00,0.000000000000000000e+00,0.000000000000000000e+00,0.000000000000000000e+00,0.000000000000000000e+00,0.000000000000000000e+00,0.000000000000000000e+00,0.000000000000000000e+00,0.000000000000000000e+00,0.000000000000000000e+00,0.000000000000000000e+00,0.000000000000000000e+00
2.256202272283740040e+00,1.537605107318220021e+01,1.309465699596294108e+00,-9.439567412452630479e-03,6.864119569015051346e-03,6.389066051416361081e-01,7.691957672374422073e-01,-6.205026695982572837e-01,1.225364821159680012e-01,1.345835300161949966e-01,6.689280012626512839e-01,7.155545297689921980e-02,4.547437669952740513e-02,-2.032332787965875631e-01,5.979496188333088824e-02,1.844996571925424517e-02,2.625226506205343702e-01,-4.361900926074221974e-02,2.873343432944263851e-02,1.635073441888729717e-01,0.000000000000000000e+00,0.000000000000000000e+00,0.000000000000000000e+00,0.000000000000000000e+00,0.000000000000000000e+00,0.000000000000000000e+00,0.000000000000000000e+00,0.000000000000000000e+00,0.000000000000000000e+00,0.000000000000000000e+00,0.000000000000000000e+00,0.000000000000000000e+00,0.000000000000000000e+00,0.000000000000000000e+00,0.000000000000000000e+00,0.000000000000000000e+00
2.257620299934668839e+00,1.541323120783639133e+01,1.304353829638717599e+00,-1.782158147790966971e-02,3.657766367535805405e-03,6.219604436050585328e-01,7.828372874163732620e-01,-6.780235302886765680e-01,1.531617049178795320e-01,1.505435906504221655e-01,5.267279451225636011e-01,2.540294520505872317e-02,1.666023263319650963e-02,-1.548155391796273428e-01,7.755715536326003579e-02,5.737328264218513607e-02,2.452983725244000379e-01,-7.217363720600214472e-02,3.501841524329005195e-02,2.008629016744381268e-01,0.000000000000000000e+00,0.000000000000000000e+00,0.000000000000000000e+00,0.000000000000000000e+00,0.000000000000000000e+00,0.000000000000000000e+00,0.000000000000000000e+00,0.000000000000000000e+00,0.000000000000000000e+00,0.000000000000000000e+00,0.000000000000000000e+00,0.000000000000000000e+00,0.000000000000000000e+00,0.000000000000000000e+00,0.000000000000000000e+00,0.000000000000000000e+00
2.259146893820039192e+00,1.544999460251490753e+01,1.299792262589222425e+00,-2.270081750148524036e-02,4.677929516408472349e-03,6.153266945385277298e-01,7.879313731845517532e-01,-7.300491564850765114e-01,1.683766817104805080e-01,1.633502099458076229e-01,3.956679568658284518e-01,-9.095778744912935698e-05,-1.595321097326505774e-02,-1.189742586343226494e-01,8.187459127561343142e-02,7.649989459324413321e-02,2.457392652264167032e-01,-1.005875625509099064e-01,3.505084726471059675e-02,2.208448987118146190e-01,0.000000000000000000e+00,0.000000000000000000e+00,0.000000000000000000e+00,0.000000000000000000e+00,0.000000000000000000e+00,0.000000000000000000e+00,0.000000000000000000e+00,0.000000000000000000e+00,0.000000000000000000e+00,0.000000000000000000e+00,0.000000000000000000e+00,0.000000000000000000e+00,0.000000000000000000e+00,0.000000000000000000e+00,0.000000000000000000e+00,0.000000000000000000e+00
2.260520370681244451e+00,1.548644063409906302e+01,1.293878159637443570e+00,-2.813030200006088472e-02,6.234285173738147133e-03,6.118253545099602286e-01,7.904679344391646323e-01,-7.740245986545271073e-01,1.713736725783908399e-01,1.715151011146224258e-01,2.834600411464375247e-01,-6.186253023039531285e-03,-3.923055546132882265e-02,-8.896409171397906546e-02,8.377307704875337768e-02,8.752151579528288927e-02,2.515218521120957673e-01,-1.334091108483398957e-01,3.444591543165684278e-02,2.296469261033646236e-01,0.000000000000000000e+00,0.000000000000000000e+00,0.000000000000000000e+00,0.000000000000000000e+00,0.000000000000000000e+00,0.000000000000000000e+00,0.000000000000000000e+00,0.000000000000000000e+00,0.000000000000000000e+00,0.000000000000000000e+00,0.000000000000000000e+00,0.000000000000000000e+00,0.000000000000000000e+00,0.000000000000000000e+00,0.000000000000000000e+00,0.000000000000000000e+00
2.261974836954828927e+00,1.552333272695001298e+01,1.286073315784751703e+00,-3.351010396844356087e-02,9.159400345261081711e-03,6.093819130268123274e-01,7.921154350176004000e-01,-8.028295651418653200e-01,1.628216380672144192e-01,1.759966887656901902e-01,2.046001193221783365e-01,-7.249057042309201004e-03,-4.545254209633631248e-02,-6.806461776370478778e-02,8.173412768054648392e-02,8.395916855808566170e-02,2.771947088989805685e-01,-1.731260305759506068e-01,3.112390013920357176e-02,2.399638972928119229e-01,0.000000000000000000e+00,0.000000000000000000e+00,0.000000000000000000e+00,0.000000000000000000e+00,0.000000000000000000e+00,0.000000000000000000e+00,0.000000000000000000e+00,0.000000000000000000e+00,0.000000000000000000e+00,0.000000000000000000e+00,0.000000000000000000e+00,0.000000000000000000e+00,0.000000000000000000e+00,0.000000000000000000e+00,0.000000000000000000e+00,0.000000000000000000e+00
2.263331599693723106e+00,1.556153775154951902e+01,1.275973077602748695e+00,-3.581627069946873715e-02,7.691598053497929188e-03,6.010660372777094640e-01,7.983593507336390616e-01,-8.097785726208046597e-01,1.721139280625305079e-01,1.828623923855175470e-01,2.106461079869283437e-01,-9.401809672368449666e-04,-4.179763001427543034e-02,-4.021737009958067932e-02,8.250710479153428034e-02,1.014260949750219465e-01,3.188450874317667050e-01,-2.002764650204374719e-01,3.229893276976620459e-02,2.600567810635849852e-01,0.000000000000000000e+00,0.000000000000000000e+00,0.000000000000000000e+00,0.000000000000000000e+00,0.000000000000000000e+00,0.000000000000000000e+00,0.000000000000000000e+00,0.000000000000000000e+00,0.000000000000000000e+00,0.000000000000000000e+00,0.000000000000000000e+00,0.000000000000000000e+00,0.000000000000000000e+00,0.000000000000000000e+00,0.000000000000000000e+00,0.000000000000000000e+00
2.264660158723576622e+00,1.560073581624254757e+01,1.264772564675582078e+00,-3.468263958387125812e-02,6.260067261866544309e-03,5.918410197106056536e-01,8.052838837685022400e-01,-8.057705627022031525e-01,1.808285123416572826e-01,1.966851338496859447e-01,2.782583312426267774e-01,1.380363830396178805e-02,-2.338712464760002094e-02,-7.556985877519580008e-03,7.579941938963762060e-02,1.304919651398014913e-01,3.606972828961919619e-01,-1.892408102400045811e-01,4.403792605547410255e-02,2.852194539583371435e-01,0.000000000000000000e+00,0.000000000000000000e+00,0.000000000000000000e+00,0.000000000000000000e+00,0.000000000000000000e+00,0.000000000000000000e+00,0.000000000000000000e+00,0.000000000000000000e+00,0.000000000000000000e+00,0.000000000000000000e+00,0.000000000000000000e+00,0.000000000000000000e+00,0.000000000000000000e+00,0.000000000000000000e+00,0.000000000000000000e+00,0.000000000000000000e+00
2.265790048370366350e+00,1.563956443473620794e+01,1.253738365727537163e+00,-2.966067924840287695e-02,1.113950039483478649e-02,5.837062146976549348e-01,8.113465415966299998e-01,-7.932780772458245533e-01,1.731868595566812830e-01,2.133813830596263394e-01,3.561163569549038455e-01,2.988030774629558267e-02,4.239259033409868184e-03,2.179105396525712196e-02,4.697636453821427832e-02,1.609142915693498599e-01,3.929394603667210051e-01,-1.290909110473927590e-01,7.649529729143619838e-02,3.078354690954304695e-01,0.000000000000000000e+00,0.000000000000000000e+00,0.000000000000000000e+00,0.000000000000000000e+00,0.000000000000000000e+00,0.000000000000000000e+00,0.000000000000000000e+00,0.000000000000000000e+00,0.000000000000000000e+00,0.000000000000000000e+00,0.000000000000000000e+00,0.000000000000000000e+00,0.000000000000000000e+00,0.000000000000000000e+00,0.000000000000000000e+00,0.000000000000000000e+00
2.266700251694456103e+00,1.567652776332271536e+01,1.244939512635741652e+00,-2.007470181028638695e-02,2.782256256575854972e-02,5.753901712432507587e-01,8.171591412914410713e-01,-7.820947857409135118e-01,1.343640083276091690e-01,2.383468773457866063e-01,4.241866789436172791e-01,4.708393638249696450e-02,4.465477043221614817e-02,4.673600180770363932e-02,-2.338990977267835572e-02,1.765990563562805371e-01,3.933681894390397837e-01,5.186965953506304100e-02,1.301557887295946847e-01,3.316961786479494245e-01,0.000000000000000000e+00,0.000000000000000000e+00,0.000000000000000000e+00,0.000000000000000000e+00,0.000000000000000000e+00,0.000000000000000000e+00,0.000000000000000000e+00,0.000000000000000000e+00,0.000000000000000000e+00,0.000000000000000000e+00,0.000000000000000000e+00,0.000000000000000000e+00,0.000000000000000000e+00,0.000000000000000000e+00,0.000000000000000000e+00,0.000000000000000000e+00
2.267494751639159922e+00,1.571204238489833571e+01,1.239899392485265039e+00,-1.321251506094020187e-02,4.599739844989408216e-02,5.744009855588882996e-01,8.171738961632241116e-01,-7.754520756361826805e-01,8.366840625000086795e-02,2.637730359763765797e-01,4.805423321421691263e-01,5.075873239783261492e-02,9.153854648525713844e-02,4.855263021843196636e-02,-9.634500541363029413e-02,1.596924945916511351e-01,4.234136390541434203e-01,2.733907723342148266e-01,1.684689438349835366e-01,3.442646338085884605e-01,0.000000000000000000e+00,0.000000000000000000e+00,0.000000000000000000e+00,0.000000000000000000e+00,0.000000000000000000e+00,0.000000000000000000e+00,0.000000000000000000e+00,0.000000000000000000e+00,0.000000000000000000e+00,0.000000000000000000e+00,0.000000000000000000e+00,0.000000000000000000e+00,0.000000000000000000e+00,0.000000000000000000e+00,0.000000000000000000e+00,0.000000000000000000e+00
2.267701145732994750e+00,1.574809451395473303e+01,1.241833857896011528e+00,-1.063312056403973790e-02,5.762989097493555202e-02,5.836054075656524898e-01,8.099200335054170807e-01,-7.532800015773691849e-01,3.472750173185659706e-02,2.683827677543458301e-01,5.091107295520179710e-01,3.530550653932901239e-02,1.331156941130894888e-01,2.991056034029832347e-02,-1.297705653353738997e-01,1.355220580395943841e-01,4.946861330578618543e-01,4.671866376250377595e-01,2.040401213077449316e-01,3.321381495455124622e-01,0.000000000000000000e+00,0.000000000000000000e+00,0.000000000000000000e+00,0.000000000000000000e+00,0.000000000000000000e+00,0.000000000000000000e+00,0.000000000000000000e+00,0.000000000000000000e+00,0.000000000000000000e+00,0.000000000000000000e+00,0.000000000000000000e+00,0.000000000000000000e+00,0.000000000000000000e+00,0.000000000000000000e+00,0.000000000000000000e+00,0.000000000000000000e+00
2.267468582056507920e+00,1.578682593230177744e+01,1.247560855860744722e+00,-2.079023357059772530e-03,6.208100002421577251e-02,6.050243582827641298e-01,7.937802926392185654e-01,-7.028986559123518996e-01,-3.614962777266469279e-02,2.472729076787993363e-01,5.174564196122428683e-01,-1.080730452976071121e-02,1.685274311192661023e-01,-4.065252402020502753e-02,-1.517588241598288590e-01,8.751897935669837592e-02,6.693845752123634973e-01,4.969265460640787668e-01,1.836026762902969456e-01,2.900484941545042328e-01,0.000000000000000000e+00,0.000000000000000000e+00,0.000000000000000000e+00,0.000000000000000000e+00,0.000000000000000000e+00,0.000000000000000000e+00,0.000000000000000000e+00,0.000000000000000000e+00,0.000000000000000000e+00,0.000000000000000000e+00,0.000000000000000000e+00,0.000000000000000000e+00,0.000000000000000000e+00,0.000000000000000000e+00,0.000000000000000000e+00,0.000000000000000000e+00
2.265037487692505458e+00,1.582522112484449117e+01,1.260668094215459112e+00,-1.951119067266309133e-03,5.494008416938020445e-02,6.230288005887814062e-01,7.802646307008610504e-01,-6.304399506565756539e-01,-7.214747609440848308e-02,2.027118157809276733e-01,4.950645464577234089e-01,-5.227979740103798345e-02,1.887535991213386000e-01,-1.328721258652673654e-01,-1.510925646835059311e-01,1.243329451581478423e-02,7.648621595592683953e-01,4.953042376197402952e-01,1.206176668988967887e-01,2.375532974042889323e-01,0.000000000000000000e+00,0.000000000000000000e+00,0.000000000000000000e+00,0.000000000000000000e+00,0.000000000000000000e+00,0.000000000000000000e+00,0.000000000000000000e+00,0.000000000000000000e+00,0.000000000000000000e+00,0.000000000000000000e+00,0.000000000000000000e+00,0.000000000000000000e+00,0.000000000000000000e+00,0.000000000000000000e+00,0.000000000000000000e+00,0.000000000000000000e+00
2.261898402794093155e+00,1.586269641147460518e+01,1.267555900214755837e+00,3.787330622150636775e-03,4.731283383735958303e-02,6.423725219848390733e-01,7.649213651610696774e-01,-5.617243862132401677e-01,-1.116301434093883438e-01,1.627166498775793890e-01,4.864238326892762476e-01,-9.833586687190738751e-02,2.080721007604836581e-01,-2.437733063703871605e-01,-1.738935880878749174e-01,-5.235001555145602642e-02,8.661069596964310335e-01,4.175356805585986875e-01,6.633362210073004417e-02,1.720166286737295491e-01,0.000000000000000000e+00,0.000000000000000000e+00,0.000000000000000000e+00,0.000000000000000000e+00,0.000000000000000000e+00,0.000000000000000000e+00,0.000000000000000000e+00,0.000000000000000000e+00,0.000000000000000000e+00,0.000000000000000000e+00,0.000000000000000000e+00,0.000000000000000000e+00,0.000000000000000000e+00,0.000000000000000000e+00,0.000000000000000000e+00,0.000000000000000000e+00
2.258445340791660261e+00,1.589952273693148221e+01,1.273373878385622548e+00,1.247042136345317964e-02,4.023692461469708520e-02,6.631795711798976756e-01,7.472739356208111250e-01,-4.780316328894702038e-01,-1.560164653907493704e-01,1.099573523181582302e-01,4.541725510125675935e-01,-1.302145362545321372e-01,2.085872702615541863e-01,-3.541103476733703515e-01,-1.966129482347641344e-01,-1.063781152866145607e-01,9.210889047099841687e-01,3.200577530003246296e-01,3.559607289927012308e-02,1.009373497434120776e-01,0.000000000000000000e+00,0.000000000000000000e+00,0.000000000000000000e+00,0.000000000000000000e+00,0.000000000000000000e+00,0.000000000000000000e+00,0.000000000000000000e+00,0.000000000000000000e+00,0.000000000000000000e+00,0.000000000000000000e+00,0.000000000000000000e+00,0.000000000000000000e+00,0.000000000000000000e+00,0.000000000000000000e+00,0.000000000000000000e+00,0.000000000000000000e+00
2.254617477201465991e+00,1.593633324574929233e+01,1.277633477195015743e+00,1.787330696439343170e-02,3.649691276947128471e-02,6.832611451001044944e-01,7.290423361183820949e-01,-3.972202177721998462e-01,-1.932626832077187773e-01,5.587941652577358559e-02,4.133662474433844602e-01,-1.520045519508736731e-01,2.013459149212308008e-01,-4.520496994355196474e-01,-2.304757517945605905e-01,-1.567085690068493464e-01,9.269857161798751299e-01,2.359236359370311675e-01,2.294933744978974038e-02,3.550930969002063370e-02,0.000000000000000000e+00,0.000000000000000000e+00,0.000000000000000000e+00,0.000000000000000000e+00,0.000000000000000000e+00,0.000000000000000000e+00,0.000000000000000000e+00,0.000000000000000000e+00,0.000000000000000000e+00,0.000000000000000000e+00,0.000000000000000000e+00,0.000000000000000000e+00,0.000000000000000000e+00,0.000000000000000000e+00,0.000000000000000000e+00,0.000000000000000000e+00
2.250683157497539444e+00,1.597314065177291553e+01,1.278852586594317442e+00,2.454390766611207891e-02,3.402206457176329413e-02,7.024869307127356022e-01,7.104591528698550595e-01,-3.185115624473372486e-01,-2.274810092106046011e-01,-2.272726442634903643e-04,3.832867611295199817e-01,-1.784606807515889126e-01,1.882085146328119352e-01,-5.298310154872113431e-01,-2.713514200751867556e-01,-2.029013185937657282e-01,8.659676937934294161e-01,1.742258296111978133e-01,2.552793560801845663e-02,-2.308772122757373271e-02,0.000000000000000000e+00,0.000000000000000000e+00,0.000000000000000000e+00,0.000000000000000000e+00,0.000000000000000000e+00,0.000000000000000000e+00,0.000000000000000000e+00,0.000000000000000000e+00,0.000000000000000000e+00,0.000000000000000000e+00,0.000000000000000000e+00,0.000000000000000000e+00,0.000000000000000000e+00,0.000000000000000000e+00,0.000000000000000000e+00,0.000000000000000000e+00
2.247004925425115207e+00,1.601010502140220382e+01,1.277641170194726561e+00,2.967601103719546413e-02,3.323051084413858325e-02,7.192674300295964773e-01,6.933032753539947191e-01,-2.463052752271446544e-01,-2.512922302671236618e-01,-4.349447681092752371e-02,3.594863354185423021e-01,-2.046037668612953608e-01,1.782703319818407794e-01,-5.879746791354487634e-01,-3.003738637079388374e-01,-2.310115213046871341e-01,7.737279373187114784e-01,1.242918909746437151e-01,4.023683898159095829e-02,-8.264908824306355095e-02,0.000000000000000000e+00,0.000000000000000000e+00,0.000000000000000000e+00,0.000000000000000000e+00,0.000000000000000000e+00,0.000000000000000000e+00,0.000000000000000000e+00,0.000000000000000000e+00,0.000000000000000000e+00,0.000000000000000000e+00,0.000000000000000000e+00,0.000000000000000000e+00,0.000000000000000000e+00,0.000000000000000000e+00,0.000000000000000000e+00,0.000000000000000000e+00
2.244013081210055827e+00,1.604746529291154644e+01,1.274318989912561317e+00,3.320967854695229537e-02,3.430661868835747225e-02,7.338448559085427592e-01,6.776369976776278614e-01,-1.818683731238376622e-01,-2.724326505987188507e-01,-9.646947725328586243e-02,3.422621662416460153e-01,-2.302211711025766716e-01,1.673871721334144747e-01,-6.377627065031945541e-01,-3.104016051512003549e-01,-2.357378513357110406e-01,6.620084807751097644e-01,8.253220057016506794e-02,7.465235545152054675e-02,-1.374919224763765935e-01,0.000000000000000000e+00,0.000000000000000000e+00,0.000000000000000000e+00,0.000000000000000000e+00,0.000000000000000000e+00,0.000000000000000000e+00,0.000000000000000000e+00,0.000000000000000000e+00,0.000000000000000000e+00,0.000000000000000000e+00,0.000000000000000000e+00,0.000000000000000000e+00,0.000000000000000000e+00,0.000000000000000000e+00,0.000000000000000000e+00,0.000000000000000000e+00
2.241978368305536318e+00,1.608515651175304484e+01,1.269536485478408361e+00,3.489409143663594476e-02,3.459238734764346485e-02,7.444259098778250872e-01,6.658947618227478715e-01,-1.269624305628538896e-01,-2.852403867391684056e-01,-1.462963433307175598e-01,3.412633033610260602e-01,-2.579753131371087527e-01,1.618972766952492814e-01,-6.787951990931776480e-01,-3.030815751810935210e-01,-2.167150313295650443e-01,5.211892167844744961e-01,5.517762845311192932e-02,1.216694015112836924e-01,-1.772482676658114487e-01,0.000000000000000000e+00,0.000000000000000000e+00,0.000000000000000000e+00,0.000000000000000000e+00,0.000000000000000000e+00,0.000000000000000000e+00,0.000000000000000000e+00,0.000000000000000000e+00,0.000000000000000000e+00,0.000000000000000000e+00,0.000000000000000000e+00,0.000000000000000000e+00,0.000000000000000000e+00,0.000000000000000000e+00,0.000000000000000000e+00,0.000000000000000000e+00
2.241079021129192661e+00,1.612252114088897059e+01,1.264195306279008779e+00,3.314442638940881536e-02,3.528812880837827598e-02,7.488398671575496879e-01,6.609803690882076754e-01,-7.683887538569407483e-02,-2.845518781341333514e-01,-1.738151642048072487e-01,3.343397271287061323e-01,-2.913149849254798585e-01,1.555261830402623890e-01,-7.247852833861168076e-01,-2.872055172010664625e-01,-2.005941215548513457e-01,3.899094908267914383e-01,1.468904072098494926e-02,1.677834151436433663e-01,-2.066457423162093576e-01,0.000000000000000000e+00,0.000000000000000000e+00,0.000000000000000000e+00,0.000000000000000000e+00,0.000000000000000000e+00,0.000000000000000000e+00,0.000000000000000000e+00,0.000000000000000000e+00,0.000000000000000000e+00,0.000000000000000000e+00,0.000000000000000000e+00,0.000000000000000000e+00,0.000000000000000000e+00,0.000000000000000000e+00,0.000000000000000000e+00,0.000000000000000000e+00
2.241872194700839316e+00,1.616022019933788911e+01,1.255697562378697674e+00,3.078021909078038076e-02,4.050152166672778276e-02,7.454296450265271989e-01,6.646403908663903737e-01,-4.289581235968962375e-02,-2.921784118316991807e-01,-2.001659243014846101e-01,3.448211827831773046e-01,-3.379941847440964264e-01,1.483788688374751141e-01,-7.743505595588825452e-01,-2.690544657773457082e-01,-1.884329241499034246e-01,2.924505185166365040e-01,-7.258793548350489511e-03,2.009360573715154585e-01,-2.187045561517408365e-01,0.000000000000000000e+00,0.000000000000000000e+00,0.000000000000000000e+00,0.000000000000000000e+00,0.000000000000000000e+00,0.000000000000000000e+00,0.000000000000000000e+00,0.000000000000000000e+00,0.000000000000000000e+00,0.000000000000000000e+00,0.000000000000000000e+00,0.000000000000000000e+00,0.000000000000000000e+00,0.000000000000000000e+00,0.000000000000000000e+00,0.000000000000000000e+00
2.243751175020020749e+00,1.619933907273285101e+01,1.245934573852321314e+00,2.574934049000994832e-02,4.673528272962267083e-02,7.400798628312214023e-01,6.703988226751533830e-01,-1.398777661166050387e-02,-3.008714590040199033e-01,-2.406725936673938249e-01,3.590636885170927495e-01,-3.598942282567932915e-01,1.390845703711968140e-01,-8.055536888309218213e-01,-2.468030727022030857e-01,-1.832937539908601199e-01,2.373518754612405079e-01,-1.332859321583795831e-02,2.147137401139908863e-01,-2.221822120812310952e-01,0.000000000000000000e+00,0.000000000000000000e+00,0.000000000000000000e+00,0.000000000000000000e+00,0.000000000000000000e+00,0.000000000000000000e+00,0.000000000000000000e+00,0.000000000000000000e+00,0.000000000000000000e+00,0.000000000000000000e+00,0.000000000000000000e+00,0.000000000000000000e+00,0.000000000000000000e+00,0.000000000000000000e+00,0.000000000000000000e+00,0.000000000000000000e+00
2.246373473136063392e+00,1.624004319804170748e+01,1.233134107964241499e+00,2.452875994550781161e-02,4.890913189611446887e-02,7.400648477785664037e-01,6.703060926436452682e-01,1.966708392841457625e-02,-3.078411330502194287e-01,-2.742758577728783842e-01,4.048883492196507783e-01,-3.890870767836368538e-01,1.329948958856838059e-01,-8.175291012769720922e-01,-2.395149362139264437e-01,-1.748674457824940243e-01,2.440699281807257870e-01,-1.220731354059012216e-02,2.141326671173688911e-01,-2.327022384757955753e-01,0.000000000000000000e+00,0.000000000000000000e+00,0.000000000000000000e+00,0.000000000000000000e+00,0.000000000000000000e+00,0.000000000000000000e+00,0.000000000000000000e+00,0.000000000000000000e+00,0.000000000000000000e+00,0.000000000000000000e+00,0.000000000000000000e+00,0.000000000000000000e+00,0.000000000000000000e+00,0.000000000000000000e+00,0.000000000000000000e+00,0.000000000000000000e+00
2.249513732729864657e+00,1.628156473556275330e+01,1.219229817070432320e+00,2.398103239067118225e-02,4.667498040273195675e-02,7.474556042274298484e-01,6.622359670079009941e-01,5.880480617826400191e-02,-2.966823310256386237e-01,-2.920724863086981982e-01,4.514146596159039904e-01,-3.876889236572938491e-01,1.188103268944195184e-01,-8.056673107837821757e-01,-2.348233059604415696e-01,-1.700148605058346141e-01,2.989365707742123179e-01,-4.926836063828210488e-03,1.948038866073347197e-01,-2.559727971131918189e-01,0.000000000000000000e+00,0.000000000000000000e+00,0.000000000000000000e+00,0.000000000000000000e+00,0.000000000000000000e+00,0.000000000000000000e+00,0.000000000000000000e+00,0.000000000000000000e+00,0.000000000000000000e+00,0.000000000000000000e+00,0.000000000000000000e+00,0.000000000000000000e+00,0.000000000000000000e+00,0.000000000000000000e+00,0.000000000000000000e+00,0.000000000000000000e+00
2.252831864565377540e+00,1.632221207230078264e+01,1.210273034313012808e+00,1.620675486402558402e-02,3.685225425300821950e-02,7.556295625517381875e-01,6.537608252649568241e-01,9.936391433300564846e-02,-2.607468411424279653e-01,-3.111687076034399535e-01,4.767375642795094182e-01,-3.063106395606230992e-01,8.358468928753563787e-02,-7.839809065741288885e-01,-2.169951011058241508e-01,-1.798545284587291793e-01,3.575888278024322853e-01,1.532139068156286241e-02,1.601297922933515583e-01,-2.820301254295091153e-01,0.000000000000000000e+00,0.000000000000000000e+00,0.000000000000000000e+00,0.000000000000000000e+00,0.000000000000000000e+00,0.000000000000000000e+00,0.000000000000000000e+00,0.000000000000000000e+00,0.000000000000000000e+00,0.000000000000000000e+00,0.000000000000000000e+00,0.000000000000000000e+00,0.000000000000000000e+00,0.000000000000000000e+00,0.000000000000000000e+00,0.000000000000000000e+00
2.256799911501027545e+00,1.636155111243420279e+01,1.202989208620243389e+00,1.262549680786546891e-03,2.795739054700363199e-02,7.619538375161073462e-01,6.470263825970179461e-01,1.346269470495550236e-01,-2.229384910545214038e-01,-3.531139242801990541e-01,4.785480322486188043e-01,-1.593714098890739450e-01,2.753718965363285975e-02,-7.595740381517286366e-01,-1.888796141323978439e-01,-2.012879902612514371e-01,4.055756645295465201e-01,3.659083635609713947e-02,1.178787446008823375e-01,-3.021406969991315417e-01,0.000000000000000000e+00,0.000000000000000000e+00,0.000000000000000000e+00,0.000000000000000000e+00,0.000000000000000000e+00,0.000000000000000000e+00,0.000000000000000000e+00,0.000000000000000000e+00,0.000000000000000000e+00,0.000000000000000000e+00,0.000000000000000000e+00,0.000000000000000000e+00,0.000000000000000000e+00,0.000000000000000000e+00,0.000000000000000000e+00,0.000000000000000000e+00
2.260627662299375729e+00,1.639885611953864952e+01,1.197594599263266835e+00,-2.046731259250015103e-02,1.356419349205608901e-02,7.659810688304303783e-01,6.423940410398760736e-01,1.464537799339416801e-01,-1.619030524016306649e-01,-3.655135103853422440e-01,4.821668409809167777e-01,4.818008341795980420e-02,-4.031810387507235582e-02,-7.512040390603462736e-01,-1.470715962678326161e-01,-2.418481400900242273e-01,4.742088278110613286e-01,3.381418789356212262e-02,5.973322458906203669e-02,-3.100656439946169463e-01,0.000000000000000000e+00,0.000000000000000000e+00,0.000000000000000000e+00,0.000000000000000000e+00,0.000000000000000000e+00,0.000000000000000000e+00,0.000000000000000000e+00,0.000000000000000000e+00,0.000000000000000000e+00,0.000000000000000000e+00,0.000000000000000000e+00,0.000000000000000000e+00,0.000000000000000000e+00,0.000000000000000000e+00,0.000000000000000000e+00,0.000000000000000000e+00
2.264585814748100390e+00,1.643523957218220488e+01,1.196015630316834999e+00,-3.715348302068427477e-02,1.240239520200452777e-04,7.636252394238941532e-01,6.445898673050104444e-01,1.197730094674552687e-01,-1.040481002851539327e-01,-3.441987856880990848e-01,5.232235109876814949e-01,2.657101344034411561e-01,-1.089723370919720019e-01,-7.445097559898363748e-01,-1.033740858055705314e-01,-2.654086597962659333e-01,5.362324273944318875e-01,-4.086954448911134241e-03,-1.658464950371618327e-03,-2.908989532622307528e-01,0.000000000000000000e+00,0.000000000000000000e+00,0.000000000000000000e+00,0.000000000000000000e+00,0.000000000000000000e+00,0.000000000000000000e+00,0.000000000000000000e+00,0.000000000000000000e+00,0.000000000000000000e+00,0.000000000000000000e+00,0.000000000000000000e+00,0.000000000000000000e+00,0.000000000000000000e+00,0.000000000000000000e+00,0.000000000000000000e+00,0.000000000000000000e+00
2.268533879575439283e+00,1.647310175903741225e+01,1.200238960611038408e+00,-3.888411015949709559e-02,-3.054496961325422338e-03,7.549249496462282494e-01,6.546503008683773883e-01,6.250765067820950038e-02,-8.439636557900057068e-02,-2.965067929641113653e-01,6.060171306714358108e-01,4.032442303153800367e-01,-1.370626342933929098e-01,-7.208861503336896348e-01,-7.202966137687667747e-02,-2.526248468998228414e-01,5.750493817515885953e-01,-4.252956338758175081e-02,-4.836845317729531607e-02,-2.505989366900773785e-01,0.000000000000000000e+00,0.000000000000000000e+00,0.000000000000000000e+00,0.000000000000000000e+00,0.000000000000000000e+00,0.000000000000000000e+00,0.000000000000000000e+00,0.000000000000000000e+00,0.000000000000000000e+00,0.000000000000000000e+00,0.000000000000000000e+00,0.000000000000000000e+00,0.000000000000000000e+00,0.000000000000000000e+00,0.000000000000000000e+00,0.000000000000000000e+00
2.272522675090854261e+00,1.651177286129679089e+01,1.208229862967770574e+00,-3.213934931184470739e-02,-2.479723291643497196e-03,7.436507751490580853e-01,6.677907140851938594e-01,-2.395643383928943229e-02,-7.351190939224028220e-02,-2.170411913532120374e-01,7.125911640869426744e-01,4.499534744354082849e-01,-1.167283050325035182e-01,-6.737791373656037974e-01,-4.714065631911269760e-02,-2.197239646061486529e-01,5.833608056649776108e-01,-6.944155024380513352e-02,-7.266582732145443480e-02,-2.025138851600963574e-01,0.000000000000000000e+00,0.000000000000000000e+00,0.000000000000000000e+00,0.000000000000000000e+00,0.000000000000000000e+00,0.000000000000000000e+00,0.000000000000000000e+00,0.000000000000000000e+00,0.000000000000000000e+00,0.000000000000000000e+00,0.000000000000000000e+00,0.000000000000000000e+00,0.000000000000000000e+00,0.000000000000000000e+00,0.000000000000000000e+00,0.000000000000000000e+00
2.277067854570286265e+00,1.655040466917885666e+01,1.220822161805821926e+00,-2.332520426292322008e-02,2.329733934299228759e-03,7.317169289816877198e-01,6.812054337918158620e-01,-1.283864139357699108e-01,-5.223337776610216532e-02,-1.242140166197757689e-01,8.137229325499157895e-01,4.258236360972965096e-01,-6.759022721177923576e-02,-6.061542986516755827e-01,-2.807066536151689093e-02,-1.862128798086969406e-01,5.543209814935535773e-01,-8.337058508498323972e-02,-7.793551630805313490e-02,-1.477803752803086290e-01,0.000000000000000000e+00,0.000000000000000000e+00,0.000000000000000000e+00,0.000000000000000000e+00,0.000000000000000000e+00,0.000000000000000000e+00,0.000000000000000000e+00,0.000000000000000000e+00,0.000000000000000000e+00,0.000000000000000000e+00,0.000000000000000000e+00,0.000000000000000000e+00,0.000000000000000000e+00,0.000000000000000000e+00,0.000000000000000000e+00,0.000000000000000000e+00
2.281315369580837693e+00,1.658849328338839513e+01,1.230877000607268901e+00,-1.773995367958932853e-02,2.627097530326062691e-03,7.164299016167302581e-01,6.974285543849307878e-01,-2.494239041541675139e-01,-1.349348246921507413e-02,-2.429257197771769045e-02,9.007331300787830841e-01,3.504375705122440010e-01,-1.135295146908306407e-03,-5.309046384078381919e-01,6.345626360375541952e-04,-1.434178640976111474e-01,5.140782902346408001e-01,-1.007582291054452128e-01,-7.152365946921053486e-02,-8.511159658659837868e-02,0.000000000000000000e+00,0.000000000000000000e+00,0.000000000000000000e+00,0.000000000000000000e+00,0.000000000000000000e+00,0.000000000000000000e+00,0.000000000000000000e+00,0.000000000000000000e+00,0.000000000000000000e+00,0.000000000000000000e+00,0.000000000000000000e+00,0.000000000000000000e+00,0.000000000000000000e+00,0.000000000000000000e+00,0.000000000000000000e+00,0.000000000000000000e+00
2.285326493022782124e+00,1.662566667396695408e+01,1.238225206419009572e+00,-1.176204367733683399e-02,2.208557017626506906e-03,7.015149516986272094e-01,7.125542429511635412e-01,-3.667468107542901090e-01,2.641970682327245828e-02,4.307767547527304591e-02,9.476303964792652801e-01,2.611898371224125603e-01,4.699442347702780659e-02,-4.517532636890364550e-01,1.839207660499409674e-02,-1.135019831066145235e-01,4.612764192247836847e-01,-9.813253500505665639e-02,-5.689935028506844933e-02,-2.299030087540498285e-02,0.000000000000000000e+00,0.000000000000000000e+00,0.000000000000000000e+00,0.000000000000000000e+00,0.000000000000000000e+00,0.000000000000000000e+00,0.000000000000000000e+00,0.000000000000000000e+00,0.000000000000000000e+00,0.000000000000000000e+00,0.000000000000000000e+00,0.000000000000000000e+00,0.000000000000000000e+00,0.000000000000000000e+00,0.000000000000000000e+00,0.000000000000000000e+00
2.289033704459126906e+00,1.666230911254441338e+01,1.244074075365727117e+00,-5.442418279061575145e-03,1.247258818546824292e-03,6.844626134223271707e-01,7.290265806236384538e-01,-4.646387396849736007e-01,5.531667349278852897e-02,8.170252384381282429e-02,9.239689349499037307e-01,1.739099156593935380e-01,6.764124640370425268e-02,-3.696559077412651106e-01,3.272971406833025121e-02,-8.388654827862732088e-02,3.964018000791201812e-01,-8.129601637703287587e-02,-3.381524341123556127e-02,3.637837929799760811e-02,0.000000000000000000e+00,0.000000000000000000e+00,0.000000000000000000e+00,0.000000000000000000e+00,0.000000000000000000e+00,0.000000000000000000e+00,0.000000000000000000e+00,0.000000000000000000e+00,0.000000000000000000e+00,0.000000000000000000e+00,0.000000000000000000e+00,0.000000000000000000e+00,0.000000000000000000e+00,0.000000000000000000e+00,0.000000000000000000e+00,0.000000000000000000e+00
2.292443470517588011e+00,1.669880020829264566e+01,1.247672950286424776e+00,-2.878614710273856916e-03,-1.799921212440967061e-04,6.625610771590975112e-01,7.490023365877864769e-01,-5.547969870571752837e-01,8.766336440743456582e-02,1.132937021207636452e-01,8.363813359971504768e-01,9.642321657604982499e-02,7.125189479646204527e-02,-2.926987659450749346e-01,4.593909579952985128e-02,-5.195135607286827800e-02,3.277141701347771052e-01,-6.082624440704912511e-02,-4.582270425846195379e-03,9.923152070795797364e-02,0.000000000000000000e+00,0.000000000000000000e+00,0.000000000000000000e+00,0.000000000000000000e+00,0.000000000000000000e+00,0.000000000000000000e+00,0.000000000000000000e+00,0.000000000000000000e+00,0.000000000000000000e+00,0.000000000000000000e+00,0.000000000000000000e+00,0.000000000000000000e+00,0.000000000000000000e+00,0.000000000000000000e+00,0.000000000000000000e+00,0.000000000000000000e+00
2.295474776892365121e+00,1.673544877260404107e+01,1.247476612427313336e+00,-1.012245185894321275e-02,-1.627138022732810621e-03,6.412907885000097563e-01,7.672294395910882470e-01,-6.159492647824814648e-01,1.162761571769846958e-01,1.269177470721066514e-01,7.224930924210989369e-01,7.503596884465042749e-02,4.977866977706155160e-02,-2.315506575506550424e-01,6.759944317394737945e-02,-8.005256086333310817e-03,2.678594502170046354e-01,-4.887817035056121057e-02,2.567114225016128848e-02,1.496449487472669149e-01,0.000000000000000000e+00,0.000000000000000000e+00,0.000000000000000000e+00,0.000000000000000000e+00,0.000000000000000000e+00,0.000000000000000000e+00,0.000000000000000000e+00,0.000000000000000000e+00,0.000000000000000000e+00,0.000000000000000000e+00,0.000000000000000000e+00,0.000000000000000000e+00,0.000000000000000000e+00,0.000000000000000000e+00,0.000000000000000000e+00,0.000000000000000000e+00
2.298551860167881156e+00,1.677189796750883133e+01,1.243733207632304438e+00,-1.869374075091262410e-02,-6.995812695277534021e-03,6.232077245886606942e-01,7.818015954668394718e-01,-6.685023978204194250e-01,1.477956917890637656e-01,1.494677673154534148e-01,5.727005857090111673e-01,3.437471041513064096e-02,2.351735138041866763e-02,-1.763753049253768690e-01,9.148486083959317394e-02,3.553707940847349728e-02,2.395526547277757323e-01,-6.576444412127580019e-02,4.060479213405660676e-02,1.902764457551859023e-01,0.000000000000000000e+00,0.000000000000000000e+00,0.000000000000000000e+00,0.000000000000000000e+00,0.000000000000000000e+00,0.000000000000000000e+00,0.000000000000000000e+00,0.000000000000000000e+00,0.000000000000000000e+00,0.000000000000000000e+00,0.000000000000000000e+00,0.000000000000000000e+00,0.000000000000000000e+00,0.000000000000000000e+00,0.000000000000000000e+00,0.000000000000000000e+00
2.302405659466874699e+00,1.680824514745245679e+01,1.238928086067337064e+00,-2.535297715832574711e-02,-8.100272657774309354e-03,6.121170301661815749e-01,7.903191466190190306e-01,-7.192806414266825765e-01,1.668189016854439433e-01,1.594679964084110002e-01,4.334352344982062566e-01,1.851462804469815315e-03,-9.148486629140183471e-03,-1.362868038022725381e-01,1.038767060189741964e-01,6.419084810713683587e-02,2.347006285078812593e-01,-9.848814337640526828e-02,3.445604736308328225e-02,2.130404008824874629e-01,0.000000000000000000e+00,0.000000000000000000e+00,0.000000000000000000e+00,0.000000000000000000e+00,0.000000000000000000e+00,0.000000000000000000e+00,0.000000000000000000e+00,0.000000000000000000e+00,0.000000000000000000e+00,0.000000000000000000e+00,0.000000000000000000e+00,0.000000000000000000e+00,0.000000000000000000e+00,0.000000000000000000e+00,0.000000000000000000e+00,0.000000000000000000e+00
2.306900071377243844e+00,1.684433120453837063e+01,1.233578725929843412e+00,-3.027052108522640395e-02,-5.040821289747407508e-03,6.084894360115360445e-01,7.929684053834161750e-01,-7.659094719317083300e-01,1.683490964719585037e-01,1.578154990727009543e-01,3.084969150520764369e-01,-1.118600764445536883e-02,-3.695700224850649585e-02,-1.073860052798777109e-01,1.064158075858077923e-01,7.701585396860638477e-02,2.436156433803450816e-01,-1.386557037936764214e-01,2.780540283345571059e-02,2.212700199275685065e-01,0.000000000000000000e+00,0.000000000000000000e+00,0.000000000000000000e+00,0.000000000000000000e+00,0.000000000000000000e+00,0.000000000000000000e+00,0.000000000000000000e+00,0.000000000000000000e+00,0.000000000000000000e+00,0.000000000000000000e+00,0.000000000000000000e+00,0.000000000000000000e+00,0.000000000000000000e+00,0.000000000000000000e+00,0.000000000000000000e+00,0.000000000000000000e+00
2.311625028440477347e+00,1.688102938861240432e+01,1.227492686844032566e+00,-3.459133402544056074e-02,1.889430102880659823e-04,6.049690973604795463e-01,7.954971999634741220e-01,-7.913648798941345097e-01,1.601511890969837537e-01,1.525455096545441092e-01,2.032408060343938172e-01,-4.856249023786042562e-03,-5.038779267333406281e-02,-8.695442552180834839e-02,1.041899723126676752e-01,8.336424172202228089e-02,2.637270225616384356e-01,-1.716234885968594692e-01,2.385102454278224468e-02,2.290648004310998076e-01,0.000000000000000000e+00,0.000000000000000000e+00,0.000000000000000000e+00,0.000000000000000000e+00,0.000000000000000000e+00,0.000000000000000000e+00,0.000000000000000000e+00,0.000000000000000000e+00,0.000000000000000000e+00,0.000000000000000000e+00,0.000000000000000000e+00,0.000000000000000000e+00,0.000000000000000000e+00,0.000000000000000000e+00,0.000000000000000000e+00,0.000000000000000000e+00
2.316486466173836689e+00,1.691927881854371662e+01,1.220139747035058120e+00,-3.593798465079313387e-02,2.258834336408183791e-03,5.975618522188673731e-01,8.010138523767478258e-01,-8.053750058806776746e-01,1.590353057778304269e-01,1.522062016008842722e-01,1.762132981007926147e-01,1.479368659560824362e-03,-4.787295675537520112e-02,-6.257896897840428685e-02,1.004684287105226531e-01,9.221704597796856473e-02,2.991343922597081706e-01,-1.960384221197488952e-01,2.156351829774560622e-02,2.467429188379653970e-01,0.000000000000000000e+00,0.000000000000000000e+00,0.000000000000000000e+00,0.000000000000000000e+00,0.000000000000000000e+00,0.000000000000000000e+00,0.000000000000000000e+00,0.000000000000000000e+00,0.000000000000000000e+00,0.000000000000000000e+00,0.000000000000000000e+00,0.000000000000000000e+00,0.000000000000000000e+00,0.000000000000000000e+00,0.000000000000000000e+00,0.000000000000000000e+00
2.321000567759699429e+00,1.695930469899749227e+01,1.210416704522302656e+00,-3.511682106333469111e-02,-1.472683978076911801e-03,5.869776169734121085e-01,8.088398588426035651e-01,-8.015488213281626306e-01,1.718606196449966317e-01,1.647318718161754902e-01,2.341185165770879872e-01,6.078955383805449697e-03,-3.580410845352551691e-02,-2.811821388134080196e-02,1.002759729453804177e-01,1.265918559450699421e-01,3.412738027511333927e-01,-2.039231920784003171e-01,3.045051958560398772e-02,2.717917208890911485e-01,0.000000000000000000e+00,0.000000000000000000e+00,0.000000000000000000e+00,0.000000000000000000e+00,0.000000000000000000e+00,0.000000000000000000e+00,0.000000000000000000e+00,0.000000000000000000e+00,0.000000000000000000e+00,0.000000000000000000e+00,0.000000000000000000e+00,0.000000000000000000e+00,0.000000000000000000e+00,0.000000000000000000e+00,0.000000000000000000e+00,0.000000000000000000e+00
2.325466039906018079e+00,1.700036510010271584e+01,1.200297145911212837e+00,-3.210260179440729833e-02,-1.012714548133475737e-04,5.754575774716007563e-01,8.172013149968855306e-01,-7.885133174080902752e-01,1.749176662788185788e-01,1.787936328153453824e-01,3.113256319537465733e-01,2.691122740719903775e-02,-1.295488239274745698e-02,4.019845224562841601e-03,8.519713306947530873e-02,1.619873198212423981e-01,3.833494386697375855e-01,-1.763046128169995508e-01,4.818897066665957934e-02,2.958169577136541828e-01,0.000000000000000000e+00,0.000000000000000000e+00,0.000000000000000000e+00,0.000000000000000000e+00,0.000000000000000000e+00,0.000000000000000000e+00,0.000000000000000000e+00,0.000000000000000000e+00,0.000000000000000000e+00,0.000000000000000000e+00,0.000000000000000000e+00,0.000000000000000000e+00,0.000000000000000000e+00,0.000000000000000000e+00,0.000000000000000000e+00,0.000000000000000000e+00
2.329261216018759129e+00,1.704057492541348395e+01,1.189870406449976104e+00,-2.349051287450144854e-02,8.108648106702118913e-03,5.678621854591845430e-01,8.227484329710348376e-01,-7.670505639745586191e-01,1.513779278652146176e-01,2.006809374999011797e-01,3.734323547708440771e-01,5.898579462340020063e-02,1.611106324024569672e-02,3.618010929428680522e-02,4.604415555578543484e-02,1.971817875193694614e-01,4.038540902254998399e-01,-6.859778101115543425e-02,9.155331653697021399e-02,3.172528001200695669e-01,0.000000000000000000e+00,0.000000000000000000e+00,0.000000000000000000e+00,0.000000000000000000e+00,0.000000000000000000e+00,0.000000000000000000e+00,0.000000000000000000e+00,0.000000000000000000e+00,0.000000000000000000e+00,0.000000000000000000e+00,0.000000000000000000e+00,0.000000000000000000e+00,0.000000000000000000e+00,0.000000000000000000e+00,0.000000000000000000e+00,0.000000000000000000e+00
2.332501640190916881e+00,1.707858024343138936e+01,1.183260122505896073e+00,-1.341825539951435262e-02,2.690471033830193689e-02,5.629526117187526602e-01,8.259421553248634806e-01,-7.605471220488778661e-01,1.095254963679102855e-01,2.349975344801142341e-01,4.378804607168566010e-01,7.145154164385561502e-02,5.929393057589055216e-02,5.911167865685712508e-02,-3.163953060035971931e-02,1.989240825124766465e-01,4.085608131902750961e-01,1.376505404430268253e-01,1.445892862306003557e-01,3.380037732757013580e-01,0.000000000000000000e+00,0.000000000000000000e+00,0.000000000000000000e+00,0.000000000000000000e+00,0.000000000000000000e+00,0.000000000000000000e+00,0.000000000000000000e+00,0.000000000000000000e+00,0.000000000000000000e+00,0.000000000000000000e+00,0.000000000000000000e+00,0.000000000000000000e+00,0.000000000000000000e+00,0.000000000000000000e+00,0.000000000000000000e+00,0.000000000000000000e+00
2.335054767470698067e+00,1.711552386997589892e+01,1.181547513859753096e+00,-8.428256271577741487e-03,4.265565206377727042e-02,5.657766687605564337e-01,8.234113315527318289e-01,-7.523292507345916702e-01,5.954820879314287607e-02,2.499531769081194121e-01,4.860471799745547661e-01,6.004434399711947035e-02,9.883875014932015646e-02,5.499481476538506386e-02,-9.099405250011248503e-02,1.824374973701583802e-01,4.464051124461339559e-01,3.517242851664285630e-01,1.976269255555928306e-01,3.384666772369370191e-01,0.000000000000000000e+00,0.000000000000000000e+00,0.000000000000000000e+00,0.000000000000000000e+00,0.000000000000000000e+00,0.000000000000000000e+00,0.000000000000000000e+00,0.000000000000000000e+00,0.000000000000000000e+00,0.000000000000000000e+00,0.000000000000000000e+00,0.000000000000000000e+00,0.000000000000000000e+00,0.000000000000000000e+00,0.000000000000000000e+00,0.000000000000000000e+00
2.337287315350469630e+00,1.715345084217515748e+01,1.187795764144957911e+00,-5.444473888326242447e-03,5.182914911953620529e-02,5.787275259805766403e-01,8.138541316956163785e-01,-7.199078987241976924e-01,5.414414128925394004e-03,2.449204623645691581e-01,5.023150547733512550e-01,3.332298948019183499e-02,1.376605758738581042e-01,2.135652973295523727e-02,-1.136289703032395126e-01,1.527253641827889252e-01,5.448990452906417037e-01,4.944232240891357488e-01,2.181337525985162784e-01,3.137851480177383801e-01,0.000000000000000000e+00,0.000000000000000000e+00,0.000000000000000000e+00,0.000000000000000000e+00,0.000000000000000000e+00,0.000000000000000000e+00,0.000000000000000000e+00,0.000000000000000000e+00,0.000000000000000000e+00,0.000000000000000000e+00,0.000000000000000000e+00,0.000000000000000000e+00,0.000000000000000000e+00,0.000000000000000000e+00,0.000000000000000000e+00,0.000000000000000000e+00
2.338799525083338438e+00,1.719246568700042488e+01,1.196060416628701883e+00,3.564081637914666596e-03,5.250821603327895243e-02,6.005846088811858108e-01,7.978272445499177135e-01,-6.619031787003870626e-01,-6.102979103399384930e-02,2.151486004544234665e-01,5.020228628853857789e-01,-1.488603615148299808e-02,1.704332042461633168e-01,-5.251078849666493409e-02,-1.329629555188492629e-01,9.135851960541897798e-02,7.047654948717693157e-01,4.966754758989712637e-01,1.802342759409321649e-01,2.668890155600740499e-01,0.000000000000000000e+00,0.000000000000000000e+00,0.000000000000000000e+00,0.000000000000000000e+00,0.000000000000000000e+00,0.000000000000000000e+00,0.000000000000000000e+00,0.000000000000000000e+00,0.000000000000000000e+00,0.000000000000000000e+00,0.000000000000000000e+00,0.000000000000000000e+00,0.000000000000000000e+00,0.000000000000000000e+00,0.000000000000000000e+00,0.000000000000000000e+00
2.338063095626203403e+00,1.723009037354428585e+01,1.208074384083543507e+00,1.140059607356002855e-03,4.486469315952901216e-02,6.162941801171412104e-01,7.862361878758403755e-01,-5.939847236157251853e-01,-8.458084164678132677e-02,1.793179112380254570e-01,4.762084055071247879e-01,-5.972229716040127617e-02,1.894985439867596377e-01,-1.439820070062397817e-01,-1.416779922440262462e-01,1.125006233414621581e-02,7.768195382143624483e-01,4.881033057042531986e-01,1.183197212101219503e-01,2.148412402869134818e-01,0.000000000000000000e+00,0.000000000000000000e+00,0.000000000000000000e+00,0.000000000000000000e+00,0.000000000000000000e+00,0.000000000000000000e+00,0.000000000000000000e+00,0.000000000000000000e+00,0.000000000000000000e+00,0.000000000000000000e+00,0.000000000000000000e+00,0.000000000000000000e+00,0.000000000000000000e+00,0.000000000000000000e+00,0.000000000000000000e+00,0.000000000000000000e+00
2.337049312967220072e+00,1.726686185972661036e+01,1.214009111211896474e+00,9.363178770854029692e-03,3.750102469819167894e-02,6.352186543678530750e-01,7.713645475214584435e-01,-5.200822172368250174e-01,-1.243539937493874648e-01,1.449940629396920255e-01,4.601395073998152396e-01,-1.034566847433525533e-01,2.033404848553940769e-01,-2.577790247595366235e-01,-1.721058196825952513e-01,-5.576455581983161269e-02,8.787238285594114462e-01,3.923765423402243435e-01,6.783777573685144391e-02,1.457607864421333888e-01,0.000000000000000000e+00,0.000000000000000000e+00,0.000000000000000000e+00,0.000000000000000000e+00,0.000000000000000000e+00,0.000000000000000000e+00,0.000000000000000000e+00,0.000000000000000000e+00,0.000000000000000000e+00,0.000000000000000000e+00,0.000000000000000000e+00,0.000000000000000000e+00,0.000000000000000000e+00,0.000000000000000000e+00,0.000000000000000000e+00,0.000000000000000000e+00
2.335696648557923805e+00,1.730274763112129222e+01,1.219071756229463288e+00,1.743348226985319549e-02,3.158521617092117928e-02,6.546241443627131007e-01,7.550931581154526340e-01,-4.397948543446486558e-01,-1.619843165593432832e-01,1.054150490772103460e-01,4.269496448406786548e-01,-1.290385467353487581e-01,2.018561581707180863e-01,-3.606001751907768615e-01,-2.034540473045655107e-01,-1.116854843628605487e-01,9.210309284383154660e-01,3.098768680458781621e-01,4.354686919881480683e-02,8.170927389590819379e-02,0.000000000000000000e+00,0.000000000000000000e+00,0.000000000000000000e+00,0.000000000000000000e+00,0.000000000000000000e+00,0.000000000000000000e+00,0.000000000000000000e+00,0.000000000000000000e+00,0.000000000000000000e+00,0.000000000000000000e+00,0.000000000000000000e+00,0.000000000000000000e+00,0.000000000000000000e+00,0.000000000000000000e+00,0.000000000000000000e+00,0.000000000000000000e+00
2.334098486441333442e+00,1.733869872909075838e+01,1.222658619289114235e+00,2.231123016796583702e-02,2.815719982328014626e-02,6.723449642833484452e-01,7.393656944363363737e-01,-3.670704074570594888e-01,-1.941789839713080335e-01,5.150709357794807514e-02,3.950537628345419661e-01,-1.413341738320232355e-01,1.897085968489366781e-01,-4.524368753180779135e-01,-2.325213344504083735e-01,-1.583622519822329711e-01,9.135232847830692116e-01,2.289567648065229388e-01,2.613855056751795969e-02,1.940833384755102919e-02,0.000000000000000000e+00,0.000000000000000000e+00,0.000000000000000000e+00,0.000000000000000000e+00,0.000000000000000000e+00,0.000000000000000000e+00,0.000000000000000000e+00,0.000000000000000000e+00,0.000000000000000000e+00,0.000000000000000000e+00,0.000000000000000000e+00,0.000000000000000000e+00,0.000000000000000000e+00,0.000000000000000000e+00,0.000000000000000000e+00,0.000000000000000000e+00
2.332454462393673822e+00,1.737450190890615076e+01,1.223772416545465758e+00,2.925909772633717570e-02,2.586450824935013215e-02,6.910315554646502267e-01,7.217688838993857603e-01,-2.916050107201668129e-01,-2.261033464483797328e-01,-5.040743711696132889e-03,3.664491639933747935e-01,-1.559481494928035561e-01,1.744272743826997263e-01,-5.216913757078653902e-01,-2.659411759143613940e-01,-1.990738162940911549e-01,8.395467044371761611e-01,1.889980849968070364e-01,3.171484333409408524e-02,-4.377828917007949711e-02,0.000000000000000000e+00,0.000000000000000000e+00,0.000000000000000000e+00,0.000000000000000000e+00,0.000000000000000000e+00,0.000000000000000000e+00,0.000000000000000000e+00,0.000000000000000000e+00,0.000000000000000000e+00,0.000000000000000000e+00,0.000000000000000000e+00,0.000000000000000000e+00,0.000000000000000000e+00,0.000000000000000000e+00,0.000000000000000000e+00,0.000000000000000000e+00
2.330798885924261210e+00,1.741066490751052243e+01,1.222375234513001674e+00,3.281079507015773056e-02,2.700128807384411661e-02,7.081020826066430907e-01,7.048303503520200186e-01,-2.308446114850285502e-01,-2.504144284476139126e-01,-5.338265881662067336e-02,3.517457022673231570e-01,-1.848876051998929737e-01,1.689003211538807336e-01,-5.740846224704549972e-01,-2.885468260575341226e-01,-2.145175128341805793e-01,7.391703142555186012e-01,1.468966058156008780e-01,5.697193303582048091e-02,-9.840128922164530223e-02,0.000000000000000000e+00,0.000000000000000000e+00,0.000000000000000000e+00,0.000000000000000000e+00,0.000000000000000000e+00,0.000000000000000000e+00,0.000000000000000000e+00,0.000000000000000000e+00,0.000000000000000000e+00,0.000000000000000000e+00,0.000000000000000000e+00,0.000000000000000000e+00,0.000000000000000000e+00,0.000000000000000000e+00,0.000000000000000000e+00,0.000000000000000000e+00
2.329616613341854769e+00,1.744697476286604854e+01,1.219298678046262463e+00,3.537410046805977704e-02,2.693961290692140770e-02,7.208101217834070873e-01,6.917049216299457903e-01,-1.762318117351599489e-01,-2.656363374632149110e-01,-9.705348911720830529e-02,3.502402754163255749e-01,-2.118986188645860247e-01,1.618971198798223321e-01,-6.149087373006000279e-01,-2.950035723327444348e-01,-2.144682958704504372e-01,6.247408329848959108e-01,1.120353580758065570e-01,9.035709603221071806e-02,-1.456907722754497148e-01,0.000000000000000000e+00,0.000000000000000000e+00,0.000000000000000000e+00,0.000000000000000000e+00,0.000000000000000000e+00,0.000000000000000000e+00,0.000000000000000000e+00,0.000000000000000000e+00,0.000000000000000000e+00,0.000000000000000000e+00,0.000000000000000000e+00,0.000000000000000000e+00,0.000000000000000000e+00,0.000000000000000000e+00,0.000000000000000000e+00,0.000000000000000000e+00
2.329103683429060379e+00,1.748365235757766456e+01,1.214593615298083185e+00,3.646523194256953704e-02,2.717027987264767491e-02,7.307225143509006315e-01,6.811583294445670012e-01,-1.266399820198124970e-01,-2.769228468270803489e-01,-1.417724450551192117e-01,3.573896125337412411e-01,-2.519685176828863615e-01,1.609062767055107757e-01,-6.636551234189482784e-01,-2.897907583220490357e-01,-1.853675995862758830e-01,5.024547430794688019e-01,7.687345687013415196e-02,1.349601417813971471e-01,-1.935553613823619845e-01,0.000000000000000000e+00,0.000000000000000000e+00,0.000000000000000000e+00,0.000000000000000000e+00,0.000000000000000000e+00,0.000000000000000000e+00,0.000000000000000000e+00,0.000000000000000000e+00,0.000000000000000000e+00,0.000000000000000000e+00,0.000000000000000000e+00,0.000000000000000000e+00,0.000000000000000000e+00,0.000000000000000000e+00,0.000000000000000000e+00,0.000000000000000000e+00
2.329874029884714037e+00,1.752009282071693264e+01,1.209340019186831983e+00,3.618756535493891646e-02,2.668413256290040614e-02,7.346186259455661505e-01,6.769888415601063025e-01,-7.810013864635242942e-02,-2.764651000333084863e-01,-1.666877206126381461e-01,3.590453232378329473e-01,-2.813392242679634281e-01,1.554654877626758525e-01,-7.094036516398837255e-01,-2.768611928594008620e-01,-1.718493690173428790e-01,3.876568319475266478e-01,4.230351996371273238e-02,1.732420940073915450e-01,-2.249015648539779422e-01,0.000000000000000000e+00,0.000000000000000000e+00,0.000000000000000000e+00,0.000000000000000000e+00,0.000000000000000000e+00,0.000000000000000000e+00,0.000000000000000000e+00,0.000000000000000000e+00,0.000000000000000000e+00,0.000000000000000000e+00,0.000000000000000000e+00,0.000000000000000000e+00,0.000000000000000000e+00,0.000000000000000000e+00,0.000000000000000000e+00,0.000000000000000000e+00
2.332097227022486230e+00,1.755646664992281814e+01,1.201576711037635414e+00,3.343262728541228357e-02,3.092720660772090013e-02,7.280332640270050781e-01,6.840272902409829658e-01,-4.285950097675408910e-02,-2.820462101357940066e-01,-1.900467228683312138e-01,3.625330436964381287e-01,-3.152823815365308757e-01,1.443061289676071668e-01,-7.609708136633837050e-01,-2.546532704375441547e-01,-1.730275040905664974e-01,2.865062240154134798e-01,1.072819299017757633e-02,2.053198462070718877e-01,-2.289154441989373345e-01,0.000000000000000000e+00,0.000000000000000000e+00,0.000000000000000000e+00,0.000000000000000000e+00,0.000000000000000000e+00,0.000000000000000000e+00,0.000000000000000000e+00,0.000000000000000000e+00,0.000000000000000000e+00,0.000000000000000000e+00,0.000000000000000000e+00,0.000000000000000000e+00,0.000000000000000000e+00,0.000000000000000000e+00,0.000000000000000000e+00,0.000000000000000000e+00
2.335203701649665842e+00,1.759455027666299287e+01,1.191316786967093311e+00,3.091674405655137417e-02,3.854743902043288040e-02,7.229446310188563096e-01,6.891366412859761814e-01,-1.006436568344910854e-02,-2.978525715821527808e-01,-2.343104330902845145e-01,3.703914949766355380e-01,-3.381459759558991252e-01,1.356769552972764414e-01,-7.958587332101595413e-01,-2.389042693608331991e-01,-1.667754843441947021e-01,2.333889628940666872e-01,5.921486773327374470e-03,2.206605949071178407e-01,-2.368194354512181687e-01,0.000000000000000000e+00,0.000000000000000000e+00,0.000000000000000000e+00,0.000000000000000000e+00,0.000000000000000000e+00,0.000000000000000000e+00,0.000000000000000000e+00,0.000000000000000000e+00,0.000000000000000000e+00,0.000000000000000000e+00,0.000000000000000000e+00,0.000000000000000000e+00,0.000000000000000000e+00,0.000000000000000000e+00,0.000000000000000000e+00,0.000000000000000000e+00
2.338648611202321703e+00,1.763442974269834096e+01,1.178245741770303834e+00,3.178549266254747374e-02,4.346243385816635912e-02,7.242422824666117087e-01,6.874400450852967692e-01,2.436554938279399812e-02,-3.104567087627757571e-01,-2.622438477037157822e-01,4.079736096411099022e-01,-3.674906117193499910e-01,1.322503519119398174e-01,-8.066982623213878600e-01,-2.343949761375893892e-01,-1.629837766779123620e-01,2.327731737702810888e-01,1.354883333009240451e-02,2.214195706917789774e-01,-2.530945560059436050e-01,0.000000000000000000e+00,0.000000000000000000e+00,0.000000000000000000e+00,0.000000000000000000e+00,0.000000000000000000e+00,0.000000000000000000e+00,0.000000000000000000e+00,0.000000000000000000e+00,0.000000000000000000e+00,0.000000000000000000e+00,0.000000000000000000e+00,0.000000000000000000e+00,0.000000000000000000e+00,0.000000000000000000e+00,0.000000000000000000e+00,0.000000000000000000e+00
2.342084880103545874e+00,1.767498946192580789e+01,1.164709545581669614e+00,3.318536158961749027e-02,4.092183548549650079e-02,7.331510264589355952e-01,6.780219078753075834e-01,6.420891332312299304e-02,-3.025827857656690489e-01,-2.785767383233535011e-01,4.538557070725348641e-01,-3.702658398541638918e-01,1.220246187408345756e-01,-7.882694331033556212e-01,-2.361790111873046383e-01,-1.697744420721825909e-01,2.673496626744941151e-01,3.321353789429407066e-02,2.083787868620161077e-01,-2.781024599108276596e-01,0.000000000000000000e+00,0.000000000000000000e+00,0.000000000000000000e+00,0.000000000000000000e+00,0.000000000000000000e+00,0.000000000000000000e+00,0.000000000000000000e+00,0.000000000000000000e+00,0.000000000000000000e+00,0.000000000000000000e+00,0.000000000000000000e+00,0.000000000000000000e+00,0.000000000000000000e+00,0.000000000000000000e+00,0.000000000000000000e+00,0.000000000000000000e+00
2.345620282982408433e+00,1.771541052842750119e+01,1.150085957178620388e+00,2.741852311119113289e-02,3.768785281108494312e-02,7.400628379015021796e-01,6.709208942178388480e-01,9.648584023619055650e-02,-2.893865663694832890e-01,-3.078432947922382090e-01,4.952671210719155614e-01,-3.381612440804234176e-01,1.044101114103617445e-01,-7.667290295231349306e-01,-2.199283832484999757e-01,-1.641778291242755872e-01,3.197322919049755408e-01,3.984587267825739909e-02,1.784068907186789343e-01,-2.980100946377260418e-01,0.000000000000000000e+00,0.000000000000000000e+00,0.000000000000000000e+00,0.000000000000000000e+00,0.000000000000000000e+00,0.000000000000000000e+00,0.000000000000000000e+00,0.000000000000000000e+00,0.000000000000000000e+00,0.000000000000000000e+00,0.000000000000000000e+00,0.000000000000000000e+00,0.000000000000000000e+00,0.000000000000000000e+00,0.000000000000000000e+00,0.000000000000000000e+00
2.349507443270018037e+00,1.775441177744901822e+01,1.142810576958860791e+00,1.244346956494680329e-02,3.108774489580724831e-02,7.494628199711522720e-01,6.611990575185099361e-01,1.370543587690536136e-01,-2.532039456557396706e-01,-3.543169347067648967e-01,4.908294604131101524e-01,-1.981673204825020740e-01,4.734155601821309067e-02,-7.423372320601072660e-01,-1.922533085139031539e-01,-1.843932756325482036e-01,3.706643135605828254e-01,5.353233664870489517e-02,1.342733254702783707e-01,-3.200226671989333527e-01,0.000000000000000000e+00,0.000000000000000000e+00,0.000000000000000000e+00,0.000000000000000000e+00,0.000000000000000000e+00,0.000000000000000000e+00,0.000000000000000000e+00,0.000000000000000000e+00,0.000000000000000000e+00,0.000000000000000000e+00,0.000000000000000000e+00,0.000000000000000000e+00,0.000000000000000000e+00,0.000000000000000000e+00,0.000000000000000000e+00,0.000000000000000000e+00
2.353653741318442627e+00,1.779143331604780442e+01,1.137632933698685234e+00,-5.872503078712690283e-03,2.218356827111723356e-02,7.559297288023549832e-01,6.542504475498258643e-01,1.538066686857106069e-01,-1.956340877265126954e-01,-3.734533883280649058e-01,4.812401279660683540e-01,-1.733612331676896712e-02,-1.636840444641934553e-02,-7.301865504288063136e-01,-1.595870524246562061e-01,-2.139704708192215199e-01,4.293358207513673364e-01,5.040794886601846631e-02,8.456658057461964584e-02,-3.222239345983665681e-01,0.000000000000000000e+00,0.000000000000000000e+00,0.000000000000000000e+00,0.000000000000000000e+00,0.000000000000000000e+00,0.000000000000000000e+00,0.000000000000000000e+00,0.000000000000000000e+00,0.000000000000000000e+00,0.000000000000000000e+00,0.000000000000000000e+00,0.000000000000000000e+00,0.000000000000000000e+00,0.000000000000000000e+00,0.000000000000000000e+00,0.000000000000000000e+00
2.357646911702968140e+00,1.782649840065927194e+01,1.134133416131772432e+00,-2.659492668827793949e-02,8.680158779014334261e-03,7.565072868800025718e-01,6.533866310351567064e-01,1.388703184351622322e-01,-1.311850515800994654e-01,-3.615382682072502130e-01,5.002384576836720331e-01,1.998668997809174286e-01,-9.031861676147963369e-02,-7.276862698251770345e-01,-1.163165070339889917e-01,-2.494982219593903650e-01,4.962763407860080744e-01,1.641208769852266908e-02,2.542676655265191724e-02,-3.101892954467623809e-01,0.000000000000000000e+00,0.000000000000000000e+00,0.000000000000000000e+00,0.000000000000000000e+00,0.000000000000000000e+00,0.000000000000000000e+00,0.000000000000000000e+00,0.000000000000000000e+00,0.000000000000000000e+00,0.000000000000000000e+00,0.000000000000000000e+00,0.000000000000000000e+00,0.000000000000000000e+00,0.000000000000000000e+00,0.000000000000000000e+00,0.000000000000000000e+00
2.361604407249270121e+00,1.786168263195241579e+01,1.135265027145126782e+00,-3.355958096784624617e-02,9.743376433885833285e-04,7.502535256537353758e-01,6.602972455156519427e-01,9.670615901501980471e-02,-9.954996111775409051e-02,-3.271424328016235838e-01,5.634969093051493960e-01,3.669473804873206735e-01,-1.369787637816197168e-01,-7.128138147469584851e-01,-8.185257500021572707e-02,-2.488479801334128605e-01,5.449429835613609496e-01,-2.052024899816185660e-02,-2.570711761709984847e-02,-2.738396726631698308e-01,0.000000000000000000e+00,0.000000000000000000e+00,0.000000000000000000e+00,0.000000000000000000e+00,0.000000000000000000e+00,0.000000000000000000e+00,0.000000000000000000e+00,0.000000000000000000e+00,0.000000000000000000e+00,0.000000000000000000e+00,0.000000000000000000e+00,0.000000000000000000e+00,0.000000000000000000e+00,0.000000000000000000e+00,0.000000000000000000e+00,0.000000000000000000e+00
2.365649065591453493e+00,1.789757136784420410e+01,1.141568714531570938e+00,-2.890217099720187449e-02,6.661585649991291075e-04,7.388773417419834955e-01,6.732194995725500064e-01,2.259792528852766838e-02,-8.762186640208276256e-02,-2.538731898138402721e-01,6.575685705667617675e-01,4.355894306171610442e-01,-1.269563840718786751e-01,-6.761354042348863835e-01,-5.953913818578369932e-02,-2.241979340938193288e-01,5.657824541558380549e-01,-4.889341546946863321e-02,-5.149753527720308394e-02,-2.277865278577827779e-01,0.000000000000000000e+00,0.000000000000000000e+00,0.000000000000000000e+00,0.000000000000000000e+00,0.000000000000000000e+00,0.000000000000000000e+00,0.000000000000000000e+00,0.000000000000000000e+00,0.000000000000000000e+00,0.000000000000000000e+00,0.000000000000000000e+00,0.000000000000000000e+00,0.000000000000000000e+00,0.000000000000000000e+00,0.000000000000000000e+00,0.000000000000000000e+00
2.370324592002886366e+00,1.793298498562210952e+01,1.149805108028526535e+00,-2.183401135433989462e-02,4.345644837359162113e-03,7.272339503203151256e-01,6.860285510243985252e-01,-7.168914744052951038e-02,-6.524406718530897931e-02,-1.591073579237353708e-01,7.523065992887223441e-01,4.384981433844000187e-01,-8.512660430748421325e-02,-6.213006504031826083e-01,-4.053551165225172809e-02,-1.946166297715340165e-01,5.566306037789233718e-01,-7.173749025373973853e-02,-6.449342861962815976e-02,-1.777670074507368692e-01,0.000000000000000000e+00,0.000000000000000000e+00,0.000000000000000000e+00,0.000000000000000000e+00,0.000000000000000000e+00,0.000000000000000000e+00,0.000000000000000000e+00,0.000000000000000000e+00,0.000000000000000000e+00,0.000000000000000000e+00,0.000000000000000000e+00,0.000000000000000000e+00,0.000000000000000000e+00,0.000000000000000000e+00,0.000000000000000000e+00,0.000000000000000000e+00
2.375165686019913291e+00,1.796779520783609740e+01,1.158259832935335076e+00,-1.496765548359092063e-02,6.244913675115018950e-03,7.128251357670510879e-01,7.011542598895057488e-01,-1.850340811650965644e-01,-3.343001492109137773e-02,-6.469260680604979608e-02,8.436889989338438589e-01,3.844378831252737716e-01,-2.552074919085954227e-02,-5.528153362433566587e-01,-1.761038829136161998e-02,-1.549418231634397125e-01,5.255973707288167374e-01,-8.536225234158889563e-02,-6.395332254932052651e-02,-1.187109539511992384e-01,0.000000000000000000e+00,0.000000000000000000e+00,0.000000000000000000e+00,0.000000000000000000e+00,0.000000000000000000e+00,0.000000000000000000e+00,0.000000000000000000e+00,0.000000000000000000e+00,0.000000000000000000e+00,0.000000000000000000e+00,0.000000000000000000e+00,0.000000000000000000e+00,0.000000000000000000e+00,0.000000000000000000e+00,0.000000000000000000e+00,0.000000000000000000e+00
2.379885757659567336e+00,1.800176382124475083e+01,1.165148575390128505e+00,-8.456054302735646622e-03,5.633806568384719382e-03,6.978628378977328461e-01,7.161593501801833961e-01,-2.975516893247338035e-01,4.165228979872906759e-03,1.447918528739122052e-02,9.007209970454387316e-01,3.012649085155447160e-01,3.221700185538074745e-02,-4.770215219020687014e-01,7.899421087575950184e-04,-1.201032655443697306e-01,4.814398084401961819e-01,-8.171112450351339374e-02,-5.195591021919962471e-02,-6.078631535337743891e-02,0.000000000000000000e+00,0.000000000000000000e+00,0.000000000000000000e+00,0.000000000000000000e+00,0.000000000000000000e+00,0.000000000000000000e+00,0.000000000000000000e+00,0.000000000000000000e+00,0.000000000000000000e+00,0.000000000000000000e+00,0.000000000000000000e+00,0.000000000000000000e+00,0.000000000000000000e+00,0.000000000000000000e+00,0.000000000000000000e+00,0.000000000000000000e+00
2.384528641914036129e+00,1.803522531670223472e+01,1.170785375898146574e+00,-2.149527847661257193e-03,5.180605078465233028e-03,6.817531040312041490e-01,7.315608286430267393e-01,-4.035882381794871354e-01,3.053451597589530719e-02,6.200674352303305742e-02,9.186135576944998160e-01,2.129299975598865080e-01,6.777710735799519215e-02,-4.014701234646948502e-01,1.446337140249438769e-02,-8.782015075666740889e-02,4.255531099926618266e-01,-6.644751319863285988e-02,-3.487685683890820454e-02,6.934892160615369755e-04,0.000000000000000000e+00,0.000000000000000000e+00,0.000000000000000000e+00,0.000000000000000000e+00,0.000000000000000000e+00,0.000000000000000000e+00,0.000000000000000000e+00,0.000000000000000000e+00,0.000000000000000000e+00,0.000000000000000000e+00,0.000000000000000000e+00,0.000000000000000000e+00,0.000000000000000000e+00,0.000000000000000000e+00,0.000000000000000000e+00,0.000000000000000000e+00
2.389016069944511322e+00,1.806846662279092186e+01,1.175099420569840625e+00,4.708768984597162810e-03,2.563687599490080231e-03,6.629179337919038906e-01,7.486728711911604384e-01,-4.992829485033176695e-01,5.110372855420535626e-02,9.635337173299804436e-02,8.692651014675656373e-01,1.170693275672896883e-01,8.000483731133462006e-02,-3.270075185066055323e-01,2.142850460205847352e-02,-6.257487435202443993e-02,3.686088860286607094e-01,-4.786116838427983272e-02,-7.279519127916508035e-03,5.980492003794206368e-02,0.000000000000000000e+00,0.000000000000000000e+00,0.000000000000000000e+00,0.000000000000000000e+00,0.000000000000000000e+00,0.000000000000000000e+00,0.000000000000000000e+00,0.000000000000000000e+00,0.000000000000000000e+00,0.000000000000000000e+00,0.000000000000000000e+00,0.000000000000000000e+00,0.000000000000000000e+00,0.000000000000000000e+00,0.000000000000000000e+00,0.000000000000000000e+00
2.393122739833410062e+00,1.810216725136266902e+01,1.176660254848652443e+00,1.086866558430803903e-03,2.128560912586104602e-04,6.391450695906745194e-01,7.690854006099072659e-01,-5.662765821814991218e-01,8.283612732414091795e-02,1.235846552264056181e-01,7.684223445125708540e-01,6.198902480958043415e-02,6.632611599315095530e-02,-2.595954117267175176e-01,4.159733221956964100e-02,-2.730733378176671347e-02,3.011358382396647215e-01,-3.926070595891986009e-02,2.248097639647766641e-02,1.170213117028725269e-01,0.000000000000000000e+00,0.000000000000000000e+00,0.000000000000000000e+00,0.000000000000000000e+00,0.000000000000000000e+00,0.000000000000000000e+00,0.000000000000000000e+00,0.000000000000000000e+00,0.000000000000000000e+00,0.000000000000000000e+00,0.000000000000000000e+00,0.000000000000000000e+00,0.000000000000000000e+00,0.000000000000000000e+00,0.000000000000000000e+00,0.000000000000000000e+00
2.397294459005489209e+00,1.813631838750528402e+01,1.174937173631720233e+00,-6.903668407362287956e-03,-3.678880172570719257e-03,6.166112129274973208e-01,7.872289484611697530e-01,-6.223156094018715834e-01,1.126333655821602775e-01,1.434399712741914468e-01,6.362583937780648125e-01,2.892485604623570850e-02,4.900976267964197997e-02,-2.044818453943970382e-01,6.550090308396736005e-02,1.766772651180580078e-02,2.619285004139753070e-01,-4.555448732673693379e-02,4.631441066792837957e-02,1.673664457867382604e-01,0.000000000000000000e+00,0.000000000000000000e+00,0.000000000000000000e+00,0.000000000000000000e+00,0.000000000000000000e+00,0.000000000000000000e+00,0.000000000000000000e+00,0.000000000000000000e+00,0.000000000000000000e+00,0.000000000000000000e+00,0.000000000000000000e+00,0.000000000000000000e+00,0.000000000000000000e+00,0.000000000000000000e+00,0.000000000000000000e+00,0.000000000000000000e+00
2.402122218372991558e+00,1.817060707494871963e+01,1.170698395950729331e+00,-1.519557210470650829e-02,-6.306542850381248108e-03,6.023439465339701648e-01,7.980670975422868851e-01,-6.696111514948182020e-01,1.364434978724782255e-01,1.596513281062179046e-01,4.895566222311740212e-01,-4.691163295411866774e-03,1.216964324075757269e-02,-1.597984888287776184e-01,8.231463557291247846e-02,4.662647908176186656e-02,2.452165360768142899e-01,-7.260747136328560281e-02,5.009669030595395589e-02,1.989505180317079902e-01,0.000000000000000000e+00,0.000000000000000000e+00,0.000000000000000000e+00,0.000000000000000000e+00,0.000000000000000000e+00,0.000000000000000000e+00,0.000000000000000000e+00,0.000000000000000000e+00,0.000000000000000000e+00,0.000000000000000000e+00,0.000000000000000000e+00,0.000000000000000000e+00,0.000000000000000000e+00,0.000000000000000000e+00,0.000000000000000000e+00,0.000000000000000000e+00
2.407666356148864928e+00,1.820457341909856908e+01,1.166324685382741810e+00,-1.962311069840292493e-02,-5.735265565907225402e-03,5.937812182586855725e-01,8.043667727465123596e-01,-7.179096495114960508e-01,1.490039567414988275e-01,1.644757344123639609e-01,3.722777453746049514e-01,-2.021811967064258281e-02,-1.948830570648388966e-02,-1.240939618999864630e-01,8.859951109495037280e-02,6.919405589296726000e-02,2.446852267214497390e-01,-1.035560639788723480e-01,4.611874672455089363e-02,2.193916239245324862e-01,0.000000000000000000e+00,0.000000000000000000e+00,0.000000000000000000e+00,0.000000000000000000e+00,0.000000000000000000e+00,0.000000000000000000e+00,0.000000000000000000e+00,0.000000000000000000e+00,0.000000000000000000e+00,0.000000000000000000e+00,0.000000000000000000e+00,0.000000000000000000e+00,0.000000000000000000e+00,0.000000000000000000e+00,0.000000000000000000e+00,0.000000000000000000e+00
2.413512502376681468e+00,1.823876908044353229e+01,1.160967486325281905e+00,-2.499441187994027799e-02,-1.886778421356250651e-03,5.896622660953743100e-01,8.072608818623843163e-01,-7.563742926929523103e-01,1.461175121035462876e-01,1.666357347405142131e-01,2.593320343113307280e-01,-2.412307997791733952e-02,-4.209689997010861856e-02,-9.927579149194290520e-02,9.004554937850811625e-02,8.308616287383856214e-02,2.509434850100034642e-01,-1.348055069492782310e-01,4.500762033880028462e-02,2.255201624500462465e-01,0.000000000000000000e+00,0.000000000000000000e+00,0.000000000000000000e+00,0.000000000000000000e+00,0.000000000000000000e+00,0.000000000000000000e+00,0.000000000000000000e+00,0.000000000000000000e+00,0.000000000000000000e+00,0.000000000000000000e+00,0.000000000000000000e+00,0.000000000000000000e+00,0.000000000000000000e+00,0.000000000000000000e+00,0.000000000000000000e+00,0.000000000000000000e+00
2.419843949008748663e+00,1.827402500136596686e+01,1.154742969670151442e+00,-2.956642424115990195e-02,7.625856125864889992e-04,5.822115620541487013e-01,8.124991950957520803e-01,-7.702142921017220978e-01,1.451115561121023023e-01,1.649661492850271471e-01,1.846680133098292931e-01,-1.185521861611190525e-02,-5.150019458292427743e-02,-7.409990971982981234e-02,8.838397251139530619e-02,8.044362261421836302e-02,2.669231866111375084e-01,-1.607799310312254815e-01,3.940044628316938247e-02,2.386574136022155401e-01,0.000000000000000000e+00,0.000000000000000000e+00,0.000000000000000000e+00,0.000000000000000000e+00,0.000000000000000000e+00,0.000000000000000000e+00,0.000000000000000000e+00,0.000000000000000000e+00,0.000000000000000000e+00,0.000000000000000000e+00,0.000000000000000000e+00,0.000000000000000000e+00,0.000000000000000000e+00,0.000000000000000000e+00,0.000000000000000000e+00,0.000000000000000000e+00
2.426205027362861699e+00,1.831114730487194464e+01,1.146397510758655258e+00,-3.391256837209520592e-02,-9.330947043101073951e-04,5.719926342158638821e-01,8.195568884729598214e-01,-7.780947176365285989e-01,1.583800275047415884e-01,1.779844062022037376e-01,2.039314678768899547e-01,-7.604405054002651154e-03,-4.981605351675855858e-02,-4.397623605013682713e-02,9.266597037879632792e-02,9.811023715999493688e-02,2.950538105837754443e-01,-1.812611880590268010e-01,4.266553659390598385e-02,2.579864353395661669e-01,0.000000000000000000e+00,0.000000000000000000e+00,0.000000000000000000e+00,0.000000000000000000e+00,0.000000000000000000e+00,0.000000000000000000e+00,0.000000000000000000e+00,0.000000000000000000e+00,0.000000000000000000e+00,0.000000000000000000e+00,0.000000000000000000e+00,0.000000000000000000e+00,0.000000000000000000e+00,0.000000000000000000e+00,0.000000000000000000e+00,0.000000000000000000e+00
2.432667452173306710e+00,1.834940054961972677e+01,1.137240466671505468e+00,-3.345498271206732988e-02,-4.900798539028680678e-03,5.584090054358081812e-01,8.288764256230289895e-01,-7.740255447217646578e-01,1.787300145571559529e-01,1.899174570309845322e-01,2.714198750296270002e-01,1.586314527507606820e-02,-3.522392785681321969e-02,-9.526015344266620943e-03,8.924873426028760715e-02,1.249001327758862134e-01,3.334456872540126904e-01,-1.739488172916530961e-01,5.023577163416709929e-02,2.855445638145543419e-01,0.000000000000000000e+00,0.000000000000000000e+00,0.000000000000000000e+00,0.000000000000000000e+00,0.000000000000000000e+00,0.000000000000000000e+00,0.000000000000000000e+00,0.000000000000000000e+00,0.000000000000000000e+00,0.000000000000000000e+00,0.000000000000000000e+00,0.000000000000000000e+00,0.000000000000000000e+00,0.000000000000000000e+00,0.000000000000000000e+00,0.000000000000000000e+00
2.438761784805301147e+00,1.838778304315256662e+01,1.129001074587108633e+00,-2.802478219263261974e-02,-1.192483145347479102e-03,5.487223012860035221e-01,8.355339763518884189e-01,-7.555951006616119514e-01,1.692997414324945438e-01,2.022536503260773944e-01,3.392238294836648627e-01,3.549768150106921011e-02,-8.138473035989090415e-03,2.076880923081245861e-02,6.664871167539292152e-02,1.611118989756906983e-01,3.642690273830292425e-01,-1.191916827317572314e-01,7.756521413190470282e-02,3.040657874576793152e-01,0.000000000000000000e+00,0.000000000000000000e+00,0.000000000000000000e+00,0.000000000000000000e+00,0.000000000000000000e+00,0.000000000000000000e+00,0.000000000000000000e+00,0.000000000000000000e+00,0.000000000000000000e+00,0.000000000000000000e+00,0.000000000000000000e+00,0.000000000000000000e+00,0.000000000000000000e+00,0.000000000000000000e+00,0.000000000000000000e+00,0.000000000000000000e+00
2.444020861462828265e+00,1.842479022087556828e+01,1.121703244460830140e+00,-1.623953087572960197e-02,1.175617643843404440e-02,5.416953102317473290e-01,8.403358024179472530e-01,-7.415770934225933697e-01,1.309154037773599955e-01,2.304393013749485020e-01,4.000822035395096843e-01,5.055961113344271951e-02,3.200127909085064698e-02,4.840183026027398278e-02,1.427504549046925732e-02,1.926520753746463477e-01,3.728471563447576242e-01,2.468716943744932169e-02,1.301619737787553799e-01,3.216367043512193269e-01,0.000000000000000000e+00,0.000000000000000000e+00,0.000000000000000000e+00,0.000000000000000000e+00,0.000000000000000000e+00,0.000000000000000000e+00,0.000000000000000000e+00,0.000000000000000000e+00,0.000000000000000000e+00,0.000000000000000000e+00,0.000000000000000000e+00,0.000000000000000000e+00,0.000000000000000000e+00,0.000000000000000000e+00,0.000000000000000000e+00,0.000000000000000000e+00
2.448756476058562725e+00,1.846042659127884278e+01,1.116668445296080669e+00,-6.395683168966769493e-03,3.112932111729821427e-02,5.398049520581916783e-01,8.411900346158593944e-01,-7.347688811927474140e-01,8.157447154211754092e-02,2.601082838274532127e-01,4.540254477882401107e-01,5.628627385872979338e-02,7.462628565777515433e-02,5.659091480513778194e-02,-5.690821229115675811e-02,1.904259107436116205e-01,3.937486037168865805e-01,2.270325385773693250e-01,1.789295139432234838e-01,3.329948207126349202e-01,0.000000000000000000e+00,0.000000000000000000e+00,0.000000000000000000e+00,0.000000000000000000e+00,0.000000000000000000e+00,0.000000000000000000e+00,0.000000000000000000e+00,0.000000000000000000e+00,0.000000000000000000e+00,0.000000000000000000e+00,0.000000000000000000e+00,0.000000000000000000e+00,0.000000000000000000e+00,0.000000000000000000e+00,0.000000000000000000e+00,0.000000000000000000e+00
2.452702698805338422e+00,1.849563177494509958e+01,1.119393461139647661e+00,-1.640823631426957183e-03,4.567413459179478497e-02,5.480147352749894507e-01,8.352191515097001639e-01,-7.179421505398344561e-01,2.694465854384814341e-02,2.674027258927984541e-01,4.837745272466712487e-01,4.360615320417812746e-02,1.151289592236829085e-01,4.928046654948164962e-02,-9.876843850092162369e-02,1.808747736631924341e-01,4.472442651189151297e-01,4.369325244276206499e-01,2.329376706135130870e-01,3.219905904274599773e-01,0.000000000000000000e+00,0.000000000000000000e+00,0.000000000000000000e+00,0.000000000000000000e+00,0.000000000000000000e+00,0.000000000000000000e+00,0.000000000000000000e+00,0.000000000000000000e+00,0.000000000000000000e+00,0.000000000000000000e+00,0.000000000000000000e+00,0.000000000000000000e+00,0.000000000000000000e+00,0.000000000000000000e+00,0.000000000000000000e+00,0.000000000000000000e+00
2.456544010587041083e+00,1.853289745084585505e+01,1.123476078542393175e+00,8.307738949788128630e-03,5.245685085402477382e-02,5.666818764514544027e-01,8.222231516890523562e-01,-6.776615927381069993e-01,-4.133569070133817636e-02,2.584575486486428986e-01,4.992398095257647994e-01,4.656337950458513952e-03,1.555661425489281713e-01,-8.418902440298345335e-03,-1.277230455266786247e-01,1.379502471049708356e-01,6.198905490226229720e-01,4.971323818234772429e-01,2.395860812033837883e-01,2.836318176040552586e-01,0.000000000000000000e+00,0.000000000000000000e+00,0.000000000000000000e+00,0.000000000000000000e+00,0.000000000000000000e+00,0.000000000000000000e+00,0.000000000000000000e+00,0.000000000000000000e+00,0.000000000000000000e+00,0.000000000000000000e+00,0.000000000000000000e+00,0.000000000000000000e+00,0.000000000000000000e+00,0.000000000000000000e+00,0.000000000000000000e+00,0.000000000000000000e+00
2.458349904165076705e+00,1.857042241143132699e+01,1.132219791306429357e+00,1.062891562691250374e-02,4.817521191533209735e-02,5.886248116520731433e-01,8.068996258625166229e-01,-6.186391579112917594e-01,-8.705956727728200728e-02,2.192247098978664099e-01,4.899116698363164546e-01,-4.071702333977099408e-02,1.833580614396038699e-01,-8.571104137070281737e-02,-1.365461992084811005e-01,6.862720573076697139e-02,7.395036289804217677e-01,4.972255695037062218e-01,1.895622859189686482e-01,2.309052226514343720e-01,0.000000000000000000e+00,0.000000000000000000e+00,0.000000000000000000e+00,0.000000000000000000e+00,0.000000000000000000e+00,0.000000000000000000e+00,0.000000000000000000e+00,0.000000000000000000e+00,0.000000000000000000e+00,0.000000000000000000e+00,0.000000000000000000e+00,0.000000000000000000e+00,0.000000000000000000e+00,0.000000000000000000e+00,0.000000000000000000e+00,0.000000000000000000e+00
2.458219869375524169e+00,1.860635966470799474e+01,1.142974714427597016e+00,4.879549498176444927e-03,4.000228068249545021e-02,6.063813297573003025e-01,7.941521834375706579e-01,-5.590135339278113902e-01,-1.057956309241540049e-01,1.770371188120503647e-01,4.710104896827021492e-01,-8.454416052798377490e-02,2.028680547860344519e-01,-1.850102676774122989e-01,-1.379507917889425672e-01,3.748062253996702065e-03,7.990828695923821723e-01,4.756880294920758367e-01,1.267225104592822060e-01,1.690342421075285706e-01,0.000000000000000000e+00,0.000000000000000000e+00,0.000000000000000000e+00,0.000000000000000000e+00,0.000000000000000000e+00,0.000000000000000000e+00,0.000000000000000000e+00,0.000000000000000000e+00,0.000000000000000000e+00,0.000000000000000000e+00,0.000000000000000000e+00,0.000000000000000000e+00,0.000000000000000000e+00,0.000000000000000000e+00,0.000000000000000000e+00,0.000000000000000000e+00
2.457626988115815259e+00,1.864172321972257862e+01,1.147997596181053570e+00,1.056845725080211157e-02,3.324535727558916576e-02,6.262009985502596798e-01,7.788808402737951164e-01,-4.898428549082333161e-01,-1.432277221422766089e-01,1.397401235305905653e-01,4.560220835038397702e-01,-1.315488924558995409e-01,2.121597041553749674e-01,-2.967651363741132253e-01,-1.676658450896351127e-01,-5.766652946455420176e-02,8.826244257695113893e-01,3.722453963372420738e-01,8.164603168235554098e-02,9.777776038034109718e-02,0.000000000000000000e+00,0.000000000000000000e+00,0.000000000000000000e+00,0.000000000000000000e+00,0.000000000000000000e+00,0.000000000000000000e+00,0.000000000000000000e+00,0.000000000000000000e+00,0.000000000000000000e+00,0.000000000000000000e+00,0.000000000000000000e+00,0.000000000000000000e+00,0.000000000000000000e+00,0.000000000000000000e+00,0.000000000000000000e+00,0.000000000000000000e+00
2.456752087477843016e+00,1.867636446440194575e+01,1.152170278608385834e+00,1.715531881102490969e-02,2.798411537825228751e-02,6.486301803044470793e-01,7.603956033021286309e-01,-4.106238867675666704e-01,-1.805728157270773127e-01,9.340662266904860289e-02,4.166549776087239421e-01,-1.535409855451795869e-01,2.059698960310671900e-01,-4.053038644033822857e-01,-1.979102153233318062e-01,-1.122639545487630619e-01,9.266907109830657685e-01,2.849030656502948844e-01,5.439361746506821832e-02,2.891285010266336775e-02,0.000000000000000000e+00,0.000000000000000000e+00,0.000000000000000000e+00,0.000000000000000000e+00,0.000000000000000000e+00,0.000000000000000000e+00,0.000000000000000000e+00,0.000000000000000000e+00,0.000000000000000000e+00,0.000000000000000000e+00,0.000000000000000000e+00,0.000000000000000000e+00,0.000000000000000000e+00,0.000000000000000000e+00,0.000000000000000000e+00,0.000000000000000000e+00
2.455622703172325227e+00,1.871131219914110844e+01,1.154434361578140500e+00,2.184290275064895703e-02,2.690625518094377083e-02,6.676046005784991300e-01,7.437089742083157207e-01,-3.390812576939397638e-01,-2.167261010667473897e-01,3.470395684848071732e-02,3.796111556957435518e-01,-1.697024361388972391e-01,1.939704463394218703e-01,-4.934592482441077510e-01,-2.338642090959737185e-01,-1.511960447584189127e-01,8.953514965659533642e-01,2.157398291414310276e-01,4.434120367308855282e-02,-3.541460632001048464e-02,0.000000000000000000e+00,0.000000000000000000e+00,0.000000000000000000e+00,0.000000000000000000e+00,0.000000000000000000e+00,0.000000000000000000e+00,0.000000000000000000e+00,0.000000000000000000e+00,0.000000000000000000e+00,0.000000000000000000e+00,0.000000000000000000e+00,0.000000000000000000e+00,0.000000000000000000e+00,0.000000000000000000e+00,0.000000000000000000e+00,0.000000000000000000e+00
2.454345328739799381e+00,1.874592660427552815e+01,1.153911659494994746e+00,2.807524658912839699e-02,2.530070141729063096e-02,6.851019425717503886e-01,7.274661389516119403e-01,-2.702990346780422271e-01,-2.454819907456907979e-01,-1.350030758773629325e-02,3.583389344005927235e-01,-1.939805811817417180e-01,1.861982399344079830e-01,-5.601932504911777411e-01,-2.596234763989345717e-01,-1.732264497042871332e-01,8.274124105744073976e-01,1.635056957465355620e-01,4.965614297134059857e-02,-9.218302652008468490e-02,0.000000000000000000e+00,0.000000000000000000e+00,0.000000000000000000e+00,0.000000000000000000e+00,0.000000000000000000e+00,0.000000000000000000e+00,0.000000000000000000e+00,0.000000000000000000e+00,0.000000000000000000e+00,0.000000000000000000e+00,0.000000000000000000e+00,0.000000000000000000e+00,0.000000000000000000e+00,0.000000000000000000e+00,0.000000000000000000e+00,0.000000000000000000e+00
2.453429831552878415e+00,1.878122987941504007e+01,1.152036794546219323e+00,3.043392934416076084e-02,2.742981023982100225e-02,7.009200492830715001e-01,7.120621222673606532e-01,-2.130508216750045813e-01,-2.685864914763647637e-01,-6.483036156344386403e-02,3.413971941257998299e-01,-2.153622378402743620e-01,1.777096808309975018e-01,-6.088868010270531705e-01,-2.713429106719163486e-01,-1.756500111417239607e-01,7.269146473816403553e-01,1.227573359304722778e-01,7.406401490145259059e-02,-1.484242125144914493e-01,0.000000000000000000e+00,0.000000000000000000e+00,0.000000000000000000e+00,0.000000000000000000e+00,0.000000000000000000e+00,0.000000000000000000e+00,0.000000000000000000e+00,0.000000000000000000e+00,0.000000000000000000e+00,0.000000000000000000e+00,0.000000000000000000e+00,0.000000000000000000e+00,0.000000000000000000e+00,0.000000000000000000e+00,0.000000000000000000e+00,0.000000000000000000e+00
2.453006904699583046e+00,1.881688093294142305e+01,1.148587211168988098e+00,3.331617343825329230e-02,2.759910938482782253e-02,7.141820632830282456e-01,6.986217161192403990e-01,-1.543595146087630154e-01,-2.852674744506931148e-01,-1.166923877022123107e-01,3.317748113202785287e-01,-2.359338212153127556e-01,1.725984998068163523e-01,-6.474141583508424835e-01,-2.734328277478215719e-01,-1.669607874389041902e-01,6.077070952932742687e-01,9.095769456444283141e-02,1.086900484194181088e-01,-1.928224517585377940e-01,0.000000000000000000e+00,0.000000000000000000e+00,0.000000000000000000e+00,0.000000000000000000e+00,0.000000000000000000e+00,0.000000000000000000e+00,0.000000000000000000e+00,0.000000000000000000e+00,0.000000000000000000e+00,0.000000000000000000e+00,0.000000000000000000e+00,0.000000000000000000e+00,0.000000000000000000e+00,0.000000000000000000e+00,0.000000000000000000e+00,0.000000000000000000e+00
2.453572189287746674e+00,1.885277523118644893e+01,1.143672617647521372e+00,3.505453249014522932e-02,2.883206506987760764e-02,7.233158350728579045e-01,6.890240159156698629e-01,-9.865630917596183991e-02,-2.953147781900474778e-01,-1.599406422848347331e-01,3.234183408168480600e-01,-2.650988299728910813e-01,1.671812887056222663e-01,-6.874145581454910170e-01,-2.661451230072379714e-01,-1.481309460455711990e-01,4.819403110040182403e-01,5.454181128540970536e-02,1.511652963225783575e-01,-2.319501654133196145e-01,0.000000000000000000e+00,0.000000000000000000e+00,0.000000000000000000e+00,0.000000000000000000e+00,0.000000000000000000e+00,0.000000000000000000e+00,0.000000000000000000e+00,0.000000000000000000e+00,0.000000000000000000e+00,0.000000000000000000e+00,0.000000000000000000e+00,0.000000000000000000e+00,0.000000000000000000e+00,0.000000000000000000e+00,0.000000000000000000e+00,0.000000000000000000e+00
2.455335452553121467e+00,1.888859714743427176e+01,1.137579999643164363e+00,3.450457866617057112e-02,3.065818490264350660e-02,7.257488501382702850e-01,6.864095834649480699e-01,-5.411497382524915745e-02,-2.981465875654846776e-01,-1.840260587593194330e-01,3.250095719176946951e-01,-2.972470939177334626e-01,1.635469977247731022e-01,-7.280101436995267683e-01,-2.430708184403772287e-01,-1.287807253075905767e-01,3.536246912353460670e-01,2.562883124677687446e-02,1.912325607691524876e-01,-2.585736517721588523e-01,0.000000000000000000e+00,0.000000000000000000e+00,0.000000000000000000e+00,0.000000000000000000e+00,0.000000000000000000e+00,0.000000000000000000e+00,0.000000000000000000e+00,0.000000000000000000e+00,0.000000000000000000e+00,0.000000000000000000e+00,0.000000000000000000e+00,0.000000000000000000e+00,0.000000000000000000e+00,0.000000000000000000e+00,0.000000000000000000e+00,0.000000000000000000e+00
2.458698691571123529e+00,1.892462798553265557e+01,1.129734193239615880e+00,3.187698345071823813e-02,3.604981775548362494e-02,7.215166102931034331e-01,6.907228457471407124e-01,-2.045524540689948670e-02,-3.026633425082092543e-01,-2.078359749847938087e-01,3.245101096604439128e-01,-3.207119965977193177e-01,1.478111692375987107e-01,-7.701775333596850848e-01,-2.167700487278327315e-01,-1.328642434912696291e-01,2.585877303934805971e-01,5.704504542400561096e-03,2.170628922417584816e-01,-2.626799838493346639e-01,0.000000000000000000e+00,0.000000000000000000e+00,0.000000000000000000e+00,0.000000000000000000e+00,0.000000000000000000e+00,0.000000000000000000e+00,0.000000000000000000e+00,0.000000000000000000e+00,0.000000000000000000e+00,0.000000000000000000e+00,0.000000000000000000e+00,0.000000000000000000e+00,0.000000000000000000e+00,0.000000000000000000e+00,0.000000000000000000e+00,0.000000000000000000e+00
2.462553182438211419e+00,1.896276860211435178e+01,1.118553451426782308e+00,2.776327557018548955e-02,4.546448864316094546e-02,7.166305194277938773e-01,6.954156163235616361e-01,1.226858303612222978e-03,-3.186255117693149730e-01,-2.418687373112914374e-01,3.485226882532328485e-01,-3.561116882566313646e-01,1.439945490548533436e-01,-8.001192325227252100e-01,-2.028685772767068463e-01,-1.269012419082568843e-01,2.227007958164441970e-01,-3.673039431071903338e-03,2.294821801300767350e-01,-2.653443950632976556e-01,0.000000000000000000e+00,0.000000000000000000e+00,0.000000000000000000e+00,0.000000000000000000e+00,0.000000000000000000e+00,0.000000000000000000e+00,0.000000000000000000e+00,0.000000000000000000e+00,0.000000000000000000e+00,0.000000000000000000e+00,0.000000000000000000e+00,0.000000000000000000e+00,0.000000000000000000e+00,0.000000000000000000e+00,0.000000000000000000e+00,0.000000000000000000e+00
2.466992545790814617e+00,1.900242056460437112e+01,1.105719556865231823e+00,2.941347832564446263e-02,4.927952439720918038e-02,7.213899896495133968e-01,6.901469833314101132e-01,3.952890122246527360e-02,-3.299242617953760393e-01,-2.815915884003104552e-01,3.854629986489634397e-01,-3.770854664992688288e-01,1.396944269384752246e-01,-8.032389921988424275e-01,-2.008815778714290734e-01,-1.186967212348606499e-01,2.363743169180818615e-01,9.291021282026624278e-03,2.248102882800102342e-01,-2.828208220410499685e-01,0.000000000000000000e+00,0.000000000000000000e+00,0.000000000000000000e+00,0.000000000000000000e+00,0.000000000000000000e+00,0.000000000000000000e+00,0.000000000000000000e+00,0.000000000000000000e+00,0.000000000000000000e+00,0.000000000000000000e+00,0.000000000000000000e+00,0.000000000000000000e+00,0.000000000000000000e+00,0.000000000000000000e+00,0.000000000000000000e+00,0.000000000000000000e+00
2.471378289036828768e+00,1.904260781270927794e+01,1.092670667288726749e+00,2.847457438509851807e-02,4.727719265147014432e-02,7.292636986232744478e-01,6.820033163694176892e-01,7.747381512388740177e-02,-3.199542261178899838e-01,-2.999637625469613877e-01,4.252733991532040569e-01,-3.694182564618341269e-01,1.286575445621133129e-01,-7.862133855318006459e-01,-1.996182408041168865e-01,-1.250756460721400842e-01,2.848634571842073027e-01,2.303202265693662931e-02,2.025581125437264929e-01,-2.999534085330721744e-01,0.000000000000000000e+00,0.000000000000000000e+00,0.000000000000000000e+00,0.000000000000000000e+00,0.000000000000000000e+00,0.000000000000000000e+00,0.000000000000000000e+00,0.000000000000000000e+00,0.000000000000000000e+00,0.000000000000000000e+00,0.000000000000000000e+00,0.000000000000000000e+00,0.000000000000000000e+00,0.000000000000000000e+00,0.000000000000000000e+00,0.000000000000000000e+00
2.476178191639470061e+00,1.908212258253094618e+01,1.084502239076562180e+00,2.001996479550252964e-02,4.343688923140213293e-02,7.378724853450800980e-01,6.732433683551283243e-01,1.126187095993644305e-01,-2.933952765477588209e-01,-3.318396296185884276e-01,4.385498321028322155e-01,-2.855167479449410295e-01,9.298441842519716838e-02,-7.663634944710586705e-01,-1.839650644232135313e-01,-1.380230865821879538e-01,3.395768550350209414e-01,3.922410321468979694e-02,1.675882711760179611e-01,-3.181026252460509851e-01,0.000000000000000000e+00,0.000000000000000000e+00,0.000000000000000000e+00,0.000000000000000000e+00,0.000000000000000000e+00,0.000000000000000000e+00,0.000000000000000000e+00,0.000000000000000000e+00,0.000000000000000000e+00,0.000000000000000000e+00,0.000000000000000000e+00,0.000000000000000000e+00,0.000000000000000000e+00,0.000000000000000000e+00,0.000000000000000000e+00,0.000000000000000000e+00
2.480721127536614112e+00,1.912015508438500078e+01,1.077483954878870165e+00,4.358452232460867035e-03,3.467082671915844294e-02,7.455170447528917110e-01,6.655698863768260143e-01,1.407272538991089506e-01,-2.523896842133641627e-01,-3.681959351783950507e-01,4.455030829259702951e-01,-1.517797237483760608e-01,3.723597162367242586e-02,-7.469418881753212558e-01,-1.583820205879284404e-01,-1.630900445556296430e-01,3.936776794566945736e-01,5.582380327820388177e-02,1.247346884183305193e-01,-3.334586471712432942e-01,0.000000000000000000e+00,0.000000000000000000e+00,0.000000000000000000e+00,0.000000000000000000e+00,0.000000000000000000e+00,0.000000000000000000e+00,0.000000000000000000e+00,0.000000000000000000e+00,0.000000000000000000e+00,0.000000000000000000e+00,0.000000000000000000e+00,0.000000000000000000e+00,0.000000000000000000e+00,0.000000000000000000e+00,0.000000000000000000e+00,0.000000000000000000e+00
2.485327425529646472e+00,1.915617171801790874e+01,1.071996892221260822e+00,-1.940361714583972372e-02,2.342523112500776578e-02,7.496458393615695881e-01,6.611398291710194330e-01,1.409736510571888701e-01,-1.896872198591565972e-01,-3.801324115461910402e-01,4.531966840124767582e-01,4.875191234541046553e-02,-3.879279606576353095e-02,-7.407339039080035326e-01,-1.163549579774099535e-01,-2.012143825007200459e-01,4.524676924288224544e-01,4.641835225343213245e-02,7.530682118146328485e-02,-3.315079798598059568e-01,0.000000000000000000e+00,0.000000000000000000e+00,0.000000000000000000e+00,0.000000000000000000e+00,0.000000000000000000e+00,0.000000000000000000e+00,0.000000000000000000e+00,0.000000000000000000e+00,0.000000000000000000e+00,0.000000000000000000e+00,0.000000000000000000e+00,0.000000000000000000e+00,0.000000000000000000e+00,0.000000000000000000e+00,0.000000000000000000e+00,0.000000000000000000e+00
2.489560641861041645e+00,1.919097680473949907e+01,1.069897467514408396e+00,-3.732363945375070241e-02,1.068859308859841997e-02,7.476144271826353771e-01,6.629972610683183554e-01,1.150702980669991854e-01,-1.338857830162675233e-01,-3.569470401747505961e-01,4.987840947603816022e-01,2.567956265036483443e-01,-1.071711689993138650e-01,-7.390985601626672841e-01,-7.771001825399363738e-02,-2.249487707133213943e-01,5.151060633800332855e-01,1.815715848523347109e-02,1.618898292185282431e-02,-3.078136165357583387e-01,0.000000000000000000e+00,0.000000000000000000e+00,0.000000000000000000e+00,0.000000000000000000e+00,0.000000000000000000e+00,0.000000000000000000e+00,0.000000000000000000e+00,0.000000000000000000e+00,0.000000000000000000e+00,0.000000000000000000e+00,0.000000000000000000e+00,0.000000000000000000e+00,0.000000000000000000e+00,0.000000000000000000e+00,0.000000000000000000e+00,0.000000000000000000e+00
2.493525094216845872e+00,1.922645029211361845e+01,1.073530599607023905e+00,-4.057942164365348214e-02,5.820129256353829064e-03,7.389612260217353068e-01,6.724996231009792158e-01,5.924654465014841248e-02,-1.103719727641329362e-01,-3.004355085025304239e-01,5.787107532898044804e-01,4.016489647101499361e-01,-1.370391901072873231e-01,-7.166283651650747766e-01,-4.735427779523125602e-02,-2.127810664135989516e-01,5.586407421763903702e-01,-1.639303407368388615e-02,-2.866635519166755089e-02,-2.622545370065281212e-01,0.000000000000000000e+00,0.000000000000000000e+00,0.000000000000000000e+00,0.000000000000000000e+00,0.000000000000000000e+00,0.000000000000000000e+00,0.000000000000000000e+00,0.000000000000000000e+00,0.000000000000000000e+00,0.000000000000000000e+00,0.000000000000000000e+00,0.000000000000000000e+00,0.000000000000000000e+00,0.000000000000000000e+00,0.000000000000000000e+00,0.000000000000000000e+00
2.497722608639266095e+00,1.926246797589930893e+01,1.081145371293659618e+00,-3.443099277870251274e-02,8.460876073443538564e-03,7.259451776466827599e-01,6.868380590531280028e-01,-3.137899591670694627e-02,-9.516610946119079262e-02,-2.057243096546209349e-01,6.793615819582587978e-01,4.464805148200193807e-01,-1.183430250406618117e-01,-6.684856498026047200e-01,-2.567088854989292915e-02,-1.823321141327871042e-01,5.670685700785838002e-01,-5.456278676554726648e-02,-5.267801610149591696e-02,-2.063354885863199206e-01,0.000000000000000000e+00,0.000000000000000000e+00,0.000000000000000000e+00,0.000000000000000000e+00,0.000000000000000000e+00,0.000000000000000000e+00,0.000000000000000000e+00,0.000000000000000000e+00,0.000000000000000000e+00,0.000000000000000000e+00,0.000000000000000000e+00,0.000000000000000000e+00,0.000000000000000000e+00,0.000000000000000000e+00,0.000000000000000000e+00,0.000000000000000000e+00
2.502198357972452047e+00,1.929790358260932592e+01,1.089813402997526826e+00,-2.480483850316544947e-02,9.354102251098712559e-03,7.135160785282684826e-01,7.001371483070647495e-01,-1.413573894937801556e-01,-6.301226352983713141e-02,-9.334474833394934556e-02,7.783861351729054467e-01,4.154527518796131136e-01,-6.155489415591623020e-02,-6.003353893345926284e-01,-6.743019198113243962e-03,-1.451220389096015140e-01,5.515346819963952152e-01,-8.801032071086400954e-02,-6.202699683112137402e-02,-1.491456225713102546e-01,0.000000000000000000e+00,0.000000000000000000e+00,0.000000000000000000e+00,0.000000000000000000e+00,0.000000000000000000e+00,0.000000000000000000e+00,0.000000000000000000e+00,0.000000000000000000e+00,0.000000000000000000e+00,0.000000000000000000e+00,0.000000000000000000e+00,0.000000000000000000e+00,0.000000000000000000e+00,0.000000000000000000e+00,0.000000000000000000e+00,0.000000000000000000e+00
2.506660333849088040e+00,1.933284027658366000e+01,1.097444927791767944e+00,-1.604837206879408326e-02,1.058946962402476308e-02,7.003019807569157429e-01,7.135877301600432876e-01,-2.597392010467541312e-01,-2.103265218273449311e-02,-2.194245663351190867e-03,8.575544253469302713e-01,3.263099662745359009e-01,4.681140613438876386e-03,-5.294620383457793178e-01,1.004413096733170613e-02,-1.061934121319103169e-01,5.209647819313516504e-01,-1.009388918566951482e-01,-5.906745445295997349e-02,-9.114950195692585189e-02,0.000000000000000000e+00,0.000000000000000000e+00,0.000000000000000000e+00,0.000000000000000000e+00,0.000000000000000000e+00,0.000000000000000000e+00,0.000000000000000000e+00,0.000000000000000000e+00,0.000000000000000000e+00,0.000000000000000000e+00,0.000000000000000000e+00,0.000000000000000000e+00,0.000000000000000000e+00,0.000000000000000000e+00,0.000000000000000000e+00,0.000000000000000000e+00
2.510712610619291407e+00,1.936704198880806160e+01,1.104222545175608250e+00,-8.433640814339598418e-03,1.051586741681696455e-02,6.852400920882131263e-01,7.281924927036963480e-01,-3.774801083370762367e-01,2.387149525264684047e-02,6.668572827224338029e-02,8.984986172051687703e-01,2.284657861465352047e-01,5.302915121572147200e-02,-4.500993493027172776e-01,1.990848788519332391e-02,-8.095972982906478321e-02,4.672546463070428868e-01,-9.765881135150704384e-02,-4.139973834634925326e-02,-2.873914767087935168e-02,0.000000000000000000e+00,0.000000000000000000e+00,0.000000000000000000e+00,0.000000000000000000e+00,0.000000000000000000e+00,0.000000000000000000e+00,0.000000000000000000e+00,0.000000000000000000e+00,0.000000000000000000e+00,0.000000000000000000e+00,0.000000000000000000e+00,0.000000000000000000e+00,0.000000000000000000e+00,0.000000000000000000e+00,0.000000000000000000e+00,0.000000000000000000e+00
2.514162373909227366e+00,1.940095996060724204e+01,1.109564886000361517e+00,-3.683779512150073959e-04,8.378525604382774244e-03,6.681362794283186579e-01,7.439916509733593974e-01,-4.788540398589056779e-01,4.995369491581941324e-02,1.015526158896004755e-01,8.747732396789984488e-01,1.197193637491150431e-01,7.348755779534849042e-02,-3.733958158360644042e-01,2.885829225306139195e-02,-4.950425481603055317e-02,4.162241381780434901e-01,-8.389014574452130502e-02,-1.749479140019743681e-02,3.041305498904237070e-02,0.000000000000000000e+00,0.000000000000000000e+00,0.000000000000000000e+00,0.000000000000000000e+00,0.000000000000000000e+00,0.000000000000000000e+00,0.000000000000000000e+00,0.000000000000000000e+00,0.000000000000000000e+00,0.000000000000000000e+00,0.000000000000000000e+00,0.000000000000000000e+00,0.000000000000000000e+00,0.000000000000000000e+00,0.000000000000000000e+00,0.000000000000000000e+00
2.517270617792696452e+00,1.943505123149396852e+01,1.112750175374639161e+00,9.612736230948746435e-04,6.507047287030288604e-03,6.487723184101752416e-01,7.609541465510990532e-01,-5.545368733193011268e-01,7.761317712987034212e-02,1.247539569928690639e-01,7.793218421191911993e-01,6.221471378455073475e-02,6.221383559933701263e-02,-3.025689575388004759e-01,4.039030816836725740e-02,-2.067110523749347839e-02,3.550865335908057752e-01,-6.801144007921600121e-02,9.183669748371507333e-03,9.224281086626734405e-02,0.000000000000000000e+00,0.000000000000000000e+00,0.000000000000000000e+00,0.000000000000000000e+00,0.000000000000000000e+00,0.000000000000000000e+00,0.000000000000000000e+00,0.000000000000000000e+00,0.000000000000000000e+00,0.000000000000000000e+00,0.000000000000000000e+00,0.000000000000000000e+00,0.000000000000000000e+00,0.000000000000000000e+00,0.000000000000000000e+00,0.000000000000000000e+00
2.519781619020282637e+00,1.946987403977713171e+01,1.111527260485816626e+00,-8.715561945755775919e-03,1.936635025050959923e-03,6.288433426803944348e-01,7.774807642580600087e-01,-6.153977732314815929e-01,1.111698059972086039e-01,1.381065916024838969e-01,6.518547405949360884e-01,4.106981993701613182e-02,3.817990954846501445e-02,-2.413116431544162221e-01,6.939837350568946184e-02,2.509386736676844781e-02,3.029243803265280199e-01,-7.252046631997202675e-02,3.792984138834116364e-02,1.486137601063040603e-01,0.000000000000000000e+00,0.000000000000000000e+00,0.000000000000000000e+00,0.000000000000000000e+00,0.000000000000000000e+00,0.000000000000000000e+00,0.000000000000000000e+00,0.000000000000000000e+00,0.000000000000000000e+00,0.000000000000000000e+00,0.000000000000000000e+00,0.000000000000000000e+00,0.000000000000000000e+00,0.000000000000000000e+00,0.000000000000000000e+00,0.000000000000000000e+00
2.522635818385806861e+00,1.950482713809133273e+01,1.107836799075523793e+00,-1.813877106577164652e-02,-1.436004364693669851e-03,6.133592678424489852e-01,7.895944094454209194e-01,-6.716772725133367539e-01,1.390292669141746651e-01,1.477607408012404644e-01,5.127072933003613553e-01,8.986668807685664617e-03,4.429846107534973418e-03,-1.885192348314247979e-01,8.850785092245709584e-02,6.181716940662163734e-02,2.670403203391223390e-01,-8.583862352577609212e-02,5.012611962606126903e-02,1.854983104029386265e-01,0.000000000000000000e+00,0.000000000000000000e+00,0.000000000000000000e+00,0.000000000000000000e+00,0.000000000000000000e+00,0.000000000000000000e+00,0.000000000000000000e+00,0.000000000000000000e+00,0.000000000000000000e+00,0.000000000000000000e+00,0.000000000000000000e+00,0.000000000000000000e+00,0.000000000000000000e+00,0.000000000000000000e+00,0.000000000000000000e+00,0.000000000000000000e+00
2.526094508802593452e+00,1.953946080710991495e+01,1.102793670313444441e+00,-2.518849865784797762e-02,-2.666095545812576829e-03,6.052994397928028736e-01,7.955947584395103300e-01,-7.318149901789502421e-01,1.555031293265471126e-01,1.448697457937457855e-01,3.907591276726957163e-01,-1.562623626340808175e-02,-2.996472032123480289e-02,-1.505528889388687563e-01,1.003353217433788080e-01,9.253513086193712600e-02,2.609857365690925191e-01,-1.185826388416371668e-01,4.728925670831937711e-02,2.099334169414719953e-01,0.000000000000000000e+00,0.000000000000000000e+00,0.000000000000000000e+00,0.000000000000000000e+00,0.000000000000000000e+00,0.000000000000000000e+00,0.000000000000000000e+00,0.000000000000000000e+00,0.000000000000000000e+00,0.000000000000000000e+00,0.000000000000000000e+00,0.000000000000000000e+00,0.000000000000000000e+00,0.000000000000000000e+00,0.000000000000000000e+00,0.000000000000000000e+00
2.530234260086448916e+00,1.957444082721682577e+01,1.097204497357017638e+00,-3.023137064375490402e-02,-1.781355738882976596e-03,6.004490223563294649e-01,7.990893958450826506e-01,-7.795655681396308490e-01,1.615040671004158157e-01,1.419483000117746085e-01,2.809174377484215945e-01,-1.296036604840054146e-02,-5.431007679687616801e-02,-1.230456658692832550e-01,1.046404213843304953e-01,1.056836416229087749e-01,2.728118293290930363e-01,-1.542316733097170434e-01,4.058712446785196076e-02,2.246579208254134430e-01,0.000000000000000000e+00,0.000000000000000000e+00,0.000000000000000000e+00,0.000000000000000000e+00,0.000000000000000000e+00,0.000000000000000000e+00,0.000000000000000000e+00,0.000000000000000000e+00,0.000000000000000000e+00,0.000000000000000000e+00,0.000000000000000000e+00,0.000000000000000000e+00,0.000000000000000000e+00,0.000000000000000000e+00,0.000000000000000000e+00,0.000000000000000000e+00
2.534821561070335960e+00,1.961044904593694582e+01,1.090515534181784707e+00,-3.699095570830090995e-02,2.027467038293635435e-03,5.963152107970424165e-01,8.018950853729394090e-01,-8.087399660924337041e-01,1.584891605674758619e-01,1.332554630139310414e-01,1.935618829079291947e-01,-9.100518359555536535e-03,-6.252644121500129659e-02,-1.005024524346556092e-01,1.060858775859912922e-01,1.064489491719599473e-01,2.863660452443732019e-01,-1.886673012887045420e-01,3.246425383436763595e-02,2.344653283780183117e-01,0.000000000000000000e+00,0.000000000000000000e+00,0.000000000000000000e+00,0.000000000000000000e+00,0.000000000000000000e+00,0.000000000000000000e+00,0.000000000000000000e+00,0.000000000000000000e+00,0.000000000000000000e+00,0.000000000000000000e+00,0.000000000000000000e+00,0.000000000000000000e+00,0.000000000000000000e+00,0.000000000000000000e+00,0.000000000000000000e+00,0.000000000000000000e+00
2.539664969237794612e+00,1.964826672432815613e+01,1.081990048496882961e+00,-4.124420554147216478e-02,9.636232023096189675e-04,5.878153620102549715e-01,8.079425023628408198e-01,-8.231751441555077431e-01,1.723638138878548220e-01,1.417349777743429629e-01,1.904139464233568502e-01,-7.022011107304822891e-03,-5.957522790930726980e-02,-7.052400751288705194e-02,1.086953003459292522e-01,1.130062327165891611e-01,3.153095913959788055e-01,-2.176136375433181946e-01,2.812702385384023215e-02,2.527106011398369545e-01,0.000000000000000000e+00,0.000000000000000000e+00,0.000000000000000000e+00,0.000000000000000000e+00,0.000000000000000000e+00,0.000000000000000000e+00,0.000000000000000000e+00,0.000000000000000000e+00,0.000000000000000000e+00,0.000000000000000000e+00,0.000000000000000000e+00,0.000000000000000000e+00,0.000000000000000000e+00,0.000000000000000000e+00,0.000000000000000000e+00,0.000000000000000000e+00
2.544810788780776711e+00,1.968809377919187753e+01,1.072866977560913870e+00,-4.070405050152017812e-02,-7.160599543101567321e-04,5.779347731315143122e-01,8.150669086255041274e-01,-8.249817512103875261e-01,1.910492043971688814e-01,1.612979035052486132e-01,2.560808915390648255e-01,3.182845911374986014e-04,-4.687357365113095642e-02,-3.408873314494818840e-02,1.018432169993148395e-01,1.294370645523152397e-01,3.479446793422662498e-01,-2.173382706241898110e-01,3.427323054183940149e-02,2.785265118303634768e-01,0.000000000000000000e+00,0.000000000000000000e+00,0.000000000000000000e+00,0.000000000000000000e+00,0.000000000000000000e+00,0.000000000000000000e+00,0.000000000000000000e+00,0.000000000000000000e+00,0.000000000000000000e+00,0.000000000000000000e+00,0.000000000000000000e+00,0.000000000000000000e+00,0.000000000000000000e+00,0.000000000000000000e+00,0.000000000000000000e+00,0.000000000000000000e+00
2.549699160696237143e+00,1.972892474409584906e+01,1.062749069656063972e+00,-3.832996461386384279e-02,6.517340918294227056e-04,5.687438356907680292e-01,8.216208605063081150e-01,-8.135395627671186958e-01,1.990033286937959722e-01,1.763597980798087550e-01,3.346752930144905602e-01,2.393273405575705587e-02,-2.096200466558084674e-02,1.075380328111899542e-03,8.777547536574831222e-02,1.590889074214598964e-01,3.803837737905800820e-01,-1.879997747225552462e-01,5.053475766474312819e-02,3.018532922537062735e-01,0.000000000000000000e+00,0.000000000000000000e+00,0.000000000000000000e+00,0.000000000000000000e+00,0.000000000000000000e+00,0.000000000000000000e+00,0.000000000000000000e+00,0.000000000000000000e+00,0.000000000000000000e+00,0.000000000000000000e+00,0.000000000000000000e+00,0.000000000000000000e+00,0.000000000000000000e+00,0.000000000000000000e+00,0.000000000000000000e+00,0.000000000000000000e+00
2.553690417221636810e+00,1.976882191247534237e+01,1.053867675256104253e+00,-3.001449684262316731e-02,1.091743414762021830e-02,5.610234126560924572e-01,8.271835770024864587e-01,-7.954195224635638439e-01,1.756548298171581035e-01,2.043574834668766549e-01,3.986387331024360270e-01,4.253665756578470236e-02,1.327511526738719277e-02,3.287497249431255847e-02,4.533404387650374900e-02,1.860828871245113758e-01,3.880215229727921877e-01,-7.573998887794008983e-02,9.252444654085424658e-02,3.182428063446763877e-01,0.000000000000000000e+00,0.000000000000000000e+00,0.000000000000000000e+00,0.000000000000000000e+00,0.000000000000000000e+00,0.000000000000000000e+00,0.000000000000000000e+00,0.000000000000000000e+00,0.000000000000000000e+00,0.000000000000000000e+00,0.000000000000000000e+00,0.000000000000000000e+00,0.000000000000000000e+00,0.000000000000000000e+00,0.000000000000000000e+00,0.000000000000000000e+00
2.556842848869658624e+00,1.980699496155102324e+01,1.047439262009150385e+00,-1.905709925598776319e-02,2.921949866132976179e-02,5.553494448081924828e-01,8.308850955560345142e-01,-7.851351944951678874e-01,1.298217006789594841e-01,2.370969389888068490e-01,4.587531913720476195e-01,5.416047837677484544e-02,5.655021272487992245e-02,5.676075541804715546e-02,-2.549181449926098131e-02,1.982314278961244125e-01,3.854719460116175500e-01,1.220686882290329678e-01,1.495013097966677307e-01,3.332251217479855199e-01,0.000000000000000000e+00,0.000000000000000000e+00,0.000000000000000000e+00,0.000000000000000000e+00,0.000000000000000000e+00,0.000000000000000000e+00,0.000000000000000000e+00,0.000000000000000000e+00,0.000000000000000000e+00,0.000000000000000000e+00,0.000000000000000000e+00,0.000000000000000000e+00,0.000000000000000000e+00,0.000000000000000000e+00,0.000000000000000000e+00,0.000000000000000000e+00
2.559221346486239668e+00,1.984439695604774556e+01,1.047395312056784267e+00,-1.420353413810758296e-02,4.289472575256536580e-02,5.579163670440960843e-01,8.286661749491873730e-01,-7.811944275472069155e-01,8.340023461675424854e-02,2.490968715737837402e-01,5.134013932337631037e-01,4.584356139399824170e-02,9.574729211406282636e-02,5.703550789767519724e-02,-8.093687837253173145e-02,1.872051552777785899e-01,4.198562973512193763e-01,3.099182144774615955e-01,1.919954798233680093e-01,3.345218678507665966e-01,0.000000000000000000e+00,0.000000000000000000e+00,0.000000000000000000e+00,0.000000000000000000e+00,0.000000000000000000e+00,0.000000000000000000e+00,0.000000000000000000e+00,0.000000000000000000e+00,0.000000000000000000e+00,0.000000000000000000e+00,0.000000000000000000e+00,0.000000000000000000e+00,0.000000000000000000e+00,0.000000000000000000e+00,0.000000000000000000e+00,0.000000000000000000e+00
2.561022544541728951e+00,1.988185292860906017e+01,1.052965808577048579e+00,-1.113978776894826959e-02,5.275444008253293154e-02,5.678540388112806037e-01,8.213614702344869123e-01,-7.562891583489684821e-01,3.250816201171351227e-02,2.477135511737486584e-01,5.358483926264411279e-01,1.918595667443506389e-02,1.335492392087959390e-01,3.530826692345047368e-02,-1.044689365567404715e-01,1.646026504627425835e-01,4.899765206135155426e-01,4.788700542296239759e-01,2.217953660141690764e-01,3.108883964065426442e-01,0.000000000000000000e+00,0.000000000000000000e+00,0.000000000000000000e+00,0.000000000000000000e+00,0.000000000000000000e+00,0.000000000000000000e+00,0.000000000000000000e+00,0.000000000000000000e+00,0.000000000000000000e+00,0.000000000000000000e+00,0.000000000000000000e+00,0.000000000000000000e+00,0.000000000000000000e+00,0.000000000000000000e+00,0.000000000000000000e+00,0.000000000000000000e+00
2.562163251295560329e+00,1.992098172899588349e+01,1.061386991555144377e+00,-4.415738219840219594e-03,5.307038443331592303e-02,5.869814532627948278e-01,8.078470208384577189e-01,-7.063554424107492125e-01,-2.683598599324718559e-02,2.233768739245325652e-01,5.445997609059430866e-01,-2.222757991634603456e-02,1.649412023990938225e-01,-3.440792814135523042e-02,-1.179149355269868416e-01,1.070781695791408750e-01,6.463194582661767607e-01,4.957628807800673054e-01,1.896055103501898820e-01,2.633829438585887361e-01,0.000000000000000000e+00,0.000000000000000000e+00,0.000000000000000000e+00,0.000000000000000000e+00,0.000000000000000000e+00,0.000000000000000000e+00,0.000000000000000000e+00,0.000000000000000000e+00,0.000000000000000000e+00,0.000000000000000000e+00,0.000000000000000000e+00,0.000000000000000000e+00,0.000000000000000000e+00,0.000000000000000000e+00,0.000000000000000000e+00,0.000000000000000000e+00
2.561624923946840049e+00,1.995896675984403501e+01,1.072018967733438410e+00,-3.755290066548420090e-03,4.880288932550320286e-02,6.042145964549696657e-01,7.953168533488759184e-01,-6.447860278615541452e-01,-6.680733891310790262e-02,1.866998709769674414e-01,5.282783153018418831e-01,-6.648719130740855798e-02,1.900006448342657361e-01,-1.186738552516048567e-01,-1.187926040703367880e-01,4.331853707016355276e-02,7.364821654859425859e-01,4.949618988309102408e-01,1.369319745012341771e-01,2.076826778300042975e-01,0.000000000000000000e+00,0.000000000000000000e+00,0.000000000000000000e+00,0.000000000000000000e+00,0.000000000000000000e+00,0.000000000000000000e+00,0.000000000000000000e+00,0.000000000000000000e+00,0.000000000000000000e+00,0.000000000000000000e+00,0.000000000000000000e+00,0.000000000000000000e+00,0.000000000000000000e+00,0.000000000000000000e+00,0.000000000000000000e+00,0.000000000000000000e+00
2.560068343438968164e+00,1.999554994339060698e+01,1.079572119776430528e+00,2.677200190792095036e-03,4.056378117816710621e-02,6.207203936885502538e-01,7.829773975759449778e-01,-5.691862043947629735e-01,-1.040270619697723636e-01,1.580288219678841477e-01,5.107845904247049207e-01,-1.200731399660610044e-01,2.061834000998090111e-01,-2.304117904698793073e-01,-1.368556855757548929e-01,-2.103109301020540667e-02,8.369359755559209191e-01,4.097973511639338984e-01,8.659267836599325585e-02,1.414974880494284382e-01,0.000000000000000000e+00,0.000000000000000000e+00,0.000000000000000000e+00,0.000000000000000000e+00,0.000000000000000000e+00,0.000000000000000000e+00,0.000000000000000000e+00,0.000000000000000000e+00,0.000000000000000000e+00,0.000000000000000000e+00,0.000000000000000000e+00,0.000000000000000000e+00,0.000000000000000000e+00,0.000000000000000000e+00,0.000000000000000000e+00,0.000000000000000000e+00
2.558402116993970576e+00,2.003115106787857158e+01,1.085916609267802535e+00,1.188875807844651418e-02,3.438690454261787016e-02,6.384272639015126094e-01,7.688217133604884346e-01,-4.813056315061096102e-01,-1.485682802003161218e-01,1.181513444257108053e-01,4.660117207672752615e-01,-1.466953071064408531e-01,2.084097219437626991e-01,-3.323008895341163504e-01,-1.544597839963675612e-01,-6.657407894085624889e-02,8.944550215123517889e-01,3.163175093893775269e-01,6.164277742636482121e-02,7.166678097545546577e-02,0.000000000000000000e+00,0.000000000000000000e+00,0.000000000000000000e+00,0.000000000000000000e+00,0.000000000000000000e+00,0.000000000000000000e+00,0.000000000000000000e+00,0.000000000000000000e+00,0.000000000000000000e+00,0.000000000000000000e+00,0.000000000000000000e+00,0.000000000000000000e+00,0.000000000000000000e+00,0.000000000000000000e+00,0.000000000000000000e+00,0.000000000000000000e+00
2.556482182312849183e+00,2.006597842950217014e+01,1.090183200479116987e+00,1.811746134256719473e-02,2.884743894169232437e-02,6.568499374875788055e-01,7.532514470504315662e-01,-4.006704876667825377e-01,-1.825719918850820245e-01,7.143750119852963765e-02,4.246943393331072403e-01,-1.625800556167306121e-01,1.979323349066321458e-01,-4.277415938172820509e-01,-1.789889577147646960e-01,-1.097425519307022312e-01,9.056730679244882065e-01,2.239021970104995707e-01,4.293336400533943192e-02,5.951188426350751196e-03,0.000000000000000000e+00,0.000000000000000000e+00,0.000000000000000000e+00,0.000000000000000000e+00,0.000000000000000000e+00,0.000000000000000000e+00,0.000000000000000000e+00,0.000000000000000000e+00,0.000000000000000000e+00,0.000000000000000000e+00,0.000000000000000000e+00,0.000000000000000000e+00,0.000000000000000000e+00,0.000000000000000000e+00,0.000000000000000000e+00,0.000000000000000000e+00
2.554265445414323210e+00,2.010102427617172438e+01,1.092744157006538153e+00,2.155522561763609235e-02,2.560943128593388615e-02,6.730528497934271659e-01,7.388365114575279335e-01,-3.265206490713965515e-01,-2.074984583893732804e-01,2.981256907914800469e-02,3.873183909002530512e-01,-1.816470523789153746e-01,1.882400446491879764e-01,-5.095294490922919195e-01,-2.208167174541723621e-01,-1.581752834168809185e-01,8.630909805145219327e-01,1.354529323610145219e-01,3.310639322597676987e-02,-5.420228080963460093e-02,0.000000000000000000e+00,0.000000000000000000e+00,0.000000000000000000e+00,0.000000000000000000e+00,0.000000000000000000e+00,0.000000000000000000e+00,0.000000000000000000e+00,0.000000000000000000e+00,0.000000000000000000e+00,0.000000000000000000e+00,0.000000000000000000e+00,0.000000000000000000e+00,0.000000000000000000e+00,0.000000000000000000e+00,0.000000000000000000e+00,0.000000000000000000e+00
2.552768367418116746e+00,2.013589476089010688e+01,1.091902345551871045e+00,2.754030008542130911e-02,2.610157332090214458e-02,6.912504263395503612e-01,7.216183810205835103e-01,-2.570422478466947158e-01,-2.394535294968604677e-01,-2.297679337684729872e-02,3.572789580528907272e-01,-2.053455151299392045e-01,1.776794086473637568e-01,-5.641517011347174648e-01,-2.416131512211179833e-01,-1.676385261834688889e-01,7.695315623441406627e-01,9.351881694535388312e-02,6.044131986431486303e-02,-1.165080297622544947e-01,0.000000000000000000e+00,0.000000000000000000e+00,0.000000000000000000e+00,0.000000000000000000e+00,0.000000000000000000e+00,0.000000000000000000e+00,0.000000000000000000e+00,0.000000000000000000e+00,0.000000000000000000e+00,0.000000000000000000e+00,0.000000000000000000e+00,0.000000000000000000e+00,0.000000000000000000e+00,0.000000000000000000e+00,0.000000000000000000e+00,0.000000000000000000e+00
2.551966178856099443e+00,2.017113381221459179e+01,1.089201271429809825e+00,3.183646731917227218e-02,2.774880392062181733e-02,7.036579903745761033e-01,7.092826487456344031e-01,-1.972540616918992407e-01,-2.649154842815147348e-01,-7.728755436823990521e-02,3.405838705204669026e-01,-2.277415525362160020e-01,1.674882111805739704e-01,-6.091263935267383633e-01,-2.525485163987201687e-01,-1.686445092717492322e-01,6.648242941560686958e-01,6.385885792402491712e-02,9.162148614149004389e-02,-1.664424987391293076e-01,0.000000000000000000e+00,0.000000000000000000e+00,0.000000000000000000e+00,0.000000000000000000e+00,0.000000000000000000e+00,0.000000000000000000e+00,0.000000000000000000e+00,0.000000000000000000e+00,0.000000000000000000e+00,0.000000000000000000e+00,0.000000000000000000e+00,0.000000000000000000e+00,0.000000000000000000e+00,0.000000000000000000e+00,0.000000000000000000e+00,0.000000000000000000e+00
2.552024074152229538e+00,2.020660314098499200e+01,1.085076883037916051e+00,3.315882505999089014e-02,2.925706447704706087e-02,7.127449293788690188e-01,7.000279866859164812e-01,-1.479597816659465326e-01,-2.792177832211506505e-01,-1.186231213268326284e-01,3.408639500020977930e-01,-2.618764092810847433e-01,1.667834421351431784e-01,-6.550426229356700603e-01,-2.577465945667116731e-01,-1.543209155802881538e-01,5.438752671507304237e-01,2.995331639705396676e-02,1.245264652838117547e-01,-2.053497190242649650e-01,0.000000000000000000e+00,0.000000000000000000e+00,0.000000000000000000e+00,0.000000000000000000e+00,0.000000000000000000e+00,0.000000000000000000e+00,0.000000000000000000e+00,0.000000000000000000e+00,0.000000000000000000e+00,0.000000000000000000e+00,0.000000000000000000e+00,0.000000000000000000e+00,0.000000000000000000e+00,0.000000000000000000e+00,0.000000000000000000e+00,0.000000000000000000e+00
2.553516313676581273e+00,2.024202809346412835e+01,1.080287832028586248e+00,3.363252835494197346e-02,2.977442194457016744e-02,7.195167976789639264e-01,6.930208616572298697e-01,-1.005511657133240089e-01,-2.844711209217860581e-01,-1.531257887873549717e-01,3.424030295544613911e-01,-2.895316230142421787e-01,1.580351193583777458e-01,-7.015190441586203196e-01,-2.461823766871175656e-01,-1.303798658527629273e-01,4.253032983192637229e-01,1.256795565631241285e-03,1.660999580446644863e-01,-2.350599231289422220e-01,0.000000000000000000e+00,0.000000000000000000e+00,0.000000000000000000e+00,0.000000000000000000e+00,0.000000000000000000e+00,0.000000000000000000e+00,0.000000000000000000e+00,0.000000000000000000e+00,0.000000000000000000e+00,0.000000000000000000e+00,0.000000000000000000e+00,0.000000000000000000e+00,0.000000000000000000e+00,0.000000000000000000e+00,0.000000000000000000e+00,0.000000000000000000e+00
2.556255320414612786e+00,2.027727370844160859e+01,1.074072983895329569e+00,3.041460925927549214e-02,3.317875987128235393e-02,7.155805187219368424e-01,6.970786488357340049e-01,-6.583557894472262528e-02,-2.860181864265169405e-01,-1.722461995366681986e-01,3.447599543321415716e-01,-3.210706928340171795e-01,1.467592456383769173e-01,-7.512293876160803796e-01,-2.262889785894013628e-01,-1.243991265907217481e-01,3.182994603542673717e-01,-2.630568903919119905e-02,1.977709491516095319e-01,-2.405968439881024934e-01,0.000000000000000000e+00,0.000000000000000000e+00,0.000000000000000000e+00,0.000000000000000000e+00,0.000000000000000000e+00,0.000000000000000000e+00,0.000000000000000000e+00,0.000000000000000000e+00,0.000000000000000000e+00,0.000000000000000000e+00,0.000000000000000000e+00,0.000000000000000000e+00,0.000000000000000000e+00,0.000000000000000000e+00,0.000000000000000000e+00,0.000000000000000000e+00
2.559951964614573416e+00,2.031369638628748220e+01,1.065678304547066357e+00,2.423337588733016565e-02,4.143904167354875434e-02,7.077704328140564938e-01,7.048095939702323509e-01,-3.938586811800447174e-02,-2.927731392997218740e-01,-1.968341528784726124e-01,3.433008342492124276e-01,-3.479907030364378095e-01,1.360256693572321762e-01,-7.894277146687112001e-01,-2.044266112380645206e-01,-1.208058404639726080e-01,2.434944297437563465e-01,-4.139067259767168633e-02,2.208780815168245315e-01,-2.379514873576250023e-01,0.000000000000000000e+00,0.000000000000000000e+00,0.000000000000000000e+00,0.000000000000000000e+00,0.000000000000000000e+00,0.000000000000000000e+00,0.000000000000000000e+00,0.000000000000000000e+00,0.000000000000000000e+00,0.000000000000000000e+00,0.000000000000000000e+00,0.000000000000000000e+00,0.000000000000000000e+00,0.000000000000000000e+00,0.000000000000000000e+00,0.000000000000000000e+00
2.564418203718572098e+00,2.035186833382422478e+01,1.053851537262081361e+00,2.570566289371403051e-02,4.729426585344122941e-02,7.091144280960870461e-01,7.030357026343240223e-01,-4.349856932874485160e-03,-3.096647013392116454e-01,-2.323191719983341008e-01,3.743115598130256072e-01,-3.835711014414601161e-01,1.355750769458252680e-01,-8.064435113147471190e-01,-2.019794326151651553e-01,-1.085765753708385906e-01,2.433261868440878273e-01,-3.958772122132542259e-02,2.247386515975683952e-01,-2.472050730484147141e-01,0.000000000000000000e+00,0.000000000000000000e+00,0.000000000000000000e+00,0.000000000000000000e+00,0.000000000000000000e+00,0.000000000000000000e+00,0.000000000000000000e+00,0.000000000000000000e+00,0.000000000000000000e+00,0.000000000000000000e+00,0.000000000000000000e+00,0.000000000000000000e+00,0.000000000000000000e+00,0.000000000000000000e+00,0.000000000000000000e+00,0.000000000000000000e+00
2.569204684588075605e+00,2.039105447919006053e+01,1.041202888066876442e+00,2.755790825862777793e-02,4.732417897843339133e-02,7.149143466388544477e-01,6.970641726171027397e-01,3.444611770732736861e-02,-3.140620347155882452e-01,-2.631013233074875335e-01,4.184278188732992176e-01,-3.963321940477033678e-01,1.288471896279989037e-01,-8.005066709874903985e-01,-2.034585443974375463e-01,-1.029510695954538868e-01,2.953834854843394586e-01,-3.201912348296052230e-02,2.067492444331288370e-01,-2.632182997058308827e-01,0.000000000000000000e+00,0.000000000000000000e+00,0.000000000000000000e+00,0.000000000000000000e+00,0.000000000000000000e+00,0.000000000000000000e+00,0.000000000000000000e+00,0.000000000000000000e+00,0.000000000000000000e+00,0.000000000000000000e+00,0.000000000000000000e+00,0.000000000000000000e+00,0.000000000000000000e+00,0.000000000000000000e+00,0.000000000000000000e+00,0.000000000000000000e+00
2.574291443480679842e+00,2.043004977660457655e+01,1.029153518760476116e+00,2.629956288106104212e-02,4.381715987060032930e-02,7.246827797795993842e-01,6.871850247088130414e-01,7.185496735071913998e-02,-2.963927091602264752e-01,-2.745198641648716742e-01,4.539417293088756633e-01,-3.664125470801149476e-01,1.086873631844373217e-01,-7.785508656380003556e-01,-2.040752614292382638e-01,-1.147775996517233221e-01,3.532577386383805584e-01,-1.121370034091070250e-02,1.826282195381168927e-01,-2.869503891429132647e-01,0.000000000000000000e+00,0.000000000000000000e+00,0.000000000000000000e+00,0.000000000000000000e+00,0.000000000000000000e+00,0.000000000000000000e+00,0.000000000000000000e+00,0.000000000000000000e+00,0.000000000000000000e+00,0.000000000000000000e+00,0.000000000000000000e+00,0.000000000000000000e+00,0.000000000000000000e+00,0.000000000000000000e+00,0.000000000000000000e+00,0.000000000000000000e+00
2.579589478266923752e+00,2.046783194525976768e+01,1.021790701041096261e+00,1.464720407602463324e-02,3.689461422460348777e-02,7.333811260439635493e-01,6.786577714993478061e-01,1.104831294084173965e-01,-2.666498893957741090e-01,-3.181053546140049648e-01,4.606252837124384936e-01,-2.518088768971420977e-01,6.291558565579287443e-02,-7.518345259518355306e-01,-1.834314246081149014e-01,-1.311835192754808865e-01,4.013631130272120595e-01,1.375780499671048346e-02,1.460576301379195863e-01,-3.103781753300158264e-01,0.000000000000000000e+00,0.000000000000000000e+00,0.000000000000000000e+00,0.000000000000000000e+00,0.000000000000000000e+00,0.000000000000000000e+00,0.000000000000000000e+00,0.000000000000000000e+00,0.000000000000000000e+00,0.000000000000000000e+00,0.000000000000000000e+00,0.000000000000000000e+00,0.000000000000000000e+00,0.000000000000000000e+00,0.000000000000000000e+00,0.000000000000000000e+00
2.585032505655235013e+00,2.050370013963297211e+01,1.015733003516938959e+00,-3.808202326323260195e-03,2.426111802377209706e-02,7.388207629358548578e-01,6.734543607418098654e-01,1.370569701847428046e-01,-2.218141966711011659e-01,-3.588626497264967297e-01,4.587067098927909981e-01,-7.335135838523657026e-02,-6.041821587272041931e-03,-7.325876104084748652e-01,-1.461331537777098566e-01,-1.619735235985011457e-01,4.542682075210865977e-01,2.676657195936247430e-02,9.812663011884172060e-02,-3.245387280665101848e-01,0.000000000000000000e+00,0.000000000000000000e+00,0.000000000000000000e+00,0.000000000000000000e+00,0.000000000000000000e+00,0.000000000000000000e+00,0.000000000000000000e+00,0.000000000000000000e+00,0.000000000000000000e+00,0.000000000000000000e+00,0.000000000000000000e+00,0.000000000000000000e+00,0.000000000000000000e+00,0.000000000000000000e+00,0.000000000000000000e+00,0.000000000000000000e+00
2.590756022588365237e+00,2.053809040683417209e+01,1.012589632437316922e+00,-2.525936494143846828e-02,9.917842147229204153e-03,7.408407762872588620e-01,6.711322858274586522e-01,1.296853854282212781e-01,-1.598862113059105194e-01,-3.645249459232967615e-01,4.745184412145003194e-01,1.461092818508607227e-01,-8.444416080747473019e-02,-7.268464675309757039e-01,-9.995974034252433360e-02,-2.015141643190107301e-01,5.143218161451413861e-01,-2.514584343227266316e-04,4.098962888505779806e-02,-3.174972503733194951e-01,0.000000000000000000e+00,0.000000000000000000e+00,0.000000000000000000e+00,0.000000000000000000e+00,0.000000000000000000e+00,0.000000000000000000e+00,0.000000000000000000e+00,0.000000000000000000e+00,0.000000000000000000e+00,0.000000000000000000e+00,0.000000000000000000e+00,0.000000000000000000e+00,0.000000000000000000e+00,0.000000000000000000e+00,0.000000000000000000e+00,0.000000000000000000e+00
2.596375373500245942e+00,2.057296450861814208e+01,1.014134605765556030e+00,-3.286321555045536996e-02,4.018794500073733303e-04,7.355064912235340646e-01,6.767200668848513123e-01,9.135193128314901545e-02,-1.231321867339426612e-01,-3.339955372809806367e-01,5.348765083282730481e-01,3.271648869534002912e-01,-1.408120633589431958e-01,-7.065567421936719272e-01,-6.070616553335524829e-02,-2.069560793756404227e-01,5.529981880549835749e-01,-3.288698467565985550e-02,-6.984855728787667251e-03,-2.920642179774075031e-01,0.000000000000000000e+00,0.000000000000000000e+00,0.000000000000000000e+00,0.000000000000000000e+00,0.000000000000000000e+00,0.000000000000000000e+00,0.000000000000000000e+00,0.000000000000000000e+00,0.000000000000000000e+00,0.000000000000000000e+00,0.000000000000000000e+00,0.000000000000000000e+00,0.000000000000000000e+00,0.000000000000000000e+00,0.000000000000000000e+00,0.000000000000000000e+00
2.602150615905799214e+00,2.060914708169496734e+01,1.020952653688221856e+00,-2.908898087818001521e-02,6.797406148799601741e-04,7.265576144338538045e-01,6.864891856776427215e-01,1.812843178695682303e-02,-1.042104593916721167e-01,-2.509160922436693975e-01,6.327441169863491366e-01,4.301902149526993235e-01,-1.467501282637468096e-01,-6.669448419313152021e-01,-3.705512543762242567e-02,-1.883880315329506949e-01,5.671759161277851735e-01,-6.675386709553579601e-02,-4.094769422106993295e-02,-2.476339330621447343e-01,0.000000000000000000e+00,0.000000000000000000e+00,0.000000000000000000e+00,0.000000000000000000e+00,0.000000000000000000e+00,0.000000000000000000e+00,0.000000000000000000e+00,0.000000000000000000e+00,0.000000000000000000e+00,0.000000000000000000e+00,0.000000000000000000e+00,0.000000000000000000e+00,0.000000000000000000e+00,0.000000000000000000e+00,0.000000000000000000e+00,0.000000000000000000e+00
2.608273245607839463e+00,2.064585382624575516e+01,1.034061230128999309e+00,-1.867795852413441787e-02,7.058840951364957553e-03,7.165367955389061461e-01,6.972634561402384357e-01,-7.997623749888496669e-02,-8.448936275251486827e-02,-1.415555802297641663e-01,7.452641234856063335e-01,4.316769625211677730e-01,-1.011021064951982823e-01,-6.032596670931978933e-01,-2.903163226087641935e-02,-1.599114699010646956e-01,5.432132376853978650e-01,-7.253541018972534116e-02,-4.851902654958176186e-02,-1.985845991940173583e-01,0.000000000000000000e+00,0.000000000000000000e+00,0.000000000000000000e+00,0.000000000000000000e+00,0.000000000000000000e+00,0.000000000000000000e+00,0.000000000000000000e+00,0.000000000000000000e+00,0.000000000000000000e+00,0.000000000000000000e+00,0.000000000000000000e+00,0.000000000000000000e+00,0.000000000000000000e+00,0.000000000000000000e+00,0.000000000000000000e+00,0.000000000000000000e+00
2.614339419038257173e+00,2.068187774393852507e+01,1.044667337890458292e+00,-1.070436743096370158e-02,9.661001577551647790e-03,7.054284953042857520e-01,7.086344047385455536e-01,-1.923801123183828954e-01,-4.700165659415515840e-02,-3.412279642999841572e-02,8.542164139288659364e-01,3.685723279545726205e-01,-4.046659559743489426e-02,-5.323236746985962053e-01,-1.447300710692351472e-02,-1.295608881424933356e-01,5.072586015831264117e-01,-8.981175617181819115e-02,-4.662309786805585166e-02,-1.457322948807036056e-01,0.000000000000000000e+00,0.000000000000000000e+00,0.000000000000000000e+00,0.000000000000000000e+00,0.000000000000000000e+00,0.000000000000000000e+00,0.000000000000000000e+00,0.000000000000000000e+00,0.000000000000000000e+00,0.000000000000000000e+00,0.000000000000000000e+00,0.000000000000000000e+00,0.000000000000000000e+00,0.000000000000000000e+00,0.000000000000000000e+00,0.000000000000000000e+00
2.619718808953598099e+00,2.071716825910608506e+01,1.052837254583888216e+00,-7.385331039447269423e-03,8.742748232670207592e-03,6.924420045869899010e-01,7.213827635328755594e-01,-3.127073596592483407e-01,4.309889084792978102e-03,6.203976185381991637e-02,9.261394347574113395e-01,2.744189878015800832e-01,2.295328918590242365e-02,-4.566301207813413532e-01,8.715020463002765005e-03,-9.496224543760800607e-02,4.537035516348253972e-01,-9.357616549647612691e-02,-3.633882328322766975e-02,-8.435228675188202740e-02,0.000000000000000000e+00,0.000000000000000000e+00,0.000000000000000000e+00,0.000000000000000000e+00,0.000000000000000000e+00,0.000000000000000000e+00,0.000000000000000000e+00,0.000000000000000000e+00,0.000000000000000000e+00,0.000000000000000000e+00,0.000000000000000000e+00,0.000000000000000000e+00,0.000000000000000000e+00,0.000000000000000000e+00,0.000000000000000000e+00,0.000000000000000000e+00
2.624756623398678990e+00,2.075144243366183261e+01,1.059438802512196132e+00,-2.241862868958995753e-03,8.676452814833368610e-03,6.784372981772534006e-01,7.346036520868766129e-01,-4.192981232348634291e-01,4.372234134185909449e-02,1.194304781443195906e-01,9.429080737155428604e-01,1.671781236699877993e-01,6.352151395706259751e-02,-3.814890375294177627e-01,1.834347163150634730e-02,-6.645994032191124279e-02,3.964410104689763958e-01,-7.967712614966891704e-02,-1.593268832020300341e-02,-2.542610891173465587e-02,0.000000000000000000e+00,0.000000000000000000e+00,0.000000000000000000e+00,0.000000000000000000e+00,0.000000000000000000e+00,0.000000000000000000e+00,0.000000000000000000e+00,0.000000000000000000e+00,0.000000000000000000e+00,0.000000000000000000e+00,0.000000000000000000e+00,0.000000000000000000e+00,0.000000000000000000e+00,0.000000000000000000e+00,0.000000000000000000e+00,0.000000000000000000e+00
2.629466214350960396e+00,2.078501918064020870e+01,1.063370411794939852e+00,3.305316120097035598e-03,7.792964023348632370e-03,6.619946390637868605e-01,7.494607677843335702e-01,-5.143706409882183861e-01,6.900103637254019484e-02,1.554805521621423492e-01,8.826882503293371762e-01,6.790126985508466995e-02,8.069556740619639179e-02,-3.138266703993737861e-01,2.009924411911433173e-02,-4.553213482045424115e-02,3.504515849935909144e-01,-6.641541729196998034e-02,9.678334914692353352e-03,3.709253415698248596e-02,0.000000000000000000e+00,0.000000000000000000e+00,0.000000000000000000e+00,0.000000000000000000e+00,0.000000000000000000e+00,0.000000000000000000e+00,0.000000000000000000e+00,0.000000000000000000e+00,0.000000000000000000e+00,0.000000000000000000e+00,0.000000000000000000e+00,0.000000000000000000e+00,0.000000000000000000e+00,0.000000000000000000e+00,0.000000000000000000e+00,0.000000000000000000e+00
2.632981992731097343e+00,2.081815483591355687e+01,1.063902447827450359e+00,1.221204809061873092e-03,4.528410117662483129e-03,6.438642740778215412e-01,7.651253483755845464e-01,-5.736278891958048742e-01,9.316874530934265985e-02,1.714642201743624139e-01,7.748324600867121381e-01,2.167088132387881561e-02,6.252918085395642311e-02,-2.470230927998537940e-01,3.094973560947341523e-02,-2.782423844884721054e-02,2.848551506249256127e-01,-4.757270550931334135e-02,4.056527787098343496e-02,8.873037069875333582e-02,0.000000000000000000e+00,0.000000000000000000e+00,0.000000000000000000e+00,0.000000000000000000e+00,0.000000000000000000e+00,0.000000000000000000e+00,0.000000000000000000e+00,0.000000000000000000e+00,0.000000000000000000e+00,0.000000000000000000e+00,0.000000000000000000e+00,0.000000000000000000e+00,0.000000000000000000e+00,0.000000000000000000e+00,0.000000000000000000e+00,0.000000000000000000e+00
2.636527283738660188e+00,2.085167379056095527e+01,1.061898505844891982e+00,-6.022692062069429086e-03,2.515037323540687212e-03,6.261666198922246629e-01,7.796619561709627888e-01,-6.243100010509555764e-01,1.165402113238006160e-01,1.823338007549124007e-01,6.377067084141088138e-01,-8.349006909391443187e-03,4.144917285206605601e-02,-2.006368199731446422e-01,4.841653297055981825e-02,5.964142412785512770e-03,2.518452222394300666e-01,-5.265956511418888597e-02,6.465616957176384405e-02,1.358271828792840252e-01,0.000000000000000000e+00,0.000000000000000000e+00,0.000000000000000000e+00,0.000000000000000000e+00,0.000000000000000000e+00,0.000000000000000000e+00,0.000000000000000000e+00,0.000000000000000000e+00,0.000000000000000000e+00,0.000000000000000000e+00,0.000000000000000000e+00,0.000000000000000000e+00,0.000000000000000000e+00,0.000000000000000000e+00,0.000000000000000000e+00,0.000000000000000000e+00
2.640314620465799234e+00,2.088502758138356441e+01,1.058233792193416845e+00,-1.356967378325744412e-02,1.306774151688870362e-03,6.137156037908907402e-01,7.894094716674701084e-01,-6.715693154945530097e-01,1.358966784910658476e-01,1.881435116939159935e-01,5.007856029722679292e-01,-3.311931652024392714e-02,1.598994248131600446e-02,-1.625762999810259346e-01,6.300327176640280191e-02,3.724446938500504400e-02,2.378462492134960915e-01,-7.426772751192108057e-02,6.772055716916274004e-02,1.724174488961252305e-01,0.000000000000000000e+00,0.000000000000000000e+00,0.000000000000000000e+00,0.000000000000000000e+00,0.000000000000000000e+00,0.000000000000000000e+00,0.000000000000000000e+00,0.000000000000000000e+00,0.000000000000000000e+00,0.000000000000000000e+00,0.000000000000000000e+00,0.000000000000000000e+00,0.000000000000000000e+00,0.000000000000000000e+00,0.000000000000000000e+00,0.000000000000000000e+00
2.644478198107712785e+00,2.091839663697253471e+01,1.053767229559531726e+00,-2.059332643887729422e-02,4.614270719697016569e-03,6.093144609499827613e-01,7.926477850149703519e-01,-7.140842810104349736e-01,1.461662291860464646e-01,1.903489775340837242e-01,3.749905903457394496e-01,-5.520526814082422906e-02,-1.938015324723765809e-02,-1.336868915495389720e-01,6.940062705910565732e-02,5.657610239353703246e-02,2.346365139438562342e-01,-1.100449996183979762e-01,6.162001097577391590e-02,1.893390713511772239e-01,0.000000000000000000e+00,0.000000000000000000e+00,0.000000000000000000e+00,0.000000000000000000e+00,0.000000000000000000e+00,0.000000000000000000e+00,0.000000000000000000e+00,0.000000000000000000e+00,0.000000000000000000e+00,0.000000000000000000e+00,0.000000000000000000e+00,0.000000000000000000e+00,0.000000000000000000e+00,0.000000000000000000e+00,0.000000000000000000e+00,0.000000000000000000e+00
2.648665248284302276e+00,2.095172826660675014e+01,1.048602952036275848e+00,-2.498565335985913557e-02,9.128921650279269578e-03,6.077042034085164968e-01,7.937178220723685174e-01,-7.467889767139332946e-01,1.398167531337695946e-01,1.845409683438927195e-01,2.403485998894048792e-01,-5.631561201136184996e-02,-4.421457718590693364e-02,-1.083255521739245469e-01,6.654440708472730837e-02,5.537074054038713944e-02,2.356082163255882322e-01,-1.427409921140616877e-01,5.548700502997808842e-02,1.937241260837121448e-01,0.000000000000000000e+00,0.000000000000000000e+00,0.000000000000000000e+00,0.000000000000000000e+00,0.000000000000000000e+00,0.000000000000000000e+00,0.000000000000000000e+00,0.000000000000000000e+00,0.000000000000000000e+00,0.000000000000000000e+00,0.000000000000000000e+00,0.000000000000000000e+00,0.000000000000000000e+00,0.000000000000000000e+00,0.000000000000000000e+00,0.000000000000000000e+00
2.652887241258720330e+00,2.098669114343973519e+01,1.041735660773246863e+00,-3.112713855411515518e-02,1.236173178231619874e-02,6.050356725896716137e-01,7.954936352521860821e-01,-7.655288242890108119e-01,1.372969125041725580e-01,1.782900097422073227e-01,1.589590952492387632e-01,-5.146429782547805309e-02,-4.626896966031009140e-02,-8.811144586925011291e-02,7.066400986926472949e-02,6.330420622605496817e-02,2.545577818438237716e-01,-1.819758938709308549e-01,4.582620480615776093e-02,2.028006516009014937e-01,0.000000000000000000e+00,0.000000000000000000e+00,0.000000000000000000e+00,0.000000000000000000e+00,0.000000000000000000e+00,0.000000000000000000e+00,0.000000000000000000e+00,0.000000000000000000e+00,0.000000000000000000e+00,0.000000000000000000e+00,0.000000000000000000e+00,0.000000000000000000e+00,0.000000000000000000e+00,0.000000000000000000e+00,0.000000000000000000e+00,0.000000000000000000e+00
2.656829520126674726e+00,2.102411410104479828e+01,1.032660662555757947e+00,-3.591164538545073975e-02,8.148162978972965653e-03,5.959638627906990171e-01,8.021664636553725858e-01,-7.740604071029606459e-01,1.525939010505195648e-01,1.846669135279731533e-01,1.791659039064869008e-01,-4.556536299331524764e-02,-4.208913044440916462e-02,-5.875099418449243605e-02,8.183174328191381020e-02,8.842336177366266758e-02,2.923866003514670187e-01,-2.139145208336855342e-01,4.445248536860498673e-02,2.291434168448818198e-01,0.000000000000000000e+00,0.000000000000000000e+00,0.000000000000000000e+00,0.000000000000000000e+00,0.000000000000000000e+00,0.000000000000000000e+00,0.000000000000000000e+00,0.000000000000000000e+00,0.000000000000000000e+00,0.000000000000000000e+00,0.000000000000000000e+00,0.000000000000000000e+00,0.000000000000000000e+00,0.000000000000000000e+00,0.000000000000000000e+00,0.000000000000000000e+00
2.660460326218572646e+00,2.106315728823417999e+01,1.022554938769721034e+00,-3.569163396624520923e-02,3.202809891859299991e-03,5.858543158138649343e-01,8.096237211914459886e-01,-7.774747311446887910e-01,1.709797310176716101e-01,1.959177953685493356e-01,2.698378628498253051e-01,-4.527009154221166287e-02,-2.199267361775754034e-02,-2.427501687879733694e-02,8.366164091778724443e-02,1.213452772069708724e-01,3.420102703159385027e-01,-2.229199506966222377e-01,5.142265743835124775e-02,2.511507554510992724e-01,0.000000000000000000e+00,0.000000000000000000e+00,0.000000000000000000e+00,0.000000000000000000e+00,0.000000000000000000e+00,0.000000000000000000e+00,0.000000000000000000e+00,0.000000000000000000e+00,0.000000000000000000e+00,0.000000000000000000e+00,0.000000000000000000e+00,0.000000000000000000e+00,0.000000000000000000e+00,0.000000000000000000e+00,0.000000000000000000e+00,0.000000000000000000e+00
2.663661681926321023e+00,2.110262964477380621e+01,1.012904359726478187e+00,-3.079766243826603106e-02,6.386783282036680512e-03,5.758839230957468747e-01,8.169262023631624903e-01,-7.674601393480589007e-01,1.649297728726287771e-01,2.025220289969411336e-01,3.485712552497968741e-01,-2.575436630506191052e-02,7.516382676464258145e-03,2.180940481848130108e-03,6.282736614737935432e-02,1.611168550154469525e-01,3.885046435201056636e-01,-1.779890564389691454e-01,7.895737829983417999e-02,2.722604043656720596e-01,0.000000000000000000e+00,0.000000000000000000e+00,0.000000000000000000e+00,0.000000000000000000e+00,0.000000000000000000e+00,0.000000000000000000e+00,0.000000000000000000e+00,0.000000000000000000e+00,0.000000000000000000e+00,0.000000000000000000e+00,0.000000000000000000e+00,0.000000000000000000e+00,0.000000000000000000e+00,0.000000000000000000e+00,0.000000000000000000e+00,0.000000000000000000e+00
2.666126512209322730e+00,2.114084281743113891e+01,1.004004003110124721e+00,-2.039263059721922733e-02,1.878696854914235423e-02,5.682419162577903027e-01,8.223942576633987978e-01,-7.556881271254218824e-01,1.299043964226270775e-01,2.284082302594808156e-01,4.141364206880704946e-01,-5.818380990921148688e-03,4.314858664463835231e-02,3.061157426369695914e-02,6.369006803418402959e-03,1.851663445564844246e-01,4.014734657758028402e-01,-3.174484469074966009e-02,1.298369946073066050e-01,2.913456888759154428e-01,0.000000000000000000e+00,0.000000000000000000e+00,0.000000000000000000e+00,0.000000000000000000e+00,0.000000000000000000e+00,0.000000000000000000e+00,0.000000000000000000e+00,0.000000000000000000e+00,0.000000000000000000e+00,0.000000000000000000e+00,0.000000000000000000e+00,0.000000000000000000e+00,0.000000000000000000e+00,0.000000000000000000e+00,0.000000000000000000e+00,0.000000000000000000e+00
2.667794359912240676e+00,2.117751243889080470e+01,9.983433618164661016e-01,-1.173828490468730411e-02,3.633237984098553613e-02,5.634516637681845630e-01,8.252662560891793619e-01,-7.483383504101784878e-01,8.471222366884501032e-02,2.581594563468632142e-01,4.687871373140363729e-01,-5.943759778472140765e-04,8.597965481097277762e-02,4.447073147637387036e-02,-6.856329114225374888e-02,1.764254820663473944e-01,4.211140939249505832e-01,1.773498706674997982e-01,1.759069220110244802e-01,3.065717655672846043e-01,0.000000000000000000e+00,0.000000000000000000e+00,0.000000000000000000e+00,0.000000000000000000e+00,0.000000000000000000e+00,0.000000000000000000e+00,0.000000000000000000e+00,0.000000000000000000e+00,0.000000000000000000e+00,0.000000000000000000e+00,0.000000000000000000e+00,0.000000000000000000e+00,0.000000000000000000e+00,0.000000000000000000e+00,0.000000000000000000e+00,0.000000000000000000e+00
2.668776437745132846e+00,2.121410830829066541e+01,1.000173752834070395e+00,-6.959043687451694354e-03,4.779213359024424290e-02,5.721359163780327384e-01,8.187355964339874115e-01,-7.340983707220656296e-01,2.781116738480363115e-02,2.563512844461344753e-01,4.998755648154102338e-01,-1.585318793193709122e-02,1.261245737060211480e-01,3.213126002792773828e-02,-1.067044957357062701e-01,1.619312024201818856e-01,4.766292840168363520e-01,3.744895072549260795e-01,2.153197247958739957e-01,2.971452807345811298e-01,0.000000000000000000e+00,0.000000000000000000e+00,0.000000000000000000e+00,0.000000000000000000e+00,0.000000000000000000e+00,0.000000000000000000e+00,0.000000000000000000e+00,0.000000000000000000e+00,0.000000000000000000e+00,0.000000000000000000e+00,0.000000000000000000e+00,0.000000000000000000e+00,0.000000000000000000e+00,0.000000000000000000e+00,0.000000000000000000e+00,0.000000000000000000e+00
2.669153933692495873e+00,2.125205340487319461e+01,1.006727972933237236e+00,-5.299910717791231525e-03,5.222506630449155057e-02,5.876615373109067564e-01,8.074022361631508771e-01,-6.952829386247277865e-01,-2.823956345505191853e-02,2.333034402458737944e-01,5.046058514739054646e-01,-4.160170762364197999e-02,1.597879496933550525e-01,-1.565667287541826561e-02,-1.211042463281720716e-01,1.268984050869746139e-01,5.883500633191129925e-01,4.944596261947615812e-01,2.194810577333515256e-01,2.630021869425914205e-01,0.000000000000000000e+00,0.000000000000000000e+00,0.000000000000000000e+00,0.000000000000000000e+00,0.000000000000000000e+00,0.000000000000000000e+00,0.000000000000000000e+00,0.000000000000000000e+00,0.000000000000000000e+00,0.000000000000000000e+00,0.000000000000000000e+00,0.000000000000000000e+00,0.000000000000000000e+00,0.000000000000000000e+00,0.000000000000000000e+00,0.000000000000000000e+00
2.668154540668806529e+00,2.129034041081138895e+01,1.016446641033841747e+00,-2.491736659200401334e-03,4.656866395779229312e-02,6.071286301002155605e-01,7.932338730149155470e-01,-6.287167472318477834e-01,-7.491824128256305282e-02,1.955338345219029272e-01,4.870860394827249973e-01,-8.192765276042335287e-02,1.868953319104560140e-01,-1.031734190761526837e-01,-1.268631399446771002e-01,6.367561228341286905e-02,7.171164963882026289e-01,4.946787416484572653e-01,1.716670265850359367e-01,2.055142385060663712e-01,0.000000000000000000e+00,0.000000000000000000e+00,0.000000000000000000e+00,0.000000000000000000e+00,0.000000000000000000e+00,0.000000000000000000e+00,0.000000000000000000e+00,0.000000000000000000e+00,0.000000000000000000e+00,0.000000000000000000e+00,0.000000000000000000e+00,0.000000000000000000e+00,0.000000000000000000e+00,0.000000000000000000e+00,0.000000000000000000e+00,0.000000000000000000e+00
2.666286921706235713e+00,2.132759558891420681e+01,1.024305842601704208e+00,2.724016709072980130e-03,4.013567514352060772e-02,6.264596782724395352e-01,7.784150427712291931e-01,-5.538521913641417660e-01,-1.167849857489088594e-01,1.588978689826547608e-01,4.613792397560937397e-01,-1.198884411564960506e-01,2.026515289156608224e-01,-2.164841049616242907e-01,-1.424876798020967283e-01,3.028715962364314507e-04,8.464698679415103566e-01,4.270641807459339412e-01,1.242436177397382296e-01,1.394332508371431134e-01,0.000000000000000000e+00,0.000000000000000000e+00,0.000000000000000000e+00,0.000000000000000000e+00,0.000000000000000000e+00,0.000000000000000000e+00,0.000000000000000000e+00,0.000000000000000000e+00,0.000000000000000000e+00,0.000000000000000000e+00,0.000000000000000000e+00,0.000000000000000000e+00,0.000000000000000000e+00,0.000000000000000000e+00,0.000000000000000000e+00,0.000000000000000000e+00
2.663847060556622015e+00,2.136377932474416852e+01,1.030169094744138425e+00,1.015522967838434001e-02,3.423235867697167062e-02,6.463711648183265712e-01,7.621872041834538702e-01,-4.708238543881658744e-01,-1.599111190509296954e-01,1.134485304757685831e-01,4.226755591139331747e-01,-1.474178578717014743e-01,2.052607796736283796e-01,-3.278879647835273303e-01,-1.657719042421705868e-01,-5.414937842212612373e-02,9.322855079562356595e-01,3.370506962940194584e-01,9.030807494753240183e-02,6.815631171358060847e-02,0.000000000000000000e+00,0.000000000000000000e+00,0.000000000000000000e+00,0.000000000000000000e+00,0.000000000000000000e+00,0.000000000000000000e+00,0.000000000000000000e+00,0.000000000000000000e+00,0.000000000000000000e+00,0.000000000000000000e+00,0.000000000000000000e+00,0.000000000000000000e+00,0.000000000000000000e+00,0.000000000000000000e+00,0.000000000000000000e+00,0.000000000000000000e+00
2.661149165535380057e+00,2.139927091693567718e+01,1.033472791752316100e+00,1.692769327123946552e-02,2.891668760677962649e-02,6.654157804752746097e-01,7.457205357725156247e-01,-3.929521287304321153e-01,-1.942791224833689823e-01,6.935377199052139563e-02,3.901071360576741642e-01,-1.696351772232403132e-01,2.037812895520282330e-01,-4.328421181626496694e-01,-1.926274022063947378e-01,-9.018079964009662053e-02,9.601870489550561327e-01,2.521733110616327100e-01,7.437806402535573902e-02,-2.226851469914075711e-03,0.000000000000000000e+00,0.000000000000000000e+00,0.000000000000000000e+00,0.000000000000000000e+00,0.000000000000000000e+00,0.000000000000000000e+00,0.000000000000000000e+00,0.000000000000000000e+00,0.000000000000000000e+00,0.000000000000000000e+00,0.000000000000000000e+00,0.000000000000000000e+00,0.000000000000000000e+00,0.000000000000000000e+00,0.000000000000000000e+00,0.000000000000000000e+00
2.658275596897200721e+00,2.143508851192978781e+01,1.035819627185759373e+00,1.988058042143803911e-02,2.723917844992980106e-02,6.842316548814599830e-01,7.284846135215610197e-01,-3.199615936545364137e-01,-2.232600602687265512e-01,1.559107431408884858e-02,3.503306957365631691e-01,-1.802236950143625005e-01,1.907440410392847174e-01,-5.203562015836029619e-01,-2.325194975143839715e-01,-1.325223529250204590e-01,9.254645202609812493e-01,1.813643170722706310e-01,5.731622201897079022e-02,-6.666510655235320659e-02,0.000000000000000000e+00,0.000000000000000000e+00,0.000000000000000000e+00,0.000000000000000000e+00,0.000000000000000000e+00,0.000000000000000000e+00,0.000000000000000000e+00,0.000000000000000000e+00,0.000000000000000000e+00,0.000000000000000000e+00,0.000000000000000000e+00,0.000000000000000000e+00,0.000000000000000000e+00,0.000000000000000000e+00,0.000000000000000000e+00,0.000000000000000000e+00
2.655689286178733788e+00,2.147063415088874905e+01,1.035009828327244197e+00,2.608398523058695975e-02,2.455224786053553793e-02,6.995806584100388026e-01,7.136551794936133453e-01,-2.503047359218883439e-01,-2.475389554529773828e-01,-2.878297609460984952e-02,3.352333936358699029e-01,-2.055562164309377715e-01,1.835088729041030042e-01,-5.772715306095458354e-01,-2.616440402361694395e-01,-1.532272514984394651e-01,8.343232942610802061e-01,1.356946768527661495e-01,6.835098291986430041e-02,-1.247179458396741741e-01,0.000000000000000000e+00,0.000000000000000000e+00,0.000000000000000000e+00,0.000000000000000000e+00,0.000000000000000000e+00,0.000000000000000000e+00,0.000000000000000000e+00,0.000000000000000000e+00,0.000000000000000000e+00,0.000000000000000000e+00,0.000000000000000000e+00,0.000000000000000000e+00,0.000000000000000000e+00,0.000000000000000000e+00,0.000000000000000000e+00,0.000000000000000000e+00
2.653967041949111927e+00,2.150677523722463036e+01,1.032170204374580180e+00,3.013835387472249550e-02,2.583810453036293475e-02,7.124607089610405231e-01,7.005881887148331932e-01,-1.921760564405016469e-01,-2.698739448267422625e-01,-7.696703794418061073e-02,3.268029859771061085e-01,-2.318411549933830640e-01,1.742553644286214398e-01,-6.245429634739811942e-01,-2.752905734880207733e-01,-1.550127873808125611e-01,7.247595761870956332e-01,9.858860052540022179e-02,9.377359489478100107e-02,-1.769160305572280434e-01,0.000000000000000000e+00,0.000000000000000000e+00,0.000000000000000000e+00,0.000000000000000000e+00,0.000000000000000000e+00,0.000000000000000000e+00,0.000000000000000000e+00,0.000000000000000000e+00,0.000000000000000000e+00,0.000000000000000000e+00,0.000000000000000000e+00,0.000000000000000000e+00,0.000000000000000000e+00,0.000000000000000000e+00,0.000000000000000000e+00,0.000000000000000000e+00
2.653125027516599843e+00,2.154316031883011107e+01,1.028144259158484619e+00,3.258357796152083763e-02,2.585972001162865561e-02,7.212190264372027038e-01,6.914569409826746282e-01,-1.379899440951229406e-01,-2.829319710638580898e-01,-1.179645189690024937e-01,3.281666654007829309e-01,-2.626299654121281302e-01,1.742293874128918452e-01,-6.637878286228617863e-01,-2.739085457926808687e-01,-1.457976923704510930e-01,5.912623643265382256e-01,5.407666289127212311e-02,1.266918466489838635e-01,-2.147504940623844172e-01,0.000000000000000000e+00,0.000000000000000000e+00,0.000000000000000000e+00,0.000000000000000000e+00,0.000000000000000000e+00,0.000000000000000000e+00,0.000000000000000000e+00,0.000000000000000000e+00,0.000000000000000000e+00,0.000000000000000000e+00,0.000000000000000000e+00,0.000000000000000000e+00,0.000000000000000000e+00,0.000000000000000000e+00,0.000000000000000000e+00,0.000000000000000000e+00
2.653465897713919386e+00,2.157964879496335442e+01,1.022571809672758958e+00,3.399036389364874788e-02,2.478159557004720737e-02,7.264482065091840690e-01,6.859325994170042406e-01,-8.839974984009575654e-02,-2.882905951886272078e-01,-1.481856376228203320e-01,3.407166652849775712e-01,-3.055704925735869826e-01,1.746359578377970345e-01,-7.023329103923049432e-01,-2.588833635399521715e-01,-1.272015304446889594e-01,4.538695184024422735e-01,1.045751468247091420e-02,1.633077765809028137e-01,-2.468547452809689291e-01,0.000000000000000000e+00,0.000000000000000000e+00,0.000000000000000000e+00,0.000000000000000000e+00,0.000000000000000000e+00,0.000000000000000000e+00,0.000000000000000000e+00,0.000000000000000000e+00,0.000000000000000000e+00,0.000000000000000000e+00,0.000000000000000000e+00,0.000000000000000000e+00,0.000000000000000000e+00,0.000000000000000000e+00,0.000000000000000000e+00,0.000000000000000000e+00
2.655722177973974585e+00,2.161565990678721150e+01,1.015846004598584429e+00,3.400436182944079067e-02,2.614616530037278119e-02,7.241754668182676102e-01,6.882804476920735270e-01,-4.415164096575832642e-02,-2.899617482359813092e-01,-1.659772339113017026e-01,3.434241762128492081e-01,-3.371141910593726254e-01,1.598399927195378045e-01,-7.416989886739004945e-01,-2.297147127719711412e-01,-1.181589556669689067e-01,3.204764948790349011e-01,-1.278786710904886853e-02,1.959339266907564048e-01,-2.605522341269410624e-01,0.000000000000000000e+00,0.000000000000000000e+00,0.000000000000000000e+00,0.000000000000000000e+00,0.000000000000000000e+00,0.000000000000000000e+00,0.000000000000000000e+00,0.000000000000000000e+00,0.000000000000000000e+00,0.000000000000000000e+00,0.000000000000000000e+00,0.000000000000000000e+00,0.000000000000000000e+00,0.000000000000000000e+00,0.000000000000000000e+00,0.000000000000000000e+00
2.658962386455028692e+00,2.165267002168953780e+01,1.006743408786544558e+00,2.966975329367148653e-02,3.305121037423967845e-02,7.160865967917892094e-01,6.965969488358692008e-01,-1.503904833163644678e-02,-2.948069626068961502e-01,-1.748768210807814527e-01,3.467894595399337865e-01,-3.706756287169352682e-01,1.533674002631126854e-01,-7.782327098131951448e-01,-2.045946776970493097e-01,-1.115085077456604845e-01,2.308558489840032424e-01,-2.727957888846080023e-02,2.226164215247560807e-01,-2.635205741226184784e-01,0.000000000000000000e+00,0.000000000000000000e+00,0.000000000000000000e+00,0.000000000000000000e+00,0.000000000000000000e+00,0.000000000000000000e+00,0.000000000000000000e+00,0.000000000000000000e+00,0.000000000000000000e+00,0.000000000000000000e+00,0.000000000000000000e+00,0.000000000000000000e+00,0.000000000000000000e+00,0.000000000000000000e+00,0.000000000000000000e+00,0.000000000000000000e+00
2.663392431341280897e+00,2.169194929879742162e+01,9.951008295986893959e-01,2.851727179033456544e-02,4.020703276256147596e-02,7.135490966253164036e-01,6.988689765837798884e-01,1.905641045171891507e-02,-3.101911453844201638e-01,-2.155398171885505587e-01,3.639193970934661571e-01,-3.928371156416697874e-01,1.455063615688053646e-01,-7.915516184811050016e-01,-1.889135547918431579e-01,-9.929252655720853526e-02,2.068474760759868580e-01,-2.364414795046909656e-02,2.279686125677531927e-01,-2.692065181851286404e-01,0.000000000000000000e+00,0.000000000000000000e+00,0.000000000000000000e+00,0.000000000000000000e+00,0.000000000000000000e+00,0.000000000000000000e+00,0.000000000000000000e+00,0.000000000000000000e+00,0.000000000000000000e+00,0.000000000000000000e+00,0.000000000000000000e+00,0.000000000000000000e+00,0.000000000000000000e+00,0.000000000000000000e+00,0.000000000000000000e+00,0.000000000000000000e+00
2.668243763659156276e+00,2.173249533553930135e+01,9.811418454740513662e-01,3.101102838105399689e-02,4.312986790306969770e-02,7.190303199110892329e-01,6.929455459572335663e-01,5.797630683782394045e-02,-3.165606021765692280e-01,-2.371327752178132298e-01,4.066923426307227918e-01,-4.184012320308437838e-01,1.414587217655312312e-01,-7.840176306296123832e-01,-1.862309303680140804e-01,-9.593505032965320145e-02,2.423183882459353511e-01,-1.939067814024982364e-02,2.174244906899945318e-01,-2.834978692648549847e-01,0.000000000000000000e+00,0.000000000000000000e+00,0.000000000000000000e+00,0.000000000000000000e+00,0.000000000000000000e+00,0.000000000000000000e+00,0.000000000000000000e+00,0.000000000000000000e+00,0.000000000000000000e+00,0.000000000000000000e+00,0.000000000000000000e+00,0.000000000000000000e+00,0.000000000000000000e+00,0.000000000000000000e+00,0.000000000000000000e+00,0.000000000000000000e+00
2.673272108422435345e+00,2.177337423607500000e+01,9.666660270545597289e-01,2.917138224088583476e-02,4.139070316825053247e-02,7.257899769375405485e-01,6.860501071542784990e-01,9.310155106462639218e-02,-3.116049808171028612e-01,-2.730699344999605316e-01,4.563651605991909110e-01,-4.089248234921894487e-01,1.263603279406467494e-01,-7.611061187893348734e-01,-1.769469241365043966e-01,-1.024477592369204548e-01,3.019964407077661006e-01,-9.880106131240955214e-03,1.896657411763000567e-01,-3.034033109380973037e-01,0.000000000000000000e+00,0.000000000000000000e+00,0.000000000000000000e+00,0.000000000000000000e+00,0.000000000000000000e+00,0.000000000000000000e+00,0.000000000000000000e+00,0.000000000000000000e+00,0.000000000000000000e+00,0.000000000000000000e+00,0.000000000000000000e+00,0.000000000000000000e+00,0.000000000000000000e+00,0.000000000000000000e+00,0.000000000000000000e+00,0.000000000000000000e+00
2.678207459846822402e+00,2.181284547903783277e+01,9.583529007312046044e-01,1.869201728677642727e-02,3.247714581265138956e-02,7.354748838502043196e-01,6.765149951886818558e-01,1.394547578765445439e-01,-2.773727905687809470e-01,-3.079684087503010703e-01,4.627765170615787405e-01,-2.955558810127210667e-01,7.770096700795538214e-02,-7.328133428417710205e-01,-1.507764544557717301e-01,-1.125653537122028314e-01,3.577884721113878674e-01,1.061324005573035384e-02,1.510548457305399550e-01,-3.299351837685049471e-01,0.000000000000000000e+00,0.000000000000000000e+00,0.000000000000000000e+00,0.000000000000000000e+00,0.000000000000000000e+00,0.000000000000000000e+00,0.000000000000000000e+00,0.000000000000000000e+00,0.000000000000000000e+00,0.000000000000000000e+00,0.000000000000000000e+00,0.000000000000000000e+00,0.000000000000000000e+00,0.000000000000000000e+00,0.000000000000000000e+00,0.000000000000000000e+00
2.683464608360981440e+00,2.185041677763677015e+01,9.526277221896118919e-01,5.438193595584395190e-04,2.287537164355343822e-02,7.430937242948983945e-01,6.687960365808174323e-01,1.563010831792656652e-01,-2.337297933630745894e-01,-3.481017802141213591e-01,4.720578819825366201e-01,-1.292245695757973656e-01,1.025366433151139386e-02,-7.189113686151854532e-01,-1.142575758139817987e-01,-1.431620980393965015e-01,4.151033842419490916e-01,1.257162082571686851e-02,9.960660186100245284e-02,-3.396313842684879347e-01,0.000000000000000000e+00,0.000000000000000000e+00,0.000000000000000000e+00,0.000000000000000000e+00,0.000000000000000000e+00,0.000000000000000000e+00,0.000000000000000000e+00,0.000000000000000000e+00,0.000000000000000000e+00,0.000000000000000000e+00,0.000000000000000000e+00,0.000000000000000000e+00,0.000000000000000000e+00,0.000000000000000000e+00,0.000000000000000000e+00,0.000000000000000000e+00
2.688677693621069231e+00,2.188619998945553036e+01,9.495965641284170866e-01,-2.268854193009559733e-02,8.803757058264492785e-03,7.455745323262299440e-01,6.659777328659480800e-01,1.377383280575861235e-01,-1.673733647113649914e-01,-3.545417988105569740e-01,5.075085783370194559e-01,9.561491848486178280e-02,-7.000659626109359546e-02,-7.160721834344651038e-01,-7.413320710152770943e-02,-1.936430274248917005e-01,4.763703423687477567e-01,-1.743108104871130687e-02,3.750834015271229532e-02,-3.297439957871375893e-01,0.000000000000000000e+00,0.000000000000000000e+00,0.000000000000000000e+00,0.000000000000000000e+00,0.000000000000000000e+00,0.000000000000000000e+00,0.000000000000000000e+00,0.000000000000000000e+00,0.000000000000000000e+00,0.000000000000000000e+00,0.000000000000000000e+00,0.000000000000000000e+00,0.000000000000000000e+00,0.000000000000000000e+00,0.000000000000000000e+00,0.000000000000000000e+00
2.693432302345577511e+00,2.192211036071544683e+01,9.502030167733701571e-01,-3.616609465509519616e-02,-2.784847514205835914e-04,7.411689595211307102e-01,6.703435757027923492e-01,9.827243823590774141e-02,-1.226067077651671333e-01,-3.330107653291437542e-01,5.601038486169327424e-01,2.958258701630805954e-01,-1.393962043543014728e-01,-7.033461003451169091e-01,-3.750115991384907199e-02,-2.135544035294731080e-01,5.216170275824388858e-01,-5.304354838570989744e-02,-1.454132737780763733e-02,-2.981807664432642446e-01,0.000000000000000000e+00,0.000000000000000000e+00,0.000000000000000000e+00,0.000000000000000000e+00,0.000000000000000000e+00,0.000000000000000000e+00,0.000000000000000000e+00,0.000000000000000000e+00,0.000000000000000000e+00,0.000000000000000000e+00,0.000000000000000000e+00,0.000000000000000000e+00,0.000000000000000000e+00,0.000000000000000000e+00,0.000000000000000000e+00,0.000000000000000000e+00
2.698231911183323728e+00,2.195959766885738418e+01,9.564235054972911598e-01,-3.458120311501832606e-02,1.853788461771092161e-04,7.295418920444299848e-01,6.830612957692989706e-01,1.343331969832295067e-02,-1.016236891245071994e-01,-2.502924090966433535e-01,6.665502257469066993e-01,3.839059500913195588e-01,-1.386407549402133843e-01,-6.633107421721281538e-01,-1.152077408662694619e-02,-1.905610449435244658e-01,5.353443900854008008e-01,-9.318139073427164631e-02,-4.517754033232189437e-02,-2.407317765816545940e-01,0.000000000000000000e+00,0.000000000000000000e+00,0.000000000000000000e+00,0.000000000000000000e+00,0.000000000000000000e+00,0.000000000000000000e+00,0.000000000000000000e+00,0.000000000000000000e+00,0.000000000000000000e+00,0.000000000000000000e+00,0.000000000000000000e+00,0.000000000000000000e+00,0.000000000000000000e+00,0.000000000000000000e+00,0.000000000000000000e+00,0.000000000000000000e+00
2.703581742439019386e+00,2.199748888209845177e+01,9.664566178915487971e-01,-2.772809158094395945e-02,6.142027922448473065e-03,7.170323075472040397e-01,6.964611248043999225e-01,-1.027486863884689294e-01,-6.982617419791942170e-02,-1.322828858554953302e-01,7.900020361195568830e-01,3.748460187238588648e-01,-7.982324327871516412e-02,-6.071050729529018364e-01,1.066532671738035232e-03,-1.573897465993516487e-01,5.202265678396489346e-01,-1.143134207077896036e-01,-5.296963190238007657e-02,-1.833054683118619521e-01,0.000000000000000000e+00,0.000000000000000000e+00,0.000000000000000000e+00,0.000000000000000000e+00,0.000000000000000000e+00,0.000000000000000000e+00,0.000000000000000000e+00,0.000000000000000000e+00,0.000000000000000000e+00,0.000000000000000000e+00,0.000000000000000000e+00,0.000000000000000000e+00,0.000000000000000000e+00,0.000000000000000000e+00,0.000000000000000000e+00,0.000000000000000000e+00
2.709317862779144992e+00,2.203457645930523512e+01,9.750829057821833734e-01,-2.060180416713873822e-02,7.888538063289367297e-03,7.043148885333807563e-01,7.095448360903586771e-01,-2.161306945252887690e-01,-2.690314821007318280e-02,-3.585315172851411686e-02,8.932111886882916352e-01,3.118086536015586274e-01,-1.771904593395964844e-02,-5.335728642905387398e-01,1.684131090933996960e-02,-1.272858503923519624e-01,4.834322819434281326e-01,-1.259802546509328491e-01,-5.037827909601027415e-02,-1.234322901088668323e-01,0.000000000000000000e+00,0.000000000000000000e+00,0.000000000000000000e+00,0.000000000000000000e+00,0.000000000000000000e+00,0.000000000000000000e+00,0.000000000000000000e+00,0.000000000000000000e+00,0.000000000000000000e+00,0.000000000000000000e+00,0.000000000000000000e+00,0.000000000000000000e+00,0.000000000000000000e+00,0.000000000000000000e+00,0.000000000000000000e+00,0.000000000000000000e+00
2.714867013712626953e+00,2.207125631389780906e+01,9.816525690710933283e-01,-1.651982081966877833e-02,6.707529937833736286e-03,6.872910119407295015e-01,7.261633214833335126e-01,-3.372812628096485410e-01,1.748257556034192584e-02,4.672793334053554348e-02,9.597595047913533017e-01,2.110596285015741425e-01,5.223541097522983040e-02,-4.585868547533303308e-01,4.182141666883688880e-02,-8.071250244837469001e-02,4.357330955907746661e-01,-1.285931641103567058e-01,-3.958471524919902201e-02,-5.738354402077378708e-02,0.000000000000000000e+00,0.000000000000000000e+00,0.000000000000000000e+00,0.000000000000000000e+00,0.000000000000000000e+00,0.000000000000000000e+00,0.000000000000000000e+00,0.000000000000000000e+00,0.000000000000000000e+00,0.000000000000000000e+00,0.000000000000000000e+00,0.000000000000000000e+00,0.000000000000000000e+00,0.000000000000000000e+00,0.000000000000000000e+00,0.000000000000000000e+00
2.720548272181811278e+00,2.210720194045653386e+01,9.866599470802590588e-01,-1.100730833689615024e-02,5.318044380289442367e-03,6.707410786870378061e-01,7.415908325545121915e-01,-4.460860631975380741e-01,5.680742346239962132e-02,1.053458782461090121e-01,9.670058143058433142e-01,9.916970032005645308e-02,8.832761829113965069e-02,-3.762582290227683979e-01,5.635217914784969306e-02,-4.698593260470233790e-02,3.710189142109781013e-01,-1.150371468282118809e-01,-2.219409774325983159e-02,3.838504828080834333e-03,0.000000000000000000e+00,0.000000000000000000e+00,0.000000000000000000e+00,0.000000000000000000e+00,0.000000000000000000e+00,0.000000000000000000e+00,0.000000000000000000e+00,0.000000000000000000e+00,0.000000000000000000e+00,0.000000000000000000e+00,0.000000000000000000e+00,0.000000000000000000e+00,0.000000000000000000e+00,0.000000000000000000e+00,0.000000000000000000e+00,0.000000000000000000e+00
2.726201874945482828e+00,2.214278115760098586e+01,9.896130231007761457e-01,-7.808967378612915317e-03,3.635616983939601171e-03,6.506696940974771026e-01,7.593120251258511644e-01,-5.399534222299386954e-01,8.550641789113858082e-02,1.398511768270415678e-01,9.090505303799639725e-01,7.098430401903964293e-03,1.027020136827762053e-01,-3.022263980773092218e-01,6.674491646407497425e-02,-1.621241822341947664e-02,3.125338417734932484e-01,-1.012250618223508314e-01,3.403536603631790360e-03,6.568148766911410807e-02,0.000000000000000000e+00,0.000000000000000000e+00,0.000000000000000000e+00,0.000000000000000000e+00,0.000000000000000000e+00,0.000000000000000000e+00,0.000000000000000000e+00,0.000000000000000000e+00,0.000000000000000000e+00,0.000000000000000000e+00,0.000000000000000000e+00,0.000000000000000000e+00,0.000000000000000000e+00,0.000000000000000000e+00,0.000000000000000000e+00,0.000000000000000000e+00
2.731816070594620172e+00,2.217873182538205157e+01,9.886684111313431833e-01,-1.370690658804045101e-02,1.270322413387100970e-03,6.291681946465702557e-01,7.771472768001749243e-01,-6.049480686099819593e-01,1.105065935007696759e-01,1.553773622519426523e-01,8.009489072501739804e-01,-3.292703673823382804e-02,9.129914393392336847e-02,-2.395141256881723746e-01,8.726824990660060621e-02,1.793563836137501699e-02,2.556917802721607180e-01,-9.592095912279580139e-02,2.463902120939205978e-02,1.200536267455476758e-01,0.000000000000000000e+00,0.000000000000000000e+00,0.000000000000000000e+00,0.000000000000000000e+00,0.000000000000000000e+00,0.000000000000000000e+00,0.000000000000000000e+00,0.000000000000000000e+00,0.000000000000000000e+00,0.000000000000000000e+00,0.000000000000000000e+00,0.000000000000000000e+00,0.000000000000000000e+00,0.000000000000000000e+00,0.000000000000000000e+00,0.000000000000000000e+00
2.737972691354876975e+00,2.221499973503084391e+01,9.853582218197591835e-01,-2.248659488583130972e-02,2.455080947461267104e-04,6.095648262768883496e-01,7.924171977829874702e-01,-6.572924880799165814e-01,1.284845987576642423e-01,1.666412751457079788e-01,6.785588889269478230e-01,-7.062488103038486176e-02,7.445423167085832294e-02,-1.912227467925077806e-01,1.047598131968308782e-01,4.790274015523772466e-02,2.258194213092622471e-01,-1.103279255777246393e-01,3.815181508209274097e-02,1.652171294696910819e-01,0.000000000000000000e+00,0.000000000000000000e+00,0.000000000000000000e+00,0.000000000000000000e+00,0.000000000000000000e+00,0.000000000000000000e+00,0.000000000000000000e+00,0.000000000000000000e+00,0.000000000000000000e+00,0.000000000000000000e+00,0.000000000000000000e+00,0.000000000000000000e+00,0.000000000000000000e+00,0.000000000000000000e+00,0.000000000000000000e+00,0.000000000000000000e+00
2.744860128239467567e+00,2.225124439272048704e+01,9.811495964781044021e-01,-2.893206092555244968e-02,3.946594096004845884e-03,5.997561793042091027e-01,7.996498518927255272e-01,-6.989255663971444266e-01,1.310917798588481786e-01,1.755001208413908553e-01,5.260000022931771158e-01,-1.061817506434376140e-01,3.958227071320501861e-02,-1.501487149177664626e-01,1.112035070082359745e-01,7.342275737917834666e-02,2.078614621632041137e-01,-1.254393491714617392e-01,3.926012346261809061e-02,1.877013664767383239e-01,0.000000000000000000e+00,0.000000000000000000e+00,0.000000000000000000e+00,0.000000000000000000e+00,0.000000000000000000e+00,0.000000000000000000e+00,0.000000000000000000e+00,0.000000000000000000e+00,0.000000000000000000e+00,0.000000000000000000e+00,0.000000000000000000e+00,0.000000000000000000e+00,0.000000000000000000e+00,0.000000000000000000e+00,0.000000000000000000e+00,0.000000000000000000e+00
2.752164407998213047e+00,2.228717732229119619e+01,9.760623496385528730e-01,-3.369413750695519211e-02,9.573849067251970213e-03,5.948409291764560347e-01,8.030798935897905944e-01,-7.431307952187478083e-01,1.237326573390336582e-01,1.766267738035295909e-01,4.024367791026325358e-01,-1.253773082042181353e-01,1.326330436513676984e-02,-1.180771527852253755e-01,1.121740720855941009e-01,8.752529486603770337e-02,2.078384110023761000e-01,-1.536923094567446413e-01,3.480737595082033370e-02,2.020590155488038442e-01,0.000000000000000000e+00,0.000000000000000000e+00,0.000000000000000000e+00,0.000000000000000000e+00,0.000000000000000000e+00,0.000000000000000000e+00,0.000000000000000000e+00,0.000000000000000000e+00,0.000000000000000000e+00,0.000000000000000000e+00,0.000000000000000000e+00,0.000000000000000000e+00,0.000000000000000000e+00,0.000000000000000000e+00,0.000000000000000000e+00,0.000000000000000000e+00
2.759580562235261603e+00,2.232339986736580428e+01,9.693430764161038438e-01,-3.909515518819216967e-02,1.670982404386021219e-02,5.922505139789647766e-01,8.046313934422928416e-01,-7.678936954867060516e-01,1.022156300398331663e-01,1.603080324627787767e-01,2.637738390607062833e-01,-1.198263348100130354e-01,-4.455887548822810504e-03,-9.642059577253249414e-02,1.102019744449743432e-01,8.859763541057591452e-02,2.236104397234352226e-01,-1.956066629461780115e-01,3.004032766741747060e-02,2.068009850262223503e-01,0.000000000000000000e+00,0.000000000000000000e+00,0.000000000000000000e+00,0.000000000000000000e+00,0.000000000000000000e+00,0.000000000000000000e+00,0.000000000000000000e+00,0.000000000000000000e+00,0.000000000000000000e+00,0.000000000000000000e+00,0.000000000000000000e+00,0.000000000000000000e+00,0.000000000000000000e+00,0.000000000000000000e+00,0.000000000000000000e+00,0.000000000000000000e+00
2.767155785529885392e+00,2.236084884163281927e+01,9.606973088935935046e-01,-4.406885326704002709e-02,1.990293076803691108e-02,5.870602128604299752e-01,8.080978381327578175e-01,-7.770873382726242173e-01,9.561842453846182421e-02,1.573111875639155999e-01,1.876827676985567406e-01,-9.963977625226358437e-02,-1.028560781972989550e-02,-7.338104312914818517e-02,1.128702797989907941e-01,9.180079812036462394e-02,2.563154509091562505e-01,-2.352227761696668029e-01,2.621919244017523187e-02,2.221498407352039683e-01,0.000000000000000000e+00,0.000000000000000000e+00,0.000000000000000000e+00,0.000000000000000000e+00,0.000000000000000000e+00,0.000000000000000000e+00,0.000000000000000000e+00,0.000000000000000000e+00,0.000000000000000000e+00,0.000000000000000000e+00,0.000000000000000000e+00,0.000000000000000000e+00,0.000000000000000000e+00,0.000000000000000000e+00,0.000000000000000000e+00,0.000000000000000000e+00
2.774469774936420663e+00,2.239967256652276006e+01,9.509335122332465140e-01,-4.248619154300790901e-02,1.859297412930807983e-02,5.765529852977161474e-01,8.157425329020722149e-01,-7.831086215211980894e-01,9.897392033190875738e-02,1.646194771638500032e-01,2.182633808071039461e-01,-9.083693683811464026e-02,-7.212806445457253107e-04,-4.896734855958706500e-02,1.106052715737939340e-01,1.187112894357233994e-01,3.168802579021312016e-01,-2.565372170073584313e-01,3.400936545033032832e-02,2.455002781558467406e-01,0.000000000000000000e+00,0.000000000000000000e+00,0.000000000000000000e+00,0.000000000000000000e+00,0.000000000000000000e+00,0.000000000000000000e+00,0.000000000000000000e+00,0.000000000000000000e+00,0.000000000000000000e+00,0.000000000000000000e+00,0.000000000000000000e+00,0.000000000000000000e+00,0.000000000000000000e+00,0.000000000000000000e+00,0.000000000000000000e+00,0.000000000000000000e+00
2.781264003535777185e+00,2.243906342879208538e+01,9.403476547297026089e-01,-3.614542219350844882e-02,1.621536008289670844e-02,5.671475506220126084e-01,8.226628874425327975e-01,-7.836659672137173960e-01,1.006128780349096752e-01,1.829368144674141106e-01,3.045314456068505815e-01,-8.481099664441928143e-02,2.241541228143160980e-02,-1.700135270330680598e-02,1.004450046527407270e-01,1.513292253508299323e-01,3.752565049981309575e-01,-2.420554300335475972e-01,4.949444576175051486e-02,2.668760051007340595e-01,0.000000000000000000e+00,0.000000000000000000e+00,0.000000000000000000e+00,0.000000000000000000e+00,0.000000000000000000e+00,0.000000000000000000e+00,0.000000000000000000e+00,0.000000000000000000e+00,0.000000000000000000e+00,0.000000000000000000e+00,0.000000000000000000e+00,0.000000000000000000e+00,0.000000000000000000e+00,0.000000000000000000e+00,0.000000000000000000e+00,0.000000000000000000e+00
2.787222932529313635e+00,2.247810953871114137e+01,9.307416031699975445e-01,-2.572993402731452856e-02,2.091559910943895789e-02,5.581077730320547214e-01,8.291056759485141425e-01,-7.712838309908898182e-01,8.475125337104670586e-02,2.087901431043945877e-01,3.805696414192509258e-01,-7.147116363298484931e-02,5.414499412638448111e-02,1.516762353395156165e-02,7.078499734881681105e-02,2.049810067780699629e-01,4.084530474016049850e-01,-1.610589849662041884e-01,9.665328589356556033e-02,2.889811802319048883e-01,0.000000000000000000e+00,0.000000000000000000e+00,0.000000000000000000e+00,0.000000000000000000e+00,0.000000000000000000e+00,0.000000000000000000e+00,0.000000000000000000e+00,0.000000000000000000e+00,0.000000000000000000e+00,0.000000000000000000e+00,0.000000000000000000e+00,0.000000000000000000e+00,0.000000000000000000e+00,0.000000000000000000e+00,0.000000000000000000e+00,0.000000000000000000e+00
2.792266262378821917e+00,2.251562927149675275e+01,9.232478289117111991e-01,-1.373968616756780954e-02,3.164617513396739135e-02,5.513746235612866364e-01,8.335440990829788843e-01,-7.600318587527308267e-01,4.941626664292116111e-02,2.410393207182844055e-01,4.449507883681416698e-01,-6.195905731718485965e-02,9.515237029769264832e-02,4.266178041897830675e-02,1.387886397645727438e-02,2.244457128011991542e-01,4.194874776684603956e-01,-1.094707557371184248e-03,1.568571565953481295e-01,3.094322200534501133e-01,0.000000000000000000e+00,0.000000000000000000e+00,0.000000000000000000e+00,0.000000000000000000e+00,0.000000000000000000e+00,0.000000000000000000e+00,0.000000000000000000e+00,0.000000000000000000e+00,0.000000000000000000e+00,0.000000000000000000e+00,0.000000000000000000e+00,0.000000000000000000e+00,0.000000000000000000e+00,0.000000000000000000e+00,0.000000000000000000e+00,0.000000000000000000e+00
2.797181165006434878e+00,2.255199467663192081e+01,9.215260830793643443e-01,-4.753865938373498176e-03,4.761692008489895600e-02,5.533549960713359805e-01,8.315697673696168524e-01,-7.480125425530738115e-01,-8.498041651529043838e-04,2.644954247887053578e-01,4.859917842780031028e-01,-5.415087474482342678e-02,1.362251257305830965e-01,4.603866277072068969e-02,-4.945499568555889597e-02,2.204325790051660239e-01,4.501046844947123593e-01,2.089790928423688188e-01,2.198244520230540067e-01,3.161211080376703508e-01,0.000000000000000000e+00,0.000000000000000000e+00,0.000000000000000000e+00,0.000000000000000000e+00,0.000000000000000000e+00,0.000000000000000000e+00,0.000000000000000000e+00,0.000000000000000000e+00,0.000000000000000000e+00,0.000000000000000000e+00,0.000000000000000000e+00,0.000000000000000000e+00,0.000000000000000000e+00,0.000000000000000000e+00,0.000000000000000000e+00,0.000000000000000000e+00
2.802599252412728781e+00,2.258808017662965284e+01,9.237599648224003035e-01,-1.100322020511260157e-03,5.800176800411876998e-02,5.638090876535354345e-01,8.238652176655683057e-01,-7.297458113057565532e-01,-5.247362961264354086e-02,2.562040781183704263e-01,5.126704266038497604e-01,-7.505718042121295452e-02,1.750544171178572139e-01,2.630504125933630713e-02,-8.435796227997044427e-02,1.877843371477913859e-01,5.137895349191521355e-01,4.011564968989040914e-01,2.592583965872773399e-01,2.999261937094738761e-01,0.000000000000000000e+00,0.000000000000000000e+00,0.000000000000000000e+00,0.000000000000000000e+00,0.000000000000000000e+00,0.000000000000000000e+00,0.000000000000000000e+00,0.000000000000000000e+00,0.000000000000000000e+00,0.000000000000000000e+00,0.000000000000000000e+00,0.000000000000000000e+00,0.000000000000000000e+00,0.000000000000000000e+00,0.000000000000000000e+00,0.000000000000000000e+00
2.806307832746542275e+00,2.262595278850882252e+01,9.319441234594240120e-01,2.581392652028641210e-04,5.825263016040033853e-02,5.791389477186948964e-01,8.131449093973329711e-01,-6.830592730304569926e-01,-9.791926572531943485e-02,2.250828263040829114e-01,5.132005425541662502e-01,-1.139513191796189262e-01,2.053058280386496903e-01,-3.289524303687162143e-02,-9.896504167965101961e-02,1.360321834093755067e-01,6.243550908781584363e-01,4.847331882496138111e-01,2.476830254461175052e-01,2.605075879865777488e-01,0.000000000000000000e+00,0.000000000000000000e+00,0.000000000000000000e+00,0.000000000000000000e+00,0.000000000000000000e+00,0.000000000000000000e+00,0.000000000000000000e+00,0.000000000000000000e+00,0.000000000000000000e+00,0.000000000000000000e+00,0.000000000000000000e+00,0.000000000000000000e+00,0.000000000000000000e+00,0.000000000000000000e+00,0.000000000000000000e+00,0.000000000000000000e+00
2.809949419860100939e+00,2.266368655580376412e+01,9.411886431075827675e-01,4.100864322286412039e-03,5.316492409197015601e-02,5.992625949939675012e-01,7.987746966443040053e-01,-6.133441633954137551e-01,-1.422834024614592352e-01,1.763553166257424420e-01,4.931249456316347812e-01,-1.530815525303012015e-01,2.244855117993363736e-01,-1.373213204077501637e-01,-1.146648330495905477e-01,6.087229712429225587e-02,7.685293173319873716e-01,4.533595615545078505e-01,1.886427187426496788e-01,1.956114221639929374e-01,0.000000000000000000e+00,0.000000000000000000e+00,0.000000000000000000e+00,0.000000000000000000e+00,0.000000000000000000e+00,0.000000000000000000e+00,0.000000000000000000e+00,0.000000000000000000e+00,0.000000000000000000e+00,0.000000000000000000e+00,0.000000000000000000e+00,0.000000000000000000e+00,0.000000000000000000e+00,0.000000000000000000e+00,0.000000000000000000e+00,0.000000000000000000e+00
2.812983369783075727e+00,2.270030243742118259e+01,9.484507041604203215e-01,9.407847805004740382e-03,4.856797535412610972e-02,6.192244389719609998e-01,7.836540935575703193e-01,-5.367445195923682411e-01,-1.813349318951411882e-01,1.291242060028025551e-01,4.606542334567290675e-01,-1.823676734559134538e-01,2.326435497862183455e-01,-2.559954083681300618e-01,-1.356690324328498898e-01,-5.782624643583880730e-04,8.919747045907867600e-01,3.772593904835810918e-01,1.422476320669511796e-01,1.248929566510661032e-01,0.000000000000000000e+00,0.000000000000000000e+00,0.000000000000000000e+00,0.000000000000000000e+00,0.000000000000000000e+00,0.000000000000000000e+00,0.000000000000000000e+00,0.000000000000000000e+00,0.000000000000000000e+00,0.000000000000000000e+00,0.000000000000000000e+00,0.000000000000000000e+00,0.000000000000000000e+00,0.000000000000000000e+00,0.000000000000000000e+00,0.000000000000000000e+00
2.815109174877571174e+00,2.273580025264421423e+01,9.535319746966099963e-01,1.610360153495936364e-02,4.145799714951399484e-02,6.381619893307844960e-01,7.686164087913605059e-01,-4.550911791334045775e-01,-2.146044368125052948e-01,7.735963809168039385e-02,4.293427513025074860e-01,-2.088750116921753441e-01,2.304576350052846556e-01,-3.735291513614497072e-01,-1.749699690280012709e-01,-5.931641828266229904e-02,9.645177436144226624e-01,2.866026008445852202e-01,1.031558915156118028e-01,5.807146640025578899e-02,0.000000000000000000e+00,0.000000000000000000e+00,0.000000000000000000e+00,0.000000000000000000e+00,0.000000000000000000e+00,0.000000000000000000e+00,0.000000000000000000e+00,0.000000000000000000e+00,0.000000000000000000e+00,0.000000000000000000e+00,0.000000000000000000e+00,0.000000000000000000e+00,0.000000000000000000e+00,0.000000000000000000e+00,0.000000000000000000e+00,0.000000000000000000e+00
2.817286709377828657e+00,2.277101841094178525e+01,9.570614547731676192e-01,2.283141428070285112e-02,3.928168512067609086e-02,6.555040900686802674e-01,7.538236290003469398e-01,-3.694276685553742334e-01,-2.477916243272363928e-01,1.856364694876412591e-02,3.758310298802327587e-01,-2.136937281261442612e-01,2.122268408828329456e-01,-4.753479799305477815e-01,-2.236970956848708392e-01,-1.073945905837272313e-01,9.812939814104466585e-01,2.221932206282453137e-01,8.098947898223136932e-02,-6.726401958319133158e-03,0.000000000000000000e+00,0.000000000000000000e+00,0.000000000000000000e+00,0.000000000000000000e+00,0.000000000000000000e+00,0.000000000000000000e+00,0.000000000000000000e+00,0.000000000000000000e+00,0.000000000000000000e+00,0.000000000000000000e+00,0.000000000000000000e+00,0.000000000000000000e+00,0.000000000000000000e+00,0.000000000000000000e+00,0.000000000000000000e+00,0.000000000000000000e+00
2.818900701407426101e+00,2.280602990683189546e+01,9.580551531184863245e-01,2.839680557652125154e-02,3.519161564076818405e-02,6.742856753196723174e-01,7.370847981611976518e-01,-2.909070828767633676e-01,-2.698452576959938232e-01,-3.426681853780104425e-02,3.456135480196229626e-01,-2.310229700454559110e-01,2.046849921601345823e-01,-5.541392934721284247e-01,-2.733936967067011614e-01,-1.525184332862030423e-01,9.208039408773004419e-01,1.588759173913695255e-01,7.099394062087992230e-02,-6.665494893888646022e-02,0.000000000000000000e+00,0.000000000000000000e+00,0.000000000000000000e+00,0.000000000000000000e+00,0.000000000000000000e+00,0.000000000000000000e+00,0.000000000000000000e+00,0.000000000000000000e+00,0.000000000000000000e+00,0.000000000000000000e+00,0.000000000000000000e+00,0.000000000000000000e+00,0.000000000000000000e+00,0.000000000000000000e+00,0.000000000000000000e+00,0.000000000000000000e+00
2.820908376720417721e+00,2.284117884812792809e+01,9.565956764676079027e-01,3.538018281351180960e-02,3.287258967024712930e-02,6.880787925695267537e-01,7.240270787260063567e-01,-2.159840931906761852e-01,-2.883821982844551601e-01,-7.896781863670923607e-02,3.212216520568221267e-01,-2.441879634624829487e-01,1.937091228337566862e-01,-6.083990869781987776e-01,-3.033199671204402925e-01,-1.759936115752713526e-01,8.280367724005658348e-01,1.188383057137834126e-01,7.846079739326324021e-02,-1.182145714501595252e-01,0.000000000000000000e+00,0.000000000000000000e+00,0.000000000000000000e+00,0.000000000000000000e+00,0.000000000000000000e+00,0.000000000000000000e+00,0.000000000000000000e+00,0.000000000000000000e+00,0.000000000000000000e+00,0.000000000000000000e+00,0.000000000000000000e+00,0.000000000000000000e+00,0.000000000000000000e+00,0.000000000000000000e+00,0.000000000000000000e+00,0.000000000000000000e+00
2.823395917078468820e+00,2.287718250826058508e+01,9.531442729966597138e-01,3.761611827670310881e-02,3.551960960709111409e-02,7.040108562827804839e-01,7.083022654313178013e-01,-1.567849744620946340e-01,-3.044820195113095429e-01,-1.322863123513629280e-01,3.065518372111963319e-01,-2.727751709892838328e-01,1.910576235610256524e-01,-6.517060137670656061e-01,-3.152692976920743462e-01,-1.698757021081956364e-01,7.071633656653796285e-01,7.061686909350781138e-02,9.996376877116754101e-02,-1.725927761226084822e-01,0.000000000000000000e+00,0.000000000000000000e+00,0.000000000000000000e+00,0.000000000000000000e+00,0.000000000000000000e+00,0.000000000000000000e+00,0.000000000000000000e+00,0.000000000000000000e+00,0.000000000000000000e+00,0.000000000000000000e+00,0.000000000000000000e+00,0.000000000000000000e+00,0.000000000000000000e+00,0.000000000000000000e+00,0.000000000000000000e+00,0.000000000000000000e+00
2.826859591014678763e+00,2.291331515515155104e+01,9.481897906162390921e-01,4.056897284454012015e-02,3.644979512353366258e-02,7.162143840875934142e-01,6.957460218383001438e-01,-1.058810582374500320e-01,-3.138799047085256699e-01,-1.749933064718285358e-01,3.156234304396513535e-01,-3.033984409988463304e-01,1.925336367160585538e-01,-6.883474435012765236e-01,-3.095876320505027701e-01,-1.450150304701400827e-01,5.628803307847760617e-01,4.436577766584637317e-02,1.368144059711280669e-01,-2.099009409726139697e-01,0.000000000000000000e+00,0.000000000000000000e+00,0.000000000000000000e+00,0.000000000000000000e+00,0.000000000000000000e+00,0.000000000000000000e+00,0.000000000000000000e+00,0.000000000000000000e+00,0.000000000000000000e+00,0.000000000000000000e+00,0.000000000000000000e+00,0.000000000000000000e+00,0.000000000000000000e+00,0.000000000000000000e+00,0.000000000000000000e+00,0.000000000000000000e+00
2.831581051297275220e+00,2.294903760417715688e+01,9.427790725148665896e-01,4.066472264048254237e-02,3.802079072146921646e-02,7.220819611255476778e-01,6.895639500601593586e-01,-6.141501433822100370e-02,-3.113161523046269474e-01,-1.974242042849849721e-01,3.209457709703024131e-01,-3.301946277900560944e-01,1.821169511426519172e-01,-7.259607049637648579e-01,-2.968006146374564391e-01,-1.336861916055380461e-01,4.147659086830957631e-01,6.630464092580112823e-03,1.811683280669737217e-01,-2.318272508221962125e-01,0.000000000000000000e+00,0.000000000000000000e+00,0.000000000000000000e+00,0.000000000000000000e+00,0.000000000000000000e+00,0.000000000000000000e+00,0.000000000000000000e+00,0.000000000000000000e+00,0.000000000000000000e+00,0.000000000000000000e+00,0.000000000000000000e+00,0.000000000000000000e+00,0.000000000000000000e+00,0.000000000000000000e+00,0.000000000000000000e+00,0.000000000000000000e+00
2.837555072908465537e+00,2.298472844111129731e+01,9.343474965507275742e-01,4.100764095745250415e-02,4.387703721520049699e-02,7.214801522931687527e-01,6.898257525167837967e-01,-2.953675127253398147e-02,-3.152684066062712565e-01,-2.091689601289769551e-01,3.372398169362981757e-01,-3.733494844509562816e-01,1.712155038477478908e-01,-7.578775877186145760e-01,-2.761506591596495364e-01,-1.193943541646901862e-01,2.760925984277527445e-01,1.673339420255035015e-03,2.211388833848390023e-01,-2.372370114081217285e-01,0.000000000000000000e+00,0.000000000000000000e+00,0.000000000000000000e+00,0.000000000000000000e+00,0.000000000000000000e+00,0.000000000000000000e+00,0.000000000000000000e+00,0.000000000000000000e+00,0.000000000000000000e+00,0.000000000000000000e+00,0.000000000000000000e+00,0.000000000000000000e+00,0.000000000000000000e+00,0.000000000000000000e+00,0.000000000000000000e+00,0.000000000000000000e+00
2.844288976051968287e+00,2.302156056265414819e+01,9.232292033098988826e-01,3.938876256969504885e-02,5.170808899889983712e-02,7.175186809702632784e-01,6.934996332904611593e-01,-1.086587009111535107e-02,-3.232238764650785523e-01,-2.220016709134768340e-01,3.711231185721134973e-01,-4.214840739719433738e-01,1.629667649332498247e-01,-7.781464525238149799e-01,-2.563804988113402850e-01,-1.077525978576018700e-01,1.882956774166051339e-01,7.060036927448644362e-03,2.430100699600958591e-01,-2.336117314746010420e-01,0.000000000000000000e+00,0.000000000000000000e+00,0.000000000000000000e+00,0.000000000000000000e+00,0.000000000000000000e+00,0.000000000000000000e+00,0.000000000000000000e+00,0.000000000000000000e+00,0.000000000000000000e+00,0.000000000000000000e+00,0.000000000000000000e+00,0.000000000000000000e+00,0.000000000000000000e+00,0.000000000000000000e+00,0.000000000000000000e+00,0.000000000000000000e+00
2.851543711555629912e+00,2.306002536515423529e+01,9.086094655267528131e-01,4.111002200147315100e-02,5.581794561854808157e-02,7.197015029360654959e-01,6.908140630513627256e-01,6.558401490145700230e-03,-3.376568756359006884e-01,-2.514556971851106271e-01,4.501137050012542495e-01,-4.797887125665107888e-01,1.608907804931352381e-01,-7.873844719208852316e-01,-2.505233173346806952e-01,-8.523453360920134336e-02,1.829229375315433725e-01,1.673287728934916285e-02,2.500669489606798246e-01,-2.412814934846318204e-01,0.000000000000000000e+00,0.000000000000000000e+00,0.000000000000000000e+00,0.000000000000000000e+00,0.000000000000000000e+00,0.000000000000000000e+00,0.000000000000000000e+00,0.000000000000000000e+00,0.000000000000000000e+00,0.000000000000000000e+00,0.000000000000000000e+00,0.000000000000000000e+00,0.000000000000000000e+00,0.000000000000000000e+00,0.000000000000000000e+00,0.000000000000000000e+00
2.858599968686624138e+00,2.309935700849269580e+01,8.922841547352109437e-01,4.237680701684569395e-02,5.494021751929176189e-02,7.256868622706601490e-01,6.845176087243882712e-01,3.628760409559442929e-02,-3.370565097684384837e-01,-2.702776189480320945e-01,5.286153612523287748e-01,-5.242875070712634811e-01,1.582990727088135208e-01,-7.803250493488624873e-01,-2.426539561788418065e-01,-6.786552911899414176e-02,2.405212752459529590e-01,1.772973938915186481e-02,2.363733777492204868e-01,-2.555821393697459976e-01,0.000000000000000000e+00,0.000000000000000000e+00,0.000000000000000000e+00,0.000000000000000000e+00,0.000000000000000000e+00,0.000000000000000000e+00,0.000000000000000000e+00,0.000000000000000000e+00,0.000000000000000000e+00,0.000000000000000000e+00,0.000000000000000000e+00,0.000000000000000000e+00,0.000000000000000000e+00,0.000000000000000000e+00,0.000000000000000000e+00,0.000000000000000000e+00
2.865448847383429865e+00,2.313778902009713079e+01,8.764719169257575437e-01,3.923981918547380515e-02,4.904279178542383932e-02,7.357826364823640830e-01,6.742988603099111522e-01,6.634869406362177424e-02,-3.141155224519445732e-01,-2.920795624370386978e-01,5.914211360334418188e-01,-4.997181920268024546e-01,1.335357999862272493e-01,-7.636885775512126662e-01,-2.344817466819606455e-01,-7.900954782516055042e-02,3.136376883183359943e-01,3.622053215531366444e-02,2.096903572120725479e-01,-2.753277780989715207e-01,0.000000000000000000e+00,0.000000000000000000e+00,0.000000000000000000e+00,0.000000000000000000e+00,0.000000000000000000e+00,0.000000000000000000e+00,0.000000000000000000e+00,0.000000000000000000e+00,0.000000000000000000e+00,0.000000000000000000e+00,0.000000000000000000e+00,0.000000000000000000e+00,0.000000000000000000e+00,0.000000000000000000e+00,0.000000000000000000e+00,0.000000000000000000e+00
2.871847253530260158e+00,2.317347661761904476e+01,8.665025156683483498e-01,2.271417058350534007e-02,3.802279005176910365e-02,7.429155871143064971e-01,6.679182317574424710e-01,8.865344767687888261e-02,-2.627581201976553760e-01,-3.114857427068971063e-01,6.085279386258256595e-01,-3.538475108376248901e-01,7.620467335686655075e-02,-7.543379591099913517e-01,-2.040894409582290903e-01,-9.589064522555526549e-02,3.824152211622227626e-01,4.533013720769205057e-02,1.694543624472392984e-01,-2.871055965914066643e-01,0.000000000000000000e+00,0.000000000000000000e+00,0.000000000000000000e+00,0.000000000000000000e+00,0.000000000000000000e+00,0.000000000000000000e+00,0.000000000000000000e+00,0.000000000000000000e+00,0.000000000000000000e+00,0.000000000000000000e+00,0.000000000000000000e+00,0.000000000000000000e+00,0.000000000000000000e+00,0.000000000000000000e+00,0.000000000000000000e+00,0.000000000000000000e+00
2.877694163534273208e+00,2.320644368480822806e+01,8.598145234634110290e-01,1.478644206690431576e-03,2.507595018272477938e-02,7.460314741131144345e-01,6.654367362615002390e-01,9.973034842853276127e-02,-2.072202920574841012e-01,-3.295057978437262447e-01,6.150862812255224465e-01,-1.597722920106756650e-01,1.564096673873163063e-02,-7.530719099027075591e-01,-1.670417590941042918e-01,-1.268317815637614865e-01,4.642443004355995551e-01,3.942710743290286923e-02,1.084199863922039458e-01,-2.882640899399783185e-01,0.000000000000000000e+00,0.000000000000000000e+00,0.000000000000000000e+00,0.000000000000000000e+00,0.000000000000000000e+00,0.000000000000000000e+00,0.000000000000000000e+00,0.000000000000000000e+00,0.000000000000000000e+00,0.000000000000000000e+00,0.000000000000000000e+00,0.000000000000000000e+00,0.000000000000000000e+00,0.000000000000000000e+00,0.000000000000000000e+00,0.000000000000000000e+00
2.883458215990287510e+00,2.323715059527440374e+01,8.571286365521233463e-01,-1.599148210587239202e-02,1.303367701403967960e-02,7.440469468679382636e-01,6.678087575197342307e-01,8.852870554186365037e-02,-1.537243015504974053e-01,-3.154125486351866403e-01,6.398803751814559071e-01,2.855614136909861295e-02,-4.010289580929744802e-02,-7.546137026687889104e-01,-1.370235866040500905e-01,-1.676066137731862526e-01,5.432582894788622330e-01,1.472023206852324934e-02,4.709012539816688492e-02,-2.773229106974363090e-01,0.000000000000000000e+00,0.000000000000000000e+00,0.000000000000000000e+00,0.000000000000000000e+00,0.000000000000000000e+00,0.000000000000000000e+00,0.000000000000000000e+00,0.000000000000000000e+00,0.000000000000000000e+00,0.000000000000000000e+00,0.000000000000000000e+00,0.000000000000000000e+00,0.000000000000000000e+00,0.000000000000000000e+00,0.000000000000000000e+00,0.000000000000000000e+00
2.889073951533235096e+00,2.326657724815967754e+01,8.590360877798491890e-01,-2.484860038137627625e-02,5.901307738369393138e-03,7.376622619046601104e-01,6.746866746777833157e-01,4.783139918378559452e-02,-1.148823428142743130e-01,-2.746410756952515353e-01,6.975865533172509458e-01,1.719183730109946628e-01,-6.816329203157731054e-02,-7.462480092781296204e-01,-1.097636943341468163e-01,-1.792702558000209556e-01,5.983220016278441022e-01,-1.629400080121420208e-02,-9.793851005203534771e-04,-2.578856009042308495e-01,0.000000000000000000e+00,0.000000000000000000e+00,0.000000000000000000e+00,0.000000000000000000e+00,0.000000000000000000e+00,0.000000000000000000e+00,0.000000000000000000e+00,0.000000000000000000e+00,0.000000000000000000e+00,0.000000000000000000e+00,0.000000000000000000e+00,0.000000000000000000e+00,0.000000000000000000e+00,0.000000000000000000e+00,0.000000000000000000e+00,0.000000000000000000e+00
2.894946577100423024e+00,2.329503336847524508e+01,8.645315036829509525e-01,-2.529980861495955899e-02,3.175703521578799454e-03,7.293023234558266843e-01,6.837162829662042363e-01,-1.816464425838014429e-02,-8.716748716825262200e-02,-2.119607877708617749e-01,7.725801601781605576e-01,2.533387640701301735e-01,-6.733552825448343992e-02,-7.195064844243301838e-01,-8.446100287730792799e-02,-1.687713390341817887e-01,6.175665251153621416e-01,-4.775944446703268842e-02,-2.601939339896897074e-02,-2.250553529107432726e-01,0.000000000000000000e+00,0.000000000000000000e+00,0.000000000000000000e+00,0.000000000000000000e+00,0.000000000000000000e+00,0.000000000000000000e+00,0.000000000000000000e+00,0.000000000000000000e+00,0.000000000000000000e+00,0.000000000000000000e+00,0.000000000000000000e+00,0.000000000000000000e+00,0.000000000000000000e+00,0.000000000000000000e+00,0.000000000000000000e+00,0.000000000000000000e+00
2.901344398884101228e+00,2.332244684307838156e+01,8.742620473692219729e-01,-1.861893359064723669e-02,6.271667560548517192e-03,7.161532307656480745e-01,6.976665045434544687e-01,-1.109081869354665295e-01,-6.343497572905310022e-02,-1.352788331839031299e-01,8.639579509343441321e-01,2.458911384875105410e-01,-3.403663136607893575e-02,-6.784614840425294835e-01,-6.507513508939000157e-02,-1.403590248711737432e-01,6.065395782749845033e-01,-7.331977561752814343e-02,-3.155061392899589229e-02,-1.832075081192633126e-01,0.000000000000000000e+00,0.000000000000000000e+00,0.000000000000000000e+00,0.000000000000000000e+00,0.000000000000000000e+00,0.000000000000000000e+00,0.000000000000000000e+00,0.000000000000000000e+00,0.000000000000000000e+00,0.000000000000000000e+00,0.000000000000000000e+00,0.000000000000000000e+00,0.000000000000000000e+00,0.000000000000000000e+00,0.000000000000000000e+00,0.000000000000000000e+00
2.907628402889976371e+00,2.334817881754895907e+01,8.829169478695038098e-01,-1.150569989309367658e-02,5.912983338303185940e-03,7.038321967205950491e-01,7.102484736748632121e-01,-2.155523742083550465e-01,-2.898394869767940280e-02,-5.174298675059905289e-02,9.422104490361088436e-01,1.890436219775936677e-01,1.331043270410904936e-02,-6.291129326416564638e-01,-4.290026092890943804e-02,-1.070400278935022265e-01,5.881384888161916846e-01,-9.485080918862071053e-02,-2.511400846690257233e-02,-1.327060226188078451e-01,0.000000000000000000e+00,0.000000000000000000e+00,0.000000000000000000e+00,0.000000000000000000e+00,0.000000000000000000e+00,0.000000000000000000e+00,0.000000000000000000e+00,0.000000000000000000e+00,0.000000000000000000e+00,0.000000000000000000e+00,0.000000000000000000e+00,0.000000000000000000e+00,0.000000000000000000e+00,0.000000000000000000e+00,0.000000000000000000e+00,0.000000000000000000e+00
2.913802846619240494e+00,2.337246578887941695e+01,8.916149832788123897e-01,-4.763296241625733507e-03,5.546853505840287218e-03,6.912997397472357974e-01,7.225311157663064643e-01,-3.158740053884934174e-01,2.688016820704030446e-03,6.936312374673056502e-03,9.950672518719816395e-01,1.135530751625676710e-01,4.913178449022451155e-02,-5.747309866336739459e-01,-2.215744491099617616e-02,-7.245776765607890579e-02,5.551448788065622697e-01,-1.079584289978403333e-01,-2.003117556672686511e-02,-8.452933019801195380e-02,0.000000000000000000e+00,0.000000000000000000e+00,0.000000000000000000e+00,0.000000000000000000e+00,0.000000000000000000e+00,0.000000000000000000e+00,0.000000000000000000e+00,0.000000000000000000e+00,0.000000000000000000e+00,0.000000000000000000e+00,0.000000000000000000e+00,0.000000000000000000e+00,0.000000000000000000e+00,0.000000000000000000e+00,0.000000000000000000e+00,0.000000000000000000e+00
2.919255193264993054e+00,2.339510600277548491e+01,8.984815841451315732e-01,1.667846292836477895e-03,3.578467145710514941e-03,6.769098641701476460e-01,7.360553298840946113e-01,-3.976847814752676458e-01,3.111812389045029437e-02,4.223098469956181045e-02,1.001185394703397069e+00,5.571608471137424329e-02,7.085667585767331522e-02,-5.201193246754558519e-01,-3.148963618224455419e-03,-4.087135015696072987e-02,5.190088765656049041e-01,-1.145810624317617765e-01,-1.347104154890586131e-02,-3.964262442346656867e-02,0.000000000000000000e+00,0.000000000000000000e+00,0.000000000000000000e+00,0.000000000000000000e+00,0.000000000000000000e+00,0.000000000000000000e+00,0.000000000000000000e+00,0.000000000000000000e+00,0.000000000000000000e+00,0.000000000000000000e+00,0.000000000000000000e+00,0.000000000000000000e+00,0.000000000000000000e+00,0.000000000000000000e+00,0.000000000000000000e+00,0.000000000000000000e+00
2.924204883140276934e+00,2.341729554499604760e+01,9.047773176964941655e-01,5.320864551296464878e-03,3.418245598235247242e-03,6.621100137528804774e-01,7.493799661624389596e-01,-4.627666319420234431e-01,5.099819303321116715e-02,6.718850970843238957e-02,9.607492044860989067e-01,-3.840416603238708260e-03,7.967688969745458094e-02,-4.684047065097312057e-01,1.094488234414838640e-02,-1.480868981217247499e-02,4.732415848195400399e-01,-1.103083508940611301e-01,-3.200075785290074429e-04,4.972461110459692676e-03,0.000000000000000000e+00,0.000000000000000000e+00,0.000000000000000000e+00,0.000000000000000000e+00,0.000000000000000000e+00,0.000000000000000000e+00,0.000000000000000000e+00,0.000000000000000000e+00,0.000000000000000000e+00,0.000000000000000000e+00,0.000000000000000000e+00,0.000000000000000000e+00,0.000000000000000000e+00,0.000000000000000000e+00,0.000000000000000000e+00,0.000000000000000000e+00
2.928144362140118417e+00,2.343888452272717160e+01,9.087120117387694762e-01,6.521735012638800455e-03,1.678697401600845289e-03,6.461427293841688346e-01,7.631868855080228276e-01,-5.143540035996017057e-01,6.032137336437647795e-02,7.134334306823679472e-02,8.781907373035869879e-01,-5.156942377377504716e-02,7.343914277027256687e-02,-4.225140840646079976e-01,2.768867644952111018e-02,1.289839174385367521e-02,4.339609758911431303e-01,-1.070441020819089817e-01,1.138445905811757281e-02,4.161803928123989499e-02,0.000000000000000000e+00,0.000000000000000000e+00,0.000000000000000000e+00,0.000000000000000000e+00,0.000000000000000000e+00,0.000000000000000000e+00,0.000000000000000000e+00,0.000000000000000000e+00,0.000000000000000000e+00,0.000000000000000000e+00,0.000000000000000000e+00,0.000000000000000000e+00,0.000000000000000000e+00,0.000000000000000000e+00,0.000000000000000000e+00,0.000000000000000000e+00
2.931502978542356974e+00,2.346027500891414519e+01,9.108869217385824335e-01,5.560514518001942463e-03,-5.072108403815413918e-05,6.343557435895689212e-01,7.730212601737366240e-01,-5.482097897711402101e-01,6.884525508580555120e-02,7.218851124475937631e-02,7.826431286996120562e-01,-8.481256950553778262e-02,6.627508549534372184e-02,-3.869853741419218007e-01,4.304411472349713164e-02,3.958481589071814050e-02,4.131930796940038175e-01,-1.134396809639628967e-01,2.017354665326763843e-02,7.044149614302219753e-02,0.000000000000000000e+00,0.000000000000000000e+00,0.000000000000000000e+00,0.000000000000000000e+00,0.000000000000000000e+00,0.000000000000000000e+00,0.000000000000000000e+00,0.000000000000000000e+00,0.000000000000000000e+00,0.000000000000000000e+00,0.000000000000000000e+00,0.000000000000000000e+00,0.000000000000000000e+00,0.000000000000000000e+00,0.000000000000000000e+00,0.000000000000000000e+00
2.934167852299640611e+00,2.348168807174417339e+01,9.118661717027096714e-01,7.212821063713042991e-05,-1.334745563987043294e-03,6.238266789548992941e-01,7.815615701119786873e-01,-5.746558322369744731e-01,7.473766433520523389e-02,7.081460374737200136e-02,6.864570419126483358e-01,-1.048714855597943085e-01,5.349667089152443378e-02,-3.567021122530890098e-01,6.189754136533415219e-02,6.396673730177321326e-02,3.906128682044147649e-01,-1.243326361757677578e-01,2.700073031836186521e-02,9.130766088505740119e-02,0.000000000000000000e+00,0.000000000000000000e+00,0.000000000000000000e+00,0.000000000000000000e+00,0.000000000000000000e+00,0.000000000000000000e+00,0.000000000000000000e+00,0.000000000000000000e+00,0.000000000000000000e+00,0.000000000000000000e+00,0.000000000000000000e+00,0.000000000000000000e+00,0.000000000000000000e+00,0.000000000000000000e+00,0.000000000000000000e+00,0.000000000000000000e+00
2.936515160664798341e+00,2.350276901804630469e+01,9.118858042700684896e-01,-4.935782037928502022e-03,-3.120276794143240270e-03,6.167643617396606492e-01,7.871261804922200511e-01,-5.931833086577342762e-01,7.996687037453673041e-02,7.547829541007904097e-02,5.883085942077898034e-01,-1.159599197853509039e-01,4.009144631220169785e-02,-3.299382561081074527e-01,7.525117150761043150e-02,7.699165226679063889e-02,3.815237746236955774e-01,-1.437138961629523259e-01,3.054220337299027102e-02,1.024539674247924859e-01,0.000000000000000000e+00,0.000000000000000000e+00,0.000000000000000000e+00,0.000000000000000000e+00,0.000000000000000000e+00,0.000000000000000000e+00,0.000000000000000000e+00,0.000000000000000000e+00,0.000000000000000000e+00,0.000000000000000000e+00,0.000000000000000000e+00,0.000000000000000000e+00,0.000000000000000000e+00,0.000000000000000000e+00,0.000000000000000000e+00,0.000000000000000000e+00
2.938749475703568148e+00,2.352361159287661607e+01,9.114444507799392969e-01,-1.009590251616627327e-02,-4.523705099402696404e-03,6.106772553799039160e-01,7.918023103061931911e-01,-6.061650801785067877e-01,8.083177139416583556e-02,6.573411943313711703e-02,5.078146068497053633e-01,-1.149141166803892417e-01,2.940211942152829230e-02,-3.036181712476123118e-01,8.822003478118567443e-02,9.376580625709143857e-02,3.710469360410434403e-01,-1.610997401138827556e-01,3.122095780957158742e-02,1.105182511092785980e-01,0.000000000000000000e+00,0.000000000000000000e+00,0.000000000000000000e+00,0.000000000000000000e+00,0.000000000000000000e+00,0.000000000000000000e+00,0.000000000000000000e+00,0.000000000000000000e+00,0.000000000000000000e+00,0.000000000000000000e+00,0.000000000000000000e+00,0.000000000000000000e+00,0.000000000000000000e+00,0.000000000000000000e+00,0.000000000000000000e+00,0.000000000000000000e+00
2.941167145353203782e+00,2.354377945886333379e+01,9.105153620137562687e-01,-1.445808525931700436e-02,-3.997216372005524959e-03,6.053954862301826889e-01,7.957834449673037991e-01,-6.152592916011772051e-01,7.520346904500282981e-02,3.983898774590870911e-02,4.378464860913853229e-01,-1.164778248292866747e-01,2.207377708322048535e-02,-2.859513924609858870e-01,9.688872371698604991e-02,1.091605439415487683e-01,3.742077653881838994e-01,-1.894736907553336014e-01,2.902974771403848270e-02,1.150631479351592185e-01,0.000000000000000000e+00,0.000000000000000000e+00,0.000000000000000000e+00,0.000000000000000000e+00,0.000000000000000000e+00,0.000000000000000000e+00,0.000000000000000000e+00,0.000000000000000000e+00,0.000000000000000000e+00,0.000000000000000000e+00,0.000000000000000000e+00,0.000000000000000000e+00,0.000000000000000000e+00,0.000000000000000000e+00,0.000000000000000000e+00,0.000000000000000000e+00
2.943699991145813488e+00,2.356316370759649459e+01,9.091761250424433838e-01,-1.628488610073149101e-02,-4.477087864482239520e-03,6.005348005308785986e-01,7.994202346202384790e-01,-6.125713780449791868e-01,7.028478782685521065e-02,9.895348718275950861e-03,3.891765435282475982e-01,-1.106689072046462413e-01,2.130021033695766314e-02,-2.680451690534301767e-01,1.015776553826442385e-01,1.210369804189231208e-01,3.858762025778910143e-01,-2.172040650517117755e-01,2.540006607486913065e-02,1.165544744808164196e-01,0.000000000000000000e+00,0.000000000000000000e+00,0.000000000000000000e+00,0.000000000000000000e+00,0.000000000000000000e+00,0.000000000000000000e+00,0.000000000000000000e+00,0.000000000000000000e+00,0.000000000000000000e+00,0.000000000000000000e+00,0.000000000000000000e+00,0.000000000000000000e+00,0.000000000000000000e+00,0.000000000000000000e+00,0.000000000000000000e+00,0.000000000000000000e+00
2.946199293904148142e+00,2.358197401890727818e+01,9.071089329848985860e-01,-1.893225268519294763e-02,-5.882871158588834359e-03,5.957352434913499861e-01,8.029361626539789354e-01,-6.061850625340337029e-01,7.399911337271701528e-02,-3.126049731406004006e-03,3.714297432725878201e-01,-1.078669441181145938e-01,2.298092955395451831e-02,-2.500686252923625674e-01,1.073546048883477766e-01,1.281013363065275357e-01,3.968863432945972658e-01,-2.433235481129102373e-01,2.242755770889600861e-02,1.209503646696717255e-01,0.000000000000000000e+00,0.000000000000000000e+00,0.000000000000000000e+00,0.000000000000000000e+00,0.000000000000000000e+00,0.000000000000000000e+00,0.000000000000000000e+00,0.000000000000000000e+00,0.000000000000000000e+00,0.000000000000000000e+00,0.000000000000000000e+00,0.000000000000000000e+00,0.000000000000000000e+00,0.000000000000000000e+00,0.000000000000000000e+00,0.000000000000000000e+00
2.948536632450481587e+00,2.360007792926505488e+01,9.046777636418387170e-01,-2.016220614275249928e-02,-8.796686816707732434e-03,5.927619562620747296e-01,8.050772428486993038e-01,-5.930018382761419460e-01,8.045057563778580667e-02,-8.357552210981819552e-04,3.817639205515891421e-01,-1.121979985128090246e-01,2.900677303422796380e-02,-2.300350527810485213e-01,1.110691543163181971e-01,1.307583056147119116e-01,4.115535511020771975e-01,-2.654776092007506416e-01,2.326610903011441453e-02,1.214390557370470108e-01,0.000000000000000000e+00,0.000000000000000000e+00,0.000000000000000000e+00,0.000000000000000000e+00,0.000000000000000000e+00,0.000000000000000000e+00,0.000000000000000000e+00,0.000000000000000000e+00,0.000000000000000000e+00,0.000000000000000000e+00,0.000000000000000000e+00,0.000000000000000000e+00,0.000000000000000000e+00,0.000000000000000000e+00,0.000000000000000000e+00,0.000000000000000000e+00
2.950826208090942870e+00,2.361739923724397272e+01,9.022986544836598677e-01,-2.037073747291265335e-02,-9.083547278068976674e-03,5.910115557959155774e-01,8.063546757719880498e-01,-5.857112213476010076e-01,8.643024913098396045e-02,1.267712931555179529e-02,4.092131194215538059e-01,-1.238818903275343830e-01,4.039785443973450962e-02,-2.190640947169368857e-01,1.101403622687153611e-01,1.331886797762921459e-01,4.363495655218581071e-01,-2.858506466942135060e-01,2.128649385708126368e-02,1.204866673922304066e-01,0.000000000000000000e+00,0.000000000000000000e+00,0.000000000000000000e+00,0.000000000000000000e+00,0.000000000000000000e+00,0.000000000000000000e+00,0.000000000000000000e+00,0.000000000000000000e+00,0.000000000000000000e+00,0.000000000000000000e+00,0.000000000000000000e+00,0.000000000000000000e+00,0.000000000000000000e+00,0.000000000000000000e+00,0.000000000000000000e+00,0.000000000000000000e+00
2.952726802601577383e+00,2.363375543565880577e+01,9.012104700712476602e-01,-1.816048988083442464e-02,-6.390267037335722010e-03,5.908143422007058332e-01,8.065778165461946481e-01,-5.795662242677465104e-01,8.101546960482644555e-02,2.807168888782293759e-02,4.389596499060508528e-01,-1.464687805960082079e-01,5.325621799933283329e-02,-2.090217085915997419e-01,9.838502738062983310e-02,1.329367502843632476e-01,4.532585866205648961e-01,-2.853761182641915140e-01,2.684025718665390692e-02,1.171179222455082103e-01,0.000000000000000000e+00,0.000000000000000000e+00,0.000000000000000000e+00,0.000000000000000000e+00,0.000000000000000000e+00,0.000000000000000000e+00,0.000000000000000000e+00,0.000000000000000000e+00,0.000000000000000000e+00,0.000000000000000000e+00,0.000000000000000000e+00,0.000000000000000000e+00,0.000000000000000000e+00,0.000000000000000000e+00,0.000000000000000000e+00,0.000000000000000000e+00
2.954286322613854043e+00,2.364919266655886432e+01,9.008072025617657186e-01,-1.399439824682308098e-02,-3.152552771218111380e-04,5.934257540991365598e-01,8.047670046688611967e-01,-5.767034543839559824e-01,6.286711063271512023e-02,4.021782512773396795e-02,4.632184451948372361e-01,-1.709282720707470671e-01,6.536557513535508346e-02,-2.058079587828401114e-01,7.501429229066620963e-02,1.212501326643915522e-01,4.729202766750227882e-01,-2.692955551098247247e-01,3.517389304646700160e-02,1.143092374733834793e-01,0.000000000000000000e+00,0.000000000000000000e+00,0.000000000000000000e+00,0.000000000000000000e+00,0.000000000000000000e+00,0.000000000000000000e+00,0.000000000000000000e+00,0.000000000000000000e+00,0.000000000000000000e+00,0.000000000000000000e+00,0.000000000000000000e+00,0.000000000000000000e+00,0.000000000000000000e+00,0.000000000000000000e+00,0.000000000000000000e+00,0.000000000000000000e+00
2.955318349669937117e+00,2.366383085246512152e+01,9.005435696297199311e-01,-8.185933740724848917e-03,7.344523962240780482e-03,5.985183555588523552e-01,8.010335988681671626e-01,-5.699331404662650868e-01,3.376694215361722429e-02,4.488169983242703415e-02,4.719179503195501391e-01,-1.824162388819263736e-01,7.652006683987987168e-02,-2.043565209919656622e-01,4.721082388671890562e-02,1.135880714211772724e-01,4.906717148932036587e-01,-2.330491606948601468e-01,4.893158126831251287e-02,1.103058587041739341e-01,0.000000000000000000e+00,0.000000000000000000e+00,0.000000000000000000e+00,0.000000000000000000e+00,0.000000000000000000e+00,0.000000000000000000e+00,0.000000000000000000e+00,0.000000000000000000e+00,0.000000000000000000e+00,0.000000000000000000e+00,0.000000000000000000e+00,0.000000000000000000e+00,0.000000000000000000e+00,0.000000000000000000e+00,0.000000000000000000e+00,0.000000000000000000e+00
2.955572939266443822e+00,2.367783239578222521e+01,9.005347691524067111e-01,-2.136106441062305197e-03,1.632812181090156217e-02,6.043419797562543661e-01,7.965548323823614663e-01,-5.593839727754137403e-01,-1.973927767862520416e-03,4.239678858159990488e-02,4.651247361579068929e-01,-1.858079263571696393e-01,8.927642081255561524e-02,-2.011852134086847821e-01,1.905772819807871957e-02,1.167225709926732746e-01,4.989782082097584115e-01,-1.810272022180046125e-01,7.112208709021691777e-02,1.041234252903264768e-01,0.000000000000000000e+00,0.000000000000000000e+00,0.000000000000000000e+00,0.000000000000000000e+00,0.000000000000000000e+00,0.000000000000000000e+00,0.000000000000000000e+00,0.000000000000000000e+00,0.000000000000000000e+00,0.000000000000000000e+00,0.000000000000000000e+00,0.000000000000000000e+00,0.000000000000000000e+00,0.000000000000000000e+00,0.000000000000000000e+00,0.000000000000000000e+00
2.954958814174383441e+00,2.369104736498449881e+01,9.001952019802151872e-01,3.077868201040528939e-03,2.596525597437574634e-02,6.093568005303623414e-01,7.924649026025838428e-01,-5.516443115507890793e-01,-3.622854258822573448e-02,4.330575396413195721e-02,4.574641732643036640e-01,-1.887276396478254348e-01,1.052779683192515692e-01,-2.009013216365557741e-01,-1.326844293592329381e-02,1.173143811152015520e-01,5.063982481998262619e-01,-1.150682389949368167e-01,1.037119003641365639e-01,9.724782016933260220e-02,0.000000000000000000e+00,0.000000000000000000e+00,0.000000000000000000e+00,0.000000000000000000e+00,0.000000000000000000e+00,0.000000000000000000e+00,0.000000000000000000e+00,0.000000000000000000e+00,0.000000000000000000e+00,0.000000000000000000e+00,0.000000000000000000e+00,0.000000000000000000e+00,0.000000000000000000e+00,0.000000000000000000e+00,0.000000000000000000e+00,0.000000000000000000e+00
2.953580935521526118e+00,2.370346903747915235e+01,9.004358008373464228e-01,7.150763772646518898e-03,3.407529420091926636e-02,6.124323288944732990e-01,7.897559011666076545e-01,-5.395856957743201399e-01,-6.462533850275738179e-02,4.683210023875018779e-02,4.430193115922290148e-01,-1.910676145097296164e-01,1.213532446681642035e-01,-2.024050186522178829e-01,-5.786806559488513052e-02,9.843151389429471987e-02,5.125940015830691143e-01,-4.439803398641800625e-02,1.322477284701306099e-01,9.007604784505425510e-02,0.000000000000000000e+00,0.000000000000000000e+00,0.000000000000000000e+00,0.000000000000000000e+00,0.000000000000000000e+00,0.000000000000000000e+00,0.000000000000000000e+00,0.000000000000000000e+00,0.000000000000000000e+00,0.000000000000000000e+00,0.000000000000000000e+00,0.000000000000000000e+00,0.000000000000000000e+00,0.000000000000000000e+00,0.000000000000000000e+00,0.000000000000000000e+00
2.951839911558538532e+00,2.371531096513576031e+01,9.013439861001401043e-01,7.659672092997050347e-03,4.010224338118255349e-02,6.159754733772504487e-01,7.867066516160244882e-01,-5.288592102548401730e-01,-8.568170131213731500e-02,4.245895259738581562e-02,4.268011489078233911e-01,-1.932841903495805258e-01,1.347532817162353236e-01,-2.147389889361422388e-01,-9.840149910353764018e-02,7.006722350663364962e-02,5.279536437836630514e-01,-4.639589502483387751e-03,1.407227615238903495e-01,8.200271654747631755e-02,0.000000000000000000e+00,0.000000000000000000e+00,0.000000000000000000e+00,0.000000000000000000e+00,0.000000000000000000e+00,0.000000000000000000e+00,0.000000000000000000e+00,0.000000000000000000e+00,0.000000000000000000e+00,0.000000000000000000e+00,0.000000000000000000e+00,0.000000000000000000e+00,0.000000000000000000e+00,0.000000000000000000e+00,0.000000000000000000e+00,0.000000000000000000e+00
2.949943347442836039e+00,2.372640086875121668e+01,9.026862008243852209e-01,7.174042851250847855e-03,4.444955932906706486e-02,6.200327306389971094e-01,7.832829518896535781e-01,-5.154837136530255881e-01,-1.029744973388602575e-01,3.423575018685014182e-02,4.064214329542124582e-01,-1.909842405161490675e-01,1.425607793307779314e-01,-2.252178891326915289e-01,-1.275067144890933979e-01,4.758177918554439001e-02,5.326870596856270179e-01,2.234650216345931972e-02,1.470128699906196879e-01,7.308510042192685463e-02,0.000000000000000000e+00,0.000000000000000000e+00,0.000000000000000000e+00,0.000000000000000000e+00,0.000000000000000000e+00,0.000000000000000000e+00,0.000000000000000000e+00,0.000000000000000000e+00,0.000000000000000000e+00,0.000000000000000000e+00,0.000000000000000000e+00,0.000000000000000000e+00,0.000000000000000000e+00,0.000000000000000000e+00,0.000000000000000000e+00,0.000000000000000000e+00
2.948241792057743726e+00,2.373665094186107538e+01,9.039353796817021225e-01,5.994825777457486043e-03,4.771506017375388292e-02,6.241330679970601425e-01,7.798366806768520787e-01,-5.049316252527231708e-01,-1.169613138332772084e-01,2.361825936286495592e-02,3.918071176970187586e-01,-1.880178418717826927e-01,1.483321396604548870e-01,-2.381742191064330771e-01,-1.482715180311394987e-01,3.031291022358869464e-02,5.396759617384822016e-01,3.757806240192937408e-02,1.489352581858360280e-01,6.260998918680203695e-02,0.000000000000000000e+00,0.000000000000000000e+00,0.000000000000000000e+00,0.000000000000000000e+00,0.000000000000000000e+00,0.000000000000000000e+00,0.000000000000000000e+00,0.000000000000000000e+00,0.000000000000000000e+00,0.000000000000000000e+00,0.000000000000000000e+00,0.000000000000000000e+00,0.000000000000000000e+00,0.000000000000000000e+00,0.000000000000000000e+00,0.000000000000000000e+00
2.946869442755463364e+00,2.374595122026144978e+01,9.055768540451926141e-01,4.456881383810765498e-03,4.838058111930364918e-02,6.281319898611432695e-01,7.765884746067057698e-01,-4.907320701414374930e-01,-1.253378228316714693e-01,1.155734590704760728e-02,3.770365313417897157e-01,-1.867606444217569661e-01,1.509843478727084520e-01,-2.574515406630171754e-01,-1.602664204684713101e-01,1.672742096051411942e-02,5.502844263508470668e-01,3.191228277666605107e-02,1.419767379565565757e-01,4.907278329195838285e-02,0.000000000000000000e+00,0.000000000000000000e+00,0.000000000000000000e+00,0.000000000000000000e+00,0.000000000000000000e+00,0.000000000000000000e+00,0.000000000000000000e+00,0.000000000000000000e+00,0.000000000000000000e+00,0.000000000000000000e+00,0.000000000000000000e+00,0.000000000000000000e+00,0.000000000000000000e+00,0.000000000000000000e+00,0.000000000000000000e+00,0.000000000000000000e+00
2.946078279677513567e+00,2.375432991260841575e+01,9.073606016288512377e-01,2.897297628299105518e-03,4.802805032697812782e-02,6.322165922738540722e-01,7.732962514469328141e-01,-4.741594006715325049e-01,-1.313893608514944689e-01,-4.449037426274726759e-03,3.583107686622578059e-01,-1.788978645144932988e-01,1.490611458955760915e-01,-2.759622079835027941e-01,-1.651664221453676973e-01,4.646787537528285217e-03,5.543825396108987835e-01,9.771124643269221699e-03,1.321926576020028554e-01,3.290508196346836334e-02,0.000000000000000000e+00,0.000000000000000000e+00,0.000000000000000000e+00,0.000000000000000000e+00,0.000000000000000000e+00,0.000000000000000000e+00,0.000000000000000000e+00,0.000000000000000000e+00,0.000000000000000000e+00,0.000000000000000000e+00,0.000000000000000000e+00,0.000000000000000000e+00,0.000000000000000000e+00,0.000000000000000000e+00,0.000000000000000000e+00,0.000000000000000000e+00
2.945748953404021542e+00,2.376171091445704420e+01,9.092135117226896046e-01,-2.254338219375862790e-04,4.712006225568534518e-02,6.354236711559457795e-01,7.707245987039162971e-01,-4.628643505591752971e-01,-1.317687891524040866e-01,-1.845031591629803236e-02,3.468413565164987222e-01,-1.755711281810813651e-01,1.504806918656668713e-01,-2.953792551381013154e-01,-1.658709307146120082e-01,-6.694514323158769209e-03,5.521760635087338276e-01,-2.009541655557810225e-02,1.203932639274542943e-01,2.159426520980683301e-02,0.000000000000000000e+00,0.000000000000000000e+00,0.000000000000000000e+00,0.000000000000000000e+00,0.000000000000000000e+00,0.000000000000000000e+00,0.000000000000000000e+00,0.000000000000000000e+00,0.000000000000000000e+00,0.000000000000000000e+00,0.000000000000000000e+00,0.000000000000000000e+00,0.000000000000000000e+00,0.000000000000000000e+00,0.000000000000000000e+00,0.000000000000000000e+00
2.945949077535785499e+00,2.376800074370930105e+01,9.111018768741695473e-01,-3.036046962610059949e-03,4.532981009436504866e-02,6.387627831704251191e-01,7.680612589969775250e-01,-4.488466980923611627e-01,-1.303617023318976442e-01,-3.436513226502774243e-02,3.316494834735425057e-01,-1.712882508036349394e-01,1.490186685486717955e-01,-3.101098519752868987e-01,-1.626605914217910953e-01,-1.521603596124152663e-02,5.376023843226898080e-01,-5.228731709464907312e-02,1.132343897220500079e-01,9.603237635567788213e-03,0.000000000000000000e+00,0.000000000000000000e+00,0.000000000000000000e+00,0.000000000000000000e+00,0.000000000000000000e+00,0.000000000000000000e+00,0.000000000000000000e+00,0.000000000000000000e+00,0.000000000000000000e+00,0.000000000000000000e+00,0.000000000000000000e+00,0.000000000000000000e+00,0.000000000000000000e+00,0.000000000000000000e+00,0.000000000000000000e+00,0.000000000000000000e+00
2.946785878992988827e+00,2.377322032446679145e+01,9.124086638948317729e-01,-4.861824244449437088e-03,4.421124766177546989e-02,6.418537148615462984e-01,7.655361108162290762e-01,-4.384098608639049321e-01,-1.296667180556766441e-01,-4.722919575716062746e-02,3.216040043972208662e-01,-1.677748556705621619e-01,1.478138605925435611e-01,-3.213430170917204176e-01,-1.528770793175207587e-01,-2.010445986172770122e-02,5.188811263773597249e-01,-7.692569010499303306e-02,1.063499853981136473e-01,1.054367423379986950e-03,0.000000000000000000e+00,0.000000000000000000e+00,0.000000000000000000e+00,0.000000000000000000e+00,0.000000000000000000e+00,0.000000000000000000e+00,0.000000000000000000e+00,0.000000000000000000e+00,0.000000000000000000e+00,0.000000000000000000e+00,0.000000000000000000e+00,0.000000000000000000e+00,0.000000000000000000e+00,0.000000000000000000e+00,0.000000000000000000e+00,0.000000000000000000e+00
2.948011465697638833e+00,2.377748828549926330e+01,9.137618458754872552e-01,-6.682100436199375944e-03,4.238014319766199300e-02,6.439482154920492807e-01,7.638651509009369844e-01,-4.272801757836294789e-01,-1.259199014371038816e-01,-5.889872762125195754e-02,3.111063876768457304e-01,-1.652834587654971599e-01,1.426711470958739736e-01,-3.264102009225021139e-01,-1.381796518699100196e-01,-2.306716541594307224e-02,4.846401798741296063e-01,-1.005346360763007263e-01,1.042758637064980509e-01,-3.357511600622489767e-03,0.000000000000000000e+00,0.000000000000000000e+00,0.000000000000000000e+00,0.000000000000000000e+00,0.000000000000000000e+00,0.000000000000000000e+00,0.000000000000000000e+00,0.000000000000000000e+00,0.000000000000000000e+00,0.000000000000000000e+00,0.000000000000000000e+00,0.000000000000000000e+00,0.000000000000000000e+00,0.000000000000000000e+00,0.000000000000000000e+00,0.000000000000000000e+00
2.949705307166926360e+00,2.378080115105226611e+01,9.147755810380269192e-01,-8.110645453766275950e-03,4.159000245407927510e-02,6.474802772498322589e-01,7.609032656643507364e-01,-4.177571926821746495e-01,-1.236156568853533505e-01,-6.927390820751203049e-02,2.981316498223657852e-01,-1.593267412366975722e-01,1.378399802285297515e-01,-3.256032939049320896e-01,-1.213125345836140873e-01,-2.014292508389790848e-02,4.424359183568446485e-01,-1.102635879231507049e-01,1.030929438917478902e-01,-6.336652562070404018e-03,0.000000000000000000e+00,0.000000000000000000e+00,0.000000000000000000e+00,0.000000000000000000e+00,0.000000000000000000e+00,0.000000000000000000e+00,0.000000000000000000e+00,0.000000000000000000e+00,0.000000000000000000e+00,0.000000000000000000e+00,0.000000000000000000e+00,0.000000000000000000e+00,0.000000000000000000e+00,0.000000000000000000e+00,0.000000000000000000e+00,0.000000000000000000e+00
2.951597419668867239e+00,2.378325543686224464e+01,9.153302460928445239e-01,-8.979033257657321673e-03,4.095381392769611301e-02,6.488840114013394444e-01,7.597313352983668944e-01,-4.134273523617895130e-01,-1.199259344578876146e-01,-7.204112447513957851e-02,2.957141586134175437e-01,-1.588420431379911901e-01,1.342066731319649098e-01,-3.194193143256679468e-01,-1.087087439463264721e-01,-1.851392404117194190e-02,4.036251578808189855e-01,-1.074620859499544473e-01,1.005523550477206707e-01,-6.531403121695316880e-03,0.000000000000000000e+00,0.000000000000000000e+00,0.000000000000000000e+00,0.000000000000000000e+00,0.000000000000000000e+00,0.000000000000000000e+00,0.000000000000000000e+00,0.000000000000000000e+00,0.000000000000000000e+00,0.000000000000000000e+00,0.000000000000000000e+00,0.000000000000000000e+00,0.000000000000000000e+00,0.000000000000000000e+00,0.000000000000000000e+00,0.000000000000000000e+00
2.953785658307572337e+00,2.378479287378378260e+01,9.155818598918940010e-01,-7.801881732781415502e-03,3.954388232610722004e-02,6.484158163412238052e-01,7.602186140384558088e-01,-4.040452180353863998e-01,-1.155771791867916398e-01,-6.886252927846352179e-02,2.901830415033493371e-01,-1.583888644023781767e-01,1.271154715913783428e-01,-3.071195109953830937e-01,-1.048769789447095147e-01,-3.379507321601285530e-02,3.777881200237711012e-01,-1.041639867459072388e-01,8.926772975389177245e-02,-4.077108187792624627e-03,0.000000000000000000e+00,0.000000000000000000e+00,0.000000000000000000e+00,0.000000000000000000e+00,0.000000000000000000e+00,0.000000000000000000e+00,0.000000000000000000e+00,0.000000000000000000e+00,0.000000000000000000e+00,0.000000000000000000e+00,0.000000000000000000e+00,0.000000000000000000e+00,0.000000000000000000e+00,0.000000000000000000e+00,0.000000000000000000e+00,0.000000000000000000e+00
2.955836414928823874e+00,2.378587943728336640e+01,9.159334435792975126e-01,-7.662675501738979225e-03,3.851686598488026497e-02,6.458071185281566429e-01,7.624899344235417376e-01,-4.003291175327511886e-01,-1.086370611952142684e-01,-6.035016514257000864e-02,2.928417459713708038e-01,-1.644196635633674852e-01,1.238886749227305767e-01,-2.951775742201766528e-01,-1.017208106222402542e-01,-4.254974418159878508e-02,3.546163657169985051e-01,-1.004138758438938572e-01,8.469316272443591642e-02,-8.893719408572429378e-04,0.000000000000000000e+00,0.000000000000000000e+00,0.000000000000000000e+00,0.000000000000000000e+00,0.000000000000000000e+00,0.000000000000000000e+00,0.000000000000000000e+00,0.000000000000000000e+00,0.000000000000000000e+00,0.000000000000000000e+00,0.000000000000000000e+00,0.000000000000000000e+00,0.000000000000000000e+00,0.000000000000000000e+00,0.000000000000000000e+00,0.000000000000000000e+00
2.958001174366708952e+00,2.378638677568195803e+01,9.161375758757441812e-01,-6.749804321843768523e-03,3.710830877797840349e-02,6.459909112048013435e-01,7.624127203831563282e-01,-3.956439705993415323e-01,-1.044532371185470238e-01,-5.706904219986510401e-02,2.938891603284866094e-01,-1.677749755487867311e-01,1.219976872821284530e-01,-2.856918104911790324e-01,-9.923160247629096709e-02,-4.977589468038037118e-02,3.448699595296220721e-01,-9.961829924822322713e-02,7.475674599553480681e-02,-8.722389344357634735e-04,0.000000000000000000e+00,0.000000000000000000e+00,0.000000000000000000e+00,0.000000000000000000e+00,0.000000000000000000e+00,0.000000000000000000e+00,0.000000000000000000e+00,0.000000000000000000e+00,0.000000000000000000e+00,0.000000000000000000e+00,0.000000000000000000e+00,0.000000000000000000e+00,0.000000000000000000e+00,0.000000000000000000e+00,0.000000000000000000e+00,0.000000000000000000e+00
2.960025331126269865e+00,2.378667135483894768e+01,9.164767291585314002e-01,-6.339599397203504912e-03,3.649316622971804369e-02,6.446646018278734402e-01,7.635676849160931701e-01,-3.908585427053458128e-01,-9.982703939083621691e-02,-5.233762492580274622e-02,2.910604242528450070e-01,-1.701739792136369167e-01,1.208901117312328882e-01,-2.780019639041740320e-01,-9.669222793533466254e-02,-5.405104735444599129e-02,3.330733229219784985e-01,-9.852469074969338880e-02,6.938325530486649795e-02,-1.583416504904767552e-03,0.000000000000000000e+00,0.000000000000000000e+00,0.000000000000000000e+00,0.000000000000000000e+00,0.000000000000000000e+00,0.000000000000000000e+00,0.000000000000000000e+00,0.000000000000000000e+00,0.000000000000000000e+00,0.000000000000000000e+00,0.000000000000000000e+00,0.000000000000000000e+00,0.000000000000000000e+00,0.000000000000000000e+00,0.000000000000000000e+00,0.000000000000000000e+00
2.961985577331066821e+00,2.378665729546964158e+01,9.167882598220900014e-01,-5.098466305520328069e-03,3.557888449921079582e-02,6.439752540814783766e-01,7.642015576729860316e-01,-3.824888386005371732e-01,-9.641605522058467603e-02,-4.744753721666726543e-02,2.831098785934366147e-01,-1.688350522077624039e-01,1.217079579393145761e-01,-2.708368598773260305e-01,-9.549891731429779873e-02,-5.831503451358674428e-02,3.258433157702509964e-01,-9.780171033076595632e-02,6.391826712573213387e-02,-3.334183661550411352e-03,0.000000000000000000e+00,0.000000000000000000e+00,0.000000000000000000e+00,0.000000000000000000e+00,0.000000000000000000e+00,0.000000000000000000e+00,0.000000000000000000e+00,0.000000000000000000e+00,0.000000000000000000e+00,0.000000000000000000e+00,0.000000000000000000e+00,0.000000000000000000e+00,0.000000000000000000e+00,0.000000000000000000e+00,0.000000000000000000e+00,0.000000000000000000e+00
2.963677943851577457e+00,2.378650789781265118e+01,9.169965764065263203e-01,-3.544880594203757632e-03,3.441407991705090763e-02,6.414804822263087125e-01,7.663588557899866371e-01,-3.749706271837913718e-01,-9.260349683976618063e-02,-4.041438403457373735e-02,2.798660521202989693e-01,-1.725582949700560920e-01,1.215311698260620188e-01,-2.649122324208207369e-01,-9.478765505971936678e-02,-6.058907016702688719e-02,3.211318412593750504e-01,-1.010268225570833400e-01,6.337162352377473384e-02,-3.095654635612435281e-03,0.000000000000000000e+00,0.000000000000000000e+00,0.000000000000000000e+00,0.000000000000000000e+00,0.000000000000000000e+00,0.000000000000000000e+00,0.000000000000000000e+00,0.000000000000000000e+00,0.000000000000000000e+00,0.000000000000000000e+00,0.000000000000000000e+00,0.000000000000000000e+00,0.000000000000000000e+00,0.000000000000000000e+00,0.000000000000000000e+00,0.000000000000000000e+00
2.965134272087456502e+00,2.378620624996200306e+01,9.172238953780935677e-01,-2.449390813533496719e-03,3.309170478804178417e-02,6.408266283063979163e-01,7.669681688390443952e-01,-3.690782948853181811e-01,-8.882979878479144165e-02,-3.536562250082420089e-02,2.767820530927959100e-01,-1.720053524357520180e-01,1.187482737575914216e-01,-2.577406942360875863e-01,-9.364772478731298033e-02,-6.533724333757753855e-02,3.143105776758461922e-01,-9.906857753133409272e-02,6.183322264668701662e-02,-3.822928901132413224e-03,0.000000000000000000e+00,0.000000000000000000e+00,0.000000000000000000e+00,0.000000000000000000e+00,0.000000000000000000e+00,0.000000000000000000e+00,0.000000000000000000e+00,0.000000000000000000e+00,0.000000000000000000e+00,0.000000000000000000e+00,0.000000000000000000e+00,0.000000000000000000e+00,0.000000000000000000e+00,0.000000000000000000e+00,0.000000000000000000e+00,0.000000000000000000e+00
2.966426431213200043e+00,2.378579385187320838e+01,9.173792633134182362e-01,-1.207951417960382093e-03,3.160207375422265097e-02,6.402779863314709274e-01,7.674919869334928535e-01,-3.652156529110204275e-01,-8.556273177788835393e-02,-3.072114795756462902e-02,2.779156749883233690e-01,-1.708331137230498231e-01,1.168481486949819459e-01,-2.515558929319276493e-01,-9.259863784166466605e-02,-6.904057583108139107e-02,3.095106897436405990e-01,-9.514191864269203047e-02,5.964397608665441414e-02,-1.467035273589160221e-03,0.000000000000000000e+00,0.000000000000000000e+00,0.000000000000000000e+00,0.000000000000000000e+00,0.000000000000000000e+00,0.000000000000000000e+00,0.000000000000000000e+00,0.000000000000000000e+00,0.000000000000000000e+00,0.000000000000000000e+00,0.000000000000000000e+00,0.000000000000000000e+00,0.000000000000000000e+00,0.000000000000000000e+00,0.000000000000000000e+00,0.000000000000000000e+00
2.967471046173340010e+00,2.378540549722827890e+01,9.175050504182323818e-01,-8.131878617484294969e-04,3.098816734299413705e-02,6.406214629908636438e-01,7.672308735743558206e-01,-3.611601594492511169e-01,-8.316677016772378028e-02,-2.881435601524275081e-02,2.724158019411755394e-01,-1.688168447826231544e-01,1.151517159264019291e-01,-2.469771432978281056e-01,-9.172962412476431959e-02,-7.376309599587521637e-02,3.038302179540255943e-01,-9.345326499056032243e-02,5.784694762284839364e-02,-6.044943523822271471e-04,0.000000000000000000e+00,0.000000000000000000e+00,0.000000000000000000e+00,0.000000000000000000e+00,0.000000000000000000e+00,0.000000000000000000e+00,0.000000000000000000e+00,0.000000000000000000e+00,0.000000000000000000e+00,0.000000000000000000e+00,0.000000000000000000e+00,0.000000000000000000e+00,0.000000000000000000e+00,0.000000000000000000e+00,0.000000000000000000e+00,0.000000000000000000e+00
2.968304433563527578e+00,2.378497549775265085e+01,9.175988720750687389e-01,-8.230539978726879313e-04,3.115925712188917854e-02,6.396164005441425937e-01,7.680620309797137057e-01,-3.579018253216306733e-01,-8.078903076263910243e-02,-2.516260535029631040e-02,2.653658598498843668e-01,-1.673583367866047222e-01,1.145208782373658141e-01,-2.465397092635563669e-01,-9.037222604474404175e-02,-7.300595419868109726e-02,3.008515652241063876e-01,-9.442150335100037151e-02,5.616456479099707355e-02,1.896158353564515774e-03,0.000000000000000000e+00,0.000000000000000000e+00,0.000000000000000000e+00,0.000000000000000000e+00,0.000000000000000000e+00,0.000000000000000000e+00,0.000000000000000000e+00,0.000000000000000000e+00,0.000000000000000000e+00,0.000000000000000000e+00,0.000000000000000000e+00,0.000000000000000000e+00,0.000000000000000000e+00,0.000000000000000000e+00,0.000000000000000000e+00,0.000000000000000000e+00
2.969034294274347285e+00,2.378447770485696466e+01,9.175410226005416003e-01,-1.388598753043973968e-03,3.152079390152101590e-02,6.388726079606926733e-01,7.686652731474366007e-01,-3.593634582358921636e-01,-7.838160571930066767e-02,-2.330151358225043823e-02,2.652721645072579904e-01,-1.699590512663305408e-01,1.129513984885691380e-01,-2.475782928102210068e-01,-8.869338619296793236e-02,-7.320267685022312232e-02,2.991374010343902379e-01,-9.891979539429041068e-02,5.551191951254801776e-02,4.472418355520703728e-03,0.000000000000000000e+00,0.000000000000000000e+00,0.000000000000000000e+00,0.000000000000000000e+00,0.000000000000000000e+00,0.000000000000000000e+00,0.000000000000000000e+00,0.000000000000000000e+00,0.000000000000000000e+00,0.000000000000000000e+00,0.000000000000000000e+00,0.000000000000000000e+00,0.000000000000000000e+00,0.000000000000000000e+00,0.000000000000000000e+00,0.000000000000000000e+00
2.969680014475008623e+00,2.378365177865551061e+01,9.174448950719585882e-01,-1.232296148455226323e-03,3.066384523389220282e-02,6.387247691690326468e-01,7.688230481012128248e-01,-3.627229166041184283e-01,-7.606515477896971800e-02,-2.218971491561647080e-02,2.734757790222478446e-01,-1.709332188902164817e-01,1.130475571688756703e-01,-2.480268219102547689e-01,-8.644221198797541472e-02,-7.306196166352484089e-02,3.015921149039021421e-01,-9.948138462153931216e-02,5.122473369221121342e-02,7.676266473733827506e-03,0.000000000000000000e+00,0.000000000000000000e+00,0.000000000000000000e+00,0.000000000000000000e+00,0.000000000000000000e+00,0.000000000000000000e+00,0.000000000000000000e+00,0.000000000000000000e+00,0.000000000000000000e+00,0.000000000000000000e+00,0.000000000000000000e+00,0.000000000000000000e+00,0.000000000000000000e+00,0.000000000000000000e+00,0.000000000000000000e+00,0.000000000000000000e+00
2.970342240877944295e+00,2.378280074752410300e+01,9.173284792981991620e-01,-1.402752973525964869e-03,3.004403216248047181e-02,6.379961769555074769e-01,7.694519261173315972e-01,-3.672533009076429655e-01,-7.332745774375969139e-02,-2.136652648121502296e-02,2.823835442442625410e-01,-1.725223553806306820e-01,1.127689940124855100e-01,-2.490197822013649198e-01,-8.418608264503828209e-02,-7.350420248447019078e-02,3.029572249062529865e-01,-1.006563646769035730e-01,4.975929405634436919e-02,1.193050283245380982e-02,0.000000000000000000e+00,0.000000000000000000e+00,0.000000000000000000e+00,0.000000000000000000e+00,0.000000000000000000e+00,0.000000000000000000e+00,0.000000000000000000e+00,0.000000000000000000e+00,0.000000000000000000e+00,0.000000000000000000e+00,0.000000000000000000e+00,0.000000000000000000e+00,0.000000000000000000e+00,0.000000000000000000e+00,0.000000000000000000e+00,0.000000000000000000e+00
2.971048558648551108e+00,2.378187239161745481e+01,9.173165429713621144e-01,-1.053407040364507871e-03,2.904648008269616194e-02,6.376649536247883665e-01,7.697652884140131491e-01,-3.684708630093450066e-01,-7.148964125513374013e-02,-2.274367336311512722e-02,2.870742666422472777e-01,-1.714928913507737240e-01,1.115480139061057058e-01,-2.478040469777461896e-01,-8.129621499580820532e-02,-7.143354422536474235e-02,3.023047453523586836e-01,-9.938106088214343492e-02,4.558795590349600663e-02,1.498906272258474295e-02,0.000000000000000000e+00,0.000000000000000000e+00,0.000000000000000000e+00,0.000000000000000000e+00,0.000000000000000000e+00,0.000000000000000000e+00,0.000000000000000000e+00,0.000000000000000000e+00,0.000000000000000000e+00,0.000000000000000000e+00,0.000000000000000000e+00,0.000000000000000000e+00,0.000000000000000000e+00,0.000000000000000000e+00,0.000000000000000000e+00,0.000000000000000000e+00
2.971878114308099672e+00,2.378108296840412095e+01,9.173049594763124093e-01,-1.032035509674494173e-03,2.857877724820686791e-02,6.369873825349999796e-01,7.703436005347960025e-01,-3.701046060233442736e-01,-6.926699603365375768e-02,-2.288333338968319419e-02,2.903379329234089812e-01,-1.698906514716134186e-01,1.099059045392534600e-01,-2.471669387078449520e-01,-7.909645476163398858e-02,-7.145284499959697611e-02,3.005866035792085222e-01,-9.978347523501972238e-02,4.314097125787523523e-02,1.757542720352864990e-02,0.000000000000000000e+00,0.000000000000000000e+00,0.000000000000000000e+00,0.000000000000000000e+00,0.000000000000000000e+00,0.000000000000000000e+00,0.000000000000000000e+00,0.000000000000000000e+00,0.000000000000000000e+00,0.000000000000000000e+00,0.000000000000000000e+00,0.000000000000000000e+00,0.000000000000000000e+00,0.000000000000000000e+00,0.000000000000000000e+00,0.000000000000000000e+00
2.972715379607257624e+00,2.378035540666969894e+01,9.172223244642199180e-01,-9.796897683596005046e-04,2.810078694737244004e-02,6.364707966195987110e-01,7.707881103333840134e-01,-3.731234987285260152e-01,-6.737171061423816165e-02,-2.309108013106248719e-02,2.970037556319867211e-01,-1.706138551917671664e-01,1.097054317560248182e-01,-2.480703039841497815e-01,-7.707192410791180448e-02,-7.118659747667742399e-02,3.024474562934210131e-01,-1.011976888841254613e-01,4.138977140190394644e-02,2.086558852680308121e-02,0.000000000000000000e+00,0.000000000000000000e+00,0.000000000000000000e+00,0.000000000000000000e+00,0.000000000000000000e+00,0.000000000000000000e+00,0.000000000000000000e+00,0.000000000000000000e+00,0.000000000000000000e+00,0.000000000000000000e+00,0.000000000000000000e+00,0.000000000000000000e+00,0.000000000000000000e+00,0.000000000000000000e+00,0.000000000000000000e+00,0.000000000000000000e+00
2.973643781541591036e+00,2.377992299015499356e+01,9.172109125957415010e-01,-1.334800815124059098e-03,2.832410561582529226e-02,6.366321231376951273e-01,7.706461594902278556e-01,-3.753311271583267272e-01,-6.565369332733607399e-02,-2.279256944749094571e-02,2.986850105245064668e-01,-1.691049571311431798e-01,1.085790747642774307e-01,-2.479798194007599155e-01,-7.647482050120232855e-02,-7.594853102808271639e-02,3.006553295468866183e-01,-1.027327966119728903e-01,4.053753012261683553e-02,2.395487623632000518e-02,0.000000000000000000e+00,0.000000000000000000e+00,0.000000000000000000e+00,0.000000000000000000e+00,0.000000000000000000e+00,0.000000000000000000e+00,0.000000000000000000e+00,0.000000000000000000e+00,0.000000000000000000e+00,0.000000000000000000e+00,0.000000000000000000e+00,0.000000000000000000e+00,0.000000000000000000e+00,0.000000000000000000e+00,0.000000000000000000e+00,0.000000000000000000e+00
2.974571488177254253e+00,2.377969630997827721e+01,9.172913071484174452e-01,-1.136585520639155772e-03,2.843315782588792459e-02,6.366600540328117841e-01,7.706193867976195433e-01,-3.744796701545575757e-01,-6.508242795743758580e-02,-2.366570272084760063e-02,2.965830008017431574e-01,-1.647689362228826893e-01,1.078746661971316106e-01,-2.473575990006423864e-01,-7.662765633555104761e-02,-7.985483960456779551e-02,2.997727105623946842e-01,-1.020358846577392592e-01,3.899120638162627273e-02,2.604565200449487916e-02,0.000000000000000000e+00,0.000000000000000000e+00,0.000000000000000000e+00,0.000000000000000000e+00,0.000000000000000000e+00,0.000000000000000000e+00,0.000000000000000000e+00,0.000000000000000000e+00,0.000000000000000000e+00,0.000000000000000000e+00,0.000000000000000000e+00,0.000000000000000000e+00,0.000000000000000000e+00,0.000000000000000000e+00,0.000000000000000000e+00,0.000000000000000000e+00
2.975473597138513338e+00,2.377978084276806925e+01,9.173555255447430890e-01,-1.264463407260526043e-03,2.885665145169065068e-02,6.365665701408019794e-01,7.706806709516350606e-01,-3.762742838907142673e-01,-6.418678996405294268e-02,-2.345058789022064910e-02,2.983289899926168665e-01,-1.593637900200479962e-01,1.057215419546887747e-01,-2.478112305367929924e-01,-7.678477673630768052e-02,-8.358280228681860824e-02,2.994298589262269772e-01,-9.949627097668309328e-02,3.798698123556364797e-02,2.891945635544704990e-02,0.000000000000000000e+00,0.000000000000000000e+00,0.000000000000000000e+00,0.000000000000000000e+00,0.000000000000000000e+00,0.000000000000000000e+00,0.000000000000000000e+00,0.000000000000000000e+00,0.000000000000000000e+00,0.000000000000000000e+00,0.000000000000000000e+00,0.000000000000000000e+00,0.000000000000000000e+00,0.000000000000000000e+00,0.000000000000000000e+00,0.000000000000000000e+00
2.976284174933603310e+00,2.378015454838554987e+01,9.173490233388607029e-01,-1.676961034764060804e-03,2.923200555067284254e-02,6.365215362015298473e-01,7.707029334346781058e-01,-3.784239378472684101e-01,-6.299079214768786572e-02,-2.351621422343883050e-02,3.009025896463065619e-01,-1.569141372258253397e-01,1.044768443785693418e-01,-2.476699664776858822e-01,-7.651606968054451563e-02,-8.748512172565256484e-02,2.982819822081100858e-01,-9.915851435385057699e-02,3.760599795980212878e-02,3.128102084171225511e-02,0.000000000000000000e+00,0.000000000000000000e+00,0.000000000000000000e+00,0.000000000000000000e+00,0.000000000000000000e+00,0.000000000000000000e+00,0.000000000000000000e+00,0.000000000000000000e+00,0.000000000000000000e+00,0.000000000000000000e+00,0.000000000000000000e+00,0.000000000000000000e+00,0.000000000000000000e+00,0.000000000000000000e+00,0.000000000000000000e+00,0.000000000000000000e+00
2.977019450120006905e+00,2.378084742706814225e+01,9.173351294628653285e-01,-2.257925972133227252e-03,2.955676469249372829e-02,6.364289685827912990e-01,7.707655073885061325e-01,-3.823521924362070501e-01,-6.166822152167650978e-02,-2.340547183609892334e-02,3.077341064538163806e-01,-1.551666224912415792e-01,1.034094401454407341e-01,-2.472077878849377741e-01,-7.524922664098956937e-02,-8.838585103184121161e-02,2.963130709495964688e-01,-9.703086516350128976e-02,3.774383117880846655e-02,3.373322877814907694e-02,0.000000000000000000e+00,0.000000000000000000e+00,0.000000000000000000e+00,0.000000000000000000e+00,0.000000000000000000e+00,0.000000000000000000e+00,0.000000000000000000e+00,0.000000000000000000e+00,0.000000000000000000e+00,0.000000000000000000e+00,0.000000000000000000e+00,0.000000000000000000e+00,0.000000000000000000e+00,0.000000000000000000e+00,0.000000000000000000e+00,0.000000000000000000e+00
2.977592506217438206e+00,2.378176989691220555e+01,9.171648570370722897e-01,-3.007905860234470416e-03,2.946752750809353283e-02,6.363611783773939212e-01,7.708223323042933117e-01,-3.876677950703288911e-01,-5.981319114150263072e-02,-2.362309820822796474e-02,3.191023313995353661e-01,-1.580953508664822704e-01,1.025159251475474959e-01,-2.461181183975694187e-01,-7.372003568760995829e-02,-9.069324204636425302e-02,2.950412173693705564e-01,-9.692433347002564481e-02,3.917438971557528349e-02,3.783667269967756763e-02,0.000000000000000000e+00,0.000000000000000000e+00,0.000000000000000000e+00,0.000000000000000000e+00,0.000000000000000000e+00,0.000000000000000000e+00,0.000000000000000000e+00,0.000000000000000000e+00,0.000000000000000000e+00,0.000000000000000000e+00,0.000000000000000000e+00,0.000000000000000000e+00,0.000000000000000000e+00,0.000000000000000000e+00,0.000000000000000000e+00,0.000000000000000000e+00
2.978134346284178058e+00,2.378296813849338776e+01,9.170033138305170306e-01,-3.976559218913476926e-03,3.011413617361981959e-02,6.361248659940350603e-01,7.709879899475516885e-01,-3.923257999403332308e-01,-5.881080302645819852e-02,-2.402406523364743890e-02,3.266627839037108405e-01,-1.603322660151466350e-01,1.030099556848055875e-01,-2.468985284396644775e-01,-7.267835429727552421e-02,-9.165532186824452976e-02,2.949056213781702795e-01,-9.850040682744559684e-02,3.943246117280310714e-02,3.939366472521771412e-02,0.000000000000000000e+00,0.000000000000000000e+00,0.000000000000000000e+00,0.000000000000000000e+00,0.000000000000000000e+00,0.000000000000000000e+00,0.000000000000000000e+00,0.000000000000000000e+00,0.000000000000000000e+00,0.000000000000000000e+00,0.000000000000000000e+00,0.000000000000000000e+00,0.000000000000000000e+00,0.000000000000000000e+00,0.000000000000000000e+00,0.000000000000000000e+00
2.978711397444939291e+00,2.378437552789463538e+01,9.168431024667947904e-01,-5.140060090379932820e-03,3.093391304491291405e-02,6.357301790893937765e-01,7.712741485366693128e-01,-3.977820914811669439e-01,-5.753007807240021615e-02,-2.377683417534279253e-02,3.356134220821819225e-01,-1.633921443708746257e-01,1.028671898118742878e-01,-2.477744260616768779e-01,-7.148244219687707735e-02,-9.223884107890839568e-02,2.941707366211779862e-01,-1.003522203409066699e-01,4.077980119085341387e-02,4.119565419759387698e-02,0.000000000000000000e+00,0.000000000000000000e+00,0.000000000000000000e+00,0.000000000000000000e+00,0.000000000000000000e+00,0.000000000000000000e+00,0.000000000000000000e+00,0.000000000000000000e+00,0.000000000000000000e+00,0.000000000000000000e+00,0.000000000000000000e+00,0.000000000000000000e+00,0.000000000000000000e+00,0.000000000000000000e+00,0.000000000000000000e+00,0.000000000000000000e+00
2.979320093182176166e+00,2.378584219516528719e+01,9.165829547500164987e-01,-6.040165753291686090e-03,3.133898788830122989e-02,6.355682509254938495e-01,7.713847176677265383e-01,-4.034122484969101530e-01,-5.635826390853559964e-02,-2.388028697148537188e-02,3.466840436317784047e-01,-1.655861440114509975e-01,1.048493543405419615e-01,-2.495119323836753056e-01,-7.022553252890717523e-02,-9.267410924748552270e-02,2.977742135143554014e-01,-1.026865901471168685e-01,4.064310272008311853e-02,4.174420846803818252e-02,0.000000000000000000e+00,0.000000000000000000e+00,0.000000000000000000e+00,0.000000000000000000e+00,0.000000000000000000e+00,0.000000000000000000e+00,0.000000000000000000e+00,0.000000000000000000e+00,0.000000000000000000e+00,0.000000000000000000e+00,0.000000000000000000e+00,0.000000000000000000e+00,0.000000000000000000e+00,0.000000000000000000e+00,0.000000000000000000e+00,0.000000000000000000e+00
2.980081375659703102e+00,2.378730009257669309e+01,9.164125668056708474e-01,-6.752824012121874837e-03,3.174276688241867150e-02,6.351624567594132964e-01,7.716964750741421852e-01,-4.073041768061208545e-01,-5.483970860119365826e-02,-2.319877876847523807e-02,3.547643630132862325e-01,-1.653421504292659494e-01,1.046699082287902566e-01,-2.502754809098902133e-01,-6.944859227129883406e-02,-9.459969631496213671e-02,2.998367104640318193e-01,-1.037542368372367380e-01,4.049135219995605300e-02,4.241776592228590353e-02,0.000000000000000000e+00,0.000000000000000000e+00,0.000000000000000000e+00,0.000000000000000000e+00,0.000000000000000000e+00,0.000000000000000000e+00,0.000000000000000000e+00,0.000000000000000000e+00,0.000000000000000000e+00,0.000000000000000000e+00,0.000000000000000000e+00,0.000000000000000000e+00,0.000000000000000000e+00,0.000000000000000000e+00,0.000000000000000000e+00,0.000000000000000000e+00
2.980921927053818088e+00,2.378874134699229259e+01,9.162255634808496030e-01,-7.228909674622811983e-03,3.175735225216279323e-02,6.340581887147621609e-01,7.725991371769732607e-01,-4.091452752661709491e-01,-5.250992954342819513e-02,-2.127555552797130711e-02,3.614504201315574816e-01,-1.667661895771207770e-01,1.052477295197152829e-01,-2.500047611626586286e-01,-6.787625233674091096e-02,-9.444881578219775642e-02,3.012570253365843831e-01,-1.062967229437465633e-01,4.085344493414776179e-02,4.195225074350343586e-02,0.000000000000000000e+00,0.000000000000000000e+00,0.000000000000000000e+00,0.000000000000000000e+00,0.000000000000000000e+00,0.000000000000000000e+00,0.000000000000000000e+00,0.000000000000000000e+00,0.000000000000000000e+00,0.000000000000000000e+00,0.000000000000000000e+00,0.000000000000000000e+00,0.000000000000000000e+00,0.000000000000000000e+00,0.000000000000000000e+00,0.000000000000000000e+00
2.981941799058369647e+00,2.379012357429835589e+01,9.161325198937775305e-01,-7.508506597343159172e-03,3.214425201075426369e-02,6.326735120517974487e-01,7.737148031021453543e-01,-4.089482019281557856e-01,-5.087699848910080813e-02,-1.971388474294578225e-02,3.632227105726815175e-01,-1.658956776265522737e-01,1.062753834673975245e-01,-2.502805639143838579e-01,-6.683941538669835314e-02,-9.380448112709370567e-02,3.027209879703897655e-01,-1.088616297482768586e-01,4.054013834377624692e-02,4.136508494981751966e-02,0.000000000000000000e+00,0.000000000000000000e+00,0.000000000000000000e+00,0.000000000000000000e+00,0.000000000000000000e+00,0.000000000000000000e+00,0.000000000000000000e+00,0.000000000000000000e+00,0.000000000000000000e+00,0.000000000000000000e+00,0.000000000000000000e+00,0.000000000000000000e+00,0.000000000000000000e+00,0.000000000000000000e+00,0.000000000000000000e+00,0.000000000000000000e+00
2.983009412968064655e+00,2.379138194279818563e+01,9.160102988668542556e-01,-7.106176034235489949e-03,3.201578579178730039e-02,6.310325842826867149e-01,7.750628163547902405e-01,-4.066177519708874533e-01,-4.958149150313667652e-02,-1.789867956544943101e-02,3.646611426245908172e-01,-1.664286634609647431e-01,1.079690211683200229e-01,-2.504936601570072474e-01,-6.566316309984382427e-02,-9.023492609227605488e-02,3.072401780666468296e-01,-1.130911112564087773e-01,4.125286513262602095e-02,4.066547069918331758e-02,0.000000000000000000e+00,0.000000000000000000e+00,0.000000000000000000e+00,0.000000000000000000e+00,0.000000000000000000e+00,0.000000000000000000e+00,0.000000000000000000e+00,0.000000000000000000e+00,0.000000000000000000e+00,0.000000000000000000e+00,0.000000000000000000e+00,0.000000000000000000e+00,0.000000000000000000e+00,0.000000000000000000e+00,0.000000000000000000e+00,0.000000000000000000e+00
2.984007406014363095e+00,2.379225129991171883e+01,9.157039985393774506e-01,-6.270205674668548508e-03,3.032991788816725987e-02,6.305229062740075330e-01,7.755524774413873335e-01,-4.066545843830109419e-01,-4.686533119080328602e-02,-1.553759297649210530e-02,3.753309901702783224e-01,-1.671284749286956750e-01,1.093423374555021338e-01,-2.492378826604875475e-01,-6.366090553906190996e-02,-8.960933912202773133e-02,3.155045653778658088e-01,-1.161023481780248667e-01,3.893345787740493807e-02,3.885708494302252819e-02,0.000000000000000000e+00,0.000000000000000000e+00,0.000000000000000000e+00,0.000000000000000000e+00,0.000000000000000000e+00,0.000000000000000000e+00,0.000000000000000000e+00,0.000000000000000000e+00,0.000000000000000000e+00,0.000000000000000000e+00,0.000000000000000000e+00,0.000000000000000000e+00,0.000000000000000000e+00,0.000000000000000000e+00,0.000000000000000000e+00,0.000000000000000000e+00
2.985145377544338174e+00,2.379306086105197338e+01,9.158129524237788033e-01,-4.820169338126940525e-03,3.025810817313054693e-02,6.274811525977150861e-01,7.780286729883274521e-01,-3.979978798806010354e-01,-4.604465918485873416e-02,-1.105462301474586378e-02,3.664507326945033450e-01,-1.651131686957000855e-01,1.100394532978430512e-01,-2.504009688282450297e-01,-6.353827175027450258e-02,-8.346387250982933992e-02,3.238238122387986917e-01,-1.261703021992456597e-01,3.639958916983206810e-02,3.690663311420039339e-02,0.000000000000000000e+00,0.000000000000000000e+00,0.000000000000000000e+00,0.000000000000000000e+00,0.000000000000000000e+00,0.000000000000000000e+00,0.000000000000000000e+00,0.000000000000000000e+00,0.000000000000000000e+00,0.000000000000000000e+00,0.000000000000000000e+00,0.000000000000000000e+00,0.000000000000000000e+00,0.000000000000000000e+00,0.000000000000000000e+00,0.000000000000000000e+00
